session_id,cart,checkout,purchase,view,view_to_cart_time,cart_to_checkout_time,checkout_to_purchase_time
1,2024-01-27 18:46:00,2024-01-27 18:47:00,2024-01-27 18:51:00,2024-01-27 18:42:00,4.0,1.0,4.0
2,,,,2024-01-12 20:46:00,,,
3,,,,2024-01-25 19:17:00,,,
4,2024-01-31 17:14:00,,,2024-01-31 17:13:00,1.0,,
5,,,,2024-01-25 02:36:00,,,
6,2024-01-04 16:29:00,2024-01-04 16:30:00,2024-01-04 16:34:00,2024-01-04 16:25:00,4.0,1.0,4.0
7,2024-01-21 11:36:00,,,2024-01-21 11:35:00,1.0,,
8,,,,2024-01-22 08:58:00,,,
9,2024-01-21 21:28:00,2024-01-21 21:32:00,,2024-01-21 21:26:00,2.0,4.0,
10,2024-02-03 05:07:00,,,2024-02-03 05:03:00,4.0,,
11,,,,2024-01-29 10:21:00,,,
12,,,,2024-02-04 05:17:00,,,
13,,,,2024-01-01 10:32:00,,,
14,2024-01-27 01:37:00,2024-01-27 01:38:00,2024-01-27 01:42:00,2024-01-27 01:35:00,2.0,1.0,4.0
15,2024-01-31 10:43:00,2024-01-31 10:47:00,,2024-01-31 10:42:00,1.0,4.0,
16,,,,2024-01-01 01:31:00,,,
17,,,,2024-02-04 11:20:00,,,
18,,,,2024-01-08 15:58:00,,,
19,,,,2024-01-28 20:33:00,,,
20,,,,2024-01-20 06:24:00,,,
21,2024-02-02 07:41:00,2024-02-02 07:44:00,,2024-02-02 07:38:00,3.0,3.0,
22,,,,2024-01-17 18:19:00,,,
23,2024-02-01 10:31:00,2024-02-01 10:33:00,2024-02-01 10:36:00,2024-02-01 10:27:00,4.0,2.0,3.0
24,,,,2024-01-25 13:58:00,,,
25,,,,2024-01-27 22:01:00,,,
26,,,,2024-01-06 01:48:00,,,
27,2024-01-08 01:40:00,,,2024-01-08 01:37:00,3.0,,
28,2024-01-13 04:23:00,,,2024-01-13 04:20:00,3.0,,
29,,,,2024-01-26 15:18:00,,,
30,,,,2024-01-01 14:41:00,,,
31,,,,2024-02-04 16:25:00,,,
32,2024-01-26 02:38:00,,,2024-01-26 02:35:00,3.0,,
33,2024-01-29 21:18:00,2024-01-29 21:21:00,2024-01-29 21:25:00,2024-01-29 21:17:00,1.0,3.0,4.0
34,,,,2024-02-04 02:51:00,,,
35,,,,2024-01-25 13:06:00,,,
36,,,,2024-02-03 12:48:00,,,
37,,,,2024-01-23 20:45:00,,,
38,,,,2024-02-02 09:10:00,,,
39,,,,2024-01-27 23:46:00,,,
40,,,,2024-01-29 03:41:00,,,
41,,,,2024-01-03 07:25:00,,,
42,2024-01-12 18:53:00,2024-01-12 18:55:00,2024-01-12 18:57:00,2024-01-12 18:52:00,1.0,2.0,2.0
43,2024-01-12 08:22:00,2024-01-12 08:24:00,2024-01-12 08:27:00,2024-01-12 08:18:00,4.0,2.0,3.0
44,2024-01-15 17:49:00,2024-01-15 17:53:00,,2024-01-15 17:45:00,4.0,4.0,
45,,,,2024-01-01 21:30:00,,,
46,,,,2024-01-09 17:56:00,,,
47,,,,2024-01-20 23:54:00,,,
48,2024-01-26 03:51:00,2024-01-26 03:53:00,2024-01-26 03:55:00,2024-01-26 03:47:00,4.0,2.0,2.0
49,,,,2024-01-09 19:12:00,,,
50,2024-01-03 23:36:00,2024-01-03 23:39:00,2024-01-03 23:40:00,2024-01-03 23:33:00,3.0,3.0,1.0
51,2024-01-10 07:01:00,2024-01-10 07:03:00,2024-01-10 07:05:00,2024-01-10 06:58:00,3.0,2.0,2.0
52,,,,2024-01-18 09:43:00,,,
53,2024-01-30 08:03:00,,,2024-01-30 08:02:00,1.0,,
54,,,,2024-01-27 15:28:00,,,
55,2024-01-22 22:28:00,2024-01-22 22:30:00,2024-01-22 22:34:00,2024-01-22 22:26:00,2.0,2.0,4.0
56,2024-01-26 13:56:00,,,2024-01-26 13:52:00,4.0,,
57,,,,2024-01-12 10:04:00,,,
58,2024-01-23 03:46:00,,,2024-01-23 03:43:00,3.0,,
59,,,,2024-01-14 09:19:00,,,
60,,,,2024-01-31 08:18:00,,,
61,,,,2024-01-27 06:20:00,,,
62,,,,2024-01-05 01:27:00,,,
63,2024-01-24 12:55:00,,,2024-01-24 12:54:00,1.0,,
64,,,,2024-01-20 04:14:00,,,
65,2024-01-10 18:07:00,2024-01-10 18:10:00,2024-01-10 18:11:00,2024-01-10 18:03:00,4.0,3.0,1.0
66,,,,2024-01-10 09:53:00,,,
67,2024-01-17 08:17:00,2024-01-17 08:20:00,2024-01-17 08:23:00,2024-01-17 08:13:00,4.0,3.0,3.0
68,2024-01-29 17:32:00,2024-01-29 17:34:00,2024-01-29 17:36:00,2024-01-29 17:29:00,3.0,2.0,2.0
69,2024-01-13 17:28:00,,,2024-01-13 17:26:00,2.0,,
70,2024-02-01 15:51:00,2024-02-01 15:54:00,2024-02-01 15:58:00,2024-02-01 15:49:00,2.0,3.0,4.0
71,2024-01-28 12:38:00,2024-01-28 12:40:00,2024-01-28 12:43:00,2024-01-28 12:35:00,3.0,2.0,3.0
72,2024-01-04 17:38:00,,,2024-01-04 17:35:00,3.0,,
73,2024-01-22 03:02:00,2024-01-22 03:06:00,2024-01-22 03:08:00,2024-01-22 03:00:00,2.0,4.0,2.0
74,2024-01-23 04:26:00,2024-01-23 04:29:00,,2024-01-23 04:22:00,4.0,3.0,
75,,,,2024-02-01 19:18:00,,,
76,2024-01-18 08:45:00,2024-01-18 08:47:00,2024-01-18 08:50:00,2024-01-18 08:44:00,1.0,2.0,3.0
77,2024-01-04 16:38:00,2024-01-04 16:39:00,,2024-01-04 16:36:00,2.0,1.0,
78,2024-01-01 02:38:00,2024-01-01 02:41:00,,2024-01-01 02:36:00,2.0,3.0,
79,2024-01-26 09:21:00,,,2024-01-26 09:19:00,2.0,,
80,2024-02-03 01:04:00,2024-02-03 01:05:00,,2024-02-03 01:03:00,1.0,1.0,
81,2024-01-16 13:10:00,2024-01-16 13:13:00,2024-01-16 13:17:00,2024-01-16 13:07:00,3.0,3.0,4.0
82,2024-01-14 01:21:00,2024-01-14 01:24:00,,2024-01-14 01:17:00,4.0,3.0,
83,,,,2024-01-25 09:48:00,,,
84,2024-01-05 13:53:00,,,2024-01-05 13:52:00,1.0,,
85,,,,2024-01-06 20:58:00,,,
86,,,,2024-01-06 18:42:00,,,
87,2024-01-04 21:45:00,,,2024-01-04 21:42:00,3.0,,
88,2024-01-17 10:25:00,2024-01-17 10:27:00,2024-01-17 10:30:00,2024-01-17 10:22:00,3.0,2.0,3.0
89,,,,2024-01-02 21:39:00,,,
90,,,,2024-01-14 10:13:00,,,
91,,,,2024-01-07 09:49:00,,,
92,2024-02-03 15:45:00,,,2024-02-03 15:43:00,2.0,,
93,2024-01-09 19:08:00,2024-01-09 19:12:00,,2024-01-09 19:04:00,4.0,4.0,
94,2024-01-07 11:26:00,2024-01-07 11:29:00,2024-01-07 11:31:00,2024-01-07 11:24:00,2.0,3.0,2.0
95,2024-01-09 07:46:00,2024-01-09 07:49:00,,2024-01-09 07:43:00,3.0,3.0,
96,2024-01-14 02:51:00,2024-01-14 02:53:00,2024-01-14 02:55:00,2024-01-14 02:50:00,1.0,2.0,2.0
97,2024-01-22 00:19:00,,,2024-01-22 00:16:00,3.0,,
98,2024-01-16 03:51:00,2024-01-16 03:52:00,2024-01-16 03:54:00,2024-01-16 03:49:00,2.0,1.0,2.0
99,,,,2024-01-13 18:01:00,,,
100,2024-02-03 22:55:00,,,2024-02-03 22:54:00,1.0,,
101,2024-01-08 13:12:00,2024-01-08 13:13:00,2024-01-08 13:14:00,2024-01-08 13:11:00,1.0,1.0,1.0
102,,,,2024-01-15 15:30:00,,,
103,2024-01-19 13:04:00,2024-01-19 13:06:00,2024-01-19 13:07:00,2024-01-19 13:03:00,1.0,2.0,1.0
104,2024-01-11 05:54:00,,,2024-01-11 05:51:00,3.0,,
105,2024-01-31 07:51:00,2024-01-31 07:55:00,2024-01-31 07:59:00,2024-01-31 07:49:00,2.0,4.0,4.0
106,,,,2024-02-01 19:00:00,,,
107,,,,2024-02-03 09:34:00,,,
108,2024-01-01 23:45:00,,,2024-01-01 23:41:00,4.0,,
109,2024-01-14 00:33:00,2024-01-14 00:36:00,2024-01-14 00:37:00,2024-01-14 00:30:00,3.0,3.0,1.0
110,,,,2024-01-14 16:19:00,,,
111,2024-01-19 11:00:00,2024-01-19 11:02:00,,2024-01-19 10:59:00,1.0,2.0,
112,2024-01-12 04:04:00,2024-01-12 04:08:00,,2024-01-12 04:00:00,4.0,4.0,
113,2024-01-12 05:55:00,,,2024-01-12 05:52:00,3.0,,
114,2024-01-13 15:05:00,2024-01-13 15:08:00,2024-01-13 15:09:00,2024-01-13 15:03:00,2.0,3.0,1.0
115,2024-01-27 18:38:00,2024-01-27 18:40:00,,2024-01-27 18:35:00,3.0,2.0,
116,2024-01-04 23:20:00,,,2024-01-04 23:16:00,4.0,,
117,2024-01-22 11:44:00,2024-01-22 11:45:00,2024-01-22 11:49:00,2024-01-22 11:42:00,2.0,1.0,4.0
118,2024-01-14 16:37:00,2024-01-14 16:40:00,2024-01-14 16:44:00,2024-01-14 16:33:00,4.0,3.0,4.0
119,2024-01-11 10:36:00,2024-01-11 10:37:00,,2024-01-11 10:34:00,2.0,1.0,
120,,,,2024-01-22 23:27:00,,,
121,2024-01-12 16:07:00,2024-01-12 16:08:00,,2024-01-12 16:04:00,3.0,1.0,
122,2024-01-02 15:57:00,2024-01-02 16:01:00,,2024-01-02 15:53:00,4.0,4.0,
123,,,,2024-01-17 11:51:00,,,
124,2024-01-13 04:33:00,,,2024-01-13 04:31:00,2.0,,
125,,,,2024-01-06 13:30:00,,,
126,,,,2024-01-18 23:05:00,,,
127,,,,2024-01-09 17:41:00,,,
128,2024-01-15 16:58:00,2024-01-15 17:00:00,2024-01-15 17:04:00,2024-01-15 16:57:00,1.0,2.0,4.0
129,2024-01-15 18:52:00,,,2024-01-15 18:50:00,2.0,,
130,,,,2024-01-03 03:20:00,,,
131,,,,2024-02-04 05:51:00,,,
132,,,,2024-01-06 22:13:00,,,
133,2024-02-02 17:01:00,,,2024-02-02 16:59:00,2.0,,
134,,,,2024-01-09 09:40:00,,,
135,2024-01-08 22:45:00,2024-01-08 22:46:00,2024-01-08 22:50:00,2024-01-08 22:43:00,2.0,1.0,4.0
136,2024-01-14 19:36:00,2024-01-14 19:40:00,2024-01-14 19:41:00,2024-01-14 19:35:00,1.0,4.0,1.0
137,2024-01-15 18:54:00,,,2024-01-15 18:50:00,4.0,,
138,,,,2024-01-06 10:30:00,,,
139,,,,2024-02-01 23:42:00,,,
140,2024-01-06 17:59:00,2024-01-06 18:02:00,2024-01-06 18:03:00,2024-01-06 17:55:00,4.0,3.0,1.0
141,2024-01-23 07:08:00,,,2024-01-23 07:06:00,2.0,,
142,2024-02-02 09:11:00,2024-02-02 09:14:00,2024-02-02 09:17:00,2024-02-02 09:08:00,3.0,3.0,3.0
143,2024-01-17 05:52:00,2024-01-17 05:56:00,2024-01-17 05:59:00,2024-01-17 05:49:00,3.0,4.0,3.0
144,2024-01-17 21:24:00,,,2024-01-17 21:22:00,2.0,,
145,,,,2024-01-10 07:57:00,,,
146,2024-01-09 09:51:00,,,2024-01-09 09:48:00,3.0,,
147,2024-01-28 07:04:00,2024-01-28 07:08:00,2024-01-28 07:11:00,2024-01-28 07:03:00,1.0,4.0,3.0
148,2024-01-15 23:03:00,,,2024-01-15 22:59:00,4.0,,
149,,,,2024-01-10 22:12:00,,,
150,2024-01-19 17:10:00,2024-01-19 17:13:00,2024-01-19 17:14:00,2024-01-19 17:08:00,2.0,3.0,1.0
151,,,,2024-01-30 08:23:00,,,
152,,,,2024-01-16 13:53:00,,,
153,,,,2024-01-02 13:15:00,,,
154,2024-01-15 18:32:00,2024-01-15 18:36:00,2024-01-15 18:40:00,2024-01-15 18:30:00,2.0,4.0,4.0
155,,,,2024-01-31 05:51:00,,,
156,2024-01-16 19:24:00,,,2024-01-16 19:22:00,2.0,,
157,,,,2024-01-30 12:55:00,,,
158,2024-01-03 21:19:00,2024-01-03 21:21:00,2024-01-03 21:24:00,2024-01-03 21:16:00,3.0,2.0,3.0
159,2024-01-03 19:49:00,2024-01-03 19:53:00,2024-01-03 19:57:00,2024-01-03 19:45:00,4.0,4.0,4.0
160,,,,2024-01-15 21:03:00,,,
161,,,,2024-01-08 23:07:00,,,
162,2024-02-03 22:42:00,2024-02-03 22:44:00,2024-02-03 22:45:00,2024-02-03 22:41:00,1.0,2.0,1.0
163,,,,2024-01-27 21:49:00,,,
164,,,,2024-01-23 15:09:00,,,
165,2024-02-02 12:33:00,2024-02-02 12:37:00,2024-02-02 12:39:00,2024-02-02 12:32:00,1.0,4.0,2.0
166,2024-01-18 23:50:00,2024-01-18 23:51:00,2024-01-18 23:55:00,2024-01-18 23:48:00,2.0,1.0,4.0
167,2024-01-13 15:13:00,2024-01-13 15:16:00,2024-01-13 15:20:00,2024-01-13 15:12:00,1.0,3.0,4.0
168,,,,2024-02-01 17:42:00,,,
169,,,,2024-01-22 04:38:00,,,
170,2024-01-31 19:37:00,2024-01-31 19:40:00,,2024-01-31 19:34:00,3.0,3.0,
171,2024-01-19 18:04:00,2024-01-19 18:08:00,2024-01-19 18:10:00,2024-01-19 18:03:00,1.0,4.0,2.0
172,2024-01-28 06:23:00,2024-01-28 06:24:00,2024-01-28 06:26:00,2024-01-28 06:22:00,1.0,1.0,2.0
173,2024-01-12 20:36:00,,,2024-01-12 20:35:00,1.0,,
174,2024-01-22 08:08:00,,,2024-01-22 08:07:00,1.0,,
175,,,,2024-01-27 12:07:00,,,
176,2024-01-25 16:46:00,,,2024-01-25 16:44:00,2.0,,
177,2024-01-29 18:24:00,2024-01-29 18:27:00,2024-01-29 18:30:00,2024-01-29 18:21:00,3.0,3.0,3.0
178,2024-01-19 14:01:00,2024-01-19 14:04:00,2024-01-19 14:07:00,2024-01-19 13:58:00,3.0,3.0,3.0
179,2024-01-20 00:54:00,2024-01-20 00:56:00,2024-01-20 00:58:00,2024-01-20 00:53:00,1.0,2.0,2.0
180,2024-01-31 23:07:00,2024-01-31 23:08:00,2024-01-31 23:09:00,2024-01-31 23:06:00,1.0,1.0,1.0
181,2024-02-03 05:27:00,2024-02-03 05:29:00,2024-02-03 05:31:00,2024-02-03 05:23:00,4.0,2.0,2.0
182,2024-01-25 08:48:00,2024-01-25 08:49:00,2024-01-25 08:50:00,2024-01-25 08:45:00,3.0,1.0,1.0
183,2024-01-15 18:26:00,2024-01-15 18:30:00,2024-01-15 18:33:00,2024-01-15 18:23:00,3.0,4.0,3.0
184,2024-01-15 16:16:00,2024-01-15 16:20:00,2024-01-15 16:21:00,2024-01-15 16:14:00,2.0,4.0,1.0
185,,,,2024-01-16 05:05:00,,,
186,,,,2024-01-25 02:15:00,,,
187,2024-01-23 18:34:00,,,2024-01-23 18:30:00,4.0,,
188,2024-01-11 02:45:00,2024-01-11 02:46:00,2024-01-11 02:50:00,2024-01-11 02:41:00,4.0,1.0,4.0
189,2024-01-24 21:26:00,,,2024-01-24 21:25:00,1.0,,
190,2024-01-19 19:44:00,,,2024-01-19 19:41:00,3.0,,
191,,,,2024-01-15 10:27:00,,,
192,2024-01-25 18:21:00,,,2024-01-25 18:18:00,3.0,,
193,2024-01-03 01:09:00,2024-01-03 01:12:00,2024-01-03 01:15:00,2024-01-03 01:05:00,4.0,3.0,3.0
194,2024-01-26 09:28:00,,,2024-01-26 09:26:00,2.0,,
195,2024-01-07 10:19:00,,,2024-01-07 10:17:00,2.0,,
196,2024-01-19 08:03:00,2024-01-19 08:05:00,2024-01-19 08:06:00,2024-01-19 08:00:00,3.0,2.0,1.0
197,,,,2024-01-11 18:23:00,,,
198,,,,2024-01-16 12:41:00,,,
199,,,,2024-01-31 16:13:00,,,
200,2024-01-27 01:47:00,2024-01-27 01:51:00,,2024-01-27 01:46:00,1.0,4.0,
201,2024-01-09 00:20:00,2024-01-09 00:23:00,,2024-01-09 00:17:00,3.0,3.0,
202,2024-01-08 00:31:00,2024-01-08 00:35:00,2024-01-08 00:38:00,2024-01-08 00:29:00,2.0,4.0,3.0
203,,,,2024-01-19 07:51:00,,,
204,2024-02-04 10:39:00,2024-02-04 10:43:00,2024-02-04 10:45:00,2024-02-04 10:36:00,3.0,4.0,2.0
205,,,,2024-01-11 16:29:00,,,
206,2024-01-25 07:32:00,2024-01-25 07:33:00,2024-01-25 07:34:00,2024-01-25 07:28:00,4.0,1.0,1.0
207,2024-01-20 02:36:00,,,2024-01-20 02:34:00,2.0,,
208,,,,2024-01-11 14:59:00,,,
209,,,,2024-01-09 21:47:00,,,
210,2024-01-05 12:35:00,2024-01-05 12:37:00,,2024-01-05 12:32:00,3.0,2.0,
211,2024-01-21 05:27:00,,,2024-01-21 05:25:00,2.0,,
212,2024-01-13 10:13:00,2024-01-13 10:14:00,2024-01-13 10:15:00,2024-01-13 10:11:00,2.0,1.0,1.0
213,2024-01-01 19:02:00,,,2024-01-01 18:59:00,3.0,,
214,2024-01-13 08:40:00,2024-01-13 08:42:00,2024-01-13 08:43:00,2024-01-13 08:38:00,2.0,2.0,1.0
215,2024-01-06 10:37:00,,,2024-01-06 10:33:00,4.0,,
216,,,,2024-01-10 01:23:00,,,
217,2024-01-08 23:23:00,2024-01-08 23:27:00,2024-01-08 23:28:00,2024-01-08 23:21:00,2.0,4.0,1.0
218,2024-01-16 00:23:00,,,2024-01-16 00:22:00,1.0,,
219,,,,2024-02-04 10:31:00,,,
220,,,,2024-01-16 02:20:00,,,
221,,,,2024-01-14 12:36:00,,,
222,2024-01-23 12:36:00,2024-01-23 12:37:00,2024-01-23 12:40:00,2024-01-23 12:32:00,4.0,1.0,3.0
223,,,,2024-01-30 16:21:00,,,
224,,,,2024-01-13 11:58:00,,,
225,2024-01-24 22:01:00,2024-01-24 22:03:00,2024-01-24 22:06:00,2024-01-24 21:58:00,3.0,2.0,3.0
226,,,,2024-01-26 03:19:00,,,
227,2024-01-12 22:56:00,2024-01-12 22:59:00,2024-01-12 23:02:00,2024-01-12 22:52:00,4.0,3.0,3.0
228,2024-01-09 03:07:00,2024-01-09 03:11:00,2024-01-09 03:15:00,2024-01-09 03:04:00,3.0,4.0,4.0
229,,,,2024-02-03 14:20:00,,,
230,,,,2024-01-10 11:37:00,,,
231,2024-01-04 14:30:00,2024-01-04 14:34:00,,2024-01-04 14:27:00,3.0,4.0,
232,2024-01-06 03:25:00,2024-01-06 03:26:00,2024-01-06 03:29:00,2024-01-06 03:24:00,1.0,1.0,3.0
233,,,,2024-01-27 23:31:00,,,
234,,,,2024-01-30 23:15:00,,,
235,,,,2024-02-02 05:15:00,,,
236,,,,2024-01-23 06:44:00,,,
237,2024-01-11 03:03:00,2024-01-11 03:04:00,,2024-01-11 03:01:00,2.0,1.0,
238,2024-02-01 20:38:00,2024-02-01 20:40:00,2024-02-01 20:43:00,2024-02-01 20:34:00,4.0,2.0,3.0
239,,,,2024-01-27 05:03:00,,,
240,2024-01-21 00:53:00,2024-01-21 00:55:00,2024-01-21 00:56:00,2024-01-21 00:51:00,2.0,2.0,1.0
241,2024-01-03 16:30:00,2024-01-03 16:31:00,2024-01-03 16:32:00,2024-01-03 16:29:00,1.0,1.0,1.0
242,2024-01-29 17:16:00,2024-01-29 17:20:00,2024-01-29 17:24:00,2024-01-29 17:14:00,2.0,4.0,4.0
243,,,,2024-01-01 10:28:00,,,
244,2024-01-02 02:28:00,2024-01-02 02:30:00,,2024-01-02 02:24:00,4.0,2.0,
245,,,,2024-01-11 21:00:00,,,
246,,,,2024-01-13 04:50:00,,,
247,,,,2024-01-16 18:00:00,,,
248,2024-01-19 00:28:00,2024-01-19 00:32:00,2024-01-19 00:36:00,2024-01-19 00:25:00,3.0,4.0,4.0
249,2024-01-06 08:38:00,2024-01-06 08:41:00,2024-01-06 08:42:00,2024-01-06 08:35:00,3.0,3.0,1.0
250,2024-01-03 07:36:00,,,2024-01-03 07:34:00,2.0,,
251,,,,2024-01-01 05:36:00,,,
252,,,,2024-01-25 23:56:00,,,
253,2024-01-23 23:18:00,2024-01-23 23:22:00,2024-01-23 23:25:00,2024-01-23 23:17:00,1.0,4.0,3.0
254,2024-01-30 21:46:00,,,2024-01-30 21:42:00,4.0,,
255,,,,2024-01-14 11:14:00,,,
256,,,,2024-01-01 12:20:00,,,
257,2024-01-14 15:49:00,,,2024-01-14 15:45:00,4.0,,
258,,,,2024-02-04 08:52:00,,,
259,,,,2024-02-01 21:16:00,,,
260,2024-01-26 23:32:00,,,2024-01-26 23:29:00,3.0,,
261,2024-01-03 11:47:00,,,2024-01-03 11:43:00,4.0,,
262,,,,2024-01-27 18:40:00,,,
263,2024-01-10 14:51:00,,,2024-01-10 14:49:00,2.0,,
264,2024-01-20 21:45:00,2024-01-20 21:47:00,2024-01-20 21:49:00,2024-01-20 21:44:00,1.0,2.0,2.0
265,2024-02-04 14:21:00,2024-02-04 14:25:00,,2024-02-04 14:20:00,1.0,4.0,
266,2024-01-16 14:59:00,,,2024-01-16 14:55:00,4.0,,
267,,,,2024-01-02 20:23:00,,,
268,,,,2024-01-29 07:22:00,,,
269,,,,2024-02-04 01:41:00,,,
270,2024-01-11 12:15:00,2024-01-11 12:19:00,2024-01-11 12:22:00,2024-01-11 12:13:00,2.0,4.0,3.0
271,,,,2024-01-19 04:17:00,,,
272,,,,2024-01-12 16:49:00,,,
273,,,,2024-02-04 08:21:00,,,
274,2024-01-21 02:03:00,,,2024-01-21 02:02:00,1.0,,
275,2024-01-01 01:46:00,2024-01-01 01:48:00,2024-01-01 01:52:00,2024-01-01 01:44:00,2.0,2.0,4.0
276,2024-01-12 06:13:00,,,2024-01-12 06:12:00,1.0,,
277,2024-02-04 09:36:00,,,2024-02-04 09:35:00,1.0,,
278,2024-01-22 19:23:00,2024-01-22 19:27:00,2024-01-22 19:30:00,2024-01-22 19:20:00,3.0,4.0,3.0
279,,,,2024-02-01 00:56:00,,,
280,2024-01-10 14:17:00,2024-01-10 14:20:00,2024-01-10 14:23:00,2024-01-10 14:16:00,1.0,3.0,3.0
281,2024-01-14 08:28:00,2024-01-14 08:30:00,2024-01-14 08:32:00,2024-01-14 08:24:00,4.0,2.0,2.0
282,2024-01-04 23:58:00,2024-01-04 23:59:00,2024-01-05 00:03:00,2024-01-04 23:55:00,3.0,1.0,4.0
283,2024-01-11 06:35:00,2024-01-11 06:37:00,2024-01-11 06:39:00,2024-01-11 06:34:00,1.0,2.0,2.0
284,,,,2024-01-25 16:42:00,,,
285,2024-01-09 01:28:00,2024-01-09 01:30:00,,2024-01-09 01:24:00,4.0,2.0,
286,2024-02-02 13:53:00,2024-02-02 13:55:00,,2024-02-02 13:49:00,4.0,2.0,
287,,,,2024-01-26 19:20:00,,,
288,2024-01-15 11:54:00,2024-01-15 11:56:00,2024-01-15 11:59:00,2024-01-15 11:50:00,4.0,2.0,3.0
289,,,,2024-01-23 04:08:00,,,
290,2024-01-08 07:50:00,2024-01-08 07:52:00,2024-01-08 07:54:00,2024-01-08 07:48:00,2.0,2.0,2.0
291,2024-01-07 20:55:00,2024-01-07 20:58:00,2024-01-07 21:02:00,2024-01-07 20:52:00,3.0,3.0,4.0
292,2024-01-15 06:14:00,2024-01-15 06:18:00,2024-01-15 06:20:00,2024-01-15 06:10:00,4.0,4.0,2.0
293,2024-01-31 05:30:00,2024-01-31 05:32:00,2024-01-31 05:35:00,2024-01-31 05:27:00,3.0,2.0,3.0
294,2024-01-05 11:38:00,,,2024-01-05 11:36:00,2.0,,
295,,,,2024-01-28 16:53:00,,,
296,,,,2024-01-28 03:17:00,,,
297,2024-02-04 11:32:00,2024-02-04 11:36:00,2024-02-04 11:37:00,2024-02-04 11:31:00,1.0,4.0,1.0
298,,,,2024-01-29 12:50:00,,,
299,,,,2024-01-22 17:41:00,,,
300,,,,2024-01-12 02:49:00,,,
301,2024-01-15 17:28:00,2024-01-15 17:30:00,2024-01-15 17:32:00,2024-01-15 17:26:00,2.0,2.0,2.0
302,,,,2024-01-28 09:44:00,,,
303,,,,2024-02-04 13:32:00,,,
304,2024-01-31 01:30:00,2024-01-31 01:32:00,2024-01-31 01:34:00,2024-01-31 01:28:00,2.0,2.0,2.0
305,,,,2024-01-12 18:54:00,,,
306,,,,2024-01-15 09:28:00,,,
307,,,,2024-01-27 04:50:00,,,
308,,,,2024-01-20 00:15:00,,,
309,2024-01-18 01:43:00,2024-01-18 01:44:00,,2024-01-18 01:40:00,3.0,1.0,
310,2024-02-03 12:24:00,,,2024-02-03 12:23:00,1.0,,
311,,,,2024-01-03 10:40:00,,,
312,,,,2024-01-26 17:41:00,,,
313,2024-01-14 12:28:00,2024-01-14 12:30:00,,2024-01-14 12:24:00,4.0,2.0,
314,,,,2024-01-16 00:37:00,,,
315,,,,2024-01-08 16:29:00,,,
316,2024-01-26 12:45:00,2024-01-26 12:49:00,2024-01-26 12:50:00,2024-01-26 12:44:00,1.0,4.0,1.0
317,,,,2024-01-20 11:53:00,,,
318,2024-01-11 09:57:00,2024-01-11 09:59:00,2024-01-11 10:02:00,2024-01-11 09:55:00,2.0,2.0,3.0
319,,,,2024-01-08 08:57:00,,,
320,2024-01-01 01:04:00,2024-01-01 01:05:00,2024-01-01 01:07:00,2024-01-01 01:02:00,2.0,1.0,2.0
321,2024-01-13 05:40:00,2024-01-13 05:41:00,2024-01-13 05:44:00,2024-01-13 05:37:00,3.0,1.0,3.0
322,2024-01-14 17:44:00,2024-01-14 17:48:00,,2024-01-14 17:43:00,1.0,4.0,
323,2024-02-02 14:57:00,2024-02-02 15:01:00,2024-02-02 15:05:00,2024-02-02 14:54:00,3.0,4.0,4.0
324,,,,2024-01-09 08:49:00,,,
325,,,,2024-01-29 03:22:00,,,
326,2024-01-16 05:44:00,,,2024-01-16 05:43:00,1.0,,
327,,,,2024-01-01 16:16:00,,,
328,2024-01-22 23:51:00,2024-01-22 23:52:00,2024-01-22 23:55:00,2024-01-22 23:48:00,3.0,1.0,3.0
329,,,,2024-01-12 06:54:00,,,
330,,,,2024-01-14 11:52:00,,,
331,2024-01-24 03:07:00,,,2024-01-24 03:04:00,3.0,,
332,,,,2024-01-01 19:30:00,,,
333,,,,2024-01-07 08:08:00,,,
334,,,,2024-01-03 01:36:00,,,
335,2024-02-02 14:35:00,2024-02-02 14:37:00,2024-02-02 14:39:00,2024-02-02 14:31:00,4.0,2.0,2.0
336,,,,2024-01-15 12:20:00,,,
337,2024-01-03 11:25:00,2024-01-03 11:29:00,,2024-01-03 11:22:00,3.0,4.0,
338,,,,2024-01-06 23:12:00,,,
339,2024-01-30 05:48:00,,,2024-01-30 05:44:00,4.0,,
340,2024-01-26 11:15:00,,,2024-01-26 11:13:00,2.0,,
341,2024-01-02 01:00:00,2024-01-02 01:02:00,,2024-01-02 00:58:00,2.0,2.0,
342,,,,2024-01-03 05:13:00,,,
343,,,,2024-02-03 14:48:00,,,
344,2024-01-16 12:06:00,2024-01-16 12:10:00,,2024-01-16 12:05:00,1.0,4.0,
345,2024-01-31 11:16:00,2024-01-31 11:18:00,2024-01-31 11:21:00,2024-01-31 11:12:00,4.0,2.0,3.0
346,,,,2024-01-28 21:55:00,,,
347,,,,2024-01-06 11:54:00,,,
348,,,,2024-01-11 09:55:00,,,
349,2024-01-21 12:36:00,2024-01-21 12:39:00,2024-01-21 12:40:00,2024-01-21 12:33:00,3.0,3.0,1.0
350,,,,2024-01-28 11:28:00,,,
351,,,,2024-01-18 13:07:00,,,
352,2024-02-02 17:31:00,2024-02-02 17:33:00,2024-02-02 17:36:00,2024-02-02 17:27:00,4.0,2.0,3.0
353,,,,2024-01-07 20:42:00,,,
354,,,,2024-01-27 19:30:00,,,
355,,,,2024-01-09 16:07:00,,,
356,2024-01-22 04:51:00,2024-01-22 04:53:00,2024-01-22 04:56:00,2024-01-22 04:48:00,3.0,2.0,3.0
357,,,,2024-01-26 06:19:00,,,
358,,,,2024-01-19 22:34:00,,,
359,,,,2024-01-03 02:50:00,,,
360,,,,2024-01-30 21:41:00,,,
361,2024-01-12 06:27:00,2024-01-12 06:28:00,,2024-01-12 06:24:00,3.0,1.0,
362,2024-01-18 22:19:00,,,2024-01-18 22:16:00,3.0,,
363,,,,2024-01-10 04:48:00,,,
364,2024-01-03 22:53:00,2024-01-03 22:57:00,2024-01-03 23:01:00,2024-01-03 22:52:00,1.0,4.0,4.0
365,2024-01-03 01:52:00,2024-01-03 01:53:00,2024-01-03 01:54:00,2024-01-03 01:51:00,1.0,1.0,1.0
366,,,,2024-01-30 17:48:00,,,
367,2024-01-08 22:17:00,2024-01-08 22:18:00,2024-01-08 22:21:00,2024-01-08 22:13:00,4.0,1.0,3.0
368,,,,2024-01-23 18:07:00,,,
369,,,,2024-02-02 23:42:00,,,
370,,,,2024-01-26 13:00:00,,,
371,2024-01-07 00:23:00,2024-01-07 00:24:00,2024-01-07 00:25:00,2024-01-07 00:19:00,4.0,1.0,1.0
372,,,,2024-01-10 16:49:00,,,
373,,,,2024-01-17 03:01:00,,,
374,,,,2024-01-21 09:59:00,,,
375,,,,2024-01-05 18:15:00,,,
376,,,,2024-01-27 01:06:00,,,
377,2024-01-10 00:19:00,2024-01-10 00:22:00,2024-01-10 00:23:00,2024-01-10 00:16:00,3.0,3.0,1.0
378,2024-01-08 23:06:00,2024-01-08 23:07:00,2024-01-08 23:10:00,2024-01-08 23:04:00,2.0,1.0,3.0
379,,,,2024-01-07 03:15:00,,,
380,,,,2024-01-19 07:11:00,,,
381,,,,2024-01-24 10:32:00,,,
382,2024-01-03 14:30:00,,,2024-01-03 14:29:00,1.0,,
383,2024-01-23 23:21:00,,,2024-01-23 23:20:00,1.0,,
384,,,,2024-01-28 06:03:00,,,
385,2024-01-08 20:00:00,2024-01-08 20:02:00,2024-01-08 20:04:00,2024-01-08 19:57:00,3.0,2.0,2.0
386,,,,2024-02-01 00:03:00,,,
387,,,,2024-01-25 08:10:00,,,
388,2024-01-16 08:21:00,,,2024-01-16 08:18:00,3.0,,
389,,,,2024-01-25 09:00:00,,,
390,2024-01-15 20:22:00,2024-01-15 20:23:00,2024-01-15 20:26:00,2024-01-15 20:21:00,1.0,1.0,3.0
391,2024-01-28 10:01:00,2024-01-28 10:05:00,,2024-01-28 09:58:00,3.0,4.0,
392,,,,2024-01-16 20:07:00,,,
393,2024-02-02 03:25:00,,,2024-02-02 03:21:00,4.0,,
394,2024-02-04 00:02:00,2024-02-04 00:05:00,2024-02-04 00:06:00,2024-02-04 00:00:00,2.0,3.0,1.0
395,,,,2024-01-25 16:11:00,,,
396,,,,2024-01-01 08:41:00,,,
397,2024-01-24 23:00:00,2024-01-24 23:04:00,2024-01-24 23:07:00,2024-01-24 22:56:00,4.0,4.0,3.0
398,,,,2024-01-11 18:30:00,,,
399,2024-01-12 10:13:00,2024-01-12 10:16:00,2024-01-12 10:19:00,2024-01-12 10:12:00,1.0,3.0,3.0
400,2024-01-17 02:23:00,,,2024-01-17 02:20:00,3.0,,
401,2024-01-27 10:45:00,2024-01-27 10:47:00,2024-01-27 10:50:00,2024-01-27 10:41:00,4.0,2.0,3.0
402,,,,2024-01-07 21:00:00,,,
403,2024-01-30 09:24:00,2024-01-30 09:26:00,2024-01-30 09:30:00,2024-01-30 09:22:00,2.0,2.0,4.0
404,,,,2024-02-02 12:25:00,,,
405,2024-01-29 15:20:00,,,2024-01-29 15:16:00,4.0,,
406,2024-01-21 04:58:00,2024-01-21 05:02:00,2024-01-21 05:05:00,2024-01-21 04:56:00,2.0,4.0,3.0
407,,,,2024-01-18 10:42:00,,,
408,,,,2024-01-26 11:22:00,,,
409,,,,2024-01-17 02:04:00,,,
410,2024-01-06 01:04:00,,,2024-01-06 01:02:00,2.0,,
411,2024-01-27 12:10:00,,,2024-01-27 12:07:00,3.0,,
412,2024-01-30 10:06:00,,,2024-01-30 10:03:00,3.0,,
413,2024-01-15 06:21:00,,,2024-01-15 06:17:00,4.0,,
414,2024-01-24 10:59:00,2024-01-24 11:00:00,2024-01-24 11:01:00,2024-01-24 10:55:00,4.0,1.0,1.0
415,2024-01-27 16:37:00,2024-01-27 16:38:00,2024-01-27 16:42:00,2024-01-27 16:36:00,1.0,1.0,4.0
416,2024-01-05 19:36:00,,,2024-01-05 19:33:00,3.0,,
417,2024-01-09 05:48:00,2024-01-09 05:49:00,2024-01-09 05:50:00,2024-01-09 05:47:00,1.0,1.0,1.0
418,2024-01-23 19:46:00,,,2024-01-23 19:42:00,4.0,,
419,2024-01-13 11:03:00,2024-01-13 11:05:00,2024-01-13 11:08:00,2024-01-13 11:01:00,2.0,2.0,3.0
420,,,,2024-01-24 06:24:00,,,
421,,,,2024-02-02 05:49:00,,,
422,,,,2024-01-12 02:10:00,,,
423,2024-01-11 23:25:00,,,2024-01-11 23:23:00,2.0,,
424,,,,2024-01-15 16:12:00,,,
425,,,,2024-02-03 13:48:00,,,
426,2024-01-20 06:08:00,2024-01-20 06:09:00,2024-01-20 06:12:00,2024-01-20 06:07:00,1.0,1.0,3.0
427,2024-02-02 23:49:00,2024-02-02 23:53:00,2024-02-02 23:54:00,2024-02-02 23:48:00,1.0,4.0,1.0
428,,,,2024-01-14 11:47:00,,,
429,2024-01-21 10:36:00,2024-01-21 10:40:00,2024-01-21 10:41:00,2024-01-21 10:33:00,3.0,4.0,1.0
430,,,,2024-02-02 04:40:00,,,
431,2024-01-01 16:43:00,2024-01-01 16:46:00,2024-01-01 16:50:00,2024-01-01 16:42:00,1.0,3.0,4.0
432,2024-01-22 10:44:00,2024-01-22 10:47:00,2024-01-22 10:49:00,2024-01-22 10:40:00,4.0,3.0,2.0
433,2024-01-04 20:58:00,2024-01-04 20:59:00,2024-01-04 21:03:00,2024-01-04 20:57:00,1.0,1.0,4.0
434,,,,2024-02-01 11:07:00,,,
435,2024-01-23 06:47:00,2024-01-23 06:48:00,2024-01-23 06:49:00,2024-01-23 06:45:00,2.0,1.0,1.0
436,,,,2024-01-28 01:12:00,,,
437,,,,2024-01-24 09:34:00,,,
438,2024-01-29 16:27:00,,,2024-01-29 16:23:00,4.0,,
439,2024-01-25 11:23:00,2024-01-25 11:25:00,2024-01-25 11:28:00,2024-01-25 11:22:00,1.0,2.0,3.0
440,2024-02-02 17:59:00,2024-02-02 18:01:00,2024-02-02 18:03:00,2024-02-02 17:58:00,1.0,2.0,2.0
441,,,,2024-01-28 12:46:00,,,
442,,,,2024-01-09 12:23:00,,,
443,,,,2024-01-19 02:07:00,,,
444,,,,2024-01-11 13:34:00,,,
445,2024-01-04 14:22:00,2024-01-04 14:26:00,2024-01-04 14:30:00,2024-01-04 14:18:00,4.0,4.0,4.0
446,2024-01-01 11:55:00,2024-01-01 11:58:00,2024-01-01 12:00:00,2024-01-01 11:51:00,4.0,3.0,2.0
447,,,,2024-01-22 05:18:00,,,
448,2024-01-29 13:44:00,2024-01-29 13:48:00,2024-01-29 13:49:00,2024-01-29 13:41:00,3.0,4.0,1.0
449,2024-01-16 02:03:00,2024-01-16 02:04:00,,2024-01-16 02:02:00,1.0,1.0,
450,2024-01-26 06:10:00,2024-01-26 06:11:00,2024-01-26 06:12:00,2024-01-26 06:08:00,2.0,1.0,1.0
451,,,,2024-01-06 01:33:00,,,
452,2024-02-02 20:20:00,,,2024-02-02 20:19:00,1.0,,
453,,,,2024-01-26 01:01:00,,,
454,2024-01-28 22:24:00,2024-01-28 22:26:00,2024-01-28 22:30:00,2024-01-28 22:20:00,4.0,2.0,4.0
455,,,,2024-01-28 20:47:00,,,
456,,,,2024-01-13 12:47:00,,,
457,,,,2024-01-09 14:30:00,,,
458,,,,2024-01-05 04:08:00,,,
459,2024-01-30 06:05:00,2024-01-30 06:08:00,2024-01-30 06:11:00,2024-01-30 06:01:00,4.0,3.0,3.0
460,2024-01-07 02:51:00,,,2024-01-07 02:49:00,2.0,,
461,,,,2024-02-03 03:57:00,,,
462,2024-01-09 13:46:00,2024-01-09 13:48:00,2024-01-09 13:51:00,2024-01-09 13:42:00,4.0,2.0,3.0
463,,,,2024-01-29 22:00:00,,,
464,2024-01-07 19:43:00,2024-01-07 19:47:00,2024-01-07 19:50:00,2024-01-07 19:42:00,1.0,4.0,3.0
465,,,,2024-01-01 11:16:00,,,
466,2024-01-20 09:45:00,2024-01-20 09:48:00,2024-01-20 09:49:00,2024-01-20 09:42:00,3.0,3.0,1.0
467,,,,2024-01-15 12:36:00,,,
468,2024-01-18 12:57:00,2024-01-18 13:00:00,2024-01-18 13:02:00,2024-01-18 12:53:00,4.0,3.0,2.0
469,,,,2024-01-25 07:52:00,,,
470,,,,2024-01-27 00:53:00,,,
471,2024-01-30 09:06:00,2024-01-30 09:07:00,2024-01-30 09:08:00,2024-01-30 09:04:00,2.0,1.0,1.0
472,,,,2024-01-22 15:14:00,,,
473,2024-01-01 04:57:00,,,2024-01-01 04:55:00,2.0,,
474,2024-02-02 14:25:00,,,2024-02-02 14:24:00,1.0,,
475,2024-01-03 01:57:00,2024-01-03 01:59:00,,2024-01-03 01:53:00,4.0,2.0,
476,2024-01-03 20:10:00,2024-01-03 20:11:00,2024-01-03 20:12:00,2024-01-03 20:07:00,3.0,1.0,1.0
477,2024-01-31 13:22:00,2024-01-31 13:23:00,,2024-01-31 13:18:00,4.0,1.0,
478,2024-01-16 19:09:00,,,2024-01-16 19:08:00,1.0,,
479,2024-01-18 18:08:00,2024-01-18 18:10:00,2024-01-18 18:12:00,2024-01-18 18:06:00,2.0,2.0,2.0
480,,,,2024-01-08 01:49:00,,,
481,,,,2024-01-09 08:56:00,,,
482,2024-02-03 08:30:00,2024-02-03 08:31:00,2024-02-03 08:34:00,2024-02-03 08:27:00,3.0,1.0,3.0
483,2024-01-02 16:57:00,2024-01-02 16:58:00,2024-01-02 17:00:00,2024-01-02 16:56:00,1.0,1.0,2.0
484,,,,2024-01-26 15:23:00,,,
485,,,,2024-01-03 08:40:00,,,
486,2024-01-16 11:53:00,2024-01-16 11:54:00,2024-01-16 11:58:00,2024-01-16 11:52:00,1.0,1.0,4.0
487,,,,2024-01-31 15:38:00,,,
488,2024-01-21 02:25:00,2024-01-21 02:27:00,,2024-01-21 02:22:00,3.0,2.0,
489,,,,2024-01-08 00:10:00,,,
490,2024-01-23 21:24:00,2024-01-23 21:28:00,2024-01-23 21:31:00,2024-01-23 21:21:00,3.0,4.0,3.0
491,,,,2024-01-10 10:24:00,,,
492,2024-02-02 15:53:00,2024-02-02 15:55:00,2024-02-02 15:59:00,2024-02-02 15:52:00,1.0,2.0,4.0
493,,,,2024-02-02 12:55:00,,,
494,2024-01-14 19:35:00,2024-01-14 19:39:00,2024-01-14 19:40:00,2024-01-14 19:32:00,3.0,4.0,1.0
495,,,,2024-01-30 15:12:00,,,
496,2024-01-30 09:31:00,2024-01-30 09:34:00,2024-01-30 09:35:00,2024-01-30 09:28:00,3.0,3.0,1.0
497,2024-01-20 18:40:00,,,2024-01-20 18:36:00,4.0,,
498,2024-01-13 13:26:00,2024-01-13 13:29:00,,2024-01-13 13:25:00,1.0,3.0,
499,2024-02-02 10:22:00,2024-02-02 10:23:00,2024-02-02 10:26:00,2024-02-02 10:18:00,4.0,1.0,3.0
500,2024-01-26 12:11:00,2024-01-26 12:14:00,2024-01-26 12:15:00,2024-01-26 12:09:00,2.0,3.0,1.0
501,2024-01-23 23:05:00,,,2024-01-23 23:04:00,1.0,,
502,2024-01-16 16:34:00,,,2024-01-16 16:30:00,4.0,,
503,2024-01-25 09:39:00,2024-01-25 09:42:00,2024-01-25 09:43:00,2024-01-25 09:37:00,2.0,3.0,1.0
504,2024-01-10 08:21:00,,,2024-01-10 08:18:00,3.0,,
505,,,,2024-01-27 15:11:00,,,
506,2024-01-27 10:26:00,2024-01-27 10:28:00,2024-01-27 10:29:00,2024-01-27 10:24:00,2.0,2.0,1.0
507,,,,2024-01-21 01:31:00,,,
508,2024-01-02 21:33:00,2024-01-02 21:36:00,2024-01-02 21:37:00,2024-01-02 21:31:00,2.0,3.0,1.0
509,2024-01-11 04:45:00,,,2024-01-11 04:41:00,4.0,,
510,2024-01-16 04:33:00,2024-01-16 04:37:00,,2024-01-16 04:30:00,3.0,4.0,
511,,,,2024-01-10 01:32:00,,,
512,2024-01-22 07:42:00,,,2024-01-22 07:38:00,4.0,,
513,,,,2024-02-01 06:00:00,,,
514,2024-01-28 18:07:00,2024-01-28 18:11:00,2024-01-28 18:12:00,2024-01-28 18:03:00,4.0,4.0,1.0
515,2024-01-25 11:11:00,,,2024-01-25 11:08:00,3.0,,
516,2024-01-03 09:18:00,2024-01-03 09:21:00,,2024-01-03 09:17:00,1.0,3.0,
517,,,,2024-01-07 16:25:00,,,
518,2024-02-03 08:54:00,2024-02-03 08:58:00,2024-02-03 09:01:00,2024-02-03 08:50:00,4.0,4.0,3.0
519,,,,2024-01-03 02:34:00,,,
520,,,,2024-01-22 12:42:00,,,
521,2024-01-29 13:53:00,2024-01-29 13:54:00,2024-01-29 13:56:00,2024-01-29 13:50:00,3.0,1.0,2.0
522,2024-01-02 23:16:00,,,2024-01-02 23:15:00,1.0,,
523,2024-01-11 21:14:00,,,2024-01-11 21:11:00,3.0,,
524,,,,2024-01-13 16:44:00,,,
525,2024-01-18 03:10:00,2024-01-18 03:12:00,2024-01-18 03:16:00,2024-01-18 03:08:00,2.0,2.0,4.0
526,2024-01-12 18:15:00,2024-01-12 18:16:00,2024-01-12 18:18:00,2024-01-12 18:11:00,4.0,1.0,2.0
527,2024-01-23 20:07:00,2024-01-23 20:11:00,,2024-01-23 20:03:00,4.0,4.0,
528,,,,2024-01-12 20:58:00,,,
529,2024-01-05 05:28:00,2024-01-05 05:31:00,,2024-01-05 05:25:00,3.0,3.0,
530,2024-01-18 20:09:00,,,2024-01-18 20:05:00,4.0,,
531,,,,2024-01-26 17:29:00,,,
532,2024-02-03 13:34:00,2024-02-03 13:37:00,2024-02-03 13:39:00,2024-02-03 13:32:00,2.0,3.0,2.0
533,2024-01-07 13:55:00,2024-01-07 13:57:00,,2024-01-07 13:52:00,3.0,2.0,
534,,,,2024-01-06 23:33:00,,,
535,2024-01-17 02:23:00,,,2024-01-17 02:21:00,2.0,,
536,2024-01-29 18:32:00,2024-01-29 18:35:00,2024-01-29 18:39:00,2024-01-29 18:30:00,2.0,3.0,4.0
537,2024-01-01 07:55:00,2024-01-01 07:58:00,,2024-01-01 07:53:00,2.0,3.0,
538,2024-01-12 22:43:00,2024-01-12 22:46:00,2024-01-12 22:49:00,2024-01-12 22:39:00,4.0,3.0,3.0
539,,,,2024-01-17 08:43:00,,,
540,2024-01-20 02:27:00,,,2024-01-20 02:25:00,2.0,,
541,,,,2024-01-16 21:32:00,,,
542,,,,2024-01-18 03:22:00,,,
543,2024-02-01 02:47:00,2024-02-01 02:50:00,,2024-02-01 02:45:00,2.0,3.0,
544,,,,2024-01-08 08:10:00,,,
545,2024-01-18 02:32:00,2024-01-18 02:33:00,,2024-01-18 02:29:00,3.0,1.0,
546,2024-01-09 09:49:00,2024-01-09 09:52:00,2024-01-09 09:55:00,2024-01-09 09:48:00,1.0,3.0,3.0
547,2024-01-31 07:33:00,2024-01-31 07:37:00,2024-01-31 07:40:00,2024-01-31 07:32:00,1.0,4.0,3.0
548,,,,2024-02-02 12:48:00,,,
549,2024-01-28 10:38:00,,,2024-01-28 10:37:00,1.0,,
550,2024-01-17 18:49:00,,,2024-01-17 18:47:00,2.0,,
551,,,,2024-02-03 06:27:00,,,
552,2024-02-03 16:56:00,2024-02-03 16:59:00,2024-02-03 17:03:00,2024-02-03 16:52:00,4.0,3.0,4.0
553,,,,2024-01-12 11:09:00,,,
554,,,,2024-01-18 10:35:00,,,
555,2024-01-15 23:58:00,,,2024-01-15 23:56:00,2.0,,
556,,,,2024-01-18 06:36:00,,,
557,2024-01-10 20:22:00,2024-01-10 20:23:00,2024-01-10 20:24:00,2024-01-10 20:18:00,4.0,1.0,1.0
558,2024-01-21 16:17:00,,,2024-01-21 16:14:00,3.0,,
559,2024-01-27 16:10:00,2024-01-27 16:14:00,2024-01-27 16:16:00,2024-01-27 16:07:00,3.0,4.0,2.0
560,2024-01-26 17:40:00,,,2024-01-26 17:36:00,4.0,,
561,2024-02-03 01:06:00,2024-02-03 01:07:00,2024-02-03 01:10:00,2024-02-03 01:04:00,2.0,1.0,3.0
562,2024-01-05 13:32:00,2024-01-05 13:33:00,2024-01-05 13:37:00,2024-01-05 13:31:00,1.0,1.0,4.0
563,2024-01-23 09:32:00,,,2024-01-23 09:31:00,1.0,,
564,2024-02-01 05:50:00,2024-02-01 05:51:00,2024-02-01 05:55:00,2024-02-01 05:47:00,3.0,1.0,4.0
565,,,,2024-02-03 23:35:00,,,
566,,,,2024-01-07 17:02:00,,,
567,2024-01-28 23:15:00,2024-01-28 23:19:00,2024-01-28 23:20:00,2024-01-28 23:13:00,2.0,4.0,1.0
568,2024-01-12 18:03:00,2024-01-12 18:06:00,2024-01-12 18:09:00,2024-01-12 17:59:00,4.0,3.0,3.0
569,2024-02-02 06:28:00,2024-02-02 06:29:00,,2024-02-02 06:25:00,3.0,1.0,
570,2024-01-09 20:49:00,,,2024-01-09 20:45:00,4.0,,
571,2024-01-13 02:18:00,2024-01-13 02:20:00,2024-01-13 02:22:00,2024-01-13 02:16:00,2.0,2.0,2.0
572,,,,2024-01-05 08:01:00,,,
573,2024-01-30 13:56:00,,,2024-01-30 13:53:00,3.0,,
574,,,,2024-01-17 16:22:00,,,
575,2024-01-01 02:53:00,2024-01-01 02:55:00,2024-01-01 02:59:00,2024-01-01 02:51:00,2.0,2.0,4.0
576,2024-02-02 16:44:00,2024-02-02 16:48:00,,2024-02-02 16:41:00,3.0,4.0,
577,2024-01-06 04:11:00,2024-01-06 04:13:00,2024-01-06 04:15:00,2024-01-06 04:08:00,3.0,2.0,2.0
578,,,,2024-01-07 12:19:00,,,
579,2024-01-29 19:32:00,2024-01-29 19:33:00,2024-01-29 19:34:00,2024-01-29 19:30:00,2.0,1.0,1.0
580,2024-01-20 10:09:00,,,2024-01-20 10:07:00,2.0,,
581,,,,2024-01-10 08:24:00,,,
582,2024-01-18 02:12:00,2024-01-18 02:13:00,,2024-01-18 02:10:00,2.0,1.0,
583,,,,2024-01-29 01:02:00,,,
584,2024-01-11 22:50:00,2024-01-11 22:51:00,2024-01-11 22:52:00,2024-01-11 22:48:00,2.0,1.0,1.0
585,,,,2024-02-03 15:47:00,,,
586,2024-01-07 14:48:00,2024-01-07 14:51:00,2024-01-07 14:53:00,2024-01-07 14:46:00,2.0,3.0,2.0
587,2024-01-24 23:31:00,2024-01-24 23:32:00,2024-01-24 23:33:00,2024-01-24 23:29:00,2.0,1.0,1.0
588,,,,2024-01-27 02:45:00,,,
589,,,,2024-01-18 09:33:00,,,
590,2024-02-04 05:53:00,2024-02-04 05:55:00,2024-02-04 05:58:00,2024-02-04 05:50:00,3.0,2.0,3.0
591,,,,2024-01-16 16:05:00,,,
592,2024-01-23 05:13:00,,,2024-01-23 05:11:00,2.0,,
593,,,,2024-01-16 13:02:00,,,
594,2024-01-09 15:30:00,2024-01-09 15:33:00,2024-01-09 15:35:00,2024-01-09 15:29:00,1.0,3.0,2.0
595,2024-02-04 00:23:00,2024-02-04 00:25:00,,2024-02-04 00:21:00,2.0,2.0,
596,2024-01-05 07:15:00,2024-01-05 07:17:00,2024-01-05 07:21:00,2024-01-05 07:12:00,3.0,2.0,4.0
597,,,,2024-01-23 17:55:00,,,
598,2024-01-19 02:02:00,,,2024-01-19 01:59:00,3.0,,
599,,,,2024-01-21 06:10:00,,,
600,,,,2024-01-22 02:08:00,,,
601,,,,2024-01-28 22:00:00,,,
602,2024-02-03 23:34:00,2024-02-03 23:35:00,2024-02-03 23:38:00,2024-02-03 23:30:00,4.0,1.0,3.0
603,,,,2024-01-08 00:28:00,,,
604,2024-01-12 13:28:00,2024-01-12 13:32:00,2024-01-12 13:35:00,2024-01-12 13:25:00,3.0,4.0,3.0
605,2024-02-01 05:46:00,2024-02-01 05:48:00,2024-02-01 05:52:00,2024-02-01 05:44:00,2.0,2.0,4.0
606,2024-01-31 13:27:00,2024-01-31 13:28:00,2024-01-31 13:32:00,2024-01-31 13:25:00,2.0,1.0,4.0
607,,,,2024-01-04 11:49:00,,,
608,,,,2024-01-07 18:49:00,,,
609,,,,2024-01-07 01:34:00,,,
610,,,,2024-01-18 12:53:00,,,
611,2024-01-22 21:02:00,,,2024-01-22 20:59:00,3.0,,
612,,,,2024-01-31 02:27:00,,,
613,,,,2024-01-29 17:27:00,,,
614,,,,2024-01-31 04:45:00,,,
615,2024-01-30 07:27:00,,,2024-01-30 07:23:00,4.0,,
616,2024-01-13 19:02:00,,,2024-01-13 19:00:00,2.0,,
617,2024-01-12 19:22:00,2024-01-12 19:23:00,2024-01-12 19:24:00,2024-01-12 19:20:00,2.0,1.0,1.0
618,2024-01-09 18:34:00,,,2024-01-09 18:32:00,2.0,,
619,2024-01-28 23:26:00,2024-01-28 23:30:00,2024-01-28 23:33:00,2024-01-28 23:25:00,1.0,4.0,3.0
620,,,,2024-01-24 10:44:00,,,
621,2024-02-04 08:54:00,2024-02-04 08:58:00,2024-02-04 08:59:00,2024-02-04 08:50:00,4.0,4.0,1.0
622,,,,2024-01-22 22:08:00,,,
623,2024-01-03 00:19:00,2024-01-03 00:21:00,2024-01-03 00:25:00,2024-01-03 00:18:00,1.0,2.0,4.0
624,2024-01-28 12:50:00,2024-01-28 12:52:00,2024-01-28 12:55:00,2024-01-28 12:46:00,4.0,2.0,3.0
625,2024-01-21 19:50:00,2024-01-21 19:53:00,,2024-01-21 19:46:00,4.0,3.0,
626,,,,2024-01-21 08:50:00,,,
627,2024-01-24 13:00:00,,,2024-01-24 12:59:00,1.0,,
628,2024-01-11 04:26:00,2024-01-11 04:27:00,2024-01-11 04:29:00,2024-01-11 04:23:00,3.0,1.0,2.0
629,,,,2024-02-01 05:08:00,,,
630,,,,2024-01-02 03:19:00,,,
631,2024-01-20 21:06:00,2024-01-20 21:08:00,2024-01-20 21:10:00,2024-01-20 21:04:00,2.0,2.0,2.0
632,,,,2024-01-03 00:34:00,,,
633,2024-01-14 08:47:00,,,2024-01-14 08:43:00,4.0,,
634,,,,2024-01-07 14:48:00,,,
635,2024-01-07 00:01:00,2024-01-07 00:03:00,2024-01-07 00:07:00,2024-01-06 23:59:00,2.0,2.0,4.0
636,,,,2024-02-01 13:16:00,,,
637,,,,2024-01-24 01:04:00,,,
638,2024-02-02 12:26:00,2024-02-02 12:28:00,2024-02-02 12:29:00,2024-02-02 12:25:00,1.0,2.0,1.0
639,2024-01-08 05:52:00,,,2024-01-08 05:50:00,2.0,,
640,,,,2024-01-14 03:56:00,,,
641,2024-01-08 11:27:00,2024-01-08 11:31:00,2024-01-08 11:32:00,2024-01-08 11:24:00,3.0,4.0,1.0
642,,,,2024-01-15 17:14:00,,,
643,,,,2024-01-30 14:52:00,,,
644,2024-02-03 02:19:00,2024-02-03 02:23:00,2024-02-03 02:24:00,2024-02-03 02:18:00,1.0,4.0,1.0
645,2024-02-03 07:15:00,,,2024-02-03 07:11:00,4.0,,
646,2024-01-29 15:40:00,,,2024-01-29 15:37:00,3.0,,
647,,,,2024-01-02 00:53:00,,,
648,2024-01-07 15:14:00,2024-01-07 15:18:00,2024-01-07 15:21:00,2024-01-07 15:12:00,2.0,4.0,3.0
649,2024-01-23 22:41:00,2024-01-23 22:42:00,2024-01-23 22:44:00,2024-01-23 22:40:00,1.0,1.0,2.0
650,,,,2024-01-04 18:31:00,,,
651,,,,2024-01-18 21:13:00,,,
652,2024-02-01 18:52:00,2024-02-01 18:56:00,2024-02-01 18:59:00,2024-02-01 18:49:00,3.0,4.0,3.0
653,,,,2024-01-09 16:07:00,,,
654,,,,2024-02-03 01:05:00,,,
655,2024-01-12 17:15:00,2024-01-12 17:19:00,,2024-01-12 17:14:00,1.0,4.0,
656,2024-01-01 18:53:00,,,2024-01-01 18:50:00,3.0,,
657,2024-01-05 00:56:00,,,2024-01-05 00:55:00,1.0,,
658,,,,2024-01-28 11:05:00,,,
659,,,,2024-01-13 22:35:00,,,
660,,,,2024-02-04 10:43:00,,,
661,2024-01-15 02:09:00,,,2024-01-15 02:08:00,1.0,,
662,2024-01-07 00:14:00,2024-01-07 00:17:00,2024-01-07 00:19:00,2024-01-07 00:13:00,1.0,3.0,2.0
663,2024-01-12 10:32:00,2024-01-12 10:36:00,,2024-01-12 10:28:00,4.0,4.0,
664,2024-01-12 00:03:00,2024-01-12 00:07:00,2024-01-12 00:08:00,2024-01-12 00:00:00,3.0,4.0,1.0
665,2024-01-09 06:21:00,2024-01-09 06:23:00,2024-01-09 06:26:00,2024-01-09 06:17:00,4.0,2.0,3.0
666,2024-01-20 14:06:00,2024-01-20 14:07:00,2024-01-20 14:08:00,2024-01-20 14:05:00,1.0,1.0,1.0
667,2024-01-24 04:28:00,2024-01-24 04:32:00,2024-01-24 04:35:00,2024-01-24 04:25:00,3.0,4.0,3.0
668,2024-02-02 06:09:00,2024-02-02 06:11:00,2024-02-02 06:14:00,2024-02-02 06:06:00,3.0,2.0,3.0
669,2024-02-03 17:52:00,,,2024-02-03 17:51:00,1.0,,
670,,,,2024-01-04 16:39:00,,,
671,2024-02-01 23:36:00,2024-02-01 23:37:00,2024-02-01 23:40:00,2024-02-01 23:32:00,4.0,1.0,3.0
672,2024-02-03 07:45:00,2024-02-03 07:49:00,2024-02-03 07:51:00,2024-02-03 07:41:00,4.0,4.0,2.0
673,,,,2024-01-01 12:45:00,,,
674,,,,2024-01-04 06:32:00,,,
675,2024-02-03 09:01:00,,,2024-02-03 08:58:00,3.0,,
676,,,,2024-01-25 00:59:00,,,
677,2024-01-20 15:41:00,2024-01-20 15:45:00,,2024-01-20 15:39:00,2.0,4.0,
678,2024-01-15 19:57:00,2024-01-15 19:58:00,2024-01-15 19:59:00,2024-01-15 19:55:00,2.0,1.0,1.0
679,2024-01-15 06:17:00,,,2024-01-15 06:13:00,4.0,,
680,2024-01-09 12:27:00,,,2024-01-09 12:23:00,4.0,,
681,,,,2024-02-01 02:55:00,,,
682,2024-01-25 08:15:00,,,2024-01-25 08:12:00,3.0,,
683,,,,2024-01-13 00:21:00,,,
684,2024-01-28 12:01:00,,,2024-01-28 11:59:00,2.0,,
685,,,,2024-01-02 00:52:00,,,
686,,,,2024-01-13 09:20:00,,,
687,,,,2024-01-22 21:52:00,,,
688,2024-01-24 20:37:00,2024-01-24 20:40:00,2024-01-24 20:42:00,2024-01-24 20:36:00,1.0,3.0,2.0
689,2024-01-05 08:57:00,2024-01-05 09:01:00,2024-01-05 09:05:00,2024-01-05 08:53:00,4.0,4.0,4.0
690,2024-01-22 12:59:00,,,2024-01-22 12:58:00,1.0,,
691,2024-01-06 22:44:00,2024-01-06 22:48:00,2024-01-06 22:52:00,2024-01-06 22:40:00,4.0,4.0,4.0
692,2024-01-17 23:39:00,,,2024-01-17 23:36:00,3.0,,
693,2024-01-24 16:43:00,2024-01-24 16:47:00,2024-01-24 16:50:00,2024-01-24 16:40:00,3.0,4.0,3.0
694,2024-01-14 08:15:00,2024-01-14 08:17:00,,2024-01-14 08:13:00,2.0,2.0,
695,,,,2024-01-15 02:16:00,,,
696,2024-01-05 12:44:00,,,2024-01-05 12:40:00,4.0,,
697,2024-01-14 11:11:00,2024-01-14 11:14:00,2024-01-14 11:17:00,2024-01-14 11:09:00,2.0,3.0,3.0
698,2024-01-05 17:31:00,2024-01-05 17:34:00,2024-01-05 17:36:00,2024-01-05 17:30:00,1.0,3.0,2.0
699,2024-01-25 18:16:00,2024-01-25 18:19:00,2024-01-25 18:22:00,2024-01-25 18:15:00,1.0,3.0,3.0
700,,,,2024-01-18 00:06:00,,,
701,2024-02-01 13:54:00,2024-02-01 13:55:00,,2024-02-01 13:50:00,4.0,1.0,
702,,,,2024-01-12 08:08:00,,,
703,2024-01-22 10:22:00,,,2024-01-22 10:18:00,4.0,,
704,2024-01-21 04:01:00,2024-01-21 04:03:00,2024-01-21 04:07:00,2024-01-21 03:58:00,3.0,2.0,4.0
705,,,,2024-01-06 11:30:00,,,
706,,,,2024-02-04 15:46:00,,,
707,2024-01-29 05:02:00,,,2024-01-29 04:58:00,4.0,,
708,2024-01-02 11:26:00,2024-01-02 11:30:00,2024-01-02 11:34:00,2024-01-02 11:22:00,4.0,4.0,4.0
709,,,,2024-01-31 15:07:00,,,
710,2024-01-13 16:49:00,2024-01-13 16:53:00,2024-01-13 16:56:00,2024-01-13 16:47:00,2.0,4.0,3.0
711,,,,2024-01-08 16:50:00,,,
712,,,,2024-01-26 00:05:00,,,
713,2024-01-13 19:08:00,2024-01-13 19:09:00,2024-01-13 19:11:00,2024-01-13 19:04:00,4.0,1.0,2.0
714,2024-01-05 03:30:00,2024-01-05 03:31:00,2024-01-05 03:33:00,2024-01-05 03:26:00,4.0,1.0,2.0
715,2024-01-17 14:01:00,,,2024-01-17 14:00:00,1.0,,
716,2024-01-04 18:50:00,2024-01-04 18:52:00,2024-01-04 18:54:00,2024-01-04 18:46:00,4.0,2.0,2.0
717,,,,2024-01-29 11:19:00,,,
718,2024-01-06 11:19:00,2024-01-06 11:21:00,2024-01-06 11:25:00,2024-01-06 11:18:00,1.0,2.0,4.0
719,2024-01-11 02:50:00,2024-01-11 02:52:00,2024-01-11 02:54:00,2024-01-11 02:47:00,3.0,2.0,2.0
720,,,,2024-01-03 20:59:00,,,
721,2024-02-03 17:15:00,,,2024-02-03 17:12:00,3.0,,
722,2024-02-02 04:16:00,2024-02-02 04:17:00,2024-02-02 04:18:00,2024-02-02 04:13:00,3.0,1.0,1.0
723,,,,2024-02-01 07:03:00,,,
724,,,,2024-01-16 09:17:00,,,
725,,,,2024-01-09 05:02:00,,,
726,2024-01-18 05:05:00,2024-01-18 05:09:00,,2024-01-18 05:04:00,1.0,4.0,
727,2024-01-09 04:44:00,2024-01-09 04:47:00,2024-01-09 04:50:00,2024-01-09 04:41:00,3.0,3.0,3.0
728,2024-01-01 07:15:00,,,2024-01-01 07:12:00,3.0,,
729,,,,2024-01-29 10:44:00,,,
730,2024-01-09 19:43:00,2024-01-09 19:47:00,2024-01-09 19:49:00,2024-01-09 19:40:00,3.0,4.0,2.0
731,2024-02-01 10:24:00,2024-02-01 10:26:00,,2024-02-01 10:23:00,1.0,2.0,
732,2024-01-11 04:47:00,2024-01-11 04:49:00,2024-01-11 04:51:00,2024-01-11 04:45:00,2.0,2.0,2.0
733,2024-01-19 02:17:00,2024-01-19 02:18:00,,2024-01-19 02:14:00,3.0,1.0,
734,2024-01-14 01:25:00,2024-01-14 01:27:00,2024-01-14 01:30:00,2024-01-14 01:21:00,4.0,2.0,3.0
735,2024-01-01 21:50:00,2024-01-01 21:53:00,2024-01-01 21:55:00,2024-01-01 21:46:00,4.0,3.0,2.0
736,2024-01-04 04:59:00,,,2024-01-04 04:55:00,4.0,,
737,2024-01-02 20:12:00,2024-01-02 20:15:00,2024-01-02 20:17:00,2024-01-02 20:11:00,1.0,3.0,2.0
738,,,,2024-01-08 12:43:00,,,
739,2024-01-02 12:16:00,2024-01-02 12:19:00,,2024-01-02 12:15:00,1.0,3.0,
740,2024-01-23 22:25:00,2024-01-23 22:26:00,2024-01-23 22:30:00,2024-01-23 22:22:00,3.0,1.0,4.0
741,,,,2024-01-26 03:41:00,,,
742,2024-01-05 02:37:00,,,2024-01-05 02:34:00,3.0,,
743,,,,2024-01-22 13:05:00,,,
744,2024-01-11 06:11:00,2024-01-11 06:14:00,2024-01-11 06:17:00,2024-01-11 06:09:00,2.0,3.0,3.0
745,2024-02-02 10:47:00,2024-02-02 10:48:00,2024-02-02 10:51:00,2024-02-02 10:46:00,1.0,1.0,3.0
746,,,,2024-01-28 20:21:00,,,
747,2024-01-06 10:10:00,,,2024-01-06 10:09:00,1.0,,
748,,,,2024-01-19 22:47:00,,,
749,,,,2024-01-30 21:27:00,,,
750,2024-02-02 00:53:00,,,2024-02-02 00:51:00,2.0,,
751,,,,2024-01-19 11:28:00,,,
752,2024-01-06 12:25:00,2024-01-06 12:27:00,2024-01-06 12:28:00,2024-01-06 12:22:00,3.0,2.0,1.0
753,2024-01-22 12:37:00,2024-01-22 12:39:00,,2024-01-22 12:34:00,3.0,2.0,
754,2024-01-06 08:35:00,2024-01-06 08:39:00,2024-01-06 08:41:00,2024-01-06 08:31:00,4.0,4.0,2.0
755,,,,2024-01-08 02:48:00,,,
756,2024-01-29 02:57:00,2024-01-29 03:01:00,,2024-01-29 02:56:00,1.0,4.0,
757,2024-01-20 02:22:00,2024-01-20 02:26:00,2024-01-20 02:28:00,2024-01-20 02:19:00,3.0,4.0,2.0
758,2024-01-04 01:07:00,2024-01-04 01:09:00,2024-01-04 01:12:00,2024-01-04 01:06:00,1.0,2.0,3.0
759,,,,2024-01-21 17:08:00,,,
760,,,,2024-01-10 11:05:00,,,
761,2024-01-30 03:57:00,2024-01-30 04:00:00,2024-01-30 04:04:00,2024-01-30 03:54:00,3.0,3.0,4.0
762,2024-01-15 22:51:00,2024-01-15 22:54:00,,2024-01-15 22:48:00,3.0,3.0,
763,2024-01-05 06:04:00,2024-01-05 06:05:00,2024-01-05 06:09:00,2024-01-05 06:03:00,1.0,1.0,4.0
764,,,,2024-01-11 15:24:00,,,
765,2024-01-28 08:03:00,2024-01-28 08:05:00,2024-01-28 08:09:00,2024-01-28 07:59:00,4.0,2.0,4.0
766,2024-01-20 15:28:00,2024-01-20 15:32:00,2024-01-20 15:36:00,2024-01-20 15:25:00,3.0,4.0,4.0
767,,,,2024-01-18 07:29:00,,,
768,,,,2024-01-26 06:30:00,,,
769,2024-01-08 02:18:00,2024-01-08 02:22:00,,2024-01-08 02:15:00,3.0,4.0,
770,2024-01-18 22:27:00,2024-01-18 22:30:00,2024-01-18 22:34:00,2024-01-18 22:24:00,3.0,3.0,4.0
771,,,,2024-01-25 03:26:00,,,
772,2024-01-05 15:09:00,2024-01-05 15:10:00,2024-01-05 15:12:00,2024-01-05 15:08:00,1.0,1.0,2.0
773,,,,2024-01-13 10:43:00,,,
774,,,,2024-01-18 03:28:00,,,
775,2024-02-03 11:23:00,,,2024-02-03 11:20:00,3.0,,
776,,,,2024-01-23 14:45:00,,,
777,,,,2024-01-16 13:54:00,,,
778,2024-02-04 11:58:00,,,2024-02-04 11:54:00,4.0,,
779,2024-01-10 07:24:00,,,2024-01-10 07:21:00,3.0,,
780,2024-01-27 18:29:00,,,2024-01-27 18:26:00,3.0,,
781,,,,2024-01-27 19:49:00,,,
782,,,,2024-02-01 23:10:00,,,
783,2024-02-03 07:07:00,2024-02-03 07:08:00,2024-02-03 07:10:00,2024-02-03 07:05:00,2.0,1.0,2.0
784,,,,2024-01-05 02:58:00,,,
785,2024-01-23 14:37:00,,,2024-01-23 14:35:00,2.0,,
786,,,,2024-01-09 18:25:00,,,
787,,,,2024-02-01 22:20:00,,,
788,2024-01-22 15:16:00,2024-01-22 15:17:00,2024-01-22 15:19:00,2024-01-22 15:12:00,4.0,1.0,2.0
789,2024-01-01 10:23:00,,,2024-01-01 10:22:00,1.0,,
790,2024-01-21 20:29:00,,,2024-01-21 20:25:00,4.0,,
791,2024-01-22 08:31:00,2024-01-22 08:34:00,,2024-01-22 08:28:00,3.0,3.0,
792,2024-01-02 12:48:00,,,2024-01-02 12:44:00,4.0,,
793,2024-01-15 20:36:00,2024-01-15 20:40:00,2024-01-15 20:43:00,2024-01-15 20:34:00,2.0,4.0,3.0
794,,,,2024-01-31 03:24:00,,,
795,2024-01-03 10:13:00,2024-01-03 10:16:00,2024-01-03 10:18:00,2024-01-03 10:10:00,3.0,3.0,2.0
796,2024-01-02 21:10:00,2024-01-02 21:13:00,2024-01-02 21:17:00,2024-01-02 21:08:00,2.0,3.0,4.0
797,,,,2024-01-02 10:47:00,,,
798,,,,2024-01-21 11:51:00,,,
799,,,,2024-01-31 02:51:00,,,
800,2024-01-26 07:50:00,2024-01-26 07:52:00,,2024-01-26 07:47:00,3.0,2.0,
801,,,,2024-01-16 00:44:00,,,
802,2024-01-30 11:02:00,2024-01-30 11:06:00,2024-01-30 11:08:00,2024-01-30 11:01:00,1.0,4.0,2.0
803,2024-01-22 03:49:00,,,2024-01-22 03:45:00,4.0,,
804,2024-01-08 11:02:00,2024-01-08 11:04:00,2024-01-08 11:06:00,2024-01-08 10:58:00,4.0,2.0,2.0
805,,,,2024-01-04 19:01:00,,,
806,,,,2024-01-23 17:12:00,,,
807,2024-01-19 01:49:00,2024-01-19 01:51:00,2024-01-19 01:52:00,2024-01-19 01:46:00,3.0,2.0,1.0
808,,,,2024-01-28 16:21:00,,,
809,2024-01-23 05:17:00,2024-01-23 05:21:00,2024-01-23 05:23:00,2024-01-23 05:14:00,3.0,4.0,2.0
810,,,,2024-02-01 09:47:00,,,
811,2024-01-09 11:23:00,2024-01-09 11:25:00,2024-01-09 11:28:00,2024-01-09 11:22:00,1.0,2.0,3.0
812,2024-01-29 21:25:00,2024-01-29 21:26:00,2024-01-29 21:29:00,2024-01-29 21:24:00,1.0,1.0,3.0
813,2024-01-12 04:21:00,2024-01-12 04:22:00,2024-01-12 04:25:00,2024-01-12 04:17:00,4.0,1.0,3.0
814,2024-01-17 17:34:00,2024-01-17 17:35:00,2024-01-17 17:37:00,2024-01-17 17:32:00,2.0,1.0,2.0
815,2024-01-26 11:04:00,2024-01-26 11:05:00,2024-01-26 11:08:00,2024-01-26 11:00:00,4.0,1.0,3.0
816,,,,2024-01-31 07:49:00,,,
817,2024-01-28 05:40:00,2024-01-28 05:41:00,2024-01-28 05:43:00,2024-01-28 05:38:00,2.0,1.0,2.0
818,,,,2024-01-07 13:12:00,,,
819,,,,2024-01-20 14:45:00,,,
820,,,,2024-01-25 04:04:00,,,
821,2024-01-13 23:12:00,,,2024-01-13 23:09:00,3.0,,
822,2024-02-01 02:21:00,2024-02-01 02:25:00,2024-02-01 02:26:00,2024-02-01 02:17:00,4.0,4.0,1.0
823,2024-01-04 11:14:00,,,2024-01-04 11:12:00,2.0,,
824,2024-01-09 02:15:00,2024-01-09 02:19:00,2024-01-09 02:21:00,2024-01-09 02:13:00,2.0,4.0,2.0
825,2024-01-17 07:43:00,,,2024-01-17 07:41:00,2.0,,
826,2024-01-21 17:23:00,,,2024-01-21 17:19:00,4.0,,
827,2024-01-10 01:15:00,2024-01-10 01:17:00,,2024-01-10 01:14:00,1.0,2.0,
828,2024-01-04 21:08:00,2024-01-04 21:12:00,2024-01-04 21:16:00,2024-01-04 21:07:00,1.0,4.0,4.0
829,,,,2024-01-03 23:28:00,,,
830,,,,2024-01-11 03:37:00,,,
831,2024-01-10 13:48:00,,,2024-01-10 13:46:00,2.0,,
832,2024-01-31 05:09:00,2024-01-31 05:13:00,2024-01-31 05:16:00,2024-01-31 05:08:00,1.0,4.0,3.0
833,2024-01-02 14:02:00,2024-01-02 14:03:00,2024-01-02 14:05:00,2024-01-02 13:59:00,3.0,1.0,2.0
834,2024-01-16 16:59:00,2024-01-16 17:03:00,2024-01-16 17:06:00,2024-01-16 16:56:00,3.0,4.0,3.0
835,2024-01-15 17:27:00,2024-01-15 17:28:00,2024-01-15 17:29:00,2024-01-15 17:25:00,2.0,1.0,1.0
836,2024-01-18 02:58:00,,,2024-01-18 02:56:00,2.0,,
837,2024-01-20 23:07:00,2024-01-20 23:09:00,2024-01-20 23:13:00,2024-01-20 23:05:00,2.0,2.0,4.0
838,2024-02-03 19:47:00,2024-02-03 19:49:00,,2024-02-03 19:43:00,4.0,2.0,
839,2024-01-21 00:40:00,2024-01-21 00:43:00,2024-01-21 00:46:00,2024-01-21 00:36:00,4.0,3.0,3.0
840,2024-01-17 06:00:00,2024-01-17 06:03:00,2024-01-17 06:07:00,2024-01-17 05:59:00,1.0,3.0,4.0
841,,,,2024-02-01 07:41:00,,,
842,,,,2024-01-25 02:07:00,,,
843,,,,2024-01-23 05:31:00,,,
844,,,,2024-01-20 16:19:00,,,
845,2024-01-24 08:56:00,2024-01-24 08:59:00,,2024-01-24 08:54:00,2.0,3.0,
846,2024-01-16 00:52:00,2024-01-16 00:55:00,2024-01-16 00:59:00,2024-01-16 00:48:00,4.0,3.0,4.0
847,,,,2024-01-11 01:04:00,,,
848,,,,2024-01-08 00:29:00,,,
849,2024-01-31 07:39:00,2024-01-31 07:42:00,2024-01-31 07:46:00,2024-01-31 07:38:00,1.0,3.0,4.0
850,,,,2024-01-11 13:49:00,,,
851,2024-01-04 00:01:00,,,2024-01-03 23:57:00,4.0,,
852,,,,2024-01-04 02:57:00,,,
853,,,,2024-01-21 02:47:00,,,
854,2024-01-10 05:07:00,2024-01-10 05:10:00,,2024-01-10 05:04:00,3.0,3.0,
855,2024-01-30 05:48:00,,,2024-01-30 05:46:00,2.0,,
856,2024-01-12 03:21:00,2024-01-12 03:24:00,2024-01-12 03:27:00,2024-01-12 03:19:00,2.0,3.0,3.0
857,,,,2024-01-31 06:37:00,,,
858,,,,2024-01-31 16:32:00,,,
859,2024-01-21 04:40:00,2024-01-21 04:41:00,,2024-01-21 04:38:00,2.0,1.0,
860,2024-01-09 17:18:00,2024-01-09 17:22:00,2024-01-09 17:23:00,2024-01-09 17:15:00,3.0,4.0,1.0
861,2024-01-07 12:45:00,2024-01-07 12:48:00,,2024-01-07 12:42:00,3.0,3.0,
862,,,,2024-01-25 17:45:00,,,
863,,,,2024-01-31 20:53:00,,,
864,,,,2024-01-05 19:04:00,,,
865,,,,2024-01-29 07:13:00,,,
866,,,,2024-01-23 06:46:00,,,
867,,,,2024-02-03 12:54:00,,,
868,2024-01-18 19:12:00,2024-01-18 19:16:00,2024-01-18 19:19:00,2024-01-18 19:09:00,3.0,4.0,3.0
869,,,,2024-01-23 18:14:00,,,
870,2024-01-30 23:36:00,2024-01-30 23:39:00,2024-01-30 23:41:00,2024-01-30 23:34:00,2.0,3.0,2.0
871,2024-01-23 12:07:00,,,2024-01-23 12:06:00,1.0,,
872,,,,2024-01-04 01:13:00,,,
873,2024-01-25 00:24:00,,,2024-01-25 00:22:00,2.0,,
874,2024-01-16 16:41:00,2024-01-16 16:43:00,,2024-01-16 16:38:00,3.0,2.0,
875,,,,2024-01-16 02:02:00,,,
876,,,,2024-01-01 14:46:00,,,
877,,,,2024-01-18 07:37:00,,,
878,2024-01-14 07:56:00,2024-01-14 07:57:00,2024-01-14 07:58:00,2024-01-14 07:53:00,3.0,1.0,1.0
879,2024-01-07 11:42:00,2024-01-07 11:43:00,2024-01-07 11:44:00,2024-01-07 11:40:00,2.0,1.0,1.0
880,,,,2024-01-10 06:38:00,,,
881,,,,2024-02-03 21:19:00,,,
882,,,,2024-02-03 23:41:00,,,
883,,,,2024-01-07 20:00:00,,,
884,2024-01-17 01:04:00,,,2024-01-17 01:02:00,2.0,,
885,2024-01-16 02:29:00,2024-01-16 02:31:00,2024-01-16 02:32:00,2024-01-16 02:25:00,4.0,2.0,1.0
886,2024-01-09 19:21:00,,,2024-01-09 19:18:00,3.0,,
887,2024-01-31 18:20:00,2024-01-31 18:21:00,2024-01-31 18:25:00,2024-01-31 18:19:00,1.0,1.0,4.0
888,2024-01-02 18:25:00,2024-01-02 18:26:00,2024-01-02 18:27:00,2024-01-02 18:21:00,4.0,1.0,1.0
889,2024-01-05 21:02:00,,,2024-01-05 20:59:00,3.0,,
890,2024-01-07 14:12:00,2024-01-07 14:13:00,,2024-01-07 14:08:00,4.0,1.0,
891,2024-01-13 17:37:00,2024-01-13 17:39:00,2024-01-13 17:41:00,2024-01-13 17:34:00,3.0,2.0,2.0
892,,,,2024-01-18 18:04:00,,,
893,2024-01-31 17:17:00,2024-01-31 17:20:00,2024-01-31 17:23:00,2024-01-31 17:13:00,4.0,3.0,3.0
894,2024-02-02 16:49:00,,,2024-02-02 16:46:00,3.0,,
895,2024-01-28 06:20:00,2024-01-28 06:24:00,,2024-01-28 06:16:00,4.0,4.0,
896,,,,2024-01-15 03:44:00,,,
897,,,,2024-01-24 11:52:00,,,
898,,,,2024-01-30 18:56:00,,,
899,,,,2024-01-03 19:05:00,,,
900,,,,2024-01-07 06:08:00,,,
901,2024-01-04 07:26:00,2024-01-04 07:27:00,,2024-01-04 07:23:00,3.0,1.0,
902,2024-01-24 03:41:00,2024-01-24 03:44:00,2024-01-24 03:45:00,2024-01-24 03:40:00,1.0,3.0,1.0
903,,,,2024-01-08 18:53:00,,,
904,2024-01-10 17:09:00,,,2024-01-10 17:06:00,3.0,,
905,2024-01-17 16:34:00,,,2024-01-17 16:33:00,1.0,,
906,,,,2024-01-14 10:38:00,,,
907,,,,2024-01-31 06:14:00,,,
908,,,,2024-01-20 11:59:00,,,
909,2024-01-18 02:24:00,2024-01-18 02:28:00,,2024-01-18 02:21:00,3.0,4.0,
910,2024-01-04 03:05:00,,,2024-01-04 03:04:00,1.0,,
911,,,,2024-01-07 13:21:00,,,
912,,,,2024-01-23 03:19:00,,,
913,,,,2024-02-04 06:20:00,,,
914,2024-01-20 07:06:00,,,2024-01-20 07:05:00,1.0,,
915,,,,2024-02-03 21:32:00,,,
916,,,,2024-01-19 17:32:00,,,
917,2024-01-21 20:34:00,2024-01-21 20:38:00,2024-01-21 20:40:00,2024-01-21 20:32:00,2.0,4.0,2.0
918,2024-01-02 17:18:00,2024-01-02 17:22:00,2024-01-02 17:25:00,2024-01-02 17:16:00,2.0,4.0,3.0
919,,,,2024-01-24 20:04:00,,,
920,2024-01-25 15:15:00,2024-01-25 15:16:00,2024-01-25 15:18:00,2024-01-25 15:14:00,1.0,1.0,2.0
921,,,,2024-01-05 10:57:00,,,
922,2024-02-03 09:54:00,2024-02-03 09:55:00,2024-02-03 09:58:00,2024-02-03 09:52:00,2.0,1.0,3.0
923,,,,2024-01-16 15:55:00,,,
924,2024-01-21 19:52:00,2024-01-21 19:55:00,,2024-01-21 19:50:00,2.0,3.0,
925,,,,2024-02-04 13:26:00,,,
926,2024-02-04 16:39:00,,,2024-02-04 16:36:00,3.0,,
927,2024-01-10 16:07:00,,,2024-01-10 16:04:00,3.0,,
928,2024-01-22 19:05:00,,,2024-01-22 19:04:00,1.0,,
929,,,,2024-01-02 00:09:00,,,
930,,,,2024-01-18 19:35:00,,,
931,2024-01-18 07:21:00,2024-01-18 07:24:00,2024-01-18 07:27:00,2024-01-18 07:18:00,3.0,3.0,3.0
932,2024-01-19 17:08:00,2024-01-19 17:10:00,2024-01-19 17:11:00,2024-01-19 17:06:00,2.0,2.0,1.0
933,2024-01-26 06:32:00,2024-01-26 06:35:00,,2024-01-26 06:30:00,2.0,3.0,
934,,,,2024-01-10 15:41:00,,,
935,,,,2024-02-01 13:52:00,,,
936,,,,2024-01-01 08:49:00,,,
937,2024-01-19 20:13:00,2024-01-19 20:15:00,2024-01-19 20:16:00,2024-01-19 20:10:00,3.0,2.0,1.0
938,,,,2024-01-05 22:31:00,,,
939,2024-01-25 06:53:00,2024-01-25 06:56:00,2024-01-25 07:00:00,2024-01-25 06:51:00,2.0,3.0,4.0
940,,,,2024-01-11 13:18:00,,,
941,,,,2024-01-08 21:38:00,,,
942,2024-01-11 09:05:00,2024-01-11 09:09:00,2024-01-11 09:11:00,2024-01-11 09:03:00,2.0,4.0,2.0
943,,,,2024-01-02 04:41:00,,,
944,,,,2024-01-23 21:43:00,,,
945,2024-01-20 23:26:00,2024-01-20 23:27:00,2024-01-20 23:30:00,2024-01-20 23:22:00,4.0,1.0,3.0
946,2024-01-24 02:39:00,2024-01-24 02:42:00,,2024-01-24 02:36:00,3.0,3.0,
947,,,,2024-02-01 04:15:00,,,
948,,,,2024-01-04 18:29:00,,,
949,2024-02-04 13:46:00,2024-02-04 13:49:00,2024-02-04 13:52:00,2024-02-04 13:45:00,1.0,3.0,3.0
950,,,,2024-01-15 21:31:00,,,
951,,,,2024-01-19 10:36:00,,,
952,2024-01-28 09:30:00,2024-01-28 09:31:00,2024-01-28 09:34:00,2024-01-28 09:26:00,4.0,1.0,3.0
953,,,,2024-01-17 15:27:00,,,
954,2024-01-02 01:20:00,,,2024-01-02 01:16:00,4.0,,
955,,,,2024-01-17 00:59:00,,,
956,2024-01-20 20:37:00,2024-01-20 20:38:00,2024-01-20 20:39:00,2024-01-20 20:35:00,2.0,1.0,1.0
957,2024-01-14 21:57:00,2024-01-14 21:59:00,2024-01-14 22:03:00,2024-01-14 21:55:00,2.0,2.0,4.0
958,,,,2024-01-06 20:10:00,,,
959,2024-01-19 21:02:00,2024-01-19 21:03:00,,2024-01-19 21:00:00,2.0,1.0,
960,,,,2024-01-19 05:26:00,,,
961,2024-01-09 12:42:00,2024-01-09 12:43:00,2024-01-09 12:47:00,2024-01-09 12:38:00,4.0,1.0,4.0
962,,,,2024-01-21 02:45:00,,,
963,2024-01-01 10:36:00,2024-01-01 10:39:00,2024-01-01 10:40:00,2024-01-01 10:33:00,3.0,3.0,1.0
964,2024-01-20 10:58:00,2024-01-20 10:59:00,,2024-01-20 10:54:00,4.0,1.0,
965,2024-01-12 06:42:00,2024-01-12 06:43:00,,2024-01-12 06:38:00,4.0,1.0,
966,2024-01-19 00:33:00,2024-01-19 00:36:00,2024-01-19 00:38:00,2024-01-19 00:30:00,3.0,3.0,2.0
967,,,,2024-01-23 10:03:00,,,
968,2024-01-27 13:48:00,,,2024-01-27 13:46:00,2.0,,
969,,,,2024-02-01 05:13:00,,,
970,,,,2024-02-02 11:12:00,,,
971,2024-01-05 10:29:00,,,2024-01-05 10:27:00,2.0,,
972,2024-01-07 07:40:00,2024-01-07 07:44:00,2024-01-07 07:45:00,2024-01-07 07:39:00,1.0,4.0,1.0
973,2024-02-03 16:29:00,,,2024-02-03 16:25:00,4.0,,
974,2024-01-16 14:38:00,,,2024-01-16 14:35:00,3.0,,
975,2024-01-17 03:37:00,,,2024-01-17 03:35:00,2.0,,
976,2024-01-09 02:20:00,2024-01-09 02:24:00,2024-01-09 02:25:00,2024-01-09 02:18:00,2.0,4.0,1.0
977,2024-01-14 06:28:00,,,2024-01-14 06:24:00,4.0,,
978,2024-01-07 04:35:00,2024-01-07 04:37:00,2024-01-07 04:38:00,2024-01-07 04:31:00,4.0,2.0,1.0
979,,,,2024-01-13 00:34:00,,,
980,2024-01-28 04:16:00,2024-01-28 04:18:00,2024-01-28 04:22:00,2024-01-28 04:15:00,1.0,2.0,4.0
981,2024-02-01 22:18:00,2024-02-01 22:19:00,2024-02-01 22:23:00,2024-02-01 22:16:00,2.0,1.0,4.0
982,2024-01-11 18:53:00,2024-01-11 18:57:00,,2024-01-11 18:51:00,2.0,4.0,
983,2024-01-14 02:30:00,2024-01-14 02:34:00,2024-01-14 02:38:00,2024-01-14 02:29:00,1.0,4.0,4.0
984,2024-01-10 03:38:00,,,2024-01-10 03:37:00,1.0,,
985,,,,2024-01-21 11:27:00,,,
986,2024-01-14 07:46:00,,,2024-01-14 07:44:00,2.0,,
987,,,,2024-01-01 02:51:00,,,
988,2024-01-27 02:37:00,2024-01-27 02:41:00,2024-01-27 02:43:00,2024-01-27 02:33:00,4.0,4.0,2.0
989,2024-01-28 02:05:00,,,2024-01-28 02:01:00,4.0,,
990,,,,2024-01-25 14:20:00,,,
991,2024-01-12 02:27:00,2024-01-12 02:28:00,2024-01-12 02:31:00,2024-01-12 02:23:00,4.0,1.0,3.0
992,2024-02-04 02:11:00,2024-02-04 02:13:00,2024-02-04 02:15:00,2024-02-04 02:09:00,2.0,2.0,2.0
993,2024-01-08 17:07:00,,,2024-01-08 17:04:00,3.0,,
994,,,,2024-01-15 03:03:00,,,
995,2024-01-08 11:00:00,,,2024-01-08 10:57:00,3.0,,
996,2024-01-02 18:34:00,2024-01-02 18:36:00,2024-01-02 18:40:00,2024-01-02 18:32:00,2.0,2.0,4.0
997,2024-01-25 15:52:00,2024-01-25 15:53:00,2024-01-25 15:54:00,2024-01-25 15:50:00,2.0,1.0,1.0
998,2024-01-26 07:38:00,2024-01-26 07:40:00,2024-01-26 07:42:00,2024-01-26 07:35:00,3.0,2.0,2.0
999,,,,2024-01-31 11:02:00,,,
1000,,,,2024-01-26 07:01:00,,,
1001,2024-01-21 12:41:00,2024-01-21 12:44:00,,2024-01-21 12:37:00,4.0,3.0,
1002,,,,2024-01-15 16:39:00,,,
1003,2024-01-26 01:53:00,,,2024-01-26 01:52:00,1.0,,
1004,2024-01-09 06:04:00,2024-01-09 06:05:00,2024-01-09 06:07:00,2024-01-09 06:02:00,2.0,1.0,2.0
1005,2024-01-18 18:01:00,2024-01-18 18:02:00,2024-01-18 18:06:00,2024-01-18 17:59:00,2.0,1.0,4.0
1006,2024-01-17 08:23:00,2024-01-17 08:24:00,2024-01-17 08:28:00,2024-01-17 08:22:00,1.0,1.0,4.0
1007,2024-01-18 15:35:00,2024-01-18 15:37:00,2024-01-18 15:40:00,2024-01-18 15:34:00,1.0,2.0,3.0
1008,,,,2024-01-17 23:15:00,,,
1009,2024-01-06 04:39:00,2024-01-06 04:43:00,2024-01-06 04:45:00,2024-01-06 04:36:00,3.0,4.0,2.0
1010,,,,2024-01-11 01:15:00,,,
1011,2024-01-09 10:05:00,2024-01-09 10:07:00,2024-01-09 10:10:00,2024-01-09 10:03:00,2.0,2.0,3.0
1012,,,,2024-01-31 15:02:00,,,
1013,2024-01-19 20:37:00,,,2024-01-19 20:36:00,1.0,,
1014,2024-01-29 21:26:00,2024-01-29 21:29:00,,2024-01-29 21:23:00,3.0,3.0,
1015,,,,2024-01-29 06:03:00,,,
1016,2024-01-08 07:32:00,2024-01-08 07:35:00,,2024-01-08 07:30:00,2.0,3.0,
1017,,,,2024-01-25 23:23:00,,,
1018,2024-01-16 18:17:00,,,2024-01-16 18:15:00,2.0,,
1019,2024-01-09 11:39:00,2024-01-09 11:40:00,2024-01-09 11:44:00,2024-01-09 11:38:00,1.0,1.0,4.0
1020,,,,2024-01-09 22:08:00,,,
1021,,,,2024-01-25 19:34:00,,,
1022,2024-01-14 16:30:00,2024-01-14 16:31:00,2024-01-14 16:33:00,2024-01-14 16:29:00,1.0,1.0,2.0
1023,,,,2024-01-30 00:26:00,,,
1024,2024-01-02 01:51:00,2024-01-02 01:52:00,2024-01-02 01:54:00,2024-01-02 01:47:00,4.0,1.0,2.0
1025,2024-01-12 18:18:00,2024-01-12 18:22:00,2024-01-12 18:26:00,2024-01-12 18:16:00,2.0,4.0,4.0
1026,,,,2024-01-02 15:53:00,,,
1027,,,,2024-01-19 06:19:00,,,
1028,2024-01-29 05:45:00,2024-01-29 05:46:00,2024-01-29 05:50:00,2024-01-29 05:43:00,2.0,1.0,4.0
1029,2024-01-31 07:20:00,2024-01-31 07:21:00,,2024-01-31 07:19:00,1.0,1.0,
1030,2024-01-12 08:53:00,2024-01-12 08:54:00,2024-01-12 08:58:00,2024-01-12 08:49:00,4.0,1.0,4.0
1031,2024-01-16 12:19:00,,,2024-01-16 12:16:00,3.0,,
1032,,,,2024-01-11 02:57:00,,,
1033,,,,2024-01-10 19:53:00,,,
1034,2024-02-03 16:20:00,2024-02-03 16:21:00,,2024-02-03 16:16:00,4.0,1.0,
1035,2024-01-09 21:22:00,2024-01-09 21:24:00,2024-01-09 21:25:00,2024-01-09 21:18:00,4.0,2.0,1.0
1036,2024-01-23 20:52:00,,,2024-01-23 20:51:00,1.0,,
1037,2024-02-01 16:53:00,,,2024-02-01 16:52:00,1.0,,
1038,2024-01-24 11:15:00,2024-01-24 11:18:00,2024-01-24 11:22:00,2024-01-24 11:13:00,2.0,3.0,4.0
1039,,,,2024-02-03 15:42:00,,,
1040,,,,2024-01-24 15:46:00,,,
1041,2024-01-30 18:27:00,2024-01-30 18:28:00,2024-01-30 18:32:00,2024-01-30 18:24:00,3.0,1.0,4.0
1042,2024-01-25 23:49:00,,,2024-01-25 23:47:00,2.0,,
1043,2024-01-04 02:50:00,2024-01-04 02:51:00,2024-01-04 02:54:00,2024-01-04 02:46:00,4.0,1.0,3.0
1044,,,,2024-01-09 01:16:00,,,
1045,2024-01-04 23:45:00,,,2024-01-04 23:42:00,3.0,,
1046,2024-01-26 20:54:00,2024-01-26 20:57:00,2024-01-26 20:59:00,2024-01-26 20:50:00,4.0,3.0,2.0
1047,2024-01-20 06:43:00,2024-01-20 06:47:00,2024-01-20 06:51:00,2024-01-20 06:41:00,2.0,4.0,4.0
1048,2024-01-03 13:36:00,2024-01-03 13:38:00,2024-01-03 13:40:00,2024-01-03 13:32:00,4.0,2.0,2.0
1049,2024-01-30 04:31:00,2024-01-30 04:33:00,2024-01-30 04:36:00,2024-01-30 04:27:00,4.0,2.0,3.0
1050,,,,2024-01-29 05:36:00,,,
1051,,,,2024-01-21 04:47:00,,,
1052,,,,2024-01-06 19:50:00,,,
1053,2024-02-04 07:17:00,2024-02-04 07:18:00,2024-02-04 07:21:00,2024-02-04 07:13:00,4.0,1.0,3.0
1054,2024-01-20 04:43:00,2024-01-20 04:45:00,,2024-01-20 04:41:00,2.0,2.0,
1055,2024-01-05 04:44:00,2024-01-05 04:46:00,2024-01-05 04:48:00,2024-01-05 04:42:00,2.0,2.0,2.0
1056,,,,2024-01-05 04:38:00,,,
1057,,,,2024-01-15 10:07:00,,,
1058,2024-01-20 06:08:00,2024-01-20 06:09:00,2024-01-20 06:13:00,2024-01-20 06:04:00,4.0,1.0,4.0
1059,2024-01-31 20:43:00,,,2024-01-31 20:42:00,1.0,,
1060,,,,2024-01-23 20:05:00,,,
1061,2024-02-01 19:36:00,2024-02-01 19:39:00,2024-02-01 19:43:00,2024-02-01 19:35:00,1.0,3.0,4.0
1062,,,,2024-01-15 13:57:00,,,
1063,,,,2024-01-11 08:31:00,,,
1064,2024-01-19 11:03:00,2024-01-19 11:07:00,2024-01-19 11:11:00,2024-01-19 11:00:00,3.0,4.0,4.0
1065,,,,2024-01-29 14:17:00,,,
1066,2024-01-25 14:38:00,2024-01-25 14:41:00,2024-01-25 14:44:00,2024-01-25 14:37:00,1.0,3.0,3.0
1067,,,,2024-01-06 10:30:00,,,
1068,,,,2024-01-28 06:45:00,,,
1069,,,,2024-01-30 11:54:00,,,
1070,2024-01-19 18:04:00,2024-01-19 18:07:00,2024-01-19 18:09:00,2024-01-19 18:02:00,2.0,3.0,2.0
1071,,,,2024-01-18 19:00:00,,,
1072,,,,2024-01-24 05:37:00,,,
1073,,,,2024-01-15 05:45:00,,,
1074,,,,2024-01-16 11:52:00,,,
1075,2024-01-04 07:11:00,2024-01-04 07:13:00,2024-01-04 07:16:00,2024-01-04 07:08:00,3.0,2.0,3.0
1076,,,,2024-01-06 09:55:00,,,
1077,2024-01-06 18:31:00,,,2024-01-06 18:27:00,4.0,,
1078,2024-01-03 16:59:00,2024-01-03 17:02:00,2024-01-03 17:05:00,2024-01-03 16:56:00,3.0,3.0,3.0
1079,,,,2024-01-22 19:24:00,,,
1080,,,,2024-01-17 16:55:00,,,
1081,2024-01-04 12:28:00,2024-01-04 12:31:00,2024-01-04 12:32:00,2024-01-04 12:24:00,4.0,3.0,1.0
1082,2024-01-23 03:18:00,2024-01-23 03:21:00,2024-01-23 03:22:00,2024-01-23 03:17:00,1.0,3.0,1.0
1083,2024-01-27 05:41:00,2024-01-27 05:43:00,2024-01-27 05:47:00,2024-01-27 05:39:00,2.0,2.0,4.0
1084,2024-01-03 23:47:00,2024-01-03 23:50:00,,2024-01-03 23:44:00,3.0,3.0,
1085,,,,2024-01-10 00:53:00,,,
1086,2024-02-01 03:06:00,2024-02-01 03:09:00,,2024-02-01 03:03:00,3.0,3.0,
1087,2024-01-25 21:32:00,2024-01-25 21:35:00,2024-01-25 21:36:00,2024-01-25 21:30:00,2.0,3.0,1.0
1088,2024-01-14 11:30:00,2024-01-14 11:33:00,2024-01-14 11:37:00,2024-01-14 11:28:00,2.0,3.0,4.0
1089,2024-01-27 14:48:00,,,2024-01-27 14:44:00,4.0,,
1090,2024-01-16 11:57:00,2024-01-16 11:59:00,2024-01-16 12:00:00,2024-01-16 11:56:00,1.0,2.0,1.0
1091,2024-01-06 12:48:00,2024-01-06 12:50:00,2024-01-06 12:54:00,2024-01-06 12:44:00,4.0,2.0,4.0
1092,,,,2024-01-26 21:12:00,,,
1093,,,,2024-01-28 01:34:00,,,
1094,2024-01-22 00:01:00,2024-01-22 00:03:00,2024-01-22 00:05:00,2024-01-21 23:58:00,3.0,2.0,2.0
1095,2024-01-27 00:22:00,,,2024-01-27 00:21:00,1.0,,
1096,,,,2024-01-19 01:03:00,,,
1097,2024-01-19 03:01:00,2024-01-19 03:05:00,2024-01-19 03:09:00,2024-01-19 02:59:00,2.0,4.0,4.0
1098,2024-02-04 16:57:00,2024-02-04 17:00:00,2024-02-04 17:02:00,2024-02-04 16:54:00,3.0,3.0,2.0
1099,2024-01-24 21:29:00,2024-01-24 21:33:00,2024-01-24 21:37:00,2024-01-24 21:25:00,4.0,4.0,4.0
1100,,,,2024-01-24 18:17:00,,,
1101,,,,2024-01-11 09:29:00,,,
1102,2024-01-19 18:55:00,,,2024-01-19 18:52:00,3.0,,
1103,2024-01-10 16:33:00,2024-01-10 16:35:00,2024-01-10 16:37:00,2024-01-10 16:30:00,3.0,2.0,2.0
1104,,,,2024-01-06 17:56:00,,,
1105,2024-01-09 05:44:00,,,2024-01-09 05:43:00,1.0,,
1106,2024-02-03 15:23:00,2024-02-03 15:25:00,2024-02-03 15:28:00,2024-02-03 15:21:00,2.0,2.0,3.0
1107,,,,2024-02-03 00:00:00,,,
1108,2024-01-20 02:17:00,2024-01-20 02:18:00,2024-01-20 02:22:00,2024-01-20 02:14:00,3.0,1.0,4.0
1109,2024-01-14 05:13:00,,,2024-01-14 05:11:00,2.0,,
1110,,,,2024-02-02 12:30:00,,,
1111,2024-02-02 15:19:00,2024-02-02 15:21:00,2024-02-02 15:23:00,2024-02-02 15:16:00,3.0,2.0,2.0
1112,2024-01-20 17:23:00,,,2024-01-20 17:19:00,4.0,,
1113,,,,2024-01-11 02:31:00,,,
1114,,,,2024-01-22 02:03:00,,,
1115,2024-02-04 10:39:00,,,2024-02-04 10:36:00,3.0,,
1116,2024-01-16 01:26:00,2024-01-16 01:27:00,2024-01-16 01:28:00,2024-01-16 01:25:00,1.0,1.0,1.0
1117,,,,2024-01-22 16:09:00,,,
1118,2024-01-30 02:13:00,,,2024-01-30 02:09:00,4.0,,
1119,2024-01-19 14:39:00,2024-01-19 14:42:00,2024-01-19 14:44:00,2024-01-19 14:35:00,4.0,3.0,2.0
1120,2024-01-30 15:37:00,,,2024-01-30 15:33:00,4.0,,
1121,2024-01-20 12:09:00,,,2024-01-20 12:06:00,3.0,,
1122,2024-01-01 02:18:00,,,2024-01-01 02:15:00,3.0,,
1123,2024-01-20 21:35:00,2024-01-20 21:37:00,2024-01-20 21:38:00,2024-01-20 21:31:00,4.0,2.0,1.0
1124,2024-01-20 11:16:00,2024-01-20 11:19:00,2024-01-20 11:22:00,2024-01-20 11:15:00,1.0,3.0,3.0
1125,2024-01-15 04:53:00,2024-01-15 04:54:00,2024-01-15 04:55:00,2024-01-15 04:52:00,1.0,1.0,1.0
1126,2024-02-03 18:12:00,2024-02-03 18:16:00,2024-02-03 18:18:00,2024-02-03 18:08:00,4.0,4.0,2.0
1127,2024-01-20 00:50:00,2024-01-20 00:51:00,2024-01-20 00:52:00,2024-01-20 00:49:00,1.0,1.0,1.0
1128,2024-01-30 14:50:00,2024-01-30 14:54:00,2024-01-30 14:58:00,2024-01-30 14:47:00,3.0,4.0,4.0
1129,2024-01-14 22:18:00,2024-01-14 22:20:00,2024-01-14 22:23:00,2024-01-14 22:14:00,4.0,2.0,3.0
1130,2024-01-16 01:34:00,,,2024-01-16 01:30:00,4.0,,
1131,,,,2024-01-22 16:17:00,,,
1132,2024-01-22 14:49:00,2024-01-22 14:53:00,2024-01-22 14:54:00,2024-01-22 14:47:00,2.0,4.0,1.0
1133,2024-01-20 05:24:00,2024-01-20 05:27:00,2024-01-20 05:31:00,2024-01-20 05:20:00,4.0,3.0,4.0
1134,2024-01-30 15:51:00,2024-01-30 15:55:00,2024-01-30 15:56:00,2024-01-30 15:48:00,3.0,4.0,1.0
1135,2024-01-31 18:17:00,,,2024-01-31 18:16:00,1.0,,
1136,2024-01-18 13:03:00,2024-01-18 13:07:00,,2024-01-18 13:01:00,2.0,4.0,
1137,2024-01-01 09:17:00,2024-01-01 09:18:00,2024-01-01 09:19:00,2024-01-01 09:14:00,3.0,1.0,1.0
1138,,,,2024-01-28 21:00:00,,,
1139,2024-01-21 07:58:00,,,2024-01-21 07:56:00,2.0,,
1140,,,,2024-01-07 06:57:00,,,
1141,2024-01-19 08:30:00,2024-01-19 08:31:00,2024-01-19 08:33:00,2024-01-19 08:26:00,4.0,1.0,2.0
1142,,,,2024-01-05 06:15:00,,,
1143,2024-02-01 02:17:00,2024-02-01 02:19:00,,2024-02-01 02:14:00,3.0,2.0,
1144,,,,2024-01-30 08:45:00,,,
1145,2024-01-16 06:01:00,2024-01-16 06:03:00,2024-01-16 06:05:00,2024-01-16 06:00:00,1.0,2.0,2.0
1146,,,,2024-01-19 23:30:00,,,
1147,2024-01-06 19:28:00,,,2024-01-06 19:27:00,1.0,,
1148,2024-01-02 20:04:00,,,2024-01-02 20:00:00,4.0,,
1149,,,,2024-01-07 05:40:00,,,
1150,,,,2024-01-01 00:28:00,,,
1151,,,,2024-01-24 14:17:00,,,
1152,2024-01-07 17:09:00,2024-01-07 17:13:00,2024-01-07 17:17:00,2024-01-07 17:08:00,1.0,4.0,4.0
1153,,,,2024-01-27 12:57:00,,,
1154,2024-01-25 19:29:00,2024-01-25 19:31:00,,2024-01-25 19:25:00,4.0,2.0,
1155,,,,2024-01-24 21:09:00,,,
1156,2024-01-11 23:08:00,2024-01-11 23:12:00,2024-01-11 23:15:00,2024-01-11 23:07:00,1.0,4.0,3.0
1157,2024-01-29 12:55:00,2024-01-29 12:59:00,2024-01-29 13:01:00,2024-01-29 12:54:00,1.0,4.0,2.0
1158,,,,2024-01-15 07:12:00,,,
1159,2024-01-14 09:41:00,2024-01-14 09:43:00,2024-01-14 09:46:00,2024-01-14 09:40:00,1.0,2.0,3.0
1160,,,,2024-02-04 12:17:00,,,
1161,,,,2024-01-18 21:05:00,,,
1162,2024-01-22 08:55:00,,,2024-01-22 08:51:00,4.0,,
1163,2024-01-22 09:14:00,2024-01-22 09:17:00,2024-01-22 09:20:00,2024-01-22 09:12:00,2.0,3.0,3.0
1164,2024-01-26 08:46:00,,,2024-01-26 08:43:00,3.0,,
1165,2024-01-18 14:48:00,2024-01-18 14:50:00,2024-01-18 14:52:00,2024-01-18 14:47:00,1.0,2.0,2.0
1166,2024-01-16 10:53:00,2024-01-16 10:54:00,,2024-01-16 10:51:00,2.0,1.0,
1167,,,,2024-01-19 00:24:00,,,
1168,2024-01-03 02:07:00,2024-01-03 02:09:00,2024-01-03 02:10:00,2024-01-03 02:04:00,3.0,2.0,1.0
1169,2024-01-13 00:52:00,,,2024-01-13 00:50:00,2.0,,
1170,,,,2024-01-15 08:10:00,,,
1171,2024-01-20 23:51:00,,,2024-01-20 23:49:00,2.0,,
1172,2024-01-18 08:08:00,2024-01-18 08:10:00,,2024-01-18 08:07:00,1.0,2.0,
1173,2024-01-29 06:58:00,,,2024-01-29 06:54:00,4.0,,
1174,,,,2024-01-13 00:31:00,,,
1175,,,,2024-01-02 20:56:00,,,
1176,,,,2024-01-03 18:28:00,,,
1177,2024-01-15 00:02:00,2024-01-15 00:03:00,2024-01-15 00:07:00,2024-01-15 00:01:00,1.0,1.0,4.0
1178,,,,2024-01-17 17:35:00,,,
1179,2024-02-04 11:50:00,,,2024-02-04 11:49:00,1.0,,
1180,2024-01-02 08:42:00,2024-01-02 08:44:00,2024-01-02 08:47:00,2024-01-02 08:40:00,2.0,2.0,3.0
1181,2024-01-05 16:49:00,,,2024-01-05 16:46:00,3.0,,
1182,2024-01-05 20:22:00,,,2024-01-05 20:21:00,1.0,,
1183,2024-01-04 03:46:00,2024-01-04 03:49:00,2024-01-04 03:52:00,2024-01-04 03:43:00,3.0,3.0,3.0
1184,2024-01-28 22:56:00,2024-01-28 22:57:00,2024-01-28 22:59:00,2024-01-28 22:53:00,3.0,1.0,2.0
1185,2024-02-01 02:56:00,2024-02-01 03:00:00,2024-02-01 03:04:00,2024-02-01 02:52:00,4.0,4.0,4.0
1186,2024-01-05 03:08:00,2024-01-05 03:09:00,,2024-01-05 03:05:00,3.0,1.0,
1187,2024-02-04 17:22:00,2024-02-04 17:25:00,2024-02-04 17:29:00,2024-02-04 17:18:00,4.0,3.0,4.0
1188,2024-01-25 15:39:00,2024-01-25 15:43:00,2024-01-25 15:44:00,2024-01-25 15:37:00,2.0,4.0,1.0
1189,2024-01-22 06:26:00,2024-01-22 06:30:00,2024-01-22 06:32:00,2024-01-22 06:24:00,2.0,4.0,2.0
1190,,,,2024-01-26 23:52:00,,,
1191,2024-01-02 08:28:00,2024-01-02 08:29:00,,2024-01-02 08:26:00,2.0,1.0,
1192,2024-01-04 21:56:00,,,2024-01-04 21:52:00,4.0,,
1193,,,,2024-01-02 09:39:00,,,
1194,2024-01-28 14:14:00,,,2024-01-28 14:10:00,4.0,,
1195,2024-01-28 11:43:00,2024-01-28 11:47:00,,2024-01-28 11:42:00,1.0,4.0,
1196,2024-01-16 06:54:00,2024-01-16 06:56:00,2024-01-16 06:59:00,2024-01-16 06:53:00,1.0,2.0,3.0
1197,2024-01-11 20:03:00,,,2024-01-11 20:02:00,1.0,,
1198,2024-01-25 18:57:00,2024-01-25 18:59:00,2024-01-25 19:03:00,2024-01-25 18:55:00,2.0,2.0,4.0
1199,,,,2024-01-07 00:28:00,,,
1200,2024-01-29 12:36:00,2024-01-29 12:39:00,2024-01-29 12:40:00,2024-01-29 12:35:00,1.0,3.0,1.0
1201,2024-01-09 18:22:00,,,2024-01-09 18:19:00,3.0,,
1202,,,,2024-02-04 13:06:00,,,
1203,,,,2024-01-18 08:07:00,,,
1204,2024-02-04 14:24:00,2024-02-04 14:25:00,,2024-02-04 14:23:00,1.0,1.0,
1205,2024-01-10 08:08:00,2024-01-10 08:12:00,2024-01-10 08:16:00,2024-01-10 08:06:00,2.0,4.0,4.0
1206,,,,2024-01-17 06:25:00,,,
1207,2024-01-04 20:04:00,2024-01-04 20:07:00,2024-01-04 20:11:00,2024-01-04 20:03:00,1.0,3.0,4.0
1208,,,,2024-01-04 18:23:00,,,
1209,,,,2024-01-16 19:55:00,,,
1210,,,,2024-01-04 16:31:00,,,
1211,2024-01-12 16:29:00,2024-01-12 16:31:00,2024-01-12 16:33:00,2024-01-12 16:25:00,4.0,2.0,2.0
1212,,,,2024-01-29 08:30:00,,,
1213,2024-01-27 07:08:00,2024-01-27 07:09:00,,2024-01-27 07:04:00,4.0,1.0,
1214,2024-02-03 22:40:00,2024-02-03 22:42:00,2024-02-03 22:44:00,2024-02-03 22:39:00,1.0,2.0,2.0
1215,,,,2024-01-27 19:22:00,,,
1216,,,,2024-02-01 10:37:00,,,
1217,,,,2024-01-26 05:24:00,,,
1218,2024-01-15 11:02:00,2024-01-15 11:03:00,2024-01-15 11:05:00,2024-01-15 10:59:00,3.0,1.0,2.0
1219,,,,2024-01-15 13:17:00,,,
1220,,,,2024-01-04 01:58:00,,,
1221,,,,2024-01-31 04:44:00,,,
1222,2024-01-14 06:49:00,,,2024-01-14 06:47:00,2.0,,
1223,2024-01-10 13:48:00,2024-01-10 13:51:00,2024-01-10 13:53:00,2024-01-10 13:45:00,3.0,3.0,2.0
1224,,,,2024-02-01 20:23:00,,,
1225,,,,2024-01-14 05:55:00,,,
1226,2024-01-06 00:40:00,2024-01-06 00:44:00,2024-01-06 00:46:00,2024-01-06 00:39:00,1.0,4.0,2.0
1227,2024-01-22 18:47:00,,,2024-01-22 18:46:00,1.0,,
1228,2024-01-10 21:16:00,2024-01-10 21:18:00,2024-01-10 21:22:00,2024-01-10 21:15:00,1.0,2.0,4.0
1229,2024-02-02 13:44:00,2024-02-02 13:45:00,2024-02-02 13:48:00,2024-02-02 13:42:00,2.0,1.0,3.0
1230,2024-01-07 06:20:00,2024-01-07 06:22:00,2024-01-07 06:26:00,2024-01-07 06:19:00,1.0,2.0,4.0
1231,2024-01-08 20:45:00,,,2024-01-08 20:42:00,3.0,,
1232,2024-01-23 00:51:00,2024-01-23 00:54:00,2024-01-23 00:55:00,2024-01-23 00:49:00,2.0,3.0,1.0
1233,2024-01-12 01:36:00,2024-01-12 01:38:00,2024-01-12 01:39:00,2024-01-12 01:34:00,2.0,2.0,1.0
1234,,,,2024-01-12 04:12:00,,,
1235,2024-01-23 06:23:00,2024-01-23 06:25:00,2024-01-23 06:29:00,2024-01-23 06:22:00,1.0,2.0,4.0
1236,,,,2024-01-17 19:20:00,,,
1237,2024-02-01 12:04:00,2024-02-01 12:07:00,2024-02-01 12:11:00,2024-02-01 12:03:00,1.0,3.0,4.0
1238,2024-01-30 13:58:00,,,2024-01-30 13:56:00,2.0,,
1239,,,,2024-01-11 12:08:00,,,
1240,2024-01-06 11:06:00,2024-01-06 11:07:00,2024-01-06 11:10:00,2024-01-06 11:04:00,2.0,1.0,3.0
1241,2024-02-01 05:14:00,2024-02-01 05:15:00,2024-02-01 05:16:00,2024-02-01 05:11:00,3.0,1.0,1.0
1242,,,,2024-01-12 10:24:00,,,
1243,2024-01-20 12:34:00,2024-01-20 12:35:00,2024-01-20 12:39:00,2024-01-20 12:33:00,1.0,1.0,4.0
1244,2024-01-08 18:55:00,2024-01-08 18:59:00,2024-01-08 19:03:00,2024-01-08 18:52:00,3.0,4.0,4.0
1245,2024-01-31 13:33:00,2024-01-31 13:37:00,2024-01-31 13:39:00,2024-01-31 13:29:00,4.0,4.0,2.0
1246,,,,2024-01-21 14:25:00,,,
1247,2024-01-21 07:52:00,2024-01-21 07:55:00,2024-01-21 07:59:00,2024-01-21 07:50:00,2.0,3.0,4.0
1248,2024-01-11 08:21:00,,,2024-01-11 08:20:00,1.0,,
1249,,,,2024-01-24 05:19:00,,,
1250,2024-01-13 23:41:00,,,2024-01-13 23:37:00,4.0,,
1251,2024-01-04 20:25:00,2024-01-04 20:29:00,,2024-01-04 20:22:00,3.0,4.0,
1252,2024-01-22 09:35:00,2024-01-22 09:36:00,2024-01-22 09:37:00,2024-01-22 09:33:00,2.0,1.0,1.0
1253,2024-01-14 16:14:00,2024-01-14 16:18:00,2024-01-14 16:22:00,2024-01-14 16:11:00,3.0,4.0,4.0
1254,2024-01-25 23:35:00,2024-01-25 23:37:00,2024-01-25 23:41:00,2024-01-25 23:32:00,3.0,2.0,4.0
1255,2024-01-31 20:06:00,2024-01-31 20:08:00,2024-01-31 20:11:00,2024-01-31 20:05:00,1.0,2.0,3.0
1256,2024-01-20 21:55:00,,,2024-01-20 21:51:00,4.0,,
1257,2024-01-08 22:05:00,,,2024-01-08 22:01:00,4.0,,
1258,2024-01-17 20:47:00,2024-01-17 20:49:00,2024-01-17 20:52:00,2024-01-17 20:45:00,2.0,2.0,3.0
1259,2024-01-26 13:29:00,,,2024-01-26 13:28:00,1.0,,
1260,,,,2024-02-01 16:28:00,,,
1261,,,,2024-01-03 01:08:00,,,
1262,2024-01-06 04:50:00,2024-01-06 04:54:00,2024-01-06 04:57:00,2024-01-06 04:48:00,2.0,4.0,3.0
1263,2024-01-16 04:08:00,2024-01-16 04:12:00,2024-01-16 04:15:00,2024-01-16 04:06:00,2.0,4.0,3.0
1264,2024-01-02 22:27:00,2024-01-02 22:31:00,2024-01-02 22:34:00,2024-01-02 22:24:00,3.0,4.0,3.0
1265,,,,2024-01-23 05:28:00,,,
1266,2024-01-11 19:19:00,2024-01-11 19:23:00,2024-01-11 19:27:00,2024-01-11 19:18:00,1.0,4.0,4.0
1267,2024-01-08 20:58:00,,,2024-01-08 20:55:00,3.0,,
1268,,,,2024-01-22 11:20:00,,,
1269,,,,2024-01-31 20:46:00,,,
1270,2024-01-16 12:32:00,,,2024-01-16 12:31:00,1.0,,
1271,2024-01-27 12:09:00,2024-01-27 12:10:00,2024-01-27 12:11:00,2024-01-27 12:07:00,2.0,1.0,1.0
1272,2024-01-31 04:18:00,,,2024-01-31 04:16:00,2.0,,
1273,,,,2024-01-03 02:41:00,,,
1274,,,,2024-02-01 03:50:00,,,
1275,,,,2024-01-21 10:14:00,,,
1276,,,,2024-01-18 21:33:00,,,
1277,,,,2024-01-02 19:43:00,,,
1278,2024-01-01 19:50:00,2024-01-01 19:53:00,2024-01-01 19:57:00,2024-01-01 19:47:00,3.0,3.0,4.0
1279,2024-02-03 03:58:00,,,2024-02-03 03:56:00,2.0,,
1280,,,,2024-01-12 00:56:00,,,
1281,2024-01-28 19:29:00,2024-01-28 19:32:00,,2024-01-28 19:27:00,2.0,3.0,
1282,,,,2024-01-07 07:40:00,,,
1283,,,,2024-01-30 11:30:00,,,
1284,,,,2024-01-15 07:23:00,,,
1285,,,,2024-01-16 15:13:00,,,
1286,2024-01-13 10:19:00,2024-01-13 10:21:00,2024-01-13 10:22:00,2024-01-13 10:18:00,1.0,2.0,1.0
1287,,,,2024-01-24 22:36:00,,,
1288,,,,2024-01-15 19:57:00,,,
1289,,,,2024-01-20 05:17:00,,,
1290,2024-01-18 14:18:00,2024-01-18 14:22:00,,2024-01-18 14:16:00,2.0,4.0,
1291,2024-01-01 10:30:00,2024-01-01 10:31:00,2024-01-01 10:34:00,2024-01-01 10:26:00,4.0,1.0,3.0
1292,2024-01-06 11:24:00,,,2024-01-06 11:20:00,4.0,,
1293,2024-01-10 21:09:00,,,2024-01-10 21:06:00,3.0,,
1294,2024-02-03 21:44:00,2024-02-03 21:48:00,2024-02-03 21:50:00,2024-02-03 21:41:00,3.0,4.0,2.0
1295,,,,2024-01-04 20:08:00,,,
1296,2024-01-04 10:32:00,2024-01-04 10:33:00,2024-01-04 10:37:00,2024-01-04 10:31:00,1.0,1.0,4.0
1297,2024-01-19 23:24:00,2024-01-19 23:27:00,2024-01-19 23:31:00,2024-01-19 23:20:00,4.0,3.0,4.0
1298,2024-02-03 05:36:00,2024-02-03 05:39:00,,2024-02-03 05:34:00,2.0,3.0,
1299,2024-01-21 23:24:00,2024-01-21 23:28:00,2024-01-21 23:32:00,2024-01-21 23:23:00,1.0,4.0,4.0
1300,2024-01-18 16:10:00,2024-01-18 16:12:00,2024-01-18 16:14:00,2024-01-18 16:07:00,3.0,2.0,2.0
1301,,,,2024-01-25 14:44:00,,,
1302,2024-01-17 22:03:00,,,2024-01-17 21:59:00,4.0,,
1303,2024-01-16 08:39:00,2024-01-16 08:40:00,,2024-01-16 08:36:00,3.0,1.0,
1304,2024-02-03 20:53:00,2024-02-03 20:54:00,2024-02-03 20:56:00,2024-02-03 20:52:00,1.0,1.0,2.0
1305,2024-01-23 16:44:00,,,2024-01-23 16:41:00,3.0,,
1306,2024-01-23 03:13:00,2024-01-23 03:17:00,2024-01-23 03:19:00,2024-01-23 03:12:00,1.0,4.0,2.0
1307,,,,2024-01-30 17:38:00,,,
1308,2024-01-22 10:53:00,2024-01-22 10:57:00,2024-01-22 10:59:00,2024-01-22 10:49:00,4.0,4.0,2.0
1309,2024-01-30 02:40:00,2024-01-30 02:41:00,2024-01-30 02:45:00,2024-01-30 02:37:00,3.0,1.0,4.0
1310,,,,2024-01-30 20:49:00,,,
1311,,,,2024-01-31 02:05:00,,,
1312,2024-01-06 21:37:00,2024-01-06 21:38:00,2024-01-06 21:42:00,2024-01-06 21:33:00,4.0,1.0,4.0
1313,,,,2024-02-04 02:56:00,,,
1314,2024-02-02 23:48:00,2024-02-02 23:49:00,2024-02-02 23:53:00,2024-02-02 23:47:00,1.0,1.0,4.0
1315,2024-01-21 18:44:00,,,2024-01-21 18:43:00,1.0,,
1316,2024-01-29 01:51:00,,,2024-01-29 01:48:00,3.0,,
1317,2024-01-12 17:03:00,,,2024-01-12 17:02:00,1.0,,
1318,2024-01-14 04:19:00,,,2024-01-14 04:15:00,4.0,,
1319,2024-01-04 22:53:00,2024-01-04 22:55:00,2024-01-04 22:57:00,2024-01-04 22:51:00,2.0,2.0,2.0
1320,,,,2024-01-23 12:42:00,,,
1321,2024-01-27 05:39:00,2024-01-27 05:40:00,2024-01-27 05:44:00,2024-01-27 05:36:00,3.0,1.0,4.0
1322,,,,2024-01-10 13:22:00,,,
1323,2024-01-02 06:27:00,2024-01-02 06:28:00,2024-01-02 06:31:00,2024-01-02 06:25:00,2.0,1.0,3.0
1324,2024-01-27 00:06:00,2024-01-27 00:09:00,2024-01-27 00:10:00,2024-01-27 00:02:00,4.0,3.0,1.0
1325,2024-02-04 13:27:00,,,2024-02-04 13:25:00,2.0,,
1326,2024-01-12 16:28:00,2024-01-12 16:29:00,2024-01-12 16:33:00,2024-01-12 16:26:00,2.0,1.0,4.0
1327,,,,2024-01-09 17:55:00,,,
1328,,,,2024-01-11 16:17:00,,,
1329,2024-02-02 00:14:00,,,2024-02-02 00:13:00,1.0,,
1330,2024-01-25 02:49:00,,,2024-01-25 02:47:00,2.0,,
1331,2024-01-29 03:53:00,2024-01-29 03:55:00,2024-01-29 03:57:00,2024-01-29 03:52:00,1.0,2.0,2.0
1332,2024-01-21 16:11:00,2024-01-21 16:12:00,2024-01-21 16:15:00,2024-01-21 16:10:00,1.0,1.0,3.0
1333,2024-01-03 04:26:00,2024-01-03 04:27:00,2024-01-03 04:31:00,2024-01-03 04:24:00,2.0,1.0,4.0
1334,2024-02-04 14:19:00,2024-02-04 14:23:00,2024-02-04 14:25:00,2024-02-04 14:17:00,2.0,4.0,2.0
1335,2024-01-17 22:10:00,2024-01-17 22:11:00,,2024-01-17 22:08:00,2.0,1.0,
1336,,,,2024-01-08 19:39:00,,,
1337,,,,2024-01-28 01:00:00,,,
1338,2024-02-04 02:52:00,2024-02-04 02:54:00,2024-02-04 02:55:00,2024-02-04 02:48:00,4.0,2.0,1.0
1339,,,,2024-02-04 08:38:00,,,
1340,2024-01-26 01:39:00,2024-01-26 01:42:00,2024-01-26 01:46:00,2024-01-26 01:37:00,2.0,3.0,4.0
1341,2024-01-24 18:43:00,,,2024-01-24 18:42:00,1.0,,
1342,,,,2024-01-22 23:08:00,,,
1343,2024-01-03 15:51:00,2024-01-03 15:54:00,2024-01-03 15:58:00,2024-01-03 15:50:00,1.0,3.0,4.0
1344,2024-01-17 20:36:00,2024-01-17 20:39:00,,2024-01-17 20:33:00,3.0,3.0,
1345,,,,2024-01-14 16:30:00,,,
1346,2024-01-22 07:50:00,2024-01-22 07:51:00,2024-01-22 07:54:00,2024-01-22 07:49:00,1.0,1.0,3.0
1347,2024-01-04 18:31:00,,,2024-01-04 18:29:00,2.0,,
1348,2024-01-16 15:01:00,2024-01-16 15:03:00,2024-01-16 15:04:00,2024-01-16 14:59:00,2.0,2.0,1.0
1349,,,,2024-01-26 14:13:00,,,
1350,2024-01-04 19:06:00,2024-01-04 19:09:00,2024-01-04 19:13:00,2024-01-04 19:03:00,3.0,3.0,4.0
1351,,,,2024-01-09 13:03:00,,,
1352,2024-01-19 13:57:00,2024-01-19 13:58:00,2024-01-19 14:00:00,2024-01-19 13:54:00,3.0,1.0,2.0
1353,2024-01-20 21:18:00,2024-01-20 21:22:00,,2024-01-20 21:17:00,1.0,4.0,
1354,2024-01-15 03:07:00,2024-01-15 03:11:00,2024-01-15 03:15:00,2024-01-15 03:05:00,2.0,4.0,4.0
1355,2024-01-19 10:28:00,2024-01-19 10:31:00,2024-01-19 10:34:00,2024-01-19 10:24:00,4.0,3.0,3.0
1356,2024-01-26 14:36:00,2024-01-26 14:40:00,2024-01-26 14:41:00,2024-01-26 14:33:00,3.0,4.0,1.0
1357,2024-01-26 06:19:00,2024-01-26 06:21:00,2024-01-26 06:25:00,2024-01-26 06:16:00,3.0,2.0,4.0
1358,,,,2024-01-09 12:33:00,,,
1359,,,,2024-01-14 07:33:00,,,
1360,2024-01-06 23:56:00,2024-01-06 23:57:00,2024-01-06 23:59:00,2024-01-06 23:52:00,4.0,1.0,2.0
1361,2024-01-23 11:46:00,2024-01-23 11:47:00,,2024-01-23 11:45:00,1.0,1.0,
1362,,,,2024-01-31 04:59:00,,,
1363,,,,2024-01-13 15:39:00,,,
1364,2024-01-24 03:48:00,,,2024-01-24 03:46:00,2.0,,
1365,,,,2024-01-03 10:02:00,,,
1366,,,,2024-01-21 00:18:00,,,
1367,2024-01-15 02:40:00,2024-01-15 02:42:00,2024-01-15 02:46:00,2024-01-15 02:37:00,3.0,2.0,4.0
1368,,,,2024-01-22 23:27:00,,,
1369,2024-01-02 14:37:00,2024-01-02 14:39:00,2024-01-02 14:41:00,2024-01-02 14:33:00,4.0,2.0,2.0
1370,,,,2024-02-01 22:47:00,,,
1371,,,,2024-01-10 23:10:00,,,
1372,2024-01-10 01:28:00,2024-01-10 01:31:00,2024-01-10 01:34:00,2024-01-10 01:24:00,4.0,3.0,3.0
1373,2024-01-25 23:12:00,2024-01-25 23:14:00,2024-01-25 23:18:00,2024-01-25 23:11:00,1.0,2.0,4.0
1374,2024-01-22 09:13:00,2024-01-22 09:14:00,,2024-01-22 09:11:00,2.0,1.0,
1375,2024-01-28 00:15:00,2024-01-28 00:19:00,2024-01-28 00:20:00,2024-01-28 00:14:00,1.0,4.0,1.0
1376,,,,2024-01-08 06:45:00,,,
1377,,,,2024-01-29 01:43:00,,,
1378,,,,2024-01-20 23:29:00,,,
1379,2024-01-15 12:46:00,2024-01-15 12:48:00,2024-01-15 12:52:00,2024-01-15 12:44:00,2.0,2.0,4.0
1380,,,,2024-01-18 16:53:00,,,
1381,,,,2024-01-11 08:21:00,,,
1382,,,,2024-01-04 10:20:00,,,
1383,2024-01-12 02:21:00,,,2024-01-12 02:20:00,1.0,,
1384,,,,2024-01-15 07:27:00,,,
1385,2024-01-13 20:15:00,2024-01-13 20:16:00,2024-01-13 20:20:00,2024-01-13 20:12:00,3.0,1.0,4.0
1386,2024-01-16 05:49:00,,,2024-01-16 05:48:00,1.0,,
1387,,,,2024-01-11 10:41:00,,,
1388,2024-02-01 19:22:00,2024-02-01 19:23:00,2024-02-01 19:25:00,2024-02-01 19:18:00,4.0,1.0,2.0
1389,2024-01-12 16:11:00,2024-01-12 16:15:00,2024-01-12 16:19:00,2024-01-12 16:07:00,4.0,4.0,4.0
1390,,,,2024-01-20 10:15:00,,,
1391,,,,2024-01-04 02:41:00,,,
1392,2024-02-04 02:00:00,2024-02-04 02:02:00,2024-02-04 02:04:00,2024-02-04 01:58:00,2.0,2.0,2.0
1393,2024-01-22 01:43:00,,,2024-01-22 01:41:00,2.0,,
1394,,,,2024-02-02 13:53:00,,,
1395,,,,2024-01-28 23:32:00,,,
1396,2024-01-17 00:07:00,,,2024-01-17 00:03:00,4.0,,
1397,,,,2024-01-15 23:44:00,,,
1398,,,,2024-01-25 05:16:00,,,
1399,2024-01-16 07:37:00,2024-01-16 07:40:00,2024-01-16 07:41:00,2024-01-16 07:33:00,4.0,3.0,1.0
1400,2024-02-01 23:24:00,2024-02-01 23:26:00,2024-02-01 23:27:00,2024-02-01 23:23:00,1.0,2.0,1.0
1401,2024-01-22 21:21:00,,,2024-01-22 21:20:00,1.0,,
1402,2024-01-05 00:40:00,,,2024-01-05 00:37:00,3.0,,
1403,,,,2024-01-05 19:37:00,,,
1404,2024-01-10 00:20:00,2024-01-10 00:24:00,2024-01-10 00:25:00,2024-01-10 00:18:00,2.0,4.0,1.0
1405,,,,2024-01-06 20:34:00,,,
1406,2024-01-06 13:56:00,2024-01-06 13:58:00,,2024-01-06 13:53:00,3.0,2.0,
1407,2024-01-03 00:02:00,2024-01-03 00:03:00,,2024-01-03 00:00:00,2.0,1.0,
1408,,,,2024-02-03 23:45:00,,,
1409,2024-01-19 05:33:00,2024-01-19 05:35:00,,2024-01-19 05:31:00,2.0,2.0,
1410,,,,2024-02-03 02:46:00,,,
1411,,,,2024-01-14 04:51:00,,,
1412,,,,2024-01-08 09:49:00,,,
1413,,,,2024-01-21 15:48:00,,,
1414,2024-01-31 18:27:00,2024-01-31 18:30:00,2024-01-31 18:32:00,2024-01-31 18:24:00,3.0,3.0,2.0
1415,2024-01-10 07:50:00,2024-01-10 07:53:00,2024-01-10 07:55:00,2024-01-10 07:47:00,3.0,3.0,2.0
1416,,,,2024-02-04 12:47:00,,,
1417,,,,2024-02-02 22:26:00,,,
1418,,,,2024-02-01 12:38:00,,,
1419,2024-01-24 20:44:00,2024-01-24 20:47:00,2024-01-24 20:48:00,2024-01-24 20:42:00,2.0,3.0,1.0
1420,,,,2024-01-13 10:54:00,,,
1421,2024-01-30 19:16:00,2024-01-30 19:19:00,,2024-01-30 19:15:00,1.0,3.0,
1422,2024-01-09 01:48:00,,,2024-01-09 01:47:00,1.0,,
1423,2024-01-11 13:19:00,2024-01-11 13:20:00,2024-01-11 13:21:00,2024-01-11 13:15:00,4.0,1.0,1.0
1424,2024-01-15 20:25:00,,,2024-01-15 20:21:00,4.0,,
1425,2024-01-19 13:09:00,2024-01-19 13:13:00,2024-01-19 13:17:00,2024-01-19 13:05:00,4.0,4.0,4.0
1426,,,,2024-01-20 00:48:00,,,
1427,,,,2024-01-09 23:07:00,,,
1428,2024-01-02 10:39:00,2024-01-02 10:40:00,2024-01-02 10:43:00,2024-01-02 10:35:00,4.0,1.0,3.0
1429,2024-01-06 00:24:00,,,2024-01-06 00:20:00,4.0,,
1430,2024-01-26 11:47:00,2024-01-26 11:48:00,2024-01-26 11:50:00,2024-01-26 11:43:00,4.0,1.0,2.0
1431,2024-01-08 12:49:00,2024-01-08 12:52:00,2024-01-08 12:54:00,2024-01-08 12:48:00,1.0,3.0,2.0
1432,2024-02-01 09:48:00,2024-02-01 09:50:00,2024-02-01 09:51:00,2024-02-01 09:45:00,3.0,2.0,1.0
1433,2024-01-11 01:18:00,2024-01-11 01:19:00,2024-01-11 01:20:00,2024-01-11 01:17:00,1.0,1.0,1.0
1434,2024-01-14 05:33:00,2024-01-14 05:36:00,2024-01-14 05:40:00,2024-01-14 05:32:00,1.0,3.0,4.0
1435,2024-01-11 20:13:00,2024-01-11 20:15:00,2024-01-11 20:18:00,2024-01-11 20:12:00,1.0,2.0,3.0
1436,2024-01-09 22:55:00,,,2024-01-09 22:53:00,2.0,,
1437,2024-02-01 17:45:00,2024-02-01 17:49:00,2024-02-01 17:53:00,2024-02-01 17:44:00,1.0,4.0,4.0
1438,2024-01-07 21:38:00,,,2024-01-07 21:36:00,2.0,,
1439,2024-01-10 18:28:00,,,2024-01-10 18:25:00,3.0,,
1440,2024-01-31 23:12:00,2024-01-31 23:15:00,,2024-01-31 23:08:00,4.0,3.0,
1441,,,,2024-01-22 10:33:00,,,
1442,2024-01-21 12:25:00,2024-01-21 12:29:00,,2024-01-21 12:22:00,3.0,4.0,
1443,,,,2024-01-30 06:51:00,,,
1444,2024-01-13 19:10:00,2024-01-13 19:11:00,2024-01-13 19:13:00,2024-01-13 19:06:00,4.0,1.0,2.0
1445,2024-01-29 08:15:00,2024-01-29 08:16:00,2024-01-29 08:19:00,2024-01-29 08:14:00,1.0,1.0,3.0
1446,2024-01-11 16:49:00,2024-01-11 16:51:00,2024-01-11 16:53:00,2024-01-11 16:47:00,2.0,2.0,2.0
1447,,,,2024-01-12 15:08:00,,,
1448,2024-01-03 20:22:00,2024-01-03 20:26:00,,2024-01-03 20:21:00,1.0,4.0,
1449,2024-01-12 14:49:00,2024-01-12 14:53:00,2024-01-12 14:56:00,2024-01-12 14:46:00,3.0,4.0,3.0
1450,2024-01-01 05:03:00,2024-01-01 05:06:00,2024-01-01 05:08:00,2024-01-01 05:00:00,3.0,3.0,2.0
1451,,,,2024-01-21 14:17:00,,,
1452,2024-02-04 10:21:00,2024-02-04 10:22:00,2024-02-04 10:26:00,2024-02-04 10:17:00,4.0,1.0,4.0
1453,2024-01-24 12:53:00,2024-01-24 12:56:00,2024-01-24 12:59:00,2024-01-24 12:49:00,4.0,3.0,3.0
1454,,,,2024-01-25 21:47:00,,,
1455,2024-01-02 03:44:00,,,2024-01-02 03:42:00,2.0,,
1456,2024-01-23 05:01:00,2024-01-23 05:04:00,2024-01-23 05:06:00,2024-01-23 04:58:00,3.0,3.0,2.0
1457,2024-02-04 06:48:00,,,2024-02-04 06:44:00,4.0,,
1458,2024-01-20 00:12:00,2024-01-20 00:15:00,,2024-01-20 00:08:00,4.0,3.0,
1459,2024-01-26 17:23:00,2024-01-26 17:27:00,2024-01-26 17:30:00,2024-01-26 17:22:00,1.0,4.0,3.0
1460,,,,2024-01-25 16:46:00,,,
1461,,,,2024-01-04 15:15:00,,,
1462,2024-01-12 13:38:00,2024-01-12 13:42:00,2024-01-12 13:43:00,2024-01-12 13:36:00,2.0,4.0,1.0
1463,2024-01-26 02:35:00,2024-01-26 02:36:00,2024-01-26 02:40:00,2024-01-26 02:33:00,2.0,1.0,4.0
1464,2024-01-04 03:55:00,2024-01-04 03:58:00,2024-01-04 04:02:00,2024-01-04 03:52:00,3.0,3.0,4.0
1465,2024-02-03 23:14:00,2024-02-03 23:15:00,,2024-02-03 23:12:00,2.0,1.0,
1466,2024-01-25 02:58:00,,,2024-01-25 02:55:00,3.0,,
1467,2024-01-02 22:59:00,,,2024-01-02 22:57:00,2.0,,
1468,,,,2024-02-02 04:43:00,,,
1469,,,,2024-01-27 15:17:00,,,
1470,,,,2024-02-01 23:25:00,,,
1471,2024-01-26 16:16:00,2024-01-26 16:19:00,2024-01-26 16:22:00,2024-01-26 16:12:00,4.0,3.0,3.0
1472,2024-01-26 08:33:00,2024-01-26 08:34:00,2024-01-26 08:38:00,2024-01-26 08:31:00,2.0,1.0,4.0
1473,,,,2024-01-08 20:51:00,,,
1474,,,,2024-01-05 19:34:00,,,
1475,2024-01-08 07:08:00,2024-01-08 07:11:00,2024-01-08 07:12:00,2024-01-08 07:07:00,1.0,3.0,1.0
1476,,,,2024-01-10 03:03:00,,,
1477,,,,2024-01-31 08:00:00,,,
1478,,,,2024-01-16 11:43:00,,,
1479,2024-01-09 16:28:00,,,2024-01-09 16:24:00,4.0,,
1480,,,,2024-01-29 23:57:00,,,
1481,2024-01-25 04:04:00,2024-01-25 04:05:00,,2024-01-25 04:02:00,2.0,1.0,
1482,,,,2024-01-02 00:40:00,,,
1483,2024-01-02 20:29:00,2024-01-02 20:30:00,2024-01-02 20:33:00,2024-01-02 20:28:00,1.0,1.0,3.0
1484,2024-01-21 05:58:00,2024-01-21 05:59:00,2024-01-21 06:01:00,2024-01-21 05:56:00,2.0,1.0,2.0
1485,2024-01-03 01:08:00,2024-01-03 01:10:00,2024-01-03 01:13:00,2024-01-03 01:05:00,3.0,2.0,3.0
1486,2024-01-29 10:58:00,,,2024-01-29 10:57:00,1.0,,
1487,2024-01-31 22:53:00,2024-01-31 22:56:00,2024-01-31 22:57:00,2024-01-31 22:52:00,1.0,3.0,1.0
1488,,,,2024-02-01 09:10:00,,,
1489,,,,2024-01-26 10:50:00,,,
1490,,,,2024-01-16 02:04:00,,,
1491,2024-01-04 13:48:00,2024-01-04 13:50:00,,2024-01-04 13:45:00,3.0,2.0,
1492,2024-01-29 22:55:00,2024-01-29 22:58:00,2024-01-29 23:00:00,2024-01-29 22:51:00,4.0,3.0,2.0
1493,2024-01-03 15:49:00,2024-01-03 15:53:00,2024-01-03 15:54:00,2024-01-03 15:46:00,3.0,4.0,1.0
1494,,,,2024-01-09 00:22:00,,,
1495,,,,2024-01-12 07:49:00,,,
1496,2024-01-11 06:59:00,2024-01-11 07:03:00,2024-01-11 07:06:00,2024-01-11 06:55:00,4.0,4.0,3.0
1497,2024-01-15 21:10:00,2024-01-15 21:13:00,2024-01-15 21:17:00,2024-01-15 21:09:00,1.0,3.0,4.0
1498,,,,2024-01-28 21:38:00,,,
1499,2024-01-07 21:29:00,,,2024-01-07 21:28:00,1.0,,
1500,2024-01-22 04:36:00,2024-01-22 04:37:00,2024-01-22 04:39:00,2024-01-22 04:33:00,3.0,1.0,2.0
1501,2024-02-03 00:02:00,2024-02-03 00:03:00,2024-02-03 00:06:00,2024-02-02 23:59:00,3.0,1.0,3.0
1502,2024-02-02 23:07:00,2024-02-02 23:09:00,2024-02-02 23:10:00,2024-02-02 23:04:00,3.0,2.0,1.0
1503,2024-01-17 23:54:00,2024-01-17 23:56:00,2024-01-17 23:58:00,2024-01-17 23:52:00,2.0,2.0,2.0
1504,,,,2024-01-08 08:07:00,,,
1505,,,,2024-01-04 20:08:00,,,
1506,,,,2024-01-28 02:20:00,,,
1507,,,,2024-01-05 20:02:00,,,
1508,,,,2024-01-21 19:56:00,,,
1509,2024-01-17 21:12:00,,,2024-01-17 21:09:00,3.0,,
1510,2024-01-24 02:28:00,2024-01-24 02:32:00,2024-01-24 02:35:00,2024-01-24 02:27:00,1.0,4.0,3.0
1511,,,,2024-02-04 13:40:00,,,
1512,2024-01-08 10:23:00,2024-01-08 10:26:00,,2024-01-08 10:20:00,3.0,3.0,
1513,,,,2024-01-11 14:32:00,,,
1514,2024-01-31 20:38:00,2024-01-31 20:40:00,2024-01-31 20:42:00,2024-01-31 20:35:00,3.0,2.0,2.0
1515,2024-01-15 08:46:00,2024-01-15 08:47:00,2024-01-15 08:51:00,2024-01-15 08:44:00,2.0,1.0,4.0
1516,2024-01-01 14:26:00,2024-01-01 14:28:00,2024-01-01 14:30:00,2024-01-01 14:24:00,2.0,2.0,2.0
1517,,,,2024-01-05 15:12:00,,,
1518,,,,2024-02-02 10:47:00,,,
1519,2024-01-23 18:19:00,,,2024-01-23 18:16:00,3.0,,
1520,2024-01-21 05:32:00,2024-01-21 05:36:00,2024-01-21 05:39:00,2024-01-21 05:28:00,4.0,4.0,3.0
1521,2024-01-08 18:43:00,2024-01-08 18:44:00,2024-01-08 18:45:00,2024-01-08 18:40:00,3.0,1.0,1.0
1522,2024-01-02 06:36:00,,,2024-01-02 06:32:00,4.0,,
1523,2024-01-10 11:47:00,2024-01-10 11:49:00,2024-01-10 11:52:00,2024-01-10 11:44:00,3.0,2.0,3.0
1524,2024-01-25 11:48:00,,,2024-01-25 11:46:00,2.0,,
1525,2024-01-13 16:10:00,2024-01-13 16:14:00,,2024-01-13 16:07:00,3.0,4.0,
1526,2024-01-05 16:28:00,2024-01-05 16:29:00,,2024-01-05 16:24:00,4.0,1.0,
1527,2024-01-25 02:49:00,,,2024-01-25 02:46:00,3.0,,
1528,,,,2024-01-14 14:40:00,,,
1529,2024-01-15 04:51:00,2024-01-15 04:52:00,,2024-01-15 04:48:00,3.0,1.0,
1530,2024-01-19 07:58:00,,,2024-01-19 07:54:00,4.0,,
1531,2024-01-01 22:46:00,,,2024-01-01 22:42:00,4.0,,
1532,,,,2024-01-24 17:33:00,,,
1533,2024-01-14 16:05:00,2024-01-14 16:08:00,2024-01-14 16:09:00,2024-01-14 16:02:00,3.0,3.0,1.0
1534,2024-01-21 17:21:00,2024-01-21 17:25:00,2024-01-21 17:29:00,2024-01-21 17:19:00,2.0,4.0,4.0
1535,2024-01-02 17:55:00,2024-01-02 17:58:00,2024-01-02 18:00:00,2024-01-02 17:53:00,2.0,3.0,2.0
1536,,,,2024-01-31 23:21:00,,,
1537,2024-01-23 14:03:00,,,2024-01-23 13:59:00,4.0,,
1538,2024-01-11 07:40:00,,,2024-01-11 07:38:00,2.0,,
1539,2024-01-09 00:57:00,2024-01-09 01:01:00,2024-01-09 01:03:00,2024-01-09 00:54:00,3.0,4.0,2.0
1540,2024-02-04 01:07:00,2024-02-04 01:09:00,,2024-02-04 01:03:00,4.0,2.0,
1541,,,,2024-02-02 08:20:00,,,
1542,,,,2024-01-27 02:50:00,,,
1543,2024-01-29 06:38:00,2024-01-29 06:39:00,2024-01-29 06:40:00,2024-01-29 06:36:00,2.0,1.0,1.0
1544,,,,2024-01-11 15:50:00,,,
1545,2024-01-01 21:19:00,2024-01-01 21:21:00,2024-01-01 21:25:00,2024-01-01 21:18:00,1.0,2.0,4.0
1546,2024-01-11 21:22:00,2024-01-11 21:26:00,2024-01-11 21:30:00,2024-01-11 21:21:00,1.0,4.0,4.0
1547,,,,2024-01-06 09:33:00,,,
1548,,,,2024-01-04 02:47:00,,,
1549,,,,2024-01-14 07:53:00,,,
1550,,,,2024-01-14 05:56:00,,,
1551,2024-01-06 23:53:00,2024-01-06 23:55:00,2024-01-06 23:58:00,2024-01-06 23:52:00,1.0,2.0,3.0
1552,,,,2024-01-28 05:08:00,,,
1553,2024-01-27 11:56:00,2024-01-27 12:00:00,2024-01-27 12:04:00,2024-01-27 11:54:00,2.0,4.0,4.0
1554,2024-01-14 15:58:00,,,2024-01-14 15:57:00,1.0,,
1555,,,,2024-01-06 23:40:00,,,
1556,2024-01-26 05:24:00,,,2024-01-26 05:21:00,3.0,,
1557,2024-01-15 06:54:00,2024-01-15 06:58:00,2024-01-15 07:00:00,2024-01-15 06:53:00,1.0,4.0,2.0
1558,2024-02-01 00:56:00,2024-02-01 00:59:00,,2024-02-01 00:53:00,3.0,3.0,
1559,,,,2024-01-03 06:24:00,,,
1560,,,,2024-01-18 00:37:00,,,
1561,,,,2024-01-14 12:29:00,,,
1562,,,,2024-01-07 01:55:00,,,
1563,2024-01-02 12:31:00,2024-01-02 12:34:00,2024-01-02 12:37:00,2024-01-02 12:27:00,4.0,3.0,3.0
1564,2024-01-19 12:21:00,,,2024-01-19 12:17:00,4.0,,
1565,,,,2024-01-23 11:46:00,,,
1566,2024-01-31 15:50:00,2024-01-31 15:54:00,2024-01-31 15:56:00,2024-01-31 15:46:00,4.0,4.0,2.0
1567,2024-01-29 06:24:00,2024-01-29 06:25:00,2024-01-29 06:28:00,2024-01-29 06:22:00,2.0,1.0,3.0
1568,,,,2024-01-15 04:47:00,,,
1569,2024-02-01 21:43:00,2024-02-01 21:44:00,2024-02-01 21:46:00,2024-02-01 21:42:00,1.0,1.0,2.0
1570,,,,2024-02-02 02:37:00,,,
1571,,,,2024-01-26 10:20:00,,,
1572,2024-01-11 10:26:00,,,2024-01-11 10:22:00,4.0,,
1573,2024-01-07 01:14:00,2024-01-07 01:15:00,2024-01-07 01:19:00,2024-01-07 01:11:00,3.0,1.0,4.0
1574,,,,2024-01-23 07:05:00,,,
1575,,,,2024-01-27 05:50:00,,,
1576,,,,2024-01-12 13:56:00,,,
1577,,,,2024-01-07 13:25:00,,,
1578,2024-01-14 19:32:00,2024-01-14 19:33:00,2024-01-14 19:34:00,2024-01-14 19:29:00,3.0,1.0,1.0
1579,2024-01-14 00:54:00,2024-01-14 00:56:00,2024-01-14 00:59:00,2024-01-14 00:52:00,2.0,2.0,3.0
1580,,,,2024-01-26 05:54:00,,,
1581,,,,2024-02-02 03:37:00,,,
1582,,,,2024-01-05 22:05:00,,,
1583,,,,2024-01-03 20:53:00,,,
1584,,,,2024-01-27 04:51:00,,,
1585,,,,2024-01-03 22:21:00,,,
1586,,,,2024-01-02 16:38:00,,,
1587,,,,2024-01-12 16:01:00,,,
1588,2024-01-27 16:47:00,,,2024-01-27 16:44:00,3.0,,
1589,,,,2024-02-01 19:50:00,,,
1590,,,,2024-01-12 07:08:00,,,
1591,,,,2024-01-17 17:11:00,,,
1592,2024-01-17 23:42:00,,,2024-01-17 23:38:00,4.0,,
1593,,,,2024-01-26 00:28:00,,,
1594,2024-01-04 03:13:00,,,2024-01-04 03:09:00,4.0,,
1595,2024-01-23 13:08:00,2024-01-23 13:11:00,,2024-01-23 13:05:00,3.0,3.0,
1596,2024-02-01 13:44:00,,,2024-02-01 13:40:00,4.0,,
1597,,,,2024-01-08 19:08:00,,,
1598,2024-02-04 10:06:00,2024-02-04 10:07:00,2024-02-04 10:09:00,2024-02-04 10:03:00,3.0,1.0,2.0
1599,2024-01-11 07:30:00,2024-01-11 07:31:00,2024-01-11 07:35:00,2024-01-11 07:29:00,1.0,1.0,4.0
1600,,,,2024-01-05 00:35:00,,,
1601,2024-01-20 08:26:00,2024-01-20 08:28:00,2024-01-20 08:30:00,2024-01-20 08:23:00,3.0,2.0,2.0
1602,2024-02-01 01:16:00,,,2024-02-01 01:12:00,4.0,,
1603,2024-01-04 21:21:00,,,2024-01-04 21:17:00,4.0,,
1604,2024-01-17 09:43:00,2024-01-17 09:47:00,,2024-01-17 09:40:00,3.0,4.0,
1605,,,,2024-01-17 08:48:00,,,
1606,,,,2024-01-14 05:39:00,,,
1607,2024-01-23 07:41:00,2024-01-23 07:45:00,2024-01-23 07:47:00,2024-01-23 07:37:00,4.0,4.0,2.0
1608,2024-01-31 23:20:00,,,2024-01-31 23:16:00,4.0,,
1609,2024-01-29 06:11:00,2024-01-29 06:12:00,,2024-01-29 06:09:00,2.0,1.0,
1610,,,,2024-01-14 09:42:00,,,
1611,2024-01-07 00:15:00,2024-01-07 00:17:00,2024-01-07 00:18:00,2024-01-07 00:14:00,1.0,2.0,1.0
1612,2024-01-14 06:35:00,,,2024-01-14 06:33:00,2.0,,
1613,2024-02-03 11:12:00,2024-02-03 11:16:00,,2024-02-03 11:11:00,1.0,4.0,
1614,2024-01-02 17:36:00,2024-01-02 17:40:00,2024-01-02 17:44:00,2024-01-02 17:35:00,1.0,4.0,4.0
1615,2024-02-04 02:07:00,2024-02-04 02:09:00,,2024-02-04 02:04:00,3.0,2.0,
1616,2024-01-21 21:58:00,2024-01-21 22:01:00,2024-01-21 22:02:00,2024-01-21 21:56:00,2.0,3.0,1.0
1617,2024-01-17 22:33:00,,,2024-01-17 22:31:00,2.0,,
1618,2024-01-22 13:11:00,2024-01-22 13:14:00,2024-01-22 13:15:00,2024-01-22 13:10:00,1.0,3.0,1.0
1619,2024-02-02 09:23:00,,,2024-02-02 09:20:00,3.0,,
1620,,,,2024-01-28 18:34:00,,,
1621,,,,2024-01-15 09:03:00,,,
1622,,,,2024-01-16 17:14:00,,,
1623,,,,2024-01-27 09:26:00,,,
1624,2024-02-03 12:42:00,2024-02-03 12:43:00,,2024-02-03 12:39:00,3.0,1.0,
1625,,,,2024-01-16 14:36:00,,,
1626,,,,2024-02-01 19:16:00,,,
1627,,,,2024-01-30 11:04:00,,,
1628,2024-01-29 09:40:00,2024-01-29 09:41:00,,2024-01-29 09:36:00,4.0,1.0,
1629,2024-01-13 09:22:00,2024-01-13 09:26:00,2024-01-13 09:29:00,2024-01-13 09:19:00,3.0,4.0,3.0
1630,2024-01-12 06:40:00,2024-01-12 06:43:00,2024-01-12 06:45:00,2024-01-12 06:36:00,4.0,3.0,2.0
1631,,,,2024-01-23 07:16:00,,,
1632,2024-01-30 21:57:00,2024-01-30 22:00:00,2024-01-30 22:04:00,2024-01-30 21:54:00,3.0,3.0,4.0
1633,2024-01-03 15:03:00,,,2024-01-03 14:59:00,4.0,,
1634,2024-01-21 18:43:00,2024-01-21 18:47:00,2024-01-21 18:50:00,2024-01-21 18:39:00,4.0,4.0,3.0
1635,2024-01-22 08:47:00,2024-01-22 08:50:00,2024-01-22 08:51:00,2024-01-22 08:43:00,4.0,3.0,1.0
1636,2024-01-20 09:11:00,2024-01-20 09:14:00,2024-01-20 09:16:00,2024-01-20 09:09:00,2.0,3.0,2.0
1637,2024-01-11 14:56:00,2024-01-11 14:59:00,,2024-01-11 14:52:00,4.0,3.0,
1638,2024-01-13 09:13:00,2024-01-13 09:16:00,2024-01-13 09:19:00,2024-01-13 09:11:00,2.0,3.0,3.0
1639,,,,2024-01-12 14:43:00,,,
1640,2024-02-01 13:15:00,,,2024-02-01 13:12:00,3.0,,
1641,2024-01-25 17:07:00,2024-01-25 17:10:00,2024-01-25 17:12:00,2024-01-25 17:05:00,2.0,3.0,2.0
1642,,,,2024-01-25 13:20:00,,,
1643,,,,2024-01-20 03:14:00,,,
1644,,,,2024-01-23 16:58:00,,,
1645,2024-01-12 22:26:00,2024-01-12 22:28:00,2024-01-12 22:29:00,2024-01-12 22:24:00,2.0,2.0,1.0
1646,,,,2024-01-25 03:12:00,,,
1647,,,,2024-01-24 10:20:00,,,
1648,2024-01-09 06:46:00,2024-01-09 06:48:00,2024-01-09 06:51:00,2024-01-09 06:43:00,3.0,2.0,3.0
1649,2024-01-13 05:56:00,2024-01-13 05:59:00,,2024-01-13 05:55:00,1.0,3.0,
1650,2024-01-13 14:52:00,2024-01-13 14:54:00,2024-01-13 14:57:00,2024-01-13 14:51:00,1.0,2.0,3.0
1651,2024-01-25 03:08:00,2024-01-25 03:10:00,2024-01-25 03:12:00,2024-01-25 03:05:00,3.0,2.0,2.0
1652,2024-01-23 19:15:00,2024-01-23 19:18:00,2024-01-23 19:19:00,2024-01-23 19:13:00,2.0,3.0,1.0
1653,2024-01-27 15:24:00,,,2024-01-27 15:22:00,2.0,,
1654,2024-01-04 06:27:00,2024-01-04 06:30:00,2024-01-04 06:33:00,2024-01-04 06:24:00,3.0,3.0,3.0
1655,2024-01-31 10:09:00,,,2024-01-31 10:07:00,2.0,,
1656,2024-01-05 09:40:00,2024-01-05 09:42:00,2024-01-05 09:46:00,2024-01-05 09:38:00,2.0,2.0,4.0
1657,2024-01-17 20:13:00,2024-01-17 20:15:00,2024-01-17 20:16:00,2024-01-17 20:10:00,3.0,2.0,1.0
1658,,,,2024-01-18 21:41:00,,,
1659,,,,2024-01-04 07:09:00,,,
1660,,,,2024-01-29 21:24:00,,,
1661,2024-01-13 18:38:00,,,2024-01-13 18:36:00,2.0,,
1662,2024-01-14 06:13:00,2024-01-14 06:15:00,2024-01-14 06:18:00,2024-01-14 06:10:00,3.0,2.0,3.0
1663,2024-01-08 07:09:00,,,2024-01-08 07:06:00,3.0,,
1664,2024-01-05 06:54:00,2024-01-05 06:57:00,2024-01-05 06:59:00,2024-01-05 06:50:00,4.0,3.0,2.0
1665,,,,2024-01-04 20:19:00,,,
1666,,,,2024-01-16 17:35:00,,,
1667,,,,2024-02-01 18:50:00,,,
1668,2024-01-09 14:01:00,,,2024-01-09 13:58:00,3.0,,
1669,,,,2024-01-19 19:40:00,,,
1670,2024-01-29 01:04:00,2024-01-29 01:08:00,,2024-01-29 01:00:00,4.0,4.0,
1671,,,,2024-01-20 03:42:00,,,
1672,2024-01-11 23:23:00,2024-01-11 23:26:00,2024-01-11 23:29:00,2024-01-11 23:19:00,4.0,3.0,3.0
1673,2024-01-21 05:17:00,2024-01-21 05:19:00,2024-01-21 05:22:00,2024-01-21 05:13:00,4.0,2.0,3.0
1674,2024-01-08 05:53:00,2024-01-08 05:57:00,2024-01-08 06:01:00,2024-01-08 05:50:00,3.0,4.0,4.0
1675,2024-02-02 18:37:00,,,2024-02-02 18:35:00,2.0,,
1676,2024-01-11 01:47:00,2024-01-11 01:51:00,2024-01-11 01:53:00,2024-01-11 01:44:00,3.0,4.0,2.0
1677,,,,2024-01-26 01:48:00,,,
1678,2024-01-24 02:32:00,2024-01-24 02:33:00,2024-01-24 02:35:00,2024-01-24 02:30:00,2.0,1.0,2.0
1679,,,,2024-01-20 15:20:00,,,
1680,,,,2024-01-25 01:00:00,,,
1681,,,,2024-02-01 23:15:00,,,
1682,2024-01-19 08:38:00,2024-01-19 08:40:00,2024-01-19 08:44:00,2024-01-19 08:37:00,1.0,2.0,4.0
1683,,,,2024-01-30 18:09:00,,,
1684,2024-01-23 01:37:00,2024-01-23 01:41:00,2024-01-23 01:43:00,2024-01-23 01:35:00,2.0,4.0,2.0
1685,,,,2024-01-22 03:33:00,,,
1686,2024-01-12 19:45:00,,,2024-01-12 19:41:00,4.0,,
1687,,,,2024-01-25 07:58:00,,,
1688,2024-01-19 07:19:00,,,2024-01-19 07:18:00,1.0,,
1689,2024-01-13 18:44:00,2024-01-13 18:46:00,2024-01-13 18:47:00,2024-01-13 18:41:00,3.0,2.0,1.0
1690,,,,2024-01-07 21:36:00,,,
1691,2024-01-03 02:04:00,2024-01-03 02:07:00,2024-01-03 02:09:00,2024-01-03 02:02:00,2.0,3.0,2.0
1692,,,,2024-01-07 07:39:00,,,
1693,2024-02-02 12:12:00,2024-02-02 12:13:00,2024-02-02 12:17:00,2024-02-02 12:10:00,2.0,1.0,4.0
1694,,,,2024-01-13 18:32:00,,,
1695,,,,2024-01-30 07:45:00,,,
1696,2024-01-09 14:44:00,2024-01-09 14:46:00,2024-01-09 14:47:00,2024-01-09 14:43:00,1.0,2.0,1.0
1697,,,,2024-01-03 08:46:00,,,
1698,2024-01-04 07:31:00,2024-01-04 07:33:00,2024-01-04 07:35:00,2024-01-04 07:28:00,3.0,2.0,2.0
1699,2024-01-30 09:56:00,2024-01-30 10:00:00,2024-01-30 10:04:00,2024-01-30 09:54:00,2.0,4.0,4.0
1700,,,,2024-01-25 02:53:00,,,
1701,2024-01-18 02:02:00,2024-01-18 02:06:00,2024-01-18 02:08:00,2024-01-18 01:58:00,4.0,4.0,2.0
1702,,,,2024-01-16 19:19:00,,,
1703,2024-01-20 11:31:00,2024-01-20 11:32:00,2024-01-20 11:36:00,2024-01-20 11:28:00,3.0,1.0,4.0
1704,2024-01-27 12:17:00,2024-01-27 12:21:00,2024-01-27 12:22:00,2024-01-27 12:15:00,2.0,4.0,1.0
1705,2024-01-24 00:25:00,2024-01-24 00:28:00,2024-01-24 00:29:00,2024-01-24 00:23:00,2.0,3.0,1.0
1706,2024-01-19 01:44:00,2024-01-19 01:48:00,2024-01-19 01:49:00,2024-01-19 01:40:00,4.0,4.0,1.0
1707,2024-01-02 20:48:00,2024-01-02 20:52:00,2024-01-02 20:53:00,2024-01-02 20:45:00,3.0,4.0,1.0
1708,2024-01-27 03:37:00,2024-01-27 03:41:00,,2024-01-27 03:35:00,2.0,4.0,
1709,,,,2024-01-07 07:28:00,,,
1710,2024-01-19 13:31:00,2024-01-19 13:32:00,2024-01-19 13:34:00,2024-01-19 13:27:00,4.0,1.0,2.0
1711,2024-02-02 05:00:00,2024-02-02 05:03:00,,2024-02-02 04:57:00,3.0,3.0,
1712,,,,2024-01-18 15:12:00,,,
1713,,,,2024-01-27 05:20:00,,,
1714,2024-01-13 15:28:00,2024-01-13 15:29:00,,2024-01-13 15:24:00,4.0,1.0,
1715,2024-01-26 07:11:00,2024-01-26 07:14:00,2024-01-26 07:15:00,2024-01-26 07:09:00,2.0,3.0,1.0
1716,2024-01-19 00:07:00,2024-01-19 00:10:00,2024-01-19 00:14:00,2024-01-19 00:05:00,2.0,3.0,4.0
1717,,,,2024-01-22 04:50:00,,,
1718,2024-01-25 03:08:00,2024-01-25 03:09:00,2024-01-25 03:13:00,2024-01-25 03:07:00,1.0,1.0,4.0
1719,2024-02-02 20:11:00,,,2024-02-02 20:08:00,3.0,,
1720,2024-01-26 21:08:00,,,2024-01-26 21:05:00,3.0,,
1721,2024-01-18 04:47:00,2024-01-18 04:48:00,,2024-01-18 04:44:00,3.0,1.0,
1722,2024-01-31 05:36:00,2024-01-31 05:37:00,2024-01-31 05:39:00,2024-01-31 05:35:00,1.0,1.0,2.0
1723,,,,2024-01-06 03:07:00,,,
1724,2024-01-07 13:38:00,,,2024-01-07 13:35:00,3.0,,
1725,2024-01-01 02:54:00,,,2024-01-01 02:53:00,1.0,,
1726,,,,2024-02-02 23:46:00,,,
1727,,,,2024-01-24 23:27:00,,,
1728,2024-01-03 20:27:00,2024-01-03 20:30:00,2024-01-03 20:33:00,2024-01-03 20:25:00,2.0,3.0,3.0
1729,,,,2024-01-08 13:23:00,,,
1730,,,,2024-02-03 11:36:00,,,
1731,,,,2024-01-08 04:33:00,,,
1732,2024-01-06 07:04:00,2024-01-06 07:06:00,2024-01-06 07:08:00,2024-01-06 07:03:00,1.0,2.0,2.0
1733,,,,2024-01-09 04:25:00,,,
1734,2024-01-06 17:33:00,2024-01-06 17:34:00,2024-01-06 17:37:00,2024-01-06 17:30:00,3.0,1.0,3.0
1735,2024-01-23 01:08:00,2024-01-23 01:12:00,2024-01-23 01:14:00,2024-01-23 01:06:00,2.0,4.0,2.0
1736,,,,2024-01-21 04:52:00,,,
1737,,,,2024-01-26 10:07:00,,,
1738,,,,2024-02-04 10:31:00,,,
1739,,,,2024-01-14 16:24:00,,,
1740,,,,2024-01-05 18:57:00,,,
1741,2024-01-02 18:58:00,2024-01-02 18:59:00,2024-01-02 19:02:00,2024-01-02 18:55:00,3.0,1.0,3.0
1742,2024-01-25 07:50:00,,,2024-01-25 07:46:00,4.0,,
1743,2024-01-08 16:19:00,2024-01-08 16:20:00,2024-01-08 16:21:00,2024-01-08 16:18:00,1.0,1.0,1.0
1744,2024-01-15 09:25:00,2024-01-15 09:27:00,2024-01-15 09:30:00,2024-01-15 09:23:00,2.0,2.0,3.0
1745,2024-01-09 06:05:00,,,2024-01-09 06:04:00,1.0,,
1746,,,,2024-01-18 03:02:00,,,
1747,,,,2024-01-16 18:02:00,,,
1748,,,,2024-01-02 21:49:00,,,
1749,2024-01-24 12:40:00,,,2024-01-24 12:36:00,4.0,,
1750,,,,2024-01-26 16:53:00,,,
1751,,,,2024-01-25 12:53:00,,,
1752,2024-01-22 23:34:00,2024-01-22 23:36:00,2024-01-22 23:38:00,2024-01-22 23:30:00,4.0,2.0,2.0
1753,,,,2024-01-01 15:56:00,,,
1754,2024-01-10 23:36:00,2024-01-10 23:37:00,,2024-01-10 23:32:00,4.0,1.0,
1755,,,,2024-01-31 17:46:00,,,
1756,2024-01-12 19:13:00,,,2024-01-12 19:12:00,1.0,,
1757,2024-01-22 00:59:00,,,2024-01-22 00:58:00,1.0,,
1758,2024-01-21 15:07:00,,,2024-01-21 15:03:00,4.0,,
1759,2024-01-25 00:22:00,,,2024-01-25 00:20:00,2.0,,
1760,2024-01-28 04:19:00,,,2024-01-28 04:18:00,1.0,,
1761,2024-01-26 19:37:00,2024-01-26 19:40:00,2024-01-26 19:44:00,2024-01-26 19:34:00,3.0,3.0,4.0
1762,,,,2024-01-16 21:34:00,,,
1763,,,,2024-01-20 20:02:00,,,
1764,2024-01-05 18:42:00,2024-01-05 18:44:00,,2024-01-05 18:40:00,2.0,2.0,
1765,,,,2024-02-01 07:24:00,,,
1766,2024-01-22 09:46:00,,,2024-01-22 09:45:00,1.0,,
1767,2024-01-03 20:09:00,2024-01-03 20:12:00,2024-01-03 20:16:00,2024-01-03 20:07:00,2.0,3.0,4.0
1768,2024-01-19 02:38:00,2024-01-19 02:39:00,2024-01-19 02:40:00,2024-01-19 02:37:00,1.0,1.0,1.0
1769,2024-01-06 19:10:00,2024-01-06 19:12:00,2024-01-06 19:14:00,2024-01-06 19:06:00,4.0,2.0,2.0
1770,2024-01-14 16:09:00,2024-01-14 16:11:00,2024-01-14 16:13:00,2024-01-14 16:08:00,1.0,2.0,2.0
1771,2024-01-06 01:02:00,,,2024-01-06 00:58:00,4.0,,
1772,,,,2024-01-02 19:51:00,,,
1773,,,,2024-02-04 15:53:00,,,
1774,2024-02-02 22:21:00,2024-02-02 22:23:00,,2024-02-02 22:19:00,2.0,2.0,
1775,2024-01-22 09:27:00,2024-01-22 09:30:00,,2024-01-22 09:25:00,2.0,3.0,
1776,2024-01-14 12:14:00,,,2024-01-14 12:13:00,1.0,,
1777,2024-01-24 05:16:00,2024-01-24 05:18:00,2024-01-24 05:19:00,2024-01-24 05:15:00,1.0,2.0,1.0
1778,,,,2024-01-03 01:10:00,,,
1779,2024-01-26 22:25:00,2024-01-26 22:27:00,,2024-01-26 22:23:00,2.0,2.0,
1780,,,,2024-02-02 00:40:00,,,
1781,2024-01-23 07:01:00,2024-01-23 07:05:00,,2024-01-23 06:58:00,3.0,4.0,
1782,,,,2024-01-31 03:59:00,,,
1783,2024-01-31 21:26:00,2024-01-31 21:27:00,2024-01-31 21:29:00,2024-01-31 21:24:00,2.0,1.0,2.0
1784,2024-02-03 23:53:00,2024-02-03 23:54:00,2024-02-03 23:55:00,2024-02-03 23:50:00,3.0,1.0,1.0
1785,2024-01-06 07:59:00,2024-01-06 08:02:00,2024-01-06 08:03:00,2024-01-06 07:57:00,2.0,3.0,1.0
1786,,,,2024-02-01 14:04:00,,,
1787,2024-01-19 21:20:00,,,2024-01-19 21:18:00,2.0,,
1788,,,,2024-01-08 13:28:00,,,
1789,,,,2024-01-15 01:14:00,,,
1790,2024-01-15 04:15:00,2024-01-15 04:18:00,2024-01-15 04:22:00,2024-01-15 04:12:00,3.0,3.0,4.0
1791,,,,2024-01-20 03:34:00,,,
1792,2024-01-16 17:50:00,2024-01-16 17:54:00,2024-01-16 17:56:00,2024-01-16 17:49:00,1.0,4.0,2.0
1793,2024-01-20 03:59:00,2024-01-20 04:00:00,2024-01-20 04:03:00,2024-01-20 03:56:00,3.0,1.0,3.0
1794,2024-01-28 07:56:00,2024-01-28 08:00:00,2024-01-28 08:02:00,2024-01-28 07:52:00,4.0,4.0,2.0
1795,2024-02-04 11:28:00,2024-02-04 11:30:00,2024-02-04 11:32:00,2024-02-04 11:26:00,2.0,2.0,2.0
1796,,,,2024-02-04 06:50:00,,,
1797,,,,2024-01-21 16:07:00,,,
1798,2024-01-23 15:20:00,2024-01-23 15:21:00,,2024-01-23 15:19:00,1.0,1.0,
1799,2024-02-02 01:43:00,2024-02-02 01:45:00,2024-02-02 01:46:00,2024-02-02 01:40:00,3.0,2.0,1.0
1800,2024-01-02 15:57:00,2024-01-02 16:01:00,,2024-01-02 15:53:00,4.0,4.0,
1801,2024-01-02 12:00:00,2024-01-02 12:03:00,2024-01-02 12:06:00,2024-01-02 11:58:00,2.0,3.0,3.0
1802,2024-01-16 20:37:00,2024-01-16 20:40:00,2024-01-16 20:44:00,2024-01-16 20:35:00,2.0,3.0,4.0
1803,,,,2024-01-30 18:54:00,,,
1804,2024-01-07 02:51:00,2024-01-07 02:54:00,2024-01-07 02:55:00,2024-01-07 02:47:00,4.0,3.0,1.0
1805,,,,2024-01-15 20:51:00,,,
1806,,,,2024-01-24 03:09:00,,,
1807,,,,2024-01-25 09:52:00,,,
1808,2024-01-18 08:58:00,2024-01-18 08:59:00,,2024-01-18 08:56:00,2.0,1.0,
1809,2024-01-20 05:36:00,2024-01-20 05:37:00,2024-01-20 05:40:00,2024-01-20 05:35:00,1.0,1.0,3.0
1810,,,,2024-01-22 02:19:00,,,
1811,,,,2024-01-11 13:41:00,,,
1812,2024-01-13 18:46:00,,,2024-01-13 18:42:00,4.0,,
1813,,,,2024-01-10 06:50:00,,,
1814,,,,2024-01-24 04:33:00,,,
1815,,,,2024-01-07 17:20:00,,,
1816,2024-01-07 00:35:00,2024-01-07 00:39:00,2024-01-07 00:41:00,2024-01-07 00:34:00,1.0,4.0,2.0
1817,2024-02-01 21:37:00,,,2024-02-01 21:36:00,1.0,,
1818,2024-01-28 20:29:00,2024-01-28 20:31:00,2024-01-28 20:35:00,2024-01-28 20:26:00,3.0,2.0,4.0
1819,2024-01-04 02:22:00,2024-01-04 02:26:00,2024-01-04 02:30:00,2024-01-04 02:19:00,3.0,4.0,4.0
1820,,,,2024-01-17 09:27:00,,,
1821,2024-01-24 18:00:00,2024-01-24 18:01:00,2024-01-24 18:05:00,2024-01-24 17:56:00,4.0,1.0,4.0
1822,2024-01-02 18:09:00,,,2024-01-02 18:07:00,2.0,,
1823,2024-02-03 07:39:00,2024-02-03 07:43:00,2024-02-03 07:44:00,2024-02-03 07:38:00,1.0,4.0,1.0
1824,,,,2024-02-04 00:52:00,,,
1825,,,,2024-02-04 14:48:00,,,
1826,2024-01-22 02:52:00,,,2024-01-22 02:50:00,2.0,,
1827,2024-01-15 03:49:00,2024-01-15 03:53:00,,2024-01-15 03:46:00,3.0,4.0,
1828,,,,2024-02-03 13:22:00,,,
1829,,,,2024-01-02 05:47:00,,,
1830,2024-01-04 11:08:00,2024-01-04 11:09:00,2024-01-04 11:12:00,2024-01-04 11:04:00,4.0,1.0,3.0
1831,,,,2024-01-26 22:25:00,,,
1832,,,,2024-01-16 01:20:00,,,
1833,2024-01-28 16:49:00,2024-01-28 16:53:00,2024-01-28 16:57:00,2024-01-28 16:48:00,1.0,4.0,4.0
1834,,,,2024-01-18 07:32:00,,,
1835,2024-02-03 15:37:00,2024-02-03 15:41:00,2024-02-03 15:44:00,2024-02-03 15:33:00,4.0,4.0,3.0
1836,,,,2024-01-21 07:32:00,,,
1837,,,,2024-01-14 22:17:00,,,
1838,,,,2024-02-03 19:32:00,,,
1839,,,,2024-01-19 23:49:00,,,
1840,,,,2024-01-07 15:32:00,,,
1841,2024-01-11 16:31:00,2024-01-11 16:35:00,2024-01-11 16:38:00,2024-01-11 16:29:00,2.0,4.0,3.0
1842,,,,2024-01-24 05:06:00,,,
1843,2024-02-01 21:57:00,2024-02-01 21:59:00,2024-02-01 22:02:00,2024-02-01 21:56:00,1.0,2.0,3.0
1844,2024-01-03 01:42:00,2024-01-03 01:43:00,2024-01-03 01:45:00,2024-01-03 01:38:00,4.0,1.0,2.0
1845,2024-01-09 02:47:00,,,2024-01-09 02:43:00,4.0,,
1846,,,,2024-01-02 03:46:00,,,
1847,2024-01-20 11:55:00,2024-01-20 11:58:00,2024-01-20 12:01:00,2024-01-20 11:53:00,2.0,3.0,3.0
1848,,,,2024-01-05 23:45:00,,,
1849,2024-01-14 16:45:00,2024-01-14 16:48:00,2024-01-14 16:49:00,2024-01-14 16:41:00,4.0,3.0,1.0
1850,,,,2024-01-22 11:16:00,,,
1851,,,,2024-01-26 00:19:00,,,
1852,,,,2024-02-02 21:44:00,,,
1853,2024-01-29 06:15:00,,,2024-01-29 06:12:00,3.0,,
1854,2024-01-07 07:22:00,2024-01-07 07:24:00,2024-01-07 07:28:00,2024-01-07 07:20:00,2.0,2.0,4.0
1855,,,,2024-01-04 14:01:00,,,
1856,2024-01-15 03:27:00,,,2024-01-15 03:26:00,1.0,,
1857,,,,2024-01-13 00:12:00,,,
1858,,,,2024-01-29 11:04:00,,,
1859,2024-01-26 07:12:00,2024-01-26 07:16:00,2024-01-26 07:18:00,2024-01-26 07:08:00,4.0,4.0,2.0
1860,2024-02-03 10:05:00,,,2024-02-03 10:01:00,4.0,,
1861,2024-01-05 17:57:00,2024-01-05 18:00:00,2024-01-05 18:01:00,2024-01-05 17:54:00,3.0,3.0,1.0
1862,2024-02-04 16:27:00,2024-02-04 16:29:00,2024-02-04 16:33:00,2024-02-04 16:23:00,4.0,2.0,4.0
1863,2024-02-03 14:59:00,,,2024-02-03 14:58:00,1.0,,
1864,2024-01-06 13:12:00,2024-01-06 13:16:00,2024-01-06 13:17:00,2024-01-06 13:11:00,1.0,4.0,1.0
1865,2024-01-06 21:27:00,,,2024-01-06 21:24:00,3.0,,
1866,,,,2024-01-31 23:08:00,,,
1867,,,,2024-01-14 23:36:00,,,
1868,2024-01-30 01:33:00,2024-01-30 01:34:00,2024-01-30 01:37:00,2024-01-30 01:29:00,4.0,1.0,3.0
1869,,,,2024-01-09 02:33:00,,,
1870,2024-01-13 22:05:00,2024-01-13 22:08:00,,2024-01-13 22:03:00,2.0,3.0,
1871,,,,2024-01-03 16:36:00,,,
1872,,,,2024-01-06 01:35:00,,,
1873,2024-01-21 14:45:00,,,2024-01-21 14:43:00,2.0,,
1874,2024-01-13 18:11:00,,,2024-01-13 18:10:00,1.0,,
1875,2024-01-03 07:50:00,,,2024-01-03 07:49:00,1.0,,
1876,,,,2024-01-18 02:58:00,,,
1877,,,,2024-01-21 04:02:00,,,
1878,,,,2024-01-16 11:26:00,,,
1879,,,,2024-01-06 18:13:00,,,
1880,2024-02-04 02:55:00,,,2024-02-04 02:53:00,2.0,,
1881,,,,2024-01-27 22:50:00,,,
1882,2024-01-19 04:28:00,2024-01-19 04:32:00,2024-01-19 04:35:00,2024-01-19 04:26:00,2.0,4.0,3.0
1883,,,,2024-01-27 04:32:00,,,
1884,,,,2024-01-02 01:41:00,,,
1885,2024-01-15 18:02:00,,,2024-01-15 18:01:00,1.0,,
1886,2024-02-02 17:39:00,2024-02-02 17:43:00,,2024-02-02 17:35:00,4.0,4.0,
1887,2024-01-16 15:38:00,2024-01-16 15:41:00,2024-01-16 15:45:00,2024-01-16 15:37:00,1.0,3.0,4.0
1888,,,,2024-01-09 04:47:00,,,
1889,2024-01-07 16:07:00,,,2024-01-07 16:05:00,2.0,,
1890,2024-01-27 23:43:00,,,2024-01-27 23:42:00,1.0,,
1891,,,,2024-01-13 10:44:00,,,
1892,,,,2024-01-22 02:21:00,,,
1893,,,,2024-01-20 13:18:00,,,
1894,2024-02-01 00:05:00,2024-02-01 00:06:00,2024-02-01 00:10:00,2024-02-01 00:03:00,2.0,1.0,4.0
1895,,,,2024-02-03 00:51:00,,,
1896,2024-01-10 23:05:00,,,2024-01-10 23:04:00,1.0,,
1897,2024-02-02 02:12:00,2024-02-02 02:16:00,,2024-02-02 02:08:00,4.0,4.0,
1898,2024-02-02 17:37:00,2024-02-02 17:38:00,2024-02-02 17:39:00,2024-02-02 17:36:00,1.0,1.0,1.0
1899,2024-01-18 15:25:00,2024-01-18 15:28:00,2024-01-18 15:32:00,2024-01-18 15:23:00,2.0,3.0,4.0
1900,2024-01-02 01:40:00,2024-01-02 01:41:00,2024-01-02 01:44:00,2024-01-02 01:36:00,4.0,1.0,3.0
1901,2024-01-19 21:52:00,,,2024-01-19 21:50:00,2.0,,
1902,2024-01-07 03:44:00,2024-01-07 03:47:00,2024-01-07 03:49:00,2024-01-07 03:42:00,2.0,3.0,2.0
1903,,,,2024-01-25 17:58:00,,,
1904,,,,2024-01-18 19:02:00,,,
1905,,,,2024-01-19 04:21:00,,,
1906,2024-01-02 21:28:00,2024-01-02 21:29:00,,2024-01-02 21:24:00,4.0,1.0,
1907,2024-01-16 14:26:00,2024-01-16 14:29:00,2024-01-16 14:30:00,2024-01-16 14:25:00,1.0,3.0,1.0
1908,2024-01-18 16:47:00,2024-01-18 16:49:00,,2024-01-18 16:45:00,2.0,2.0,
1909,2024-02-02 22:19:00,2024-02-02 22:20:00,,2024-02-02 22:18:00,1.0,1.0,
1910,2024-01-30 20:34:00,,,2024-01-30 20:30:00,4.0,,
1911,,,,2024-01-16 09:54:00,,,
1912,,,,2024-01-23 09:12:00,,,
1913,2024-01-24 18:01:00,2024-01-24 18:02:00,2024-01-24 18:03:00,2024-01-24 17:57:00,4.0,1.0,1.0
1914,,,,2024-01-16 07:09:00,,,
1915,,,,2024-01-20 03:06:00,,,
1916,2024-01-24 11:37:00,2024-01-24 11:41:00,2024-01-24 11:42:00,2024-01-24 11:34:00,3.0,4.0,1.0
1917,2024-01-11 15:04:00,2024-01-11 15:08:00,2024-01-11 15:10:00,2024-01-11 15:01:00,3.0,4.0,2.0
1918,,,,2024-01-25 11:44:00,,,
1919,2024-01-24 04:55:00,2024-01-24 04:56:00,2024-01-24 04:58:00,2024-01-24 04:53:00,2.0,1.0,2.0
1920,2024-01-16 15:36:00,2024-01-16 15:40:00,,2024-01-16 15:33:00,3.0,4.0,
1921,2024-01-27 18:03:00,2024-01-27 18:06:00,2024-01-27 18:10:00,2024-01-27 18:02:00,1.0,3.0,4.0
1922,2024-01-29 05:15:00,2024-01-29 05:16:00,2024-01-29 05:17:00,2024-01-29 05:13:00,2.0,1.0,1.0
1923,2024-01-18 01:37:00,,,2024-01-18 01:35:00,2.0,,
1924,,,,2024-01-29 13:07:00,,,
1925,,,,2024-01-10 07:49:00,,,
1926,2024-01-18 18:21:00,2024-01-18 18:22:00,2024-01-18 18:23:00,2024-01-18 18:17:00,4.0,1.0,1.0
1927,2024-01-30 07:58:00,2024-01-30 07:59:00,2024-01-30 08:02:00,2024-01-30 07:54:00,4.0,1.0,3.0
1928,,,,2024-01-10 05:33:00,,,
1929,2024-02-02 10:09:00,,,2024-02-02 10:08:00,1.0,,
1930,2024-01-10 11:08:00,2024-01-10 11:11:00,2024-01-10 11:12:00,2024-01-10 11:05:00,3.0,3.0,1.0
1931,,,,2024-01-16 15:18:00,,,
1932,2024-01-19 09:40:00,2024-01-19 09:44:00,2024-01-19 09:47:00,2024-01-19 09:38:00,2.0,4.0,3.0
1933,2024-01-21 05:03:00,2024-01-21 05:04:00,2024-01-21 05:06:00,2024-01-21 04:59:00,4.0,1.0,2.0
1934,2024-01-01 02:56:00,2024-01-01 02:58:00,2024-01-01 02:59:00,2024-01-01 02:54:00,2.0,2.0,1.0
1935,,,,2024-01-17 00:19:00,,,
1936,2024-01-17 23:19:00,2024-01-17 23:23:00,2024-01-17 23:26:00,2024-01-17 23:15:00,4.0,4.0,3.0
1937,2024-01-30 11:33:00,,,2024-01-30 11:31:00,2.0,,
1938,2024-01-06 03:02:00,2024-01-06 03:05:00,2024-01-06 03:06:00,2024-01-06 03:00:00,2.0,3.0,1.0
1939,2024-01-06 19:09:00,,,2024-01-06 19:07:00,2.0,,
1940,2024-02-01 12:59:00,2024-02-01 13:03:00,,2024-02-01 12:57:00,2.0,4.0,
1941,2024-01-27 20:24:00,2024-01-27 20:27:00,2024-01-27 20:30:00,2024-01-27 20:21:00,3.0,3.0,3.0
1942,2024-02-03 05:16:00,2024-02-03 05:18:00,2024-02-03 05:20:00,2024-02-03 05:13:00,3.0,2.0,2.0
1943,2024-01-31 16:52:00,2024-01-31 16:55:00,2024-01-31 16:59:00,2024-01-31 16:51:00,1.0,3.0,4.0
1944,,,,2024-01-21 06:20:00,,,
1945,2024-01-11 08:14:00,,,2024-01-11 08:13:00,1.0,,
1946,2024-01-22 05:24:00,2024-01-22 05:27:00,,2024-01-22 05:22:00,2.0,3.0,
1947,2024-01-16 12:13:00,2024-01-16 12:15:00,2024-01-16 12:19:00,2024-01-16 12:11:00,2.0,2.0,4.0
1948,,,,2024-01-25 16:08:00,,,
1949,,,,2024-01-04 04:29:00,,,
1950,,,,2024-01-20 18:28:00,,,
1951,2024-01-13 09:41:00,2024-01-13 09:43:00,,2024-01-13 09:40:00,1.0,2.0,
1952,,,,2024-01-11 07:23:00,,,
1953,2024-01-04 15:05:00,,,2024-01-04 15:01:00,4.0,,
1954,,,,2024-01-20 14:17:00,,,
1955,2024-01-15 19:02:00,2024-01-15 19:05:00,2024-01-15 19:08:00,2024-01-15 18:58:00,4.0,3.0,3.0
1956,2024-01-26 00:40:00,2024-01-26 00:44:00,2024-01-26 00:48:00,2024-01-26 00:39:00,1.0,4.0,4.0
1957,2024-01-23 09:58:00,2024-01-23 10:01:00,,2024-01-23 09:54:00,4.0,3.0,
1958,2024-01-16 01:33:00,2024-01-16 01:37:00,2024-01-16 01:40:00,2024-01-16 01:29:00,4.0,4.0,3.0
1959,2024-01-23 23:23:00,,,2024-01-23 23:21:00,2.0,,
1960,,,,2024-01-27 00:54:00,,,
1961,2024-01-10 02:44:00,2024-01-10 02:45:00,2024-01-10 02:47:00,2024-01-10 02:41:00,3.0,1.0,2.0
1962,,,,2024-02-02 17:25:00,,,
1963,2024-01-19 03:18:00,2024-01-19 03:22:00,2024-01-19 03:23:00,2024-01-19 03:17:00,1.0,4.0,1.0
1964,2024-01-14 03:54:00,2024-01-14 03:57:00,2024-01-14 03:58:00,2024-01-14 03:52:00,2.0,3.0,1.0
1965,2024-01-08 20:19:00,2024-01-08 20:21:00,2024-01-08 20:24:00,2024-01-08 20:17:00,2.0,2.0,3.0
1966,2024-01-13 17:25:00,,,2024-01-13 17:23:00,2.0,,
1967,,,,2024-01-14 04:59:00,,,
1968,2024-02-02 04:38:00,2024-02-02 04:40:00,2024-02-02 04:42:00,2024-02-02 04:35:00,3.0,2.0,2.0
1969,,,,2024-01-17 01:22:00,,,
1970,2024-01-05 23:22:00,,,2024-01-05 23:19:00,3.0,,
1971,,,,2024-01-25 01:14:00,,,
1972,,,,2024-01-09 21:14:00,,,
1973,2024-02-04 00:57:00,2024-02-04 00:59:00,2024-02-04 01:01:00,2024-02-04 00:53:00,4.0,2.0,2.0
1974,,,,2024-01-06 07:37:00,,,
1975,,,,2024-01-17 00:24:00,,,
1976,2024-02-03 01:24:00,2024-02-03 01:27:00,,2024-02-03 01:20:00,4.0,3.0,
1977,,,,2024-01-31 13:56:00,,,
1978,2024-01-14 22:56:00,,,2024-01-14 22:52:00,4.0,,
1979,,,,2024-01-19 11:59:00,,,
1980,,,,2024-01-18 04:40:00,,,
1981,,,,2024-01-26 17:08:00,,,
1982,2024-02-03 08:06:00,2024-02-03 08:10:00,2024-02-03 08:13:00,2024-02-03 08:03:00,3.0,4.0,3.0
1983,2024-01-09 22:52:00,2024-01-09 22:54:00,2024-01-09 22:58:00,2024-01-09 22:51:00,1.0,2.0,4.0
1984,2024-01-18 08:01:00,,,2024-01-18 07:59:00,2.0,,
1985,2024-01-20 02:09:00,2024-01-20 02:12:00,2024-01-20 02:16:00,2024-01-20 02:07:00,2.0,3.0,4.0
1986,2024-01-05 03:58:00,,,2024-01-05 03:54:00,4.0,,
1987,2024-01-14 00:54:00,,,2024-01-14 00:51:00,3.0,,
1988,2024-01-01 23:41:00,2024-01-01 23:45:00,2024-01-01 23:46:00,2024-01-01 23:37:00,4.0,4.0,1.0
1989,,,,2024-01-25 04:59:00,,,
1990,,,,2024-02-03 22:29:00,,,
1991,,,,2024-01-04 23:06:00,,,
1992,,,,2024-01-19 01:31:00,,,
1993,,,,2024-02-02 20:36:00,,,
1994,2024-01-07 22:30:00,,,2024-01-07 22:28:00,2.0,,
1995,2024-01-29 17:30:00,2024-01-29 17:33:00,2024-01-29 17:34:00,2024-01-29 17:26:00,4.0,3.0,1.0
1996,,,,2024-01-16 05:35:00,,,
1997,,,,2024-01-05 01:10:00,,,
1998,,,,2024-01-26 04:40:00,,,
1999,2024-01-24 11:48:00,,,2024-01-24 11:47:00,1.0,,
2000,,,,2024-01-11 02:05:00,,,
2001,2024-01-18 18:41:00,2024-01-18 18:45:00,2024-01-18 18:47:00,2024-01-18 18:37:00,4.0,4.0,2.0
2002,,,,2024-01-16 00:06:00,,,
2003,2024-01-21 08:26:00,2024-01-21 08:28:00,2024-01-21 08:32:00,2024-01-21 08:25:00,1.0,2.0,4.0
2004,2024-01-22 02:00:00,2024-01-22 02:01:00,2024-01-22 02:05:00,2024-01-22 01:57:00,3.0,1.0,4.0
2005,,,,2024-01-25 12:25:00,,,
2006,2024-01-01 15:40:00,,,2024-01-01 15:38:00,2.0,,
2007,2024-02-03 21:17:00,2024-02-03 21:19:00,2024-02-03 21:22:00,2024-02-03 21:15:00,2.0,2.0,3.0
2008,2024-01-17 21:52:00,,,2024-01-17 21:51:00,1.0,,
2009,2024-01-16 01:56:00,,,2024-01-16 01:55:00,1.0,,
2010,2024-02-04 03:43:00,,,2024-02-04 03:42:00,1.0,,
2011,2024-01-27 20:03:00,2024-01-27 20:06:00,2024-01-27 20:07:00,2024-01-27 20:01:00,2.0,3.0,1.0
2012,2024-01-07 01:14:00,2024-01-07 01:17:00,,2024-01-07 01:10:00,4.0,3.0,
2013,,,,2024-01-18 15:42:00,,,
2014,2024-01-17 10:36:00,2024-01-17 10:38:00,,2024-01-17 10:35:00,1.0,2.0,
2015,,,,2024-01-26 15:40:00,,,
2016,,,,2024-01-19 20:39:00,,,
2017,2024-01-27 22:22:00,2024-01-27 22:23:00,2024-01-27 22:25:00,2024-01-27 22:19:00,3.0,1.0,2.0
2018,2024-01-26 08:57:00,2024-01-26 08:59:00,,2024-01-26 08:53:00,4.0,2.0,
2019,,,,2024-01-17 06:11:00,,,
2020,,,,2024-01-27 16:02:00,,,
2021,2024-01-19 00:51:00,2024-01-19 00:54:00,2024-01-19 00:55:00,2024-01-19 00:48:00,3.0,3.0,1.0
2022,2024-01-12 17:37:00,,,2024-01-12 17:34:00,3.0,,
2023,2024-01-26 16:23:00,2024-01-26 16:27:00,2024-01-26 16:28:00,2024-01-26 16:21:00,2.0,4.0,1.0
2024,2024-01-02 22:21:00,2024-01-02 22:22:00,2024-01-02 22:25:00,2024-01-02 22:19:00,2.0,1.0,3.0
2025,2024-01-25 01:48:00,,,2024-01-25 01:46:00,2.0,,
2026,2024-01-13 10:28:00,2024-01-13 10:32:00,2024-01-13 10:33:00,2024-01-13 10:25:00,3.0,4.0,1.0
2027,2024-01-06 19:52:00,2024-01-06 19:55:00,2024-01-06 19:59:00,2024-01-06 19:49:00,3.0,3.0,4.0
2028,2024-02-01 21:34:00,,,2024-02-01 21:30:00,4.0,,
2029,2024-01-28 06:42:00,2024-01-28 06:43:00,2024-01-28 06:46:00,2024-01-28 06:38:00,4.0,1.0,3.0
2030,2024-01-07 17:26:00,2024-01-07 17:30:00,2024-01-07 17:33:00,2024-01-07 17:25:00,1.0,4.0,3.0
2031,2024-01-08 18:57:00,2024-01-08 18:59:00,2024-01-08 19:00:00,2024-01-08 18:53:00,4.0,2.0,1.0
2032,2024-01-21 02:50:00,,,2024-01-21 02:48:00,2.0,,
2033,,,,2024-01-06 00:09:00,,,
2034,2024-01-30 03:44:00,2024-01-30 03:45:00,2024-01-30 03:49:00,2024-01-30 03:43:00,1.0,1.0,4.0
2035,,,,2024-01-28 23:07:00,,,
2036,,,,2024-01-31 21:08:00,,,
2037,,,,2024-01-06 12:43:00,,,
2038,2024-01-12 07:36:00,2024-01-12 07:37:00,2024-01-12 07:39:00,2024-01-12 07:34:00,2.0,1.0,2.0
2039,2024-01-04 23:27:00,2024-01-04 23:29:00,2024-01-04 23:31:00,2024-01-04 23:24:00,3.0,2.0,2.0
2040,2024-01-19 23:02:00,2024-01-19 23:05:00,2024-01-19 23:06:00,2024-01-19 22:59:00,3.0,3.0,1.0
2041,2024-01-12 05:59:00,,,2024-01-12 05:58:00,1.0,,
2042,2024-01-25 15:08:00,2024-01-25 15:11:00,2024-01-25 15:14:00,2024-01-25 15:07:00,1.0,3.0,3.0
2043,2024-01-11 11:37:00,,,2024-01-11 11:33:00,4.0,,
2044,2024-01-08 13:48:00,2024-01-08 13:50:00,2024-01-08 13:53:00,2024-01-08 13:47:00,1.0,2.0,3.0
2045,,,,2024-01-27 01:59:00,,,
2046,2024-01-06 09:50:00,2024-01-06 09:52:00,2024-01-06 09:55:00,2024-01-06 09:47:00,3.0,2.0,3.0
2047,,,,2024-02-03 22:57:00,,,
2048,,,,2024-01-24 02:46:00,,,
2049,,,,2024-01-02 17:48:00,,,
2050,,,,2024-01-26 15:24:00,,,
2051,,,,2024-01-21 22:41:00,,,
2052,2024-01-01 22:56:00,,,2024-01-01 22:52:00,4.0,,
2053,,,,2024-01-19 02:14:00,,,
2054,2024-01-20 07:33:00,2024-01-20 07:37:00,2024-01-20 07:41:00,2024-01-20 07:32:00,1.0,4.0,4.0
2055,2024-01-01 14:41:00,,,2024-01-01 14:39:00,2.0,,
2056,2024-01-14 01:18:00,,,2024-01-14 01:16:00,2.0,,
2057,,,,2024-02-01 14:19:00,,,
2058,,,,2024-02-03 00:45:00,,,
2059,,,,2024-01-21 05:02:00,,,
2060,2024-01-31 13:54:00,2024-01-31 13:57:00,,2024-01-31 13:53:00,1.0,3.0,
2061,2024-01-21 16:00:00,2024-01-21 16:03:00,2024-01-21 16:07:00,2024-01-21 15:59:00,1.0,3.0,4.0
2062,,,,2024-01-17 02:55:00,,,
2063,2024-01-09 16:01:00,2024-01-09 16:02:00,2024-01-09 16:03:00,2024-01-09 15:58:00,3.0,1.0,1.0
2064,2024-01-01 19:24:00,,,2024-01-01 19:21:00,3.0,,
2065,,,,2024-01-07 07:06:00,,,
2066,,,,2024-01-03 07:54:00,,,
2067,2024-01-29 00:49:00,,,2024-01-29 00:48:00,1.0,,
2068,,,,2024-01-03 21:53:00,,,
2069,,,,2024-01-12 07:40:00,,,
2070,,,,2024-01-03 07:37:00,,,
2071,2024-01-08 19:20:00,2024-01-08 19:24:00,2024-01-08 19:25:00,2024-01-08 19:16:00,4.0,4.0,1.0
2072,,,,2024-01-29 17:39:00,,,
2073,,,,2024-01-11 03:56:00,,,
2074,,,,2024-01-22 13:59:00,,,
2075,,,,2024-01-11 06:32:00,,,
2076,,,,2024-01-29 10:09:00,,,
2077,2024-01-15 13:20:00,2024-01-15 13:21:00,,2024-01-15 13:19:00,1.0,1.0,
2078,2024-01-10 16:52:00,2024-01-10 16:54:00,2024-01-10 16:58:00,2024-01-10 16:50:00,2.0,2.0,4.0
2079,2024-01-03 17:52:00,2024-01-03 17:55:00,2024-01-03 17:59:00,2024-01-03 17:48:00,4.0,3.0,4.0
2080,2024-01-14 11:31:00,,,2024-01-14 11:30:00,1.0,,
2081,2024-01-01 10:55:00,,,2024-01-01 10:53:00,2.0,,
2082,,,,2024-01-25 20:06:00,,,
2083,2024-01-22 12:54:00,2024-01-22 12:57:00,2024-01-22 13:01:00,2024-01-22 12:50:00,4.0,3.0,4.0
2084,,,,2024-01-26 15:31:00,,,
2085,2024-02-02 23:41:00,2024-02-02 23:45:00,,2024-02-02 23:39:00,2.0,4.0,
2086,,,,2024-01-18 12:32:00,,,
2087,2024-01-15 08:23:00,2024-01-15 08:26:00,,2024-01-15 08:19:00,4.0,3.0,
2088,2024-01-13 17:17:00,2024-01-13 17:18:00,2024-01-13 17:19:00,2024-01-13 17:13:00,4.0,1.0,1.0
2089,2024-01-10 13:46:00,2024-01-10 13:48:00,2024-01-10 13:50:00,2024-01-10 13:43:00,3.0,2.0,2.0
2090,,,,2024-01-13 04:31:00,,,
2091,,,,2024-02-04 04:43:00,,,
2092,2024-01-01 20:01:00,2024-01-01 20:02:00,2024-01-01 20:03:00,2024-01-01 19:59:00,2.0,1.0,1.0
2093,,,,2024-01-31 11:41:00,,,
2094,2024-02-01 16:24:00,,,2024-02-01 16:23:00,1.0,,
2095,2024-01-10 03:38:00,,,2024-01-10 03:37:00,1.0,,
2096,2024-01-31 13:54:00,2024-01-31 13:58:00,2024-01-31 14:00:00,2024-01-31 13:51:00,3.0,4.0,2.0
2097,2024-01-21 09:35:00,2024-01-21 09:36:00,,2024-01-21 09:32:00,3.0,1.0,
2098,,,,2024-01-29 08:56:00,,,
2099,,,,2024-01-14 11:16:00,,,
2100,2024-01-16 00:02:00,2024-01-16 00:04:00,2024-01-16 00:05:00,2024-01-15 23:59:00,3.0,2.0,1.0
2101,2024-01-11 06:19:00,,,2024-01-11 06:18:00,1.0,,
2102,2024-01-24 05:24:00,2024-01-24 05:28:00,2024-01-24 05:32:00,2024-01-24 05:20:00,4.0,4.0,4.0
2103,2024-01-28 00:12:00,2024-01-28 00:14:00,2024-01-28 00:17:00,2024-01-28 00:08:00,4.0,2.0,3.0
2104,,,,2024-01-02 19:26:00,,,
2105,,,,2024-01-24 06:05:00,,,
2106,2024-02-04 12:54:00,,,2024-02-04 12:52:00,2.0,,
2107,2024-01-20 16:02:00,2024-01-20 16:05:00,2024-01-20 16:07:00,2024-01-20 16:00:00,2.0,3.0,2.0
2108,2024-02-04 02:13:00,2024-02-04 02:15:00,2024-02-04 02:17:00,2024-02-04 02:11:00,2.0,2.0,2.0
2109,2024-01-18 06:27:00,2024-01-18 06:29:00,2024-01-18 06:33:00,2024-01-18 06:26:00,1.0,2.0,4.0
2110,2024-01-01 16:32:00,,,2024-01-01 16:30:00,2.0,,
2111,2024-01-03 21:44:00,2024-01-03 21:45:00,,2024-01-03 21:43:00,1.0,1.0,
2112,2024-01-12 14:43:00,,,2024-01-12 14:39:00,4.0,,
2113,2024-01-12 18:32:00,2024-01-12 18:34:00,2024-01-12 18:37:00,2024-01-12 18:31:00,1.0,2.0,3.0
2114,,,,2024-01-03 03:10:00,,,
2115,2024-01-16 00:54:00,,,2024-01-16 00:50:00,4.0,,
2116,2024-01-16 07:13:00,,,2024-01-16 07:10:00,3.0,,
2117,2024-01-25 21:58:00,2024-01-25 21:59:00,2024-01-25 22:02:00,2024-01-25 21:56:00,2.0,1.0,3.0
2118,,,,2024-01-01 06:14:00,,,
2119,2024-02-04 13:39:00,2024-02-04 13:42:00,2024-02-04 13:43:00,2024-02-04 13:37:00,2.0,3.0,1.0
2120,,,,2024-01-02 08:31:00,,,
2121,2024-02-04 15:21:00,2024-02-04 15:25:00,2024-02-04 15:27:00,2024-02-04 15:20:00,1.0,4.0,2.0
2122,2024-01-26 01:37:00,,,2024-01-26 01:36:00,1.0,,
2123,,,,2024-01-04 15:49:00,,,
2124,2024-02-04 09:57:00,,,2024-02-04 09:53:00,4.0,,
2125,,,,2024-01-09 01:52:00,,,
2126,,,,2024-01-09 05:57:00,,,
2127,,,,2024-01-27 21:35:00,,,
2128,,,,2024-01-28 02:20:00,,,
2129,2024-01-18 21:18:00,2024-01-18 21:21:00,2024-01-18 21:24:00,2024-01-18 21:16:00,2.0,3.0,3.0
2130,2024-02-03 10:37:00,,,2024-02-03 10:33:00,4.0,,
2131,2024-01-08 16:12:00,2024-01-08 16:15:00,2024-01-08 16:16:00,2024-01-08 16:09:00,3.0,3.0,1.0
2132,2024-02-01 01:33:00,,,2024-02-01 01:29:00,4.0,,
2133,2024-01-02 16:36:00,,,2024-01-02 16:32:00,4.0,,
2134,2024-02-02 11:18:00,2024-02-02 11:19:00,2024-02-02 11:22:00,2024-02-02 11:17:00,1.0,1.0,3.0
2135,2024-01-29 14:37:00,2024-01-29 14:40:00,2024-01-29 14:43:00,2024-01-29 14:35:00,2.0,3.0,3.0
2136,,,,2024-01-27 13:30:00,,,
2137,,,,2024-01-11 15:19:00,,,
2138,,,,2024-01-11 10:47:00,,,
2139,2024-02-02 21:27:00,2024-02-02 21:28:00,2024-02-02 21:31:00,2024-02-02 21:26:00,1.0,1.0,3.0
2140,2024-01-15 04:41:00,,,2024-01-15 04:40:00,1.0,,
2141,2024-01-06 01:18:00,,,2024-01-06 01:14:00,4.0,,
2142,2024-01-20 19:44:00,2024-01-20 19:48:00,2024-01-20 19:50:00,2024-01-20 19:42:00,2.0,4.0,2.0
2143,2024-01-26 03:23:00,2024-01-26 03:24:00,2024-01-26 03:28:00,2024-01-26 03:19:00,4.0,1.0,4.0
2144,,,,2024-01-13 11:49:00,,,
2145,,,,2024-01-04 08:20:00,,,
2146,,,,2024-01-21 19:30:00,,,
2147,2024-01-11 14:45:00,,,2024-01-11 14:42:00,3.0,,
2148,,,,2024-01-29 22:52:00,,,
2149,2024-01-11 14:33:00,2024-01-11 14:37:00,2024-01-11 14:38:00,2024-01-11 14:32:00,1.0,4.0,1.0
2150,,,,2024-01-14 11:52:00,,,
2151,2024-01-16 16:09:00,,,2024-01-16 16:05:00,4.0,,
2152,2024-01-12 01:55:00,2024-01-12 01:57:00,2024-01-12 02:00:00,2024-01-12 01:53:00,2.0,2.0,3.0
2153,2024-01-11 11:54:00,,,2024-01-11 11:52:00,2.0,,
2154,,,,2024-01-01 23:16:00,,,
2155,2024-01-17 17:13:00,2024-01-17 17:16:00,2024-01-17 17:19:00,2024-01-17 17:11:00,2.0,3.0,3.0
2156,2024-01-22 10:56:00,2024-01-22 11:00:00,2024-01-22 11:02:00,2024-01-22 10:54:00,2.0,4.0,2.0
2157,2024-02-02 17:32:00,,,2024-02-02 17:28:00,4.0,,
2158,2024-01-11 05:29:00,2024-01-11 05:31:00,2024-01-11 05:35:00,2024-01-11 05:25:00,4.0,2.0,4.0
2159,,,,2024-02-04 02:04:00,,,
2160,2024-01-22 17:00:00,,,2024-01-22 16:58:00,2.0,,
2161,,,,2024-01-14 07:50:00,,,
2162,2024-02-01 05:20:00,,,2024-02-01 05:16:00,4.0,,
2163,2024-02-04 02:58:00,2024-02-04 03:00:00,,2024-02-04 02:57:00,1.0,2.0,
2164,2024-01-27 09:55:00,2024-01-27 09:58:00,2024-01-27 10:02:00,2024-01-27 09:52:00,3.0,3.0,4.0
2165,,,,2024-01-22 15:30:00,,,
2166,2024-01-27 21:58:00,2024-01-27 22:00:00,2024-01-27 22:02:00,2024-01-27 21:54:00,4.0,2.0,2.0
2167,,,,2024-02-04 03:12:00,,,
2168,2024-01-20 04:35:00,2024-01-20 04:38:00,2024-01-20 04:40:00,2024-01-20 04:32:00,3.0,3.0,2.0
2169,,,,2024-01-02 17:03:00,,,
2170,2024-01-07 03:27:00,2024-01-07 03:29:00,2024-01-07 03:31:00,2024-01-07 03:23:00,4.0,2.0,2.0
2171,,,,2024-01-03 17:23:00,,,
2172,2024-01-10 08:26:00,,,2024-01-10 08:24:00,2.0,,
2173,2024-01-02 05:26:00,2024-01-02 05:27:00,2024-01-02 05:29:00,2024-01-02 05:22:00,4.0,1.0,2.0
2174,2024-01-18 19:15:00,2024-01-18 19:17:00,2024-01-18 19:18:00,2024-01-18 19:11:00,4.0,2.0,1.0
2175,2024-01-30 09:22:00,,,2024-01-30 09:19:00,3.0,,
2176,2024-01-19 13:38:00,2024-01-19 13:41:00,2024-01-19 13:44:00,2024-01-19 13:36:00,2.0,3.0,3.0
2177,,,,2024-02-03 03:09:00,,,
2178,2024-01-11 04:18:00,2024-01-11 04:21:00,2024-01-11 04:23:00,2024-01-11 04:15:00,3.0,3.0,2.0
2179,,,,2024-02-03 20:57:00,,,
2180,2024-01-12 21:21:00,2024-01-12 21:22:00,2024-01-12 21:23:00,2024-01-12 21:18:00,3.0,1.0,1.0
2181,,,,2024-02-01 02:12:00,,,
2182,2024-01-12 01:41:00,2024-01-12 01:42:00,2024-01-12 01:44:00,2024-01-12 01:39:00,2.0,1.0,2.0
2183,,,,2024-01-24 15:45:00,,,
2184,,,,2024-02-01 22:49:00,,,
2185,2024-01-22 22:11:00,2024-01-22 22:15:00,2024-01-22 22:18:00,2024-01-22 22:09:00,2.0,4.0,3.0
2186,2024-01-12 08:01:00,,,2024-01-12 07:59:00,2.0,,
2187,,,,2024-01-08 23:52:00,,,
2188,2024-01-08 00:30:00,2024-01-08 00:31:00,2024-01-08 00:34:00,2024-01-08 00:27:00,3.0,1.0,3.0
2189,2024-01-31 04:35:00,2024-01-31 04:37:00,2024-01-31 04:40:00,2024-01-31 04:32:00,3.0,2.0,3.0
2190,,,,2024-01-14 21:51:00,,,
2191,2024-02-01 07:38:00,2024-02-01 07:40:00,,2024-02-01 07:35:00,3.0,2.0,
2192,,,,2024-01-20 09:30:00,,,
2193,,,,2024-01-19 12:35:00,,,
2194,,,,2024-01-03 07:15:00,,,
2195,,,,2024-02-02 07:09:00,,,
2196,2024-01-29 14:30:00,2024-01-29 14:34:00,2024-01-29 14:38:00,2024-01-29 14:29:00,1.0,4.0,4.0
2197,2024-01-31 01:39:00,2024-01-31 01:41:00,2024-01-31 01:43:00,2024-01-31 01:38:00,1.0,2.0,2.0
2198,2024-01-21 06:45:00,2024-01-21 06:49:00,2024-01-21 06:51:00,2024-01-21 06:41:00,4.0,4.0,2.0
2199,,,,2024-01-14 05:01:00,,,
2200,,,,2024-01-04 12:03:00,,,
2201,2024-01-15 00:27:00,,,2024-01-15 00:24:00,3.0,,
2202,2024-01-16 15:30:00,,,2024-01-16 15:27:00,3.0,,
2203,2024-01-03 21:24:00,2024-01-03 21:25:00,2024-01-03 21:27:00,2024-01-03 21:22:00,2.0,1.0,2.0
2204,2024-01-15 12:58:00,,,2024-01-15 12:57:00,1.0,,
2205,,,,2024-01-07 02:01:00,,,
2206,2024-01-04 18:00:00,2024-01-04 18:03:00,2024-01-04 18:04:00,2024-01-04 17:57:00,3.0,3.0,1.0
2207,2024-01-12 10:23:00,2024-01-12 10:24:00,2024-01-12 10:25:00,2024-01-12 10:20:00,3.0,1.0,1.0
2208,2024-01-15 02:01:00,,,2024-01-15 01:57:00,4.0,,
2209,2024-02-03 14:07:00,2024-02-03 14:10:00,2024-02-03 14:11:00,2024-02-03 14:04:00,3.0,3.0,1.0
2210,2024-01-06 04:10:00,2024-01-06 04:12:00,2024-01-06 04:13:00,2024-01-06 04:06:00,4.0,2.0,1.0
2211,2024-01-08 15:57:00,2024-01-08 15:59:00,2024-01-08 16:02:00,2024-01-08 15:53:00,4.0,2.0,3.0
2212,,,,2024-01-25 20:46:00,,,
2213,,,,2024-01-02 18:07:00,,,
2214,2024-01-02 09:51:00,,,2024-01-02 09:49:00,2.0,,
2215,,,,2024-01-09 23:30:00,,,
2216,2024-01-02 17:43:00,2024-01-02 17:46:00,2024-01-02 17:47:00,2024-01-02 17:42:00,1.0,3.0,1.0
2217,2024-01-18 19:05:00,,,2024-01-18 19:04:00,1.0,,
2218,2024-01-11 15:48:00,2024-01-11 15:52:00,2024-01-11 15:55:00,2024-01-11 15:46:00,2.0,4.0,3.0
2219,2024-01-30 01:37:00,,,2024-01-30 01:35:00,2.0,,
2220,2024-01-24 20:37:00,,,2024-01-24 20:36:00,1.0,,
2221,2024-01-03 20:31:00,,,2024-01-03 20:29:00,2.0,,
2222,2024-01-15 21:17:00,2024-01-15 21:19:00,,2024-01-15 21:15:00,2.0,2.0,
2223,2024-01-27 13:23:00,2024-01-27 13:25:00,2024-01-27 13:26:00,2024-01-27 13:22:00,1.0,2.0,1.0
2224,2024-01-09 15:49:00,2024-01-09 15:53:00,2024-01-09 15:57:00,2024-01-09 15:48:00,1.0,4.0,4.0
2225,2024-01-08 20:07:00,2024-01-08 20:11:00,,2024-01-08 20:06:00,1.0,4.0,
2226,2024-01-17 01:08:00,2024-01-17 01:12:00,2024-01-17 01:16:00,2024-01-17 01:04:00,4.0,4.0,4.0
2227,2024-01-29 10:37:00,2024-01-29 10:40:00,2024-01-29 10:42:00,2024-01-29 10:33:00,4.0,3.0,2.0
2228,2024-01-04 11:31:00,,,2024-01-04 11:28:00,3.0,,
2229,2024-01-22 16:50:00,,,2024-01-22 16:46:00,4.0,,
2230,,,,2024-02-02 13:31:00,,,
2231,2024-01-29 04:46:00,2024-01-29 04:47:00,2024-01-29 04:48:00,2024-01-29 04:43:00,3.0,1.0,1.0
2232,2024-02-01 13:18:00,2024-02-01 13:19:00,2024-02-01 13:21:00,2024-02-01 13:14:00,4.0,1.0,2.0
2233,2024-01-16 18:22:00,,,2024-01-16 18:18:00,4.0,,
2234,2024-01-14 01:33:00,2024-01-14 01:34:00,2024-01-14 01:35:00,2024-01-14 01:32:00,1.0,1.0,1.0
2235,,,,2024-01-05 12:56:00,,,
2236,2024-01-02 04:32:00,,,2024-01-02 04:28:00,4.0,,
2237,2024-01-03 11:13:00,,,2024-01-03 11:11:00,2.0,,
2238,2024-01-24 03:30:00,2024-01-24 03:34:00,,2024-01-24 03:29:00,1.0,4.0,
2239,,,,2024-01-31 21:08:00,,,
2240,2024-02-04 03:29:00,,,2024-02-04 03:26:00,3.0,,
2241,2024-02-03 17:49:00,2024-02-03 17:50:00,2024-02-03 17:51:00,2024-02-03 17:47:00,2.0,1.0,1.0
2242,,,,2024-01-24 05:50:00,,,
2243,2024-01-27 04:00:00,2024-01-27 04:04:00,2024-01-27 04:08:00,2024-01-27 03:58:00,2.0,4.0,4.0
2244,2024-01-13 15:32:00,2024-01-13 15:34:00,2024-01-13 15:36:00,2024-01-13 15:28:00,4.0,2.0,2.0
2245,,,,2024-01-26 06:25:00,,,
2246,,,,2024-01-11 05:33:00,,,
2247,2024-01-27 13:43:00,,,2024-01-27 13:42:00,1.0,,
2248,,,,2024-01-28 17:10:00,,,
2249,,,,2024-01-08 13:32:00,,,
2250,2024-01-16 11:46:00,,,2024-01-16 11:45:00,1.0,,
2251,2024-01-04 05:18:00,2024-01-04 05:19:00,2024-01-04 05:22:00,2024-01-04 05:15:00,3.0,1.0,3.0
2252,2024-01-25 18:41:00,2024-01-25 18:43:00,,2024-01-25 18:37:00,4.0,2.0,
2253,2024-01-20 05:59:00,2024-01-20 06:02:00,,2024-01-20 05:55:00,4.0,3.0,
2254,2024-01-07 03:01:00,2024-01-07 03:04:00,2024-01-07 03:06:00,2024-01-07 03:00:00,1.0,3.0,2.0
2255,,,,2024-01-14 08:58:00,,,
2256,,,,2024-01-17 17:37:00,,,
2257,2024-01-29 23:30:00,,,2024-01-29 23:26:00,4.0,,
2258,,,,2024-01-25 11:28:00,,,
2259,,,,2024-01-18 23:09:00,,,
2260,,,,2024-01-22 16:22:00,,,
2261,2024-01-01 14:53:00,2024-01-01 14:56:00,2024-01-01 14:59:00,2024-01-01 14:51:00,2.0,3.0,3.0
2262,2024-01-09 03:55:00,2024-01-09 03:58:00,,2024-01-09 03:53:00,2.0,3.0,
2263,,,,2024-01-01 06:27:00,,,
2264,,,,2024-01-15 14:02:00,,,
2265,,,,2024-01-27 10:59:00,,,
2266,2024-01-13 08:18:00,,,2024-01-13 08:17:00,1.0,,
2267,,,,2024-01-03 20:00:00,,,
2268,2024-01-04 20:53:00,2024-01-04 20:54:00,,2024-01-04 20:49:00,4.0,1.0,
2269,2024-01-02 00:58:00,2024-01-02 01:01:00,2024-01-02 01:04:00,2024-01-02 00:56:00,2.0,3.0,3.0
2270,2024-01-02 08:36:00,2024-01-02 08:40:00,2024-01-02 08:41:00,2024-01-02 08:34:00,2.0,4.0,1.0
2271,2024-01-19 15:51:00,,,2024-01-19 15:49:00,2.0,,
2272,2024-01-22 14:24:00,2024-01-22 14:26:00,,2024-01-22 14:21:00,3.0,2.0,
2273,,,,2024-01-15 09:26:00,,,
2274,2024-01-08 05:25:00,,,2024-01-08 05:23:00,2.0,,
2275,,,,2024-02-04 06:51:00,,,
2276,2024-01-22 08:22:00,,,2024-01-22 08:18:00,4.0,,
2277,2024-01-06 09:05:00,,,2024-01-06 09:04:00,1.0,,
2278,,,,2024-01-27 21:14:00,,,
2279,2024-01-28 04:09:00,,,2024-01-28 04:05:00,4.0,,
2280,2024-01-22 03:04:00,2024-01-22 03:07:00,2024-01-22 03:09:00,2024-01-22 03:03:00,1.0,3.0,2.0
2281,2024-01-04 08:03:00,2024-01-04 08:05:00,2024-01-04 08:06:00,2024-01-04 07:59:00,4.0,2.0,1.0
2282,2024-01-01 11:17:00,2024-01-01 11:19:00,2024-01-01 11:22:00,2024-01-01 11:14:00,3.0,2.0,3.0
2283,,,,2024-01-14 04:02:00,,,
2284,,,,2024-01-02 21:08:00,,,
2285,,,,2024-01-07 08:52:00,,,
2286,,,,2024-01-04 07:23:00,,,
2287,2024-01-22 07:58:00,2024-01-22 08:02:00,2024-01-22 08:03:00,2024-01-22 07:57:00,1.0,4.0,1.0
2288,2024-01-03 04:47:00,2024-01-03 04:51:00,2024-01-03 04:52:00,2024-01-03 04:45:00,2.0,4.0,1.0
2289,,,,2024-01-13 12:26:00,,,
2290,2024-01-09 10:21:00,,,2024-01-09 10:19:00,2.0,,
2291,2024-01-17 14:21:00,2024-01-17 14:25:00,2024-01-17 14:29:00,2024-01-17 14:19:00,2.0,4.0,4.0
2292,,,,2024-01-08 06:27:00,,,
2293,2024-02-01 00:48:00,,,2024-02-01 00:44:00,4.0,,
2294,2024-01-18 20:18:00,2024-01-18 20:22:00,2024-01-18 20:25:00,2024-01-18 20:16:00,2.0,4.0,3.0
2295,2024-01-14 04:03:00,2024-01-14 04:04:00,2024-01-14 04:06:00,2024-01-14 04:00:00,3.0,1.0,2.0
2296,2024-01-04 22:48:00,2024-01-04 22:49:00,2024-01-04 22:53:00,2024-01-04 22:44:00,4.0,1.0,4.0
2297,,,,2024-01-01 02:33:00,,,
2298,,,,2024-01-12 08:30:00,,,
2299,,,,2024-01-17 04:28:00,,,
2300,2024-01-20 01:39:00,2024-01-20 01:41:00,2024-01-20 01:45:00,2024-01-20 01:36:00,3.0,2.0,4.0
2301,2024-01-23 19:44:00,,,2024-01-23 19:43:00,1.0,,
2302,,,,2024-01-05 01:58:00,,,
2303,2024-01-03 13:02:00,2024-01-03 13:06:00,,2024-01-03 12:59:00,3.0,4.0,
2304,2024-01-01 19:23:00,2024-01-01 19:27:00,2024-01-01 19:30:00,2024-01-01 19:20:00,3.0,4.0,3.0
2305,,,,2024-01-21 18:34:00,,,
2306,2024-01-22 01:01:00,2024-01-22 01:03:00,2024-01-22 01:05:00,2024-01-22 00:59:00,2.0,2.0,2.0
2307,2024-01-02 18:30:00,2024-01-02 18:32:00,,2024-01-02 18:29:00,1.0,2.0,
2308,,,,2024-01-06 10:08:00,,,
2309,2024-01-14 16:24:00,,,2024-01-14 16:20:00,4.0,,
2310,,,,2024-01-20 08:06:00,,,
2311,2024-01-30 15:00:00,,,2024-01-30 14:59:00,1.0,,
2312,,,,2024-02-02 07:00:00,,,
2313,,,,2024-02-03 09:10:00,,,
2314,2024-01-22 01:34:00,,,2024-01-22 01:32:00,2.0,,
2315,,,,2024-01-08 13:00:00,,,
2316,,,,2024-01-31 16:22:00,,,
2317,2024-01-12 16:37:00,2024-01-12 16:39:00,,2024-01-12 16:34:00,3.0,2.0,
2318,,,,2024-01-18 01:27:00,,,
2319,2024-01-15 15:34:00,2024-01-15 15:36:00,2024-01-15 15:40:00,2024-01-15 15:32:00,2.0,2.0,4.0
2320,2024-01-21 19:24:00,2024-01-21 19:25:00,,2024-01-21 19:20:00,4.0,1.0,
2321,,,,2024-01-21 04:31:00,,,
2322,2024-01-24 11:57:00,,,2024-01-24 11:53:00,4.0,,
2323,2024-01-30 17:10:00,2024-01-30 17:13:00,2024-01-30 17:15:00,2024-01-30 17:09:00,1.0,3.0,2.0
2324,,,,2024-01-13 08:21:00,,,
2325,,,,2024-02-02 11:38:00,,,
2326,2024-01-19 14:30:00,2024-01-19 14:34:00,2024-01-19 14:36:00,2024-01-19 14:27:00,3.0,4.0,2.0
2327,2024-01-17 08:54:00,2024-01-17 08:56:00,2024-01-17 09:00:00,2024-01-17 08:50:00,4.0,2.0,4.0
2328,2024-01-28 04:34:00,2024-01-28 04:38:00,2024-01-28 04:42:00,2024-01-28 04:33:00,1.0,4.0,4.0
2329,2024-01-12 09:18:00,,,2024-01-12 09:15:00,3.0,,
2330,2024-01-31 08:32:00,2024-01-31 08:35:00,2024-01-31 08:37:00,2024-01-31 08:28:00,4.0,3.0,2.0
2331,,,,2024-01-12 13:20:00,,,
2332,2024-01-28 02:13:00,,,2024-01-28 02:09:00,4.0,,
2333,,,,2024-01-07 21:47:00,,,
2334,2024-01-18 16:39:00,2024-01-18 16:42:00,2024-01-18 16:43:00,2024-01-18 16:38:00,1.0,3.0,1.0
2335,,,,2024-01-11 07:27:00,,,
2336,2024-01-01 22:24:00,2024-01-01 22:27:00,2024-01-01 22:31:00,2024-01-01 22:23:00,1.0,3.0,4.0
2337,2024-01-26 20:07:00,2024-01-26 20:08:00,,2024-01-26 20:04:00,3.0,1.0,
2338,2024-01-01 18:21:00,2024-01-01 18:25:00,2024-01-01 18:26:00,2024-01-01 18:20:00,1.0,4.0,1.0
2339,2024-01-19 18:56:00,2024-01-19 18:57:00,2024-01-19 18:59:00,2024-01-19 18:55:00,1.0,1.0,2.0
2340,,,,2024-01-18 20:40:00,,,
2341,2024-01-02 19:49:00,2024-01-02 19:53:00,2024-01-02 19:55:00,2024-01-02 19:46:00,3.0,4.0,2.0
2342,2024-01-30 19:08:00,,,2024-01-30 19:04:00,4.0,,
2343,,,,2024-01-01 14:03:00,,,
2344,,,,2024-01-03 09:28:00,,,
2345,2024-01-30 03:07:00,2024-01-30 03:08:00,,2024-01-30 03:04:00,3.0,1.0,
2346,2024-01-09 02:28:00,2024-01-09 02:32:00,2024-01-09 02:34:00,2024-01-09 02:26:00,2.0,4.0,2.0
2347,2024-02-01 16:00:00,,,2024-02-01 15:57:00,3.0,,
2348,2024-01-20 17:01:00,2024-01-20 17:04:00,2024-01-20 17:07:00,2024-01-20 16:59:00,2.0,3.0,3.0
2349,,,,2024-01-15 08:52:00,,,
2350,,,,2024-01-27 07:54:00,,,
2351,2024-01-10 12:21:00,,,2024-01-10 12:20:00,1.0,,
2352,2024-01-14 16:42:00,,,2024-01-14 16:38:00,4.0,,
2353,2024-01-03 05:07:00,2024-01-03 05:11:00,,2024-01-03 05:03:00,4.0,4.0,
2354,2024-01-14 04:12:00,2024-01-14 04:15:00,2024-01-14 04:17:00,2024-01-14 04:09:00,3.0,3.0,2.0
2355,2024-01-11 20:18:00,2024-01-11 20:22:00,2024-01-11 20:23:00,2024-01-11 20:14:00,4.0,4.0,1.0
2356,2024-02-03 07:29:00,2024-02-03 07:31:00,2024-02-03 07:33:00,2024-02-03 07:28:00,1.0,2.0,2.0
2357,2024-01-16 11:11:00,,,2024-01-16 11:09:00,2.0,,
2358,,,,2024-01-22 09:28:00,,,
2359,2024-01-16 06:37:00,2024-01-16 06:40:00,2024-01-16 06:44:00,2024-01-16 06:34:00,3.0,3.0,4.0
2360,2024-01-29 05:01:00,2024-01-29 05:05:00,2024-01-29 05:08:00,2024-01-29 04:57:00,4.0,4.0,3.0
2361,2024-02-03 13:15:00,2024-02-03 13:16:00,2024-02-03 13:18:00,2024-02-03 13:13:00,2.0,1.0,2.0
2362,2024-01-31 19:38:00,2024-01-31 19:39:00,2024-01-31 19:42:00,2024-01-31 19:37:00,1.0,1.0,3.0
2363,,,,2024-01-19 16:24:00,,,
2364,2024-01-16 06:59:00,2024-01-16 07:00:00,2024-01-16 07:01:00,2024-01-16 06:57:00,2.0,1.0,1.0
2365,,,,2024-01-19 01:25:00,,,
2366,2024-01-07 23:09:00,2024-01-07 23:12:00,2024-01-07 23:15:00,2024-01-07 23:06:00,3.0,3.0,3.0
2367,,,,2024-01-26 15:58:00,,,
2368,2024-02-02 23:50:00,2024-02-02 23:52:00,2024-02-02 23:53:00,2024-02-02 23:48:00,2.0,2.0,1.0
2369,,,,2024-01-08 15:41:00,,,
2370,,,,2024-01-07 04:49:00,,,
2371,,,,2024-01-09 10:30:00,,,
2372,,,,2024-01-30 00:17:00,,,
2373,2024-01-02 17:09:00,,,2024-01-02 17:08:00,1.0,,
2374,2024-01-09 14:16:00,,,2024-01-09 14:14:00,2.0,,
2375,,,,2024-01-18 17:04:00,,,
2376,,,,2024-01-23 01:52:00,,,
2377,2024-01-20 22:21:00,2024-01-20 22:24:00,2024-01-20 22:25:00,2024-01-20 22:19:00,2.0,3.0,1.0
2378,,,,2024-02-04 08:44:00,,,
2379,2024-01-24 03:38:00,2024-01-24 03:41:00,2024-01-24 03:45:00,2024-01-24 03:36:00,2.0,3.0,4.0
2380,,,,2024-01-17 00:35:00,,,
2381,2024-01-25 23:52:00,2024-01-25 23:55:00,2024-01-25 23:57:00,2024-01-25 23:48:00,4.0,3.0,2.0
2382,2024-01-12 12:11:00,2024-01-12 12:13:00,2024-01-12 12:16:00,2024-01-12 12:08:00,3.0,2.0,3.0
2383,2024-01-05 08:57:00,,,2024-01-05 08:53:00,4.0,,
2384,,,,2024-01-18 09:30:00,,,
2385,,,,2024-01-27 14:48:00,,,
2386,2024-02-01 19:34:00,,,2024-02-01 19:30:00,4.0,,
2387,,,,2024-01-20 17:37:00,,,
2388,2024-01-12 08:26:00,2024-01-12 08:29:00,2024-01-12 08:33:00,2024-01-12 08:23:00,3.0,3.0,4.0
2389,2024-02-02 02:12:00,2024-02-02 02:15:00,2024-02-02 02:16:00,2024-02-02 02:08:00,4.0,3.0,1.0
2390,2024-01-16 02:28:00,,,2024-01-16 02:27:00,1.0,,
2391,2024-01-25 11:35:00,,,2024-01-25 11:34:00,1.0,,
2392,,,,2024-01-28 07:37:00,,,
2393,2024-01-03 03:49:00,2024-01-03 03:51:00,2024-01-03 03:53:00,2024-01-03 03:46:00,3.0,2.0,2.0
2394,,,,2024-01-24 13:00:00,,,
2395,2024-01-05 14:17:00,2024-01-05 14:20:00,,2024-01-05 14:15:00,2.0,3.0,
2396,,,,2024-01-13 18:10:00,,,
2397,2024-01-24 19:26:00,2024-01-24 19:27:00,,2024-01-24 19:24:00,2.0,1.0,
2398,2024-01-23 22:52:00,2024-01-23 22:55:00,2024-01-23 22:58:00,2024-01-23 22:50:00,2.0,3.0,3.0
2399,,,,2024-01-09 16:25:00,,,
2400,,,,2024-01-17 01:51:00,,,
2401,,,,2024-01-19 19:04:00,,,
2402,2024-01-11 21:59:00,,,2024-01-11 21:58:00,1.0,,
2403,,,,2024-02-01 19:52:00,,,
2404,2024-01-06 18:10:00,2024-01-06 18:12:00,2024-01-06 18:16:00,2024-01-06 18:08:00,2.0,2.0,4.0
2405,2024-01-24 03:56:00,2024-01-24 03:57:00,2024-01-24 03:59:00,2024-01-24 03:53:00,3.0,1.0,2.0
2406,,,,2024-01-12 17:40:00,,,
2407,2024-01-12 00:24:00,2024-01-12 00:25:00,2024-01-12 00:29:00,2024-01-12 00:21:00,3.0,1.0,4.0
2408,,,,2024-01-03 05:09:00,,,
2409,2024-01-05 02:55:00,2024-01-05 02:58:00,,2024-01-05 02:54:00,1.0,3.0,
2410,,,,2024-01-09 16:55:00,,,
2411,2024-01-27 20:36:00,2024-01-27 20:37:00,2024-01-27 20:40:00,2024-01-27 20:34:00,2.0,1.0,3.0
2412,,,,2024-01-24 01:02:00,,,
2413,,,,2024-01-08 14:55:00,,,
2414,,,,2024-01-11 20:03:00,,,
2415,2024-01-12 05:54:00,2024-01-12 05:58:00,2024-01-12 05:59:00,2024-01-12 05:50:00,4.0,4.0,1.0
2416,,,,2024-01-14 04:48:00,,,
2417,,,,2024-01-25 20:13:00,,,
2418,2024-01-20 13:34:00,,,2024-01-20 13:31:00,3.0,,
2419,2024-01-29 20:08:00,,,2024-01-29 20:06:00,2.0,,
2420,,,,2024-01-09 03:49:00,,,
2421,,,,2024-01-25 17:19:00,,,
2422,,,,2024-01-28 21:45:00,,,
2423,2024-02-03 10:21:00,,,2024-02-03 10:17:00,4.0,,
2424,,,,2024-01-23 20:44:00,,,
2425,2024-01-19 04:48:00,2024-01-19 04:52:00,2024-01-19 04:53:00,2024-01-19 04:47:00,1.0,4.0,1.0
2426,,,,2024-01-09 02:14:00,,,
2427,2024-01-14 20:11:00,2024-01-14 20:14:00,2024-01-14 20:16:00,2024-01-14 20:09:00,2.0,3.0,2.0
2428,,,,2024-01-18 18:54:00,,,
2429,,,,2024-01-13 03:17:00,,,
2430,2024-01-25 18:09:00,,,2024-01-25 18:06:00,3.0,,
2431,2024-01-27 02:31:00,2024-01-27 02:34:00,2024-01-27 02:37:00,2024-01-27 02:29:00,2.0,3.0,3.0
2432,,,,2024-01-28 18:07:00,,,
2433,2024-01-05 16:00:00,2024-01-05 16:02:00,2024-01-05 16:03:00,2024-01-05 15:57:00,3.0,2.0,1.0
2434,,,,2024-01-02 02:33:00,,,
2435,,,,2024-01-15 23:13:00,,,
2436,2024-01-27 15:22:00,2024-01-27 15:24:00,2024-01-27 15:25:00,2024-01-27 15:20:00,2.0,2.0,1.0
2437,,,,2024-01-18 18:24:00,,,
2438,,,,2024-01-16 17:08:00,,,
2439,2024-01-07 22:21:00,,,2024-01-07 22:19:00,2.0,,
2440,2024-02-02 20:11:00,2024-02-02 20:14:00,2024-02-02 20:16:00,2024-02-02 20:07:00,4.0,3.0,2.0
2441,,,,2024-01-29 21:18:00,,,
2442,2024-01-29 03:00:00,2024-01-29 03:03:00,2024-01-29 03:06:00,2024-01-29 02:59:00,1.0,3.0,3.0
2443,,,,2024-02-01 08:35:00,,,
2444,,,,2024-01-22 09:59:00,,,
2445,2024-01-14 03:02:00,2024-01-14 03:06:00,,2024-01-14 03:00:00,2.0,4.0,
2446,,,,2024-01-14 19:43:00,,,
2447,,,,2024-01-20 16:42:00,,,
2448,2024-01-29 00:06:00,2024-01-29 00:08:00,2024-01-29 00:10:00,2024-01-29 00:02:00,4.0,2.0,2.0
2449,2024-01-14 12:27:00,,,2024-01-14 12:26:00,1.0,,
2450,2024-01-14 14:41:00,2024-01-14 14:45:00,2024-01-14 14:48:00,2024-01-14 14:40:00,1.0,4.0,3.0
2451,2024-02-02 05:20:00,2024-02-02 05:24:00,2024-02-02 05:26:00,2024-02-02 05:16:00,4.0,4.0,2.0
2452,,,,2024-01-24 23:45:00,,,
2453,2024-02-01 04:29:00,2024-02-01 04:32:00,2024-02-01 04:33:00,2024-02-01 04:28:00,1.0,3.0,1.0
2454,,,,2024-01-18 21:10:00,,,
2455,2024-01-31 22:22:00,2024-01-31 22:25:00,2024-01-31 22:28:00,2024-01-31 22:19:00,3.0,3.0,3.0
2456,2024-01-04 11:13:00,,,2024-01-04 11:09:00,4.0,,
2457,,,,2024-01-04 23:32:00,,,
2458,,,,2024-01-25 17:59:00,,,
2459,2024-01-03 00:51:00,2024-01-03 00:52:00,2024-01-03 00:53:00,2024-01-03 00:50:00,1.0,1.0,1.0
2460,2024-01-27 00:10:00,2024-01-27 00:14:00,2024-01-27 00:17:00,2024-01-27 00:09:00,1.0,4.0,3.0
2461,2024-02-03 12:05:00,2024-02-03 12:07:00,2024-02-03 12:10:00,2024-02-03 12:02:00,3.0,2.0,3.0
2462,2024-02-01 05:20:00,,,2024-02-01 05:17:00,3.0,,
2463,2024-01-09 12:40:00,,,2024-01-09 12:37:00,3.0,,
2464,2024-01-16 22:13:00,2024-01-16 22:16:00,2024-01-16 22:19:00,2024-01-16 22:10:00,3.0,3.0,3.0
2465,,,,2024-01-31 14:40:00,,,
2466,2024-02-01 15:15:00,2024-02-01 15:19:00,2024-02-01 15:23:00,2024-02-01 15:14:00,1.0,4.0,4.0
2467,,,,2024-01-29 22:48:00,,,
2468,,,,2024-01-29 00:47:00,,,
2469,2024-01-21 10:52:00,2024-01-21 10:56:00,2024-01-21 11:00:00,2024-01-21 10:48:00,4.0,4.0,4.0
2470,,,,2024-01-28 02:34:00,,,
2471,2024-01-31 00:03:00,2024-01-31 00:05:00,2024-01-31 00:09:00,2024-01-30 23:59:00,4.0,2.0,4.0
2472,2024-01-19 13:19:00,2024-01-19 13:22:00,2024-01-19 13:26:00,2024-01-19 13:17:00,2.0,3.0,4.0
2473,2024-01-08 07:35:00,2024-01-08 07:37:00,2024-01-08 07:38:00,2024-01-08 07:32:00,3.0,2.0,1.0
2474,,,,2024-01-16 19:34:00,,,
2475,,,,2024-02-02 06:57:00,,,
2476,2024-01-20 16:46:00,2024-01-20 16:50:00,2024-01-20 16:51:00,2024-01-20 16:43:00,3.0,4.0,1.0
2477,,,,2024-01-28 18:28:00,,,
2478,2024-01-19 16:54:00,,,2024-01-19 16:51:00,3.0,,
2479,2024-01-06 02:49:00,2024-01-06 02:50:00,2024-01-06 02:52:00,2024-01-06 02:47:00,2.0,1.0,2.0
2480,,,,2024-01-25 15:34:00,,,
2481,2024-02-02 19:47:00,2024-02-02 19:48:00,2024-02-02 19:51:00,2024-02-02 19:44:00,3.0,1.0,3.0
2482,,,,2024-01-16 12:54:00,,,
2483,2024-01-11 23:32:00,2024-01-11 23:33:00,,2024-01-11 23:31:00,1.0,1.0,
2484,,,,2024-01-08 11:26:00,,,
2485,2024-01-28 04:36:00,,,2024-01-28 04:32:00,4.0,,
2486,,,,2024-01-18 15:22:00,,,
2487,,,,2024-02-04 03:32:00,,,
2488,2024-01-11 05:41:00,,,2024-01-11 05:37:00,4.0,,
2489,2024-01-17 15:32:00,2024-01-17 15:33:00,2024-01-17 15:37:00,2024-01-17 15:30:00,2.0,1.0,4.0
2490,,,,2024-01-02 06:20:00,,,
2491,2024-01-11 15:04:00,2024-01-11 15:08:00,2024-01-11 15:10:00,2024-01-11 15:00:00,4.0,4.0,2.0
2492,2024-01-09 06:10:00,,,2024-01-09 06:07:00,3.0,,
2493,,,,2024-02-04 07:22:00,,,
2494,2024-01-25 01:41:00,2024-01-25 01:45:00,2024-01-25 01:49:00,2024-01-25 01:40:00,1.0,4.0,4.0
2495,,,,2024-01-29 14:37:00,,,
2496,2024-01-29 20:46:00,2024-01-29 20:47:00,2024-01-29 20:48:00,2024-01-29 20:44:00,2.0,1.0,1.0
2497,,,,2024-01-14 16:33:00,,,
2498,,,,2024-01-27 19:22:00,,,
2499,2024-01-15 02:45:00,2024-01-15 02:48:00,,2024-01-15 02:41:00,4.0,3.0,
2500,2024-01-18 01:47:00,,,2024-01-18 01:43:00,4.0,,
2501,,,,2024-01-16 22:09:00,,,
2502,2024-01-27 03:59:00,2024-01-27 04:02:00,2024-01-27 04:04:00,2024-01-27 03:56:00,3.0,3.0,2.0
2503,2024-02-03 05:43:00,2024-02-03 05:45:00,2024-02-03 05:47:00,2024-02-03 05:39:00,4.0,2.0,2.0
2504,2024-01-05 08:21:00,2024-01-05 08:23:00,2024-01-05 08:27:00,2024-01-05 08:17:00,4.0,2.0,4.0
2505,2024-01-06 06:50:00,,,2024-01-06 06:46:00,4.0,,
2506,,,,2024-01-31 03:15:00,,,
2507,2024-01-23 07:06:00,2024-01-23 07:07:00,2024-01-23 07:11:00,2024-01-23 07:03:00,3.0,1.0,4.0
2508,2024-01-29 07:25:00,2024-01-29 07:29:00,2024-01-29 07:33:00,2024-01-29 07:22:00,3.0,4.0,4.0
2509,2024-01-21 05:54:00,2024-01-21 05:58:00,,2024-01-21 05:51:00,3.0,4.0,
2510,2024-01-06 05:24:00,2024-01-06 05:28:00,2024-01-06 05:31:00,2024-01-06 05:21:00,3.0,4.0,3.0
2511,2024-01-24 20:06:00,2024-01-24 20:08:00,2024-01-24 20:12:00,2024-01-24 20:02:00,4.0,2.0,4.0
2512,,,,2024-01-30 09:13:00,,,
2513,2024-01-11 20:52:00,2024-01-11 20:53:00,2024-01-11 20:54:00,2024-01-11 20:48:00,4.0,1.0,1.0
2514,,,,2024-01-07 16:20:00,,,
2515,2024-01-09 06:36:00,2024-01-09 06:40:00,2024-01-09 06:42:00,2024-01-09 06:35:00,1.0,4.0,2.0
2516,2024-01-16 04:53:00,,,2024-01-16 04:52:00,1.0,,
2517,2024-01-06 06:41:00,,,2024-01-06 06:37:00,4.0,,
2518,,,,2024-01-19 17:34:00,,,
2519,2024-01-04 03:56:00,2024-01-04 04:00:00,,2024-01-04 03:55:00,1.0,4.0,
2520,,,,2024-01-29 05:47:00,,,
2521,2024-01-03 21:04:00,2024-01-03 21:07:00,2024-01-03 21:08:00,2024-01-03 21:00:00,4.0,3.0,1.0
2522,,,,2024-01-04 09:23:00,,,
2523,2024-01-08 16:25:00,2024-01-08 16:29:00,2024-01-08 16:30:00,2024-01-08 16:21:00,4.0,4.0,1.0
2524,2024-01-05 12:54:00,2024-01-05 12:56:00,2024-01-05 12:59:00,2024-01-05 12:50:00,4.0,2.0,3.0
2525,2024-01-14 16:40:00,2024-01-14 16:43:00,2024-01-14 16:45:00,2024-01-14 16:36:00,4.0,3.0,2.0
2526,,,,2024-01-10 13:27:00,,,
2527,,,,2024-01-27 18:13:00,,,
2528,,,,2024-02-01 00:14:00,,,
2529,2024-01-19 19:33:00,2024-01-19 19:34:00,,2024-01-19 19:31:00,2.0,1.0,
2530,2024-02-04 07:44:00,2024-02-04 07:47:00,,2024-02-04 07:40:00,4.0,3.0,
2531,,,,2024-01-10 08:23:00,,,
2532,2024-01-24 08:28:00,2024-01-24 08:32:00,2024-01-24 08:34:00,2024-01-24 08:24:00,4.0,4.0,2.0
2533,,,,2024-01-27 08:39:00,,,
2534,,,,2024-01-20 04:22:00,,,
2535,,,,2024-01-09 11:16:00,,,
2536,,,,2024-01-06 12:42:00,,,
2537,2024-01-21 21:12:00,,,2024-01-21 21:08:00,4.0,,
2538,2024-02-03 22:50:00,,,2024-02-03 22:46:00,4.0,,
2539,,,,2024-01-02 22:57:00,,,
2540,2024-01-30 11:34:00,2024-01-30 11:37:00,2024-01-30 11:38:00,2024-01-30 11:32:00,2.0,3.0,1.0
2541,,,,2024-01-27 23:25:00,,,
2542,2024-01-07 18:28:00,2024-01-07 18:29:00,2024-01-07 18:33:00,2024-01-07 18:25:00,3.0,1.0,4.0
2543,2024-01-09 19:42:00,2024-01-09 19:43:00,,2024-01-09 19:38:00,4.0,1.0,
2544,,,,2024-01-08 07:04:00,,,
2545,,,,2024-01-11 11:35:00,,,
2546,,,,2024-01-20 06:00:00,,,
2547,,,,2024-01-26 05:23:00,,,
2548,2024-01-01 08:21:00,,,2024-01-01 08:18:00,3.0,,
2549,,,,2024-02-03 22:42:00,,,
2550,,,,2024-01-04 04:48:00,,,
2551,2024-01-06 04:41:00,2024-01-06 04:42:00,2024-01-06 04:46:00,2024-01-06 04:38:00,3.0,1.0,4.0
2552,2024-01-20 03:14:00,2024-01-20 03:17:00,2024-01-20 03:21:00,2024-01-20 03:13:00,1.0,3.0,4.0
2553,,,,2024-01-27 02:33:00,,,
2554,2024-01-26 08:08:00,2024-01-26 08:11:00,2024-01-26 08:15:00,2024-01-26 08:04:00,4.0,3.0,4.0
2555,,,,2024-01-14 07:25:00,,,
2556,,,,2024-01-23 03:05:00,,,
2557,2024-01-11 08:53:00,2024-01-11 08:55:00,2024-01-11 08:56:00,2024-01-11 08:51:00,2.0,2.0,1.0
2558,2024-01-21 15:33:00,,,2024-01-21 15:32:00,1.0,,
2559,2024-01-11 12:40:00,2024-01-11 12:44:00,2024-01-11 12:46:00,2024-01-11 12:36:00,4.0,4.0,2.0
2560,,,,2024-01-17 15:15:00,,,
2561,2024-01-29 04:18:00,2024-01-29 04:19:00,2024-01-29 04:23:00,2024-01-29 04:14:00,4.0,1.0,4.0
2562,2024-01-23 16:32:00,2024-01-23 16:33:00,,2024-01-23 16:29:00,3.0,1.0,
2563,,,,2024-01-10 23:21:00,,,
2564,,,,2024-02-01 09:41:00,,,
2565,2024-01-04 03:23:00,2024-01-04 03:26:00,2024-01-04 03:30:00,2024-01-04 03:19:00,4.0,3.0,4.0
2566,,,,2024-01-15 16:12:00,,,
2567,2024-02-02 03:28:00,,,2024-02-02 03:25:00,3.0,,
2568,2024-01-26 16:07:00,2024-01-26 16:10:00,2024-01-26 16:13:00,2024-01-26 16:06:00,1.0,3.0,3.0
2569,2024-01-31 23:44:00,2024-01-31 23:45:00,,2024-01-31 23:43:00,1.0,1.0,
2570,,,,2024-01-09 05:31:00,,,
2571,2024-01-27 02:50:00,2024-01-27 02:54:00,2024-01-27 02:56:00,2024-01-27 02:48:00,2.0,4.0,2.0
2572,2024-01-14 01:29:00,2024-01-14 01:33:00,,2024-01-14 01:27:00,2.0,4.0,
2573,2024-01-14 17:27:00,2024-01-14 17:30:00,2024-01-14 17:33:00,2024-01-14 17:24:00,3.0,3.0,3.0
2574,,,,2024-01-07 22:16:00,,,
2575,,,,2024-01-09 12:03:00,,,
2576,2024-01-23 17:39:00,,,2024-01-23 17:36:00,3.0,,
2577,2024-01-27 11:33:00,,,2024-01-27 11:32:00,1.0,,
2578,,,,2024-01-31 22:45:00,,,
2579,2024-02-03 12:59:00,2024-02-03 13:03:00,,2024-02-03 12:57:00,2.0,4.0,
2580,2024-01-19 05:12:00,2024-01-19 05:14:00,2024-01-19 05:15:00,2024-01-19 05:11:00,1.0,2.0,1.0
2581,,,,2024-01-25 16:20:00,,,
2582,2024-01-09 08:34:00,2024-01-09 08:36:00,2024-01-09 08:40:00,2024-01-09 08:32:00,2.0,2.0,4.0
2583,2024-02-02 03:48:00,2024-02-02 03:49:00,2024-02-02 03:51:00,2024-02-02 03:46:00,2.0,1.0,2.0
2584,,,,2024-01-13 04:27:00,,,
2585,,,,2024-01-13 05:54:00,,,
2586,2024-01-30 10:57:00,2024-01-30 10:58:00,2024-01-30 11:01:00,2024-01-30 10:55:00,2.0,1.0,3.0
2587,2024-01-09 16:39:00,2024-01-09 16:43:00,2024-01-09 16:46:00,2024-01-09 16:35:00,4.0,4.0,3.0
2588,2024-01-05 03:35:00,2024-01-05 03:37:00,2024-01-05 03:38:00,2024-01-05 03:34:00,1.0,2.0,1.0
2589,2024-01-13 02:29:00,2024-01-13 02:30:00,2024-01-13 02:34:00,2024-01-13 02:27:00,2.0,1.0,4.0
2590,,,,2024-01-27 06:15:00,,,
2591,2024-01-18 12:59:00,,,2024-01-18 12:57:00,2.0,,
2592,2024-01-29 11:23:00,2024-01-29 11:27:00,,2024-01-29 11:21:00,2.0,4.0,
2593,,,,2024-01-11 20:27:00,,,
2594,2024-01-26 01:29:00,,,2024-01-26 01:28:00,1.0,,
2595,,,,2024-02-01 06:59:00,,,
2596,2024-01-14 12:00:00,,,2024-01-14 11:58:00,2.0,,
2597,2024-01-07 19:39:00,,,2024-01-07 19:36:00,3.0,,
2598,,,,2024-02-03 22:39:00,,,
2599,2024-01-26 05:51:00,2024-01-26 05:55:00,2024-01-26 05:59:00,2024-01-26 05:50:00,1.0,4.0,4.0
2600,2024-02-04 01:08:00,2024-02-04 01:10:00,2024-02-04 01:11:00,2024-02-04 01:04:00,4.0,2.0,1.0
2601,,,,2024-01-16 21:01:00,,,
2602,2024-01-17 03:54:00,,,2024-01-17 03:50:00,4.0,,
2603,2024-01-25 19:44:00,2024-01-25 19:46:00,2024-01-25 19:50:00,2024-01-25 19:41:00,3.0,2.0,4.0
2604,2024-01-16 06:55:00,2024-01-16 06:59:00,2024-01-16 07:00:00,2024-01-16 06:54:00,1.0,4.0,1.0
2605,2024-02-02 15:24:00,2024-02-02 15:28:00,2024-02-02 15:32:00,2024-02-02 15:23:00,1.0,4.0,4.0
2606,,,,2024-01-01 16:56:00,,,
2607,2024-01-04 07:52:00,2024-01-04 07:53:00,2024-01-04 07:57:00,2024-01-04 07:51:00,1.0,1.0,4.0
2608,2024-02-04 04:12:00,,,2024-02-04 04:11:00,1.0,,
2609,2024-01-13 10:29:00,2024-01-13 10:33:00,,2024-01-13 10:25:00,4.0,4.0,
2610,2024-01-24 22:14:00,2024-01-24 22:17:00,2024-01-24 22:20:00,2024-01-24 22:10:00,4.0,3.0,3.0
2611,,,,2024-01-07 22:26:00,,,
2612,2024-02-01 05:37:00,2024-02-01 05:41:00,2024-02-01 05:43:00,2024-02-01 05:36:00,1.0,4.0,2.0
2613,2024-01-30 19:45:00,,,2024-01-30 19:41:00,4.0,,
2614,2024-01-05 02:31:00,2024-01-05 02:35:00,2024-01-05 02:37:00,2024-01-05 02:27:00,4.0,4.0,2.0
2615,2024-02-03 01:10:00,,,2024-02-03 01:09:00,1.0,,
2616,2024-01-07 23:30:00,2024-01-07 23:32:00,2024-01-07 23:35:00,2024-01-07 23:27:00,3.0,2.0,3.0
2617,,,,2024-01-06 23:32:00,,,
2618,2024-01-25 20:35:00,,,2024-01-25 20:31:00,4.0,,
2619,2024-01-11 18:57:00,,,2024-01-11 18:54:00,3.0,,
2620,2024-01-28 16:13:00,,,2024-01-28 16:10:00,3.0,,
2621,,,,2024-01-27 22:51:00,,,
2622,2024-01-13 03:12:00,2024-01-13 03:14:00,2024-01-13 03:17:00,2024-01-13 03:11:00,1.0,2.0,3.0
2623,2024-02-03 05:05:00,2024-02-03 05:07:00,2024-02-03 05:08:00,2024-02-03 05:03:00,2.0,2.0,1.0
2624,2024-01-28 23:34:00,,,2024-01-28 23:31:00,3.0,,
2625,,,,2024-02-04 13:37:00,,,
2626,,,,2024-01-22 05:14:00,,,
2627,,,,2024-01-08 09:04:00,,,
2628,,,,2024-01-19 19:24:00,,,
2629,,,,2024-01-08 16:18:00,,,
2630,2024-01-16 21:35:00,2024-01-16 21:38:00,2024-01-16 21:39:00,2024-01-16 21:33:00,2.0,3.0,1.0
2631,2024-01-14 23:09:00,2024-01-14 23:11:00,2024-01-14 23:13:00,2024-01-14 23:08:00,1.0,2.0,2.0
2632,,,,2024-01-28 11:06:00,,,
2633,,,,2024-01-10 05:55:00,,,
2634,,,,2024-01-20 00:38:00,,,
2635,2024-01-22 05:21:00,,,2024-01-22 05:17:00,4.0,,
2636,2024-01-02 19:42:00,2024-01-02 19:45:00,2024-01-02 19:49:00,2024-01-02 19:40:00,2.0,3.0,4.0
2637,2024-01-03 00:14:00,,,2024-01-03 00:12:00,2.0,,
2638,,,,2024-01-15 00:31:00,,,
2639,,,,2024-02-04 10:09:00,,,
2640,2024-01-11 10:54:00,2024-01-11 10:56:00,,2024-01-11 10:51:00,3.0,2.0,
2641,,,,2024-02-01 11:45:00,,,
2642,2024-01-11 11:55:00,2024-01-11 11:58:00,2024-01-11 11:59:00,2024-01-11 11:52:00,3.0,3.0,1.0
2643,2024-01-25 08:49:00,,,2024-01-25 08:45:00,4.0,,
2644,2024-01-21 12:24:00,2024-01-21 12:28:00,,2024-01-21 12:23:00,1.0,4.0,
2645,,,,2024-01-20 22:46:00,,,
2646,,,,2024-01-09 10:29:00,,,
2647,2024-02-02 17:01:00,2024-02-02 17:05:00,2024-02-02 17:08:00,2024-02-02 16:57:00,4.0,4.0,3.0
2648,2024-01-22 10:49:00,,,2024-01-22 10:47:00,2.0,,
2649,,,,2024-01-23 17:04:00,,,
2650,,,,2024-01-04 11:04:00,,,
2651,2024-01-08 09:46:00,2024-01-08 09:47:00,2024-01-08 09:49:00,2024-01-08 09:44:00,2.0,1.0,2.0
2652,2024-01-21 07:18:00,2024-01-21 07:19:00,2024-01-21 07:22:00,2024-01-21 07:15:00,3.0,1.0,3.0
2653,2024-01-09 12:18:00,,,2024-01-09 12:14:00,4.0,,
2654,,,,2024-01-18 06:16:00,,,
2655,2024-01-08 07:22:00,,,2024-01-08 07:18:00,4.0,,
2656,,,,2024-01-17 04:58:00,,,
2657,2024-02-03 07:47:00,2024-02-03 07:51:00,2024-02-03 07:53:00,2024-02-03 07:43:00,4.0,4.0,2.0
2658,,,,2024-01-20 10:21:00,,,
2659,,,,2024-01-04 20:58:00,,,
2660,2024-02-03 16:50:00,2024-02-03 16:53:00,2024-02-03 16:56:00,2024-02-03 16:49:00,1.0,3.0,3.0
2661,,,,2024-01-03 11:52:00,,,
2662,,,,2024-01-29 12:14:00,,,
2663,,,,2024-01-12 00:10:00,,,
2664,,,,2024-01-22 18:45:00,,,
2665,2024-01-10 07:24:00,2024-01-10 07:28:00,,2024-01-10 07:23:00,1.0,4.0,
2666,,,,2024-01-11 09:03:00,,,
2667,,,,2024-01-30 09:49:00,,,
2668,,,,2024-01-10 12:22:00,,,
2669,2024-01-08 11:10:00,,,2024-01-08 11:06:00,4.0,,
2670,2024-01-03 05:33:00,,,2024-01-03 05:31:00,2.0,,
2671,,,,2024-02-01 04:55:00,,,
2672,,,,2024-01-28 12:35:00,,,
2673,,,,2024-01-07 12:21:00,,,
2674,2024-01-20 04:10:00,,,2024-01-20 04:08:00,2.0,,
2675,2024-01-25 23:53:00,,,2024-01-25 23:52:00,1.0,,
2676,2024-02-04 05:03:00,,,2024-02-04 05:02:00,1.0,,
2677,2024-01-26 18:57:00,2024-01-26 18:59:00,2024-01-26 19:03:00,2024-01-26 18:55:00,2.0,2.0,4.0
2678,,,,2024-01-06 09:55:00,,,
2679,,,,2024-01-28 20:38:00,,,
2680,,,,2024-01-16 20:07:00,,,
2681,2024-01-20 06:04:00,,,2024-01-20 06:01:00,3.0,,
2682,,,,2024-01-17 13:11:00,,,
2683,,,,2024-01-31 02:31:00,,,
2684,2024-01-18 14:09:00,,,2024-01-18 14:06:00,3.0,,
2685,,,,2024-01-04 02:38:00,,,
2686,2024-01-04 02:04:00,2024-01-04 02:05:00,2024-01-04 02:07:00,2024-01-04 02:00:00,4.0,1.0,2.0
2687,2024-01-31 01:06:00,2024-01-31 01:08:00,2024-01-31 01:12:00,2024-01-31 01:05:00,1.0,2.0,4.0
2688,,,,2024-01-22 00:21:00,,,
2689,,,,2024-01-26 13:43:00,,,
2690,2024-02-03 07:21:00,,,2024-02-03 07:17:00,4.0,,
2691,2024-01-02 04:02:00,,,2024-01-02 04:01:00,1.0,,
2692,2024-01-14 12:02:00,,,2024-01-14 12:01:00,1.0,,
2693,,,,2024-01-20 13:32:00,,,
2694,,,,2024-01-25 18:54:00,,,
2695,,,,2024-01-15 05:44:00,,,
2696,,,,2024-01-19 06:45:00,,,
2697,2024-01-30 03:31:00,,,2024-01-30 03:28:00,3.0,,
2698,,,,2024-01-20 19:53:00,,,
2699,,,,2024-01-22 00:33:00,,,
2700,2024-01-24 01:21:00,2024-01-24 01:24:00,2024-01-24 01:27:00,2024-01-24 01:17:00,4.0,3.0,3.0
2701,,,,2024-01-05 00:57:00,,,
2702,2024-01-22 06:47:00,,,2024-01-22 06:46:00,1.0,,
2703,2024-01-20 04:18:00,2024-01-20 04:20:00,2024-01-20 04:24:00,2024-01-20 04:14:00,4.0,2.0,4.0
2704,2024-01-14 21:30:00,,,2024-01-14 21:29:00,1.0,,
2705,,,,2024-02-03 07:37:00,,,
2706,2024-01-27 08:17:00,2024-01-27 08:19:00,2024-01-27 08:21:00,2024-01-27 08:13:00,4.0,2.0,2.0
2707,2024-01-27 09:42:00,,,2024-01-27 09:41:00,1.0,,
2708,,,,2024-01-07 22:13:00,,,
2709,2024-01-08 00:08:00,,,2024-01-08 00:06:00,2.0,,
2710,2024-01-21 14:50:00,2024-01-21 14:51:00,,2024-01-21 14:47:00,3.0,1.0,
2711,2024-02-01 00:42:00,2024-02-01 00:45:00,2024-02-01 00:46:00,2024-02-01 00:39:00,3.0,3.0,1.0
2712,,,,2024-01-17 14:20:00,,,
2713,2024-01-28 09:57:00,2024-01-28 09:59:00,2024-01-28 10:03:00,2024-01-28 09:54:00,3.0,2.0,4.0
2714,,,,2024-01-28 08:05:00,,,
2715,2024-01-15 06:28:00,2024-01-15 06:31:00,2024-01-15 06:32:00,2024-01-15 06:26:00,2.0,3.0,1.0
2716,2024-01-13 20:31:00,2024-01-13 20:35:00,2024-01-13 20:36:00,2024-01-13 20:30:00,1.0,4.0,1.0
2717,2024-01-09 05:12:00,2024-01-09 05:15:00,2024-01-09 05:17:00,2024-01-09 05:09:00,3.0,3.0,2.0
2718,2024-01-30 22:06:00,,,2024-01-30 22:03:00,3.0,,
2719,2024-01-20 14:27:00,2024-01-20 14:30:00,2024-01-20 14:33:00,2024-01-20 14:23:00,4.0,3.0,3.0
2720,2024-01-06 09:02:00,2024-01-06 09:05:00,2024-01-06 09:06:00,2024-01-06 08:58:00,4.0,3.0,1.0
2721,2024-01-27 03:49:00,,,2024-01-27 03:46:00,3.0,,
2722,,,,2024-01-06 07:05:00,,,
2723,2024-01-15 18:30:00,2024-01-15 18:31:00,2024-01-15 18:32:00,2024-01-15 18:27:00,3.0,1.0,1.0
2724,2024-01-26 21:58:00,2024-01-26 21:59:00,2024-01-26 22:03:00,2024-01-26 21:55:00,3.0,1.0,4.0
2725,,,,2024-01-02 18:38:00,,,
2726,2024-01-15 01:49:00,2024-01-15 01:50:00,2024-01-15 01:52:00,2024-01-15 01:45:00,4.0,1.0,2.0
2727,2024-01-15 21:11:00,2024-01-15 21:14:00,2024-01-15 21:15:00,2024-01-15 21:10:00,1.0,3.0,1.0
2728,2024-01-04 19:48:00,2024-01-04 19:49:00,,2024-01-04 19:47:00,1.0,1.0,
2729,2024-01-09 00:14:00,2024-01-09 00:18:00,2024-01-09 00:20:00,2024-01-09 00:10:00,4.0,4.0,2.0
2730,,,,2024-01-22 16:50:00,,,
2731,2024-01-21 02:36:00,2024-01-21 02:37:00,,2024-01-21 02:33:00,3.0,1.0,
2732,,,,2024-01-28 11:23:00,,,
2733,2024-01-07 07:11:00,,,2024-01-07 07:10:00,1.0,,
2734,2024-01-27 19:30:00,2024-01-27 19:31:00,2024-01-27 19:35:00,2024-01-27 19:28:00,2.0,1.0,4.0
2735,2024-01-31 19:33:00,2024-01-31 19:36:00,2024-01-31 19:39:00,2024-01-31 19:29:00,4.0,3.0,3.0
2736,2024-01-17 07:32:00,,,2024-01-17 07:30:00,2.0,,
2737,2024-01-25 05:59:00,2024-01-25 06:03:00,2024-01-25 06:06:00,2024-01-25 05:58:00,1.0,4.0,3.0
2738,2024-01-03 22:25:00,2024-01-03 22:28:00,2024-01-03 22:30:00,2024-01-03 22:21:00,4.0,3.0,2.0
2739,,,,2024-01-27 17:11:00,,,
2740,,,,2024-01-28 04:33:00,,,
2741,2024-01-18 02:01:00,,,2024-01-18 01:59:00,2.0,,
2742,2024-01-26 19:56:00,2024-01-26 19:58:00,2024-01-26 20:00:00,2024-01-26 19:55:00,1.0,2.0,2.0
2743,,,,2024-01-13 09:02:00,,,
2744,2024-01-31 10:51:00,,,2024-01-31 10:48:00,3.0,,
2745,,,,2024-01-02 01:32:00,,,
2746,2024-02-01 22:10:00,2024-02-01 22:11:00,2024-02-01 22:13:00,2024-02-01 22:08:00,2.0,1.0,2.0
2747,2024-01-02 12:53:00,2024-01-02 12:54:00,2024-01-02 12:57:00,2024-01-02 12:50:00,3.0,1.0,3.0
2748,2024-02-02 07:34:00,2024-02-02 07:36:00,,2024-02-02 07:30:00,4.0,2.0,
2749,2024-01-23 19:16:00,2024-01-23 19:19:00,2024-01-23 19:20:00,2024-01-23 19:15:00,1.0,3.0,1.0
2750,2024-01-09 09:44:00,,,2024-01-09 09:42:00,2.0,,
2751,2024-01-14 05:55:00,2024-01-14 05:58:00,2024-01-14 06:01:00,2024-01-14 05:54:00,1.0,3.0,3.0
2752,,,,2024-01-30 04:29:00,,,
2753,2024-01-13 17:30:00,2024-01-13 17:33:00,2024-01-13 17:34:00,2024-01-13 17:28:00,2.0,3.0,1.0
2754,2024-01-26 22:07:00,2024-01-26 22:10:00,,2024-01-26 22:05:00,2.0,3.0,
2755,,,,2024-01-25 04:26:00,,,
2756,2024-01-16 00:19:00,2024-01-16 00:23:00,2024-01-16 00:25:00,2024-01-16 00:18:00,1.0,4.0,2.0
2757,2024-01-09 22:46:00,2024-01-09 22:49:00,2024-01-09 22:50:00,2024-01-09 22:43:00,3.0,3.0,1.0
2758,2024-01-26 16:12:00,2024-01-26 16:14:00,2024-01-26 16:17:00,2024-01-26 16:08:00,4.0,2.0,3.0
2759,2024-01-10 14:09:00,2024-01-10 14:13:00,2024-01-10 14:14:00,2024-01-10 14:05:00,4.0,4.0,1.0
2760,2024-01-22 09:50:00,2024-01-22 09:52:00,,2024-01-22 09:48:00,2.0,2.0,
2761,2024-01-01 08:46:00,,,2024-01-01 08:43:00,3.0,,
2762,,,,2024-01-12 13:45:00,,,
2763,,,,2024-01-14 22:40:00,,,
2764,2024-01-09 09:55:00,,,2024-01-09 09:54:00,1.0,,
2765,2024-01-04 11:43:00,,,2024-01-04 11:39:00,4.0,,
2766,,,,2024-01-25 18:02:00,,,
2767,,,,2024-02-03 10:09:00,,,
2768,2024-01-02 13:52:00,,,2024-01-02 13:49:00,3.0,,
2769,2024-01-31 02:20:00,2024-01-31 02:21:00,,2024-01-31 02:19:00,1.0,1.0,
2770,2024-01-26 15:56:00,2024-01-26 16:00:00,2024-01-26 16:03:00,2024-01-26 15:52:00,4.0,4.0,3.0
2771,2024-01-04 07:13:00,2024-01-04 07:15:00,2024-01-04 07:19:00,2024-01-04 07:09:00,4.0,2.0,4.0
2772,2024-02-03 18:53:00,2024-02-03 18:57:00,,2024-02-03 18:49:00,4.0,4.0,
2773,,,,2024-01-12 22:55:00,,,
2774,2024-01-17 11:33:00,2024-01-17 11:35:00,2024-01-17 11:38:00,2024-01-17 11:31:00,2.0,2.0,3.0
2775,2024-01-01 15:21:00,2024-01-01 15:23:00,2024-01-01 15:25:00,2024-01-01 15:18:00,3.0,2.0,2.0
2776,,,,2024-01-29 14:04:00,,,
2777,2024-01-15 12:46:00,2024-01-15 12:49:00,2024-01-15 12:53:00,2024-01-15 12:45:00,1.0,3.0,4.0
2778,2024-01-31 17:44:00,2024-01-31 17:45:00,2024-01-31 17:48:00,2024-01-31 17:43:00,1.0,1.0,3.0
2779,2024-01-15 11:20:00,,,2024-01-15 11:18:00,2.0,,
2780,2024-01-08 11:01:00,2024-01-08 11:03:00,2024-01-08 11:06:00,2024-01-08 11:00:00,1.0,2.0,3.0
2781,2024-02-02 05:24:00,2024-02-02 05:26:00,2024-02-02 05:27:00,2024-02-02 05:22:00,2.0,2.0,1.0
2782,2024-01-06 06:57:00,,,2024-01-06 06:53:00,4.0,,
2783,2024-01-06 02:10:00,,,2024-01-06 02:06:00,4.0,,
2784,,,,2024-01-10 05:55:00,,,
2785,,,,2024-01-06 09:59:00,,,
2786,,,,2024-01-04 07:17:00,,,
2787,,,,2024-01-18 16:53:00,,,
2788,2024-01-07 07:30:00,2024-01-07 07:31:00,2024-01-07 07:33:00,2024-01-07 07:29:00,1.0,1.0,2.0
2789,2024-01-05 13:35:00,2024-01-05 13:36:00,2024-01-05 13:37:00,2024-01-05 13:31:00,4.0,1.0,1.0
2790,2024-02-02 11:36:00,2024-02-02 11:39:00,2024-02-02 11:41:00,2024-02-02 11:35:00,1.0,3.0,2.0
2791,,,,2024-01-12 05:44:00,,,
2792,2024-01-05 18:31:00,2024-01-05 18:35:00,2024-01-05 18:36:00,2024-01-05 18:28:00,3.0,4.0,1.0
2793,,,,2024-01-23 13:00:00,,,
2794,,,,2024-01-14 04:29:00,,,
2795,,,,2024-01-05 22:48:00,,,
2796,,,,2024-02-03 13:14:00,,,
2797,2024-02-03 06:27:00,2024-02-03 06:28:00,,2024-02-03 06:26:00,1.0,1.0,
2798,,,,2024-01-24 19:02:00,,,
2799,,,,2024-02-01 09:19:00,,,
2800,,,,2024-02-04 09:29:00,,,
2801,2024-01-26 00:03:00,,,2024-01-25 23:59:00,4.0,,
2802,2024-01-22 09:51:00,2024-01-22 09:53:00,2024-01-22 09:54:00,2024-01-22 09:50:00,1.0,2.0,1.0
2803,,,,2024-01-04 21:40:00,,,
2804,2024-01-16 15:16:00,2024-01-16 15:17:00,,2024-01-16 15:12:00,4.0,1.0,
2805,,,,2024-01-02 18:54:00,,,
2806,2024-01-24 22:28:00,2024-01-24 22:29:00,2024-01-24 22:31:00,2024-01-24 22:24:00,4.0,1.0,2.0
2807,,,,2024-01-17 09:34:00,,,
2808,2024-01-12 18:37:00,2024-01-12 18:38:00,2024-01-12 18:42:00,2024-01-12 18:36:00,1.0,1.0,4.0
2809,,,,2024-01-13 07:25:00,,,
2810,,,,2024-01-17 19:07:00,,,
2811,2024-01-03 22:05:00,,,2024-01-03 22:01:00,4.0,,
2812,,,,2024-01-18 08:56:00,,,
2813,2024-01-31 19:03:00,,,2024-01-31 19:02:00,1.0,,
2814,2024-01-06 21:02:00,,,2024-01-06 21:01:00,1.0,,
2815,2024-02-03 23:31:00,2024-02-03 23:32:00,,2024-02-03 23:30:00,1.0,1.0,
2816,2024-01-01 16:21:00,2024-01-01 16:24:00,2024-01-01 16:27:00,2024-01-01 16:19:00,2.0,3.0,3.0
2817,2024-01-06 07:18:00,,,2024-01-06 07:15:00,3.0,,
2818,2024-01-24 07:10:00,,,2024-01-24 07:07:00,3.0,,
2819,2024-01-20 00:46:00,2024-01-20 00:50:00,,2024-01-20 00:45:00,1.0,4.0,
2820,2024-01-07 20:05:00,2024-01-07 20:08:00,2024-01-07 20:10:00,2024-01-07 20:01:00,4.0,3.0,2.0
2821,,,,2024-01-14 01:32:00,,,
2822,,,,2024-01-01 03:23:00,,,
2823,2024-01-28 13:50:00,2024-01-28 13:51:00,2024-01-28 13:52:00,2024-01-28 13:49:00,1.0,1.0,1.0
2824,2024-01-21 08:10:00,2024-01-21 08:12:00,,2024-01-21 08:06:00,4.0,2.0,
2825,,,,2024-01-18 13:33:00,,,
2826,,,,2024-02-03 06:15:00,,,
2827,,,,2024-01-14 19:48:00,,,
2828,2024-01-14 03:37:00,2024-01-14 03:41:00,2024-01-14 03:42:00,2024-01-14 03:33:00,4.0,4.0,1.0
2829,,,,2024-01-23 23:38:00,,,
2830,2024-01-20 22:31:00,2024-01-20 22:32:00,,2024-01-20 22:28:00,3.0,1.0,
2831,2024-01-06 05:36:00,2024-01-06 05:38:00,2024-01-06 05:41:00,2024-01-06 05:33:00,3.0,2.0,3.0
2832,2024-02-03 14:51:00,2024-02-03 14:52:00,2024-02-03 14:54:00,2024-02-03 14:49:00,2.0,1.0,2.0
2833,,,,2024-01-03 15:20:00,,,
2834,,,,2024-02-04 13:07:00,,,
2835,2024-02-01 22:05:00,2024-02-01 22:09:00,2024-02-01 22:10:00,2024-02-01 22:01:00,4.0,4.0,1.0
2836,,,,2024-01-26 21:06:00,,,
2837,,,,2024-02-02 13:49:00,,,
2838,,,,2024-01-05 13:19:00,,,
2839,,,,2024-01-19 00:32:00,,,
2840,,,,2024-01-22 18:57:00,,,
2841,2024-01-28 13:22:00,,,2024-01-28 13:20:00,2.0,,
2842,,,,2024-01-20 13:29:00,,,
2843,,,,2024-01-25 21:54:00,,,
2844,,,,2024-01-01 06:49:00,,,
2845,,,,2024-01-17 09:08:00,,,
2846,2024-01-26 11:01:00,2024-01-26 11:03:00,,2024-01-26 10:59:00,2.0,2.0,
2847,2024-01-25 03:49:00,2024-01-25 03:51:00,,2024-01-25 03:48:00,1.0,2.0,
2848,2024-01-10 09:36:00,2024-01-10 09:39:00,2024-01-10 09:41:00,2024-01-10 09:32:00,4.0,3.0,2.0
2849,2024-01-04 11:44:00,2024-01-04 11:45:00,2024-01-04 11:49:00,2024-01-04 11:42:00,2.0,1.0,4.0
2850,2024-01-12 06:57:00,,,2024-01-12 06:56:00,1.0,,
2851,2024-01-06 11:07:00,,,2024-01-06 11:05:00,2.0,,
2852,2024-01-07 22:17:00,2024-01-07 22:21:00,2024-01-07 22:22:00,2024-01-07 22:16:00,1.0,4.0,1.0
2853,2024-01-11 23:13:00,,,2024-01-11 23:09:00,4.0,,
2854,,,,2024-01-01 15:20:00,,,
2855,2024-01-22 05:33:00,,,2024-01-22 05:32:00,1.0,,
2856,,,,2024-02-02 02:59:00,,,
2857,,,,2024-01-09 07:51:00,,,
2858,2024-01-15 15:18:00,2024-01-15 15:22:00,2024-01-15 15:24:00,2024-01-15 15:17:00,1.0,4.0,2.0
2859,,,,2024-01-16 01:58:00,,,
2860,2024-01-23 07:40:00,,,2024-01-23 07:37:00,3.0,,
2861,2024-01-07 13:47:00,2024-01-07 13:49:00,2024-01-07 13:50:00,2024-01-07 13:45:00,2.0,2.0,1.0
2862,,,,2024-01-01 11:50:00,,,
2863,,,,2024-01-18 13:07:00,,,
2864,,,,2024-01-27 15:12:00,,,
2865,,,,2024-01-27 15:09:00,,,
2866,2024-01-16 22:56:00,2024-01-16 23:00:00,2024-01-16 23:03:00,2024-01-16 22:54:00,2.0,4.0,3.0
2867,,,,2024-02-03 00:11:00,,,
2868,,,,2024-02-01 14:15:00,,,
2869,2024-01-12 14:43:00,2024-01-12 14:44:00,2024-01-12 14:47:00,2024-01-12 14:39:00,4.0,1.0,3.0
2870,2024-01-15 21:23:00,,,2024-01-15 21:19:00,4.0,,
2871,2024-01-29 20:20:00,2024-01-29 20:24:00,,2024-01-29 20:16:00,4.0,4.0,
2872,2024-01-09 08:38:00,,,2024-01-09 08:36:00,2.0,,
2873,2024-01-26 03:42:00,2024-01-26 03:46:00,2024-01-26 03:50:00,2024-01-26 03:38:00,4.0,4.0,4.0
2874,2024-01-23 17:25:00,2024-01-23 17:27:00,,2024-01-23 17:21:00,4.0,2.0,
2875,,,,2024-01-18 23:03:00,,,
2876,,,,2024-01-10 10:00:00,,,
2877,2024-01-07 09:52:00,2024-01-07 09:56:00,2024-01-07 09:59:00,2024-01-07 09:51:00,1.0,4.0,3.0
2878,2024-01-26 02:58:00,2024-01-26 02:59:00,2024-01-26 03:00:00,2024-01-26 02:57:00,1.0,1.0,1.0
2879,,,,2024-01-11 12:47:00,,,
2880,2024-01-13 17:20:00,,,2024-01-13 17:19:00,1.0,,
2881,,,,2024-01-22 09:49:00,,,
2882,2024-01-04 16:47:00,,,2024-01-04 16:44:00,3.0,,
2883,2024-01-02 12:29:00,2024-01-02 12:30:00,2024-01-02 12:32:00,2024-01-02 12:26:00,3.0,1.0,2.0
2884,,,,2024-01-17 21:08:00,,,
2885,2024-01-07 18:09:00,2024-01-07 18:13:00,2024-01-07 18:14:00,2024-01-07 18:06:00,3.0,4.0,1.0
2886,2024-01-22 02:53:00,,,2024-01-22 02:52:00,1.0,,
2887,2024-01-31 21:41:00,2024-01-31 21:42:00,,2024-01-31 21:40:00,1.0,1.0,
2888,2024-01-20 00:49:00,,,2024-01-20 00:48:00,1.0,,
2889,2024-01-26 18:50:00,2024-01-26 18:51:00,,2024-01-26 18:48:00,2.0,1.0,
2890,2024-01-21 04:48:00,2024-01-21 04:49:00,2024-01-21 04:52:00,2024-01-21 04:46:00,2.0,1.0,3.0
2891,,,,2024-02-03 15:34:00,,,
2892,2024-02-03 21:52:00,,,2024-02-03 21:48:00,4.0,,
2893,2024-01-17 20:05:00,2024-01-17 20:08:00,2024-01-17 20:09:00,2024-01-17 20:03:00,2.0,3.0,1.0
2894,2024-01-22 22:29:00,2024-01-22 22:31:00,2024-01-22 22:33:00,2024-01-22 22:26:00,3.0,2.0,2.0
2895,2024-01-19 09:40:00,,,2024-01-19 09:38:00,2.0,,
2896,,,,2024-01-23 13:14:00,,,
2897,2024-01-08 02:59:00,,,2024-01-08 02:55:00,4.0,,
2898,2024-02-01 11:43:00,2024-02-01 11:45:00,,2024-02-01 11:39:00,4.0,2.0,
2899,,,,2024-02-03 13:12:00,,,
2900,,,,2024-01-25 22:02:00,,,
2901,,,,2024-01-02 18:52:00,,,
2902,2024-02-02 17:56:00,2024-02-02 18:00:00,2024-02-02 18:03:00,2024-02-02 17:52:00,4.0,4.0,3.0
2903,,,,2024-01-07 23:51:00,,,
2904,2024-01-08 05:38:00,2024-01-08 05:39:00,2024-01-08 05:43:00,2024-01-08 05:34:00,4.0,1.0,4.0
2905,2024-01-18 14:22:00,2024-01-18 14:26:00,2024-01-18 14:27:00,2024-01-18 14:21:00,1.0,4.0,1.0
2906,,,,2024-01-29 13:44:00,,,
2907,2024-01-03 17:54:00,2024-01-03 17:57:00,2024-01-03 18:01:00,2024-01-03 17:51:00,3.0,3.0,4.0
2908,2024-01-11 01:56:00,2024-01-11 01:57:00,2024-01-11 01:58:00,2024-01-11 01:54:00,2.0,1.0,1.0
2909,,,,2024-01-18 02:34:00,,,
2910,,,,2024-01-16 15:58:00,,,
2911,2024-01-02 06:45:00,2024-01-02 06:47:00,,2024-01-02 06:41:00,4.0,2.0,
2912,2024-01-27 18:05:00,,,2024-01-27 18:01:00,4.0,,
2913,,,,2024-02-03 01:28:00,,,
2914,,,,2024-01-09 11:12:00,,,
2915,2024-01-30 15:46:00,2024-01-30 15:47:00,2024-01-30 15:48:00,2024-01-30 15:44:00,2.0,1.0,1.0
2916,,,,2024-01-11 06:39:00,,,
2917,2024-01-18 13:24:00,2024-01-18 13:26:00,2024-01-18 13:30:00,2024-01-18 13:21:00,3.0,2.0,4.0
2918,2024-01-21 12:45:00,2024-01-21 12:46:00,2024-01-21 12:50:00,2024-01-21 12:43:00,2.0,1.0,4.0
2919,2024-01-14 09:03:00,,,2024-01-14 09:02:00,1.0,,
2920,2024-01-13 06:49:00,,,2024-01-13 06:45:00,4.0,,
2921,2024-01-06 12:00:00,2024-01-06 12:03:00,,2024-01-06 11:57:00,3.0,3.0,
2922,2024-01-08 11:33:00,2024-01-08 11:34:00,2024-01-08 11:38:00,2024-01-08 11:30:00,3.0,1.0,4.0
2923,,,,2024-01-17 15:32:00,,,
2924,2024-01-09 18:43:00,2024-01-09 18:47:00,2024-01-09 18:48:00,2024-01-09 18:42:00,1.0,4.0,1.0
2925,2024-01-01 16:50:00,2024-01-01 16:52:00,,2024-01-01 16:46:00,4.0,2.0,
2926,2024-01-11 18:12:00,2024-01-11 18:13:00,,2024-01-11 18:09:00,3.0,1.0,
2927,2024-01-18 19:14:00,2024-01-18 19:18:00,2024-01-18 19:20:00,2024-01-18 19:13:00,1.0,4.0,2.0
2928,,,,2024-01-25 13:50:00,,,
2929,2024-01-21 03:25:00,,,2024-01-21 03:21:00,4.0,,
2930,,,,2024-01-20 07:11:00,,,
2931,,,,2024-01-21 01:34:00,,,
2932,2024-01-25 02:58:00,,,2024-01-25 02:54:00,4.0,,
2933,,,,2024-01-26 23:44:00,,,
2934,,,,2024-01-05 01:59:00,,,
2935,2024-01-07 12:24:00,2024-01-07 12:26:00,2024-01-07 12:30:00,2024-01-07 12:23:00,1.0,2.0,4.0
2936,2024-01-23 20:38:00,2024-01-23 20:39:00,2024-01-23 20:43:00,2024-01-23 20:36:00,2.0,1.0,4.0
2937,,,,2024-01-07 04:26:00,,,
2938,,,,2024-01-02 09:24:00,,,
2939,2024-01-24 17:41:00,,,2024-01-24 17:39:00,2.0,,
2940,2024-01-03 00:35:00,2024-01-03 00:37:00,2024-01-03 00:39:00,2024-01-03 00:33:00,2.0,2.0,2.0
2941,,,,2024-01-05 22:01:00,,,
2942,2024-01-28 05:24:00,2024-01-28 05:25:00,2024-01-28 05:28:00,2024-01-28 05:21:00,3.0,1.0,3.0
2943,,,,2024-01-30 17:10:00,,,
2944,2024-01-16 17:19:00,2024-01-16 17:21:00,2024-01-16 17:24:00,2024-01-16 17:18:00,1.0,2.0,3.0
2945,2024-01-29 05:41:00,2024-01-29 05:44:00,2024-01-29 05:48:00,2024-01-29 05:38:00,3.0,3.0,4.0
2946,2024-01-14 02:23:00,2024-01-14 02:24:00,2024-01-14 02:27:00,2024-01-14 02:19:00,4.0,1.0,3.0
2947,,,,2024-01-02 01:18:00,,,
2948,2024-01-23 21:42:00,2024-01-23 21:46:00,,2024-01-23 21:40:00,2.0,4.0,
2949,2024-01-28 09:24:00,2024-01-28 09:26:00,,2024-01-28 09:20:00,4.0,2.0,
2950,2024-01-30 17:38:00,2024-01-30 17:39:00,2024-01-30 17:41:00,2024-01-30 17:35:00,3.0,1.0,2.0
2951,,,,2024-01-27 08:47:00,,,
2952,2024-01-17 23:57:00,2024-01-17 23:58:00,,2024-01-17 23:53:00,4.0,1.0,
2953,,,,2024-01-09 02:00:00,,,
2954,2024-01-15 13:04:00,2024-01-15 13:06:00,2024-01-15 13:10:00,2024-01-15 13:02:00,2.0,2.0,4.0
2955,2024-01-18 13:02:00,2024-01-18 13:05:00,,2024-01-18 13:01:00,1.0,3.0,
2956,,,,2024-01-23 23:01:00,,,
2957,2024-01-20 18:28:00,2024-01-20 18:29:00,2024-01-20 18:30:00,2024-01-20 18:27:00,1.0,1.0,1.0
2958,2024-01-28 08:32:00,,,2024-01-28 08:29:00,3.0,,
2959,,,,2024-01-08 09:48:00,,,
2960,2024-01-27 05:17:00,2024-01-27 05:21:00,2024-01-27 05:23:00,2024-01-27 05:13:00,4.0,4.0,2.0
2961,,,,2024-01-31 20:05:00,,,
2962,2024-01-15 20:38:00,,,2024-01-15 20:36:00,2.0,,
2963,2024-01-13 09:45:00,,,2024-01-13 09:44:00,1.0,,
2964,,,,2024-01-06 00:18:00,,,
2965,2024-01-04 23:27:00,2024-01-04 23:28:00,2024-01-04 23:30:00,2024-01-04 23:26:00,1.0,1.0,2.0
2966,2024-01-02 20:57:00,2024-01-02 21:00:00,2024-01-02 21:03:00,2024-01-02 20:56:00,1.0,3.0,3.0
2967,2024-01-09 16:00:00,,,2024-01-09 15:59:00,1.0,,
2968,,,,2024-02-04 02:25:00,,,
2969,2024-01-28 02:47:00,2024-01-28 02:49:00,,2024-01-28 02:44:00,3.0,2.0,
2970,,,,2024-01-09 19:56:00,,,
2971,2024-01-08 09:09:00,2024-01-08 09:11:00,,2024-01-08 09:08:00,1.0,2.0,
2972,,,,2024-01-29 03:29:00,,,
2973,2024-01-22 08:02:00,2024-01-22 08:03:00,2024-01-22 08:04:00,2024-01-22 07:59:00,3.0,1.0,1.0
2974,2024-01-24 00:08:00,,,2024-01-24 00:05:00,3.0,,
2975,2024-01-17 22:38:00,2024-01-17 22:40:00,,2024-01-17 22:35:00,3.0,2.0,
2976,,,,2024-01-22 17:53:00,,,
2977,2024-01-20 19:23:00,2024-01-20 19:26:00,,2024-01-20 19:20:00,3.0,3.0,
2978,2024-01-18 10:34:00,2024-01-18 10:38:00,2024-01-18 10:39:00,2024-01-18 10:30:00,4.0,4.0,1.0
2979,,,,2024-01-27 20:08:00,,,
2980,,,,2024-02-04 14:39:00,,,
2981,2024-01-30 17:03:00,,,2024-01-30 17:01:00,2.0,,
2982,2024-01-03 23:45:00,,,2024-01-03 23:43:00,2.0,,
2983,,,,2024-01-17 06:31:00,,,
2984,2024-01-11 18:25:00,2024-01-11 18:29:00,2024-01-11 18:30:00,2024-01-11 18:24:00,1.0,4.0,1.0
2985,2024-01-23 08:11:00,2024-01-23 08:13:00,,2024-01-23 08:09:00,2.0,2.0,
2986,2024-01-08 11:37:00,2024-01-08 11:39:00,2024-01-08 11:41:00,2024-01-08 11:35:00,2.0,2.0,2.0
2987,2024-02-01 20:10:00,,,2024-02-01 20:06:00,4.0,,
2988,2024-01-18 17:10:00,,,2024-01-18 17:07:00,3.0,,
2989,,,,2024-01-22 13:03:00,,,
2990,2024-01-20 07:34:00,2024-01-20 07:37:00,2024-01-20 07:38:00,2024-01-20 07:33:00,1.0,3.0,1.0
2991,2024-01-19 21:19:00,,,2024-01-19 21:16:00,3.0,,
2992,2024-01-18 23:17:00,2024-01-18 23:19:00,2024-01-18 23:21:00,2024-01-18 23:14:00,3.0,2.0,2.0
2993,2024-01-09 15:05:00,2024-01-09 15:08:00,2024-01-09 15:09:00,2024-01-09 15:02:00,3.0,3.0,1.0
2994,,,,2024-01-17 17:28:00,,,
2995,2024-01-26 01:57:00,,,2024-01-26 01:54:00,3.0,,
2996,2024-01-18 23:26:00,,,2024-01-18 23:22:00,4.0,,
2997,2024-01-03 20:32:00,,,2024-01-03 20:31:00,1.0,,
2998,,,,2024-02-03 06:55:00,,,
2999,2024-01-16 18:28:00,,,2024-01-16 18:27:00,1.0,,
3000,2024-01-16 11:26:00,,,2024-01-16 11:25:00,1.0,,
3001,,,,2024-01-29 00:11:00,,,
3002,2024-01-14 13:46:00,2024-01-14 13:47:00,2024-01-14 13:48:00,2024-01-14 13:44:00,2.0,1.0,1.0
3003,2024-01-17 13:29:00,2024-01-17 13:30:00,2024-01-17 13:33:00,2024-01-17 13:26:00,3.0,1.0,3.0
3004,2024-01-21 07:50:00,,,2024-01-21 07:48:00,2.0,,
3005,2024-01-30 15:29:00,2024-01-30 15:31:00,,2024-01-30 15:25:00,4.0,2.0,
3006,2024-01-26 06:26:00,,,2024-01-26 06:22:00,4.0,,
3007,,,,2024-01-07 13:36:00,,,
3008,2024-01-16 10:43:00,,,2024-01-16 10:41:00,2.0,,
3009,2024-02-02 08:56:00,2024-02-02 08:57:00,2024-02-02 08:58:00,2024-02-02 08:52:00,4.0,1.0,1.0
3010,,,,2024-01-14 04:56:00,,,
3011,2024-01-14 14:08:00,2024-01-14 14:12:00,2024-01-14 14:15:00,2024-01-14 14:05:00,3.0,4.0,3.0
3012,,,,2024-02-01 20:59:00,,,
3013,2024-01-08 15:54:00,2024-01-08 15:58:00,2024-01-08 15:59:00,2024-01-08 15:53:00,1.0,4.0,1.0
3014,,,,2024-01-29 09:00:00,,,
3015,,,,2024-02-03 19:19:00,,,
3016,,,,2024-02-03 20:54:00,,,
3017,2024-01-15 21:13:00,,,2024-01-15 21:10:00,3.0,,
3018,2024-02-03 18:50:00,2024-02-03 18:51:00,2024-02-03 18:52:00,2024-02-03 18:46:00,4.0,1.0,1.0
3019,2024-01-11 09:05:00,,,2024-01-11 09:04:00,1.0,,
3020,2024-01-08 14:21:00,2024-01-08 14:23:00,,2024-01-08 14:17:00,4.0,2.0,
3021,2024-01-15 09:01:00,,,2024-01-15 09:00:00,1.0,,
3022,,,,2024-02-04 14:24:00,,,
3023,2024-01-20 13:49:00,,,2024-01-20 13:46:00,3.0,,
3024,,,,2024-01-04 16:12:00,,,
3025,,,,2024-01-03 10:15:00,,,
3026,2024-01-11 03:34:00,2024-01-11 03:36:00,,2024-01-11 03:33:00,1.0,2.0,
3027,2024-01-24 04:32:00,2024-01-24 04:35:00,,2024-01-24 04:31:00,1.0,3.0,
3028,2024-01-28 05:20:00,,,2024-01-28 05:18:00,2.0,,
3029,2024-01-23 06:19:00,,,2024-01-23 06:17:00,2.0,,
3030,,,,2024-01-31 04:17:00,,,
3031,2024-01-01 03:52:00,,,2024-01-01 03:48:00,4.0,,
3032,,,,2024-01-23 21:13:00,,,
3033,,,,2024-02-03 08:53:00,,,
3034,,,,2024-01-30 02:20:00,,,
3035,2024-01-07 19:09:00,,,2024-01-07 19:08:00,1.0,,
3036,,,,2024-01-28 03:34:00,,,
3037,,,,2024-01-04 12:58:00,,,
3038,2024-01-06 20:14:00,,,2024-01-06 20:11:00,3.0,,
3039,2024-02-03 07:23:00,,,2024-02-03 07:20:00,3.0,,
3040,2024-01-14 13:23:00,,,2024-01-14 13:19:00,4.0,,
3041,,,,2024-01-31 00:39:00,,,
3042,2024-01-30 23:01:00,2024-01-30 23:04:00,2024-01-30 23:06:00,2024-01-30 22:58:00,3.0,3.0,2.0
3043,2024-01-19 11:21:00,2024-01-19 11:22:00,2024-01-19 11:24:00,2024-01-19 11:19:00,2.0,1.0,2.0
3044,2024-01-04 11:23:00,2024-01-04 11:27:00,2024-01-04 11:28:00,2024-01-04 11:19:00,4.0,4.0,1.0
3045,2024-01-15 18:42:00,2024-01-15 18:46:00,2024-01-15 18:47:00,2024-01-15 18:40:00,2.0,4.0,1.0
3046,2024-01-03 18:03:00,2024-01-03 18:04:00,,2024-01-03 18:02:00,1.0,1.0,
3047,,,,2024-01-29 01:06:00,,,
3048,,,,2024-01-07 08:58:00,,,
3049,2024-01-04 11:54:00,2024-01-04 11:55:00,2024-01-04 11:56:00,2024-01-04 11:52:00,2.0,1.0,1.0
3050,,,,2024-01-01 04:59:00,,,
3051,,,,2024-01-11 19:22:00,,,
3052,,,,2024-01-16 21:00:00,,,
3053,,,,2024-01-26 20:09:00,,,
3054,2024-01-26 22:13:00,,,2024-01-26 22:12:00,1.0,,
3055,2024-01-11 16:46:00,2024-01-11 16:48:00,2024-01-11 16:51:00,2024-01-11 16:42:00,4.0,2.0,3.0
3056,,,,2024-01-21 06:21:00,,,
3057,2024-01-10 14:29:00,2024-01-10 14:30:00,,2024-01-10 14:26:00,3.0,1.0,
3058,,,,2024-01-14 07:53:00,,,
3059,,,,2024-01-25 23:47:00,,,
3060,2024-01-17 12:22:00,2024-01-17 12:25:00,2024-01-17 12:27:00,2024-01-17 12:18:00,4.0,3.0,2.0
3061,2024-01-05 22:48:00,2024-01-05 22:50:00,2024-01-05 22:53:00,2024-01-05 22:47:00,1.0,2.0,3.0
3062,2024-01-09 13:46:00,2024-01-09 13:49:00,2024-01-09 13:51:00,2024-01-09 13:45:00,1.0,3.0,2.0
3063,,,,2024-01-26 21:47:00,,,
3064,,,,2024-01-13 01:31:00,,,
3065,,,,2024-01-17 03:49:00,,,
3066,,,,2024-01-22 00:54:00,,,
3067,2024-01-22 16:27:00,2024-01-22 16:31:00,,2024-01-22 16:24:00,3.0,4.0,
3068,2024-01-29 23:50:00,2024-01-29 23:51:00,2024-01-29 23:53:00,2024-01-29 23:46:00,4.0,1.0,2.0
3069,2024-02-03 00:50:00,2024-02-03 00:53:00,2024-02-03 00:56:00,2024-02-03 00:48:00,2.0,3.0,3.0
3070,2024-01-14 22:42:00,2024-01-14 22:46:00,2024-01-14 22:49:00,2024-01-14 22:38:00,4.0,4.0,3.0
3071,,,,2024-02-03 22:21:00,,,
3072,2024-01-08 04:14:00,,,2024-01-08 04:12:00,2.0,,
3073,,,,2024-01-09 04:55:00,,,
3074,,,,2024-02-03 10:45:00,,,
3075,2024-01-08 17:06:00,2024-01-08 17:09:00,2024-01-08 17:12:00,2024-01-08 17:04:00,2.0,3.0,3.0
3076,2024-01-07 12:41:00,2024-01-07 12:44:00,,2024-01-07 12:39:00,2.0,3.0,
3077,2024-02-01 08:20:00,,,2024-02-01 08:17:00,3.0,,
3078,2024-01-28 09:05:00,2024-01-28 09:09:00,2024-01-28 09:13:00,2024-01-28 09:02:00,3.0,4.0,4.0
3079,,,,2024-01-24 19:54:00,,,
3080,2024-02-01 15:18:00,2024-02-01 15:22:00,2024-02-01 15:25:00,2024-02-01 15:17:00,1.0,4.0,3.0
3081,,,,2024-01-01 03:26:00,,,
3082,2024-01-19 11:52:00,2024-01-19 11:55:00,2024-01-19 11:56:00,2024-01-19 11:49:00,3.0,3.0,1.0
3083,2024-01-04 09:34:00,2024-01-04 09:36:00,2024-01-04 09:39:00,2024-01-04 09:30:00,4.0,2.0,3.0
3084,,,,2024-01-22 16:58:00,,,
3085,,,,2024-02-01 04:59:00,,,
3086,,,,2024-01-06 20:33:00,,,
3087,,,,2024-01-04 15:26:00,,,
3088,2024-01-26 04:17:00,,,2024-01-26 04:13:00,4.0,,
3089,2024-01-04 20:02:00,2024-01-04 20:05:00,2024-01-04 20:06:00,2024-01-04 19:59:00,3.0,3.0,1.0
3090,,,,2024-01-05 19:55:00,,,
3091,,,,2024-01-09 01:50:00,,,
3092,,,,2024-01-07 09:56:00,,,
3093,2024-01-05 05:21:00,2024-01-05 05:24:00,2024-01-05 05:28:00,2024-01-05 05:20:00,1.0,3.0,4.0
3094,2024-01-07 17:16:00,,,2024-01-07 17:13:00,3.0,,
3095,,,,2024-01-14 19:37:00,,,
3096,2024-01-28 03:26:00,2024-01-28 03:27:00,2024-01-28 03:29:00,2024-01-28 03:23:00,3.0,1.0,2.0
3097,2024-01-28 07:26:00,2024-01-28 07:28:00,2024-01-28 07:31:00,2024-01-28 07:22:00,4.0,2.0,3.0
3098,,,,2024-01-14 09:42:00,,,
3099,,,,2024-01-24 11:40:00,,,
3100,2024-01-20 16:31:00,,,2024-01-20 16:30:00,1.0,,
3101,,,,2024-01-14 20:13:00,,,
3102,,,,2024-01-09 20:47:00,,,
3103,2024-01-25 12:23:00,,,2024-01-25 12:22:00,1.0,,
3104,2024-01-10 19:29:00,2024-01-10 19:32:00,2024-01-10 19:35:00,2024-01-10 19:26:00,3.0,3.0,3.0
3105,2024-01-17 10:12:00,,,2024-01-17 10:09:00,3.0,,
3106,2024-01-31 07:15:00,2024-01-31 07:19:00,2024-01-31 07:20:00,2024-01-31 07:13:00,2.0,4.0,1.0
3107,,,,2024-01-29 15:39:00,,,
3108,2024-01-10 16:59:00,,,2024-01-10 16:58:00,1.0,,
3109,2024-01-21 22:01:00,2024-01-21 22:04:00,2024-01-21 22:08:00,2024-01-21 21:57:00,4.0,3.0,4.0
3110,2024-01-05 02:18:00,2024-01-05 02:20:00,2024-01-05 02:21:00,2024-01-05 02:15:00,3.0,2.0,1.0
3111,2024-01-15 14:57:00,2024-01-15 14:59:00,2024-01-15 15:03:00,2024-01-15 14:56:00,1.0,2.0,4.0
3112,2024-01-19 23:57:00,2024-01-19 23:59:00,2024-01-20 00:02:00,2024-01-19 23:54:00,3.0,2.0,3.0
3113,,,,2024-01-01 14:59:00,,,
3114,,,,2024-01-18 00:40:00,,,
3115,2024-01-20 18:29:00,2024-01-20 18:33:00,2024-01-20 18:36:00,2024-01-20 18:27:00,2.0,4.0,3.0
3116,2024-01-07 09:19:00,2024-01-07 09:23:00,2024-01-07 09:27:00,2024-01-07 09:18:00,1.0,4.0,4.0
3117,2024-02-01 10:27:00,,,2024-02-01 10:26:00,1.0,,
3118,2024-01-16 19:25:00,2024-01-16 19:28:00,2024-01-16 19:30:00,2024-01-16 19:21:00,4.0,3.0,2.0
3119,2024-02-03 03:27:00,2024-02-03 03:30:00,2024-02-03 03:32:00,2024-02-03 03:25:00,2.0,3.0,2.0
3120,,,,2024-01-25 05:12:00,,,
3121,2024-02-03 04:52:00,2024-02-03 04:54:00,2024-02-03 04:57:00,2024-02-03 04:48:00,4.0,2.0,3.0
3122,,,,2024-01-23 20:20:00,,,
3123,,,,2024-01-17 10:25:00,,,
3124,2024-01-05 07:08:00,2024-01-05 07:12:00,2024-01-05 07:15:00,2024-01-05 07:04:00,4.0,4.0,3.0
3125,,,,2024-01-12 21:46:00,,,
3126,2024-02-01 01:51:00,2024-02-01 01:54:00,2024-02-01 01:55:00,2024-02-01 01:48:00,3.0,3.0,1.0
3127,2024-01-24 03:27:00,2024-01-24 03:30:00,2024-01-24 03:31:00,2024-01-24 03:25:00,2.0,3.0,1.0
3128,2024-01-02 20:31:00,2024-01-02 20:33:00,2024-01-02 20:37:00,2024-01-02 20:28:00,3.0,2.0,4.0
3129,2024-01-08 06:08:00,,,2024-01-08 06:07:00,1.0,,
3130,2024-01-23 03:52:00,2024-01-23 03:55:00,,2024-01-23 03:49:00,3.0,3.0,
3131,,,,2024-01-12 04:30:00,,,
3132,2024-01-02 12:49:00,,,2024-01-02 12:45:00,4.0,,
3133,2024-01-12 02:52:00,,,2024-01-12 02:49:00,3.0,,
3134,2024-01-26 03:00:00,2024-01-26 03:04:00,2024-01-26 03:05:00,2024-01-26 02:57:00,3.0,4.0,1.0
3135,,,,2024-01-06 22:47:00,,,
3136,,,,2024-01-06 04:32:00,,,
3137,,,,2024-01-17 12:17:00,,,
3138,2024-01-29 05:15:00,,,2024-01-29 05:11:00,4.0,,
3139,,,,2024-01-16 15:45:00,,,
3140,2024-01-06 09:52:00,,,2024-01-06 09:49:00,3.0,,
3141,,,,2024-01-24 08:44:00,,,
3142,,,,2024-01-01 17:53:00,,,
3143,,,,2024-01-31 18:14:00,,,
3144,,,,2024-01-27 23:49:00,,,
3145,,,,2024-01-05 11:34:00,,,
3146,,,,2024-02-03 23:53:00,,,
3147,2024-01-09 14:33:00,2024-01-09 14:37:00,2024-01-09 14:38:00,2024-01-09 14:29:00,4.0,4.0,1.0
3148,2024-01-01 00:12:00,,,2024-01-01 00:09:00,3.0,,
3149,2024-01-13 19:48:00,2024-01-13 19:52:00,2024-01-13 19:54:00,2024-01-13 19:44:00,4.0,4.0,2.0
3150,2024-01-28 23:10:00,,,2024-01-28 23:07:00,3.0,,
3151,2024-01-18 19:31:00,,,2024-01-18 19:29:00,2.0,,
3152,2024-01-31 12:14:00,2024-01-31 12:17:00,2024-01-31 12:20:00,2024-01-31 12:12:00,2.0,3.0,3.0
3153,2024-01-18 23:11:00,2024-01-18 23:13:00,2024-01-18 23:14:00,2024-01-18 23:07:00,4.0,2.0,1.0
3154,2024-01-14 18:30:00,,,2024-01-14 18:29:00,1.0,,
3155,2024-01-09 17:08:00,2024-01-09 17:10:00,2024-01-09 17:11:00,2024-01-09 17:05:00,3.0,2.0,1.0
3156,2024-02-01 19:55:00,2024-02-01 19:58:00,,2024-02-01 19:52:00,3.0,3.0,
3157,2024-02-01 05:59:00,,,2024-02-01 05:55:00,4.0,,
3158,,,,2024-01-01 12:20:00,,,
3159,,,,2024-01-28 13:16:00,,,
3160,,,,2024-01-15 15:36:00,,,
3161,,,,2024-01-01 04:10:00,,,
3162,,,,2024-01-11 16:26:00,,,
3163,2024-01-07 09:50:00,2024-01-07 09:53:00,2024-01-07 09:54:00,2024-01-07 09:48:00,2.0,3.0,1.0
3164,,,,2024-01-16 15:52:00,,,
3165,2024-01-22 02:37:00,2024-01-22 02:40:00,2024-01-22 02:41:00,2024-01-22 02:36:00,1.0,3.0,1.0
3166,2024-01-10 11:47:00,2024-01-10 11:49:00,,2024-01-10 11:43:00,4.0,2.0,
3167,2024-01-01 23:41:00,2024-01-01 23:45:00,2024-01-01 23:47:00,2024-01-01 23:37:00,4.0,4.0,2.0
3168,,,,2024-01-04 23:44:00,,,
3169,,,,2024-01-05 23:25:00,,,
3170,2024-02-02 14:11:00,,,2024-02-02 14:07:00,4.0,,
3171,,,,2024-01-13 03:51:00,,,
3172,2024-01-07 04:19:00,2024-01-07 04:20:00,2024-01-07 04:24:00,2024-01-07 04:15:00,4.0,1.0,4.0
3173,,,,2024-01-22 08:25:00,,,
3174,2024-01-19 08:20:00,2024-01-19 08:23:00,2024-01-19 08:24:00,2024-01-19 08:16:00,4.0,3.0,1.0
3175,2024-01-02 13:33:00,,,2024-01-02 13:32:00,1.0,,
3176,,,,2024-01-01 09:22:00,,,
3177,2024-01-03 00:01:00,2024-01-03 00:03:00,,2024-01-02 23:57:00,4.0,2.0,
3178,2024-01-26 05:45:00,,,2024-01-26 05:44:00,1.0,,
3179,,,,2024-01-28 22:18:00,,,
3180,2024-01-02 01:29:00,2024-01-02 01:31:00,2024-01-02 01:34:00,2024-01-02 01:28:00,1.0,2.0,3.0
3181,,,,2024-01-31 01:12:00,,,
3182,,,,2024-01-22 02:35:00,,,
3183,2024-01-12 06:00:00,2024-01-12 06:04:00,2024-01-12 06:08:00,2024-01-12 05:57:00,3.0,4.0,4.0
3184,2024-01-06 11:31:00,,,2024-01-06 11:28:00,3.0,,
3185,,,,2024-02-04 06:01:00,,,
3186,2024-01-29 06:33:00,2024-01-29 06:35:00,2024-01-29 06:39:00,2024-01-29 06:31:00,2.0,2.0,4.0
3187,,,,2024-01-22 11:41:00,,,
3188,2024-01-02 22:05:00,2024-01-02 22:08:00,2024-01-02 22:11:00,2024-01-02 22:02:00,3.0,3.0,3.0
3189,2024-01-15 00:42:00,2024-01-15 00:45:00,2024-01-15 00:49:00,2024-01-15 00:40:00,2.0,3.0,4.0
3190,,,,2024-01-27 15:43:00,,,
3191,,,,2024-01-08 13:49:00,,,
3192,,,,2024-02-04 04:51:00,,,
3193,,,,2024-01-08 13:48:00,,,
3194,,,,2024-01-19 15:39:00,,,
3195,,,,2024-01-22 16:04:00,,,
3196,,,,2024-01-12 03:29:00,,,
3197,,,,2024-01-29 20:53:00,,,
3198,,,,2024-01-07 13:20:00,,,
3199,,,,2024-01-29 00:57:00,,,
3200,2024-01-02 10:34:00,,,2024-01-02 10:31:00,3.0,,
3201,,,,2024-01-04 02:18:00,,,
3202,,,,2024-01-08 19:06:00,,,
3203,,,,2024-01-17 06:44:00,,,
3204,2024-01-30 23:41:00,2024-01-30 23:44:00,2024-01-30 23:45:00,2024-01-30 23:40:00,1.0,3.0,1.0
3205,,,,2024-01-13 05:19:00,,,
3206,2024-01-08 04:16:00,,,2024-01-08 04:12:00,4.0,,
3207,2024-01-09 16:56:00,,,2024-01-09 16:55:00,1.0,,
3208,2024-01-04 10:39:00,,,2024-01-04 10:36:00,3.0,,
3209,2024-01-29 11:16:00,2024-01-29 11:18:00,2024-01-29 11:22:00,2024-01-29 11:15:00,1.0,2.0,4.0
3210,2024-01-06 16:09:00,2024-01-06 16:12:00,2024-01-06 16:15:00,2024-01-06 16:08:00,1.0,3.0,3.0
3211,2024-01-02 06:07:00,2024-01-02 06:09:00,2024-01-02 06:13:00,2024-01-02 06:05:00,2.0,2.0,4.0
3212,,,,2024-01-30 18:29:00,,,
3213,,,,2024-01-27 21:17:00,,,
3214,2024-01-02 09:11:00,,,2024-01-02 09:10:00,1.0,,
3215,2024-01-23 19:51:00,,,2024-01-23 19:47:00,4.0,,
3216,2024-01-28 03:31:00,2024-01-28 03:32:00,2024-01-28 03:34:00,2024-01-28 03:29:00,2.0,1.0,2.0
3217,2024-01-06 15:10:00,,,2024-01-06 15:06:00,4.0,,
3218,2024-02-04 16:24:00,2024-02-04 16:27:00,2024-02-04 16:28:00,2024-02-04 16:22:00,2.0,3.0,1.0
3219,2024-01-16 20:28:00,,,2024-01-16 20:25:00,3.0,,
3220,2024-02-01 20:43:00,,,2024-02-01 20:41:00,2.0,,
3221,,,,2024-01-05 00:13:00,,,
3222,,,,2024-01-26 08:04:00,,,
3223,,,,2024-01-07 01:54:00,,,
3224,2024-01-04 02:09:00,2024-01-04 02:13:00,,2024-01-04 02:08:00,1.0,4.0,
3225,,,,2024-01-12 06:34:00,,,
3226,2024-01-27 10:17:00,2024-01-27 10:19:00,,2024-01-27 10:14:00,3.0,2.0,
3227,2024-01-17 12:22:00,,,2024-01-17 12:18:00,4.0,,
3228,2024-01-09 18:07:00,2024-01-09 18:11:00,,2024-01-09 18:05:00,2.0,4.0,
3229,2024-02-03 16:42:00,2024-02-03 16:43:00,2024-02-03 16:47:00,2024-02-03 16:41:00,1.0,1.0,4.0
3230,,,,2024-02-02 09:03:00,,,
3231,2024-01-21 22:26:00,2024-01-21 22:28:00,2024-01-21 22:31:00,2024-01-21 22:22:00,4.0,2.0,3.0
3232,2024-01-05 04:45:00,2024-01-05 04:46:00,,2024-01-05 04:43:00,2.0,1.0,
3233,,,,2024-01-30 04:56:00,,,
3234,2024-01-31 22:34:00,,,2024-01-31 22:31:00,3.0,,
3235,,,,2024-01-14 20:29:00,,,
3236,,,,2024-01-07 09:45:00,,,
3237,2024-01-09 05:50:00,2024-01-09 05:53:00,2024-01-09 05:57:00,2024-01-09 05:47:00,3.0,3.0,4.0
3238,,,,2024-01-13 22:58:00,,,
3239,,,,2024-01-28 21:47:00,,,
3240,2024-01-22 03:35:00,2024-01-22 03:38:00,2024-01-22 03:40:00,2024-01-22 03:32:00,3.0,3.0,2.0
3241,2024-01-31 19:12:00,2024-01-31 19:15:00,2024-01-31 19:16:00,2024-01-31 19:09:00,3.0,3.0,1.0
3242,,,,2024-01-11 10:23:00,,,
3243,,,,2024-01-23 06:37:00,,,
3244,2024-01-29 11:23:00,2024-01-29 11:26:00,2024-01-29 11:29:00,2024-01-29 11:22:00,1.0,3.0,3.0
3245,,,,2024-01-31 22:08:00,,,
3246,2024-01-10 00:42:00,2024-01-10 00:44:00,2024-01-10 00:48:00,2024-01-10 00:39:00,3.0,2.0,4.0
3247,2024-01-28 06:47:00,2024-01-28 06:50:00,2024-01-28 06:53:00,2024-01-28 06:43:00,4.0,3.0,3.0
3248,,,,2024-01-28 09:02:00,,,
3249,2024-01-30 18:13:00,,,2024-01-30 18:11:00,2.0,,
3250,,,,2024-01-14 13:23:00,,,
3251,,,,2024-02-02 20:13:00,,,
3252,2024-01-15 16:10:00,,,2024-01-15 16:07:00,3.0,,
3253,,,,2024-01-15 09:03:00,,,
3254,,,,2024-01-14 01:49:00,,,
3255,,,,2024-01-20 03:53:00,,,
3256,2024-01-20 09:24:00,2024-01-20 09:25:00,2024-01-20 09:27:00,2024-01-20 09:21:00,3.0,1.0,2.0
3257,2024-01-13 03:30:00,,,2024-01-13 03:26:00,4.0,,
3258,,,,2024-01-16 19:16:00,,,
3259,,,,2024-01-19 11:04:00,,,
3260,2024-01-05 23:07:00,2024-01-05 23:09:00,2024-01-05 23:11:00,2024-01-05 23:06:00,1.0,2.0,2.0
3261,,,,2024-01-01 23:54:00,,,
3262,2024-01-17 23:22:00,2024-01-17 23:25:00,2024-01-17 23:29:00,2024-01-17 23:18:00,4.0,3.0,4.0
3263,,,,2024-01-19 09:00:00,,,
3264,2024-01-27 00:23:00,2024-01-27 00:24:00,2024-01-27 00:25:00,2024-01-27 00:20:00,3.0,1.0,1.0
3265,2024-01-22 12:34:00,2024-01-22 12:35:00,2024-01-22 12:39:00,2024-01-22 12:31:00,3.0,1.0,4.0
3266,2024-01-24 08:17:00,2024-01-24 08:21:00,2024-01-24 08:24:00,2024-01-24 08:13:00,4.0,4.0,3.0
3267,2024-01-16 07:43:00,2024-01-16 07:46:00,,2024-01-16 07:39:00,4.0,3.0,
3268,2024-01-30 05:00:00,2024-01-30 05:04:00,,2024-01-30 04:57:00,3.0,4.0,
3269,,,,2024-01-19 13:55:00,,,
3270,,,,2024-01-21 05:38:00,,,
3271,2024-01-16 07:53:00,2024-01-16 07:55:00,,2024-01-16 07:50:00,3.0,2.0,
3272,2024-01-28 06:25:00,2024-01-28 06:27:00,,2024-01-28 06:24:00,1.0,2.0,
3273,2024-01-28 13:40:00,2024-01-28 13:42:00,2024-01-28 13:43:00,2024-01-28 13:36:00,4.0,2.0,1.0
3274,2024-01-31 16:20:00,,,2024-01-31 16:16:00,4.0,,
3275,,,,2024-01-17 10:27:00,,,
3276,,,,2024-01-29 08:14:00,,,
3277,,,,2024-02-02 11:39:00,,,
3278,,,,2024-01-04 12:15:00,,,
3279,2024-01-10 05:56:00,2024-01-10 06:00:00,2024-01-10 06:03:00,2024-01-10 05:54:00,2.0,4.0,3.0
3280,2024-01-30 20:29:00,,,2024-01-30 20:26:00,3.0,,
3281,2024-01-21 12:14:00,,,2024-01-21 12:10:00,4.0,,
3282,2024-01-09 15:33:00,2024-01-09 15:36:00,2024-01-09 15:40:00,2024-01-09 15:31:00,2.0,3.0,4.0
3283,,,,2024-01-04 13:55:00,,,
3284,2024-02-02 19:08:00,2024-02-02 19:12:00,2024-02-02 19:14:00,2024-02-02 19:05:00,3.0,4.0,2.0
3285,2024-01-21 08:53:00,2024-01-21 08:55:00,2024-01-21 08:56:00,2024-01-21 08:52:00,1.0,2.0,1.0
3286,2024-01-07 14:04:00,2024-01-07 14:06:00,2024-01-07 14:08:00,2024-01-07 14:01:00,3.0,2.0,2.0
3287,,,,2024-02-02 18:34:00,,,
3288,,,,2024-01-22 13:33:00,,,
3289,,,,2024-01-26 11:18:00,,,
3290,2024-01-12 01:22:00,2024-01-12 01:26:00,2024-01-12 01:28:00,2024-01-12 01:18:00,4.0,4.0,2.0
3291,2024-01-18 02:33:00,,,2024-01-18 02:32:00,1.0,,
3292,2024-01-17 07:29:00,2024-01-17 07:32:00,2024-01-17 07:33:00,2024-01-17 07:26:00,3.0,3.0,1.0
3293,2024-02-02 05:17:00,,,2024-02-02 05:15:00,2.0,,
3294,2024-01-08 01:41:00,2024-01-08 01:44:00,2024-01-08 01:45:00,2024-01-08 01:40:00,1.0,3.0,1.0
3295,,,,2024-01-04 00:30:00,,,
3296,,,,2024-01-19 09:33:00,,,
3297,2024-01-01 05:18:00,2024-01-01 05:22:00,,2024-01-01 05:17:00,1.0,4.0,
3298,2024-01-06 14:27:00,,,2024-01-06 14:26:00,1.0,,
3299,2024-02-04 14:25:00,,,2024-02-04 14:24:00,1.0,,
3300,2024-01-16 16:18:00,2024-01-16 16:19:00,2024-01-16 16:21:00,2024-01-16 16:15:00,3.0,1.0,2.0
3301,2024-01-26 20:04:00,2024-01-26 20:06:00,2024-01-26 20:08:00,2024-01-26 20:00:00,4.0,2.0,2.0
3302,2024-01-14 19:37:00,2024-01-14 19:40:00,2024-01-14 19:43:00,2024-01-14 19:34:00,3.0,3.0,3.0
3303,2024-01-17 04:55:00,2024-01-17 04:56:00,,2024-01-17 04:51:00,4.0,1.0,
3304,2024-01-23 10:05:00,,,2024-01-23 10:04:00,1.0,,
3305,,,,2024-01-12 07:58:00,,,
3306,2024-01-31 08:34:00,2024-01-31 08:35:00,2024-01-31 08:38:00,2024-01-31 08:30:00,4.0,1.0,3.0
3307,2024-01-11 08:52:00,,,2024-01-11 08:48:00,4.0,,
3308,2024-01-28 00:11:00,2024-01-28 00:14:00,2024-01-28 00:18:00,2024-01-28 00:09:00,2.0,3.0,4.0
3309,2024-01-22 09:50:00,,,2024-01-22 09:48:00,2.0,,
3310,2024-01-21 13:15:00,2024-01-21 13:17:00,2024-01-21 13:21:00,2024-01-21 13:11:00,4.0,2.0,4.0
3311,2024-01-25 17:43:00,2024-01-25 17:44:00,,2024-01-25 17:40:00,3.0,1.0,
3312,,,,2024-01-22 23:02:00,,,
3313,,,,2024-01-01 10:09:00,,,
3314,2024-01-20 08:02:00,,,2024-01-20 07:59:00,3.0,,
3315,2024-01-21 17:05:00,,,2024-01-21 17:02:00,3.0,,
3316,2024-01-25 05:42:00,2024-01-25 05:45:00,,2024-01-25 05:41:00,1.0,3.0,
3317,,,,2024-01-06 11:43:00,,,
3318,2024-01-27 13:11:00,,,2024-01-27 13:07:00,4.0,,
3319,2024-01-11 01:03:00,2024-01-11 01:04:00,,2024-01-11 01:01:00,2.0,1.0,
3320,,,,2024-01-08 21:21:00,,,
3321,2024-01-29 23:44:00,2024-01-29 23:45:00,2024-01-29 23:47:00,2024-01-29 23:42:00,2.0,1.0,2.0
3322,2024-02-04 05:15:00,,,2024-02-04 05:14:00,1.0,,
3323,2024-01-29 04:31:00,2024-01-29 04:33:00,2024-01-29 04:36:00,2024-01-29 04:30:00,1.0,2.0,3.0
3324,,,,2024-01-14 02:30:00,,,
3325,2024-01-30 16:13:00,2024-01-30 16:17:00,2024-01-30 16:18:00,2024-01-30 16:09:00,4.0,4.0,1.0
3326,,,,2024-01-27 08:17:00,,,
3327,,,,2024-02-04 09:07:00,,,
3328,2024-01-22 06:44:00,,,2024-01-22 06:40:00,4.0,,
3329,2024-01-05 08:19:00,2024-01-05 08:21:00,2024-01-05 08:23:00,2024-01-05 08:17:00,2.0,2.0,2.0
3330,,,,2024-01-31 19:39:00,,,
3331,,,,2024-01-21 07:06:00,,,
3332,2024-01-28 05:59:00,2024-01-28 06:02:00,2024-01-28 06:05:00,2024-01-28 05:57:00,2.0,3.0,3.0
3333,2024-01-18 12:56:00,2024-01-18 12:58:00,,2024-01-18 12:52:00,4.0,2.0,
3334,,,,2024-01-16 21:10:00,,,
3335,,,,2024-01-11 05:03:00,,,
3336,,,,2024-01-11 01:07:00,,,
3337,,,,2024-01-20 07:52:00,,,
3338,,,,2024-01-14 06:00:00,,,
3339,2024-01-13 15:29:00,2024-01-13 15:33:00,2024-01-13 15:35:00,2024-01-13 15:27:00,2.0,4.0,2.0
3340,2024-01-23 04:20:00,2024-01-23 04:22:00,,2024-01-23 04:18:00,2.0,2.0,
3341,,,,2024-01-08 19:32:00,,,
3342,2024-01-14 05:05:00,2024-01-14 05:07:00,2024-01-14 05:11:00,2024-01-14 05:04:00,1.0,2.0,4.0
3343,2024-02-01 14:12:00,,,2024-02-01 14:09:00,3.0,,
3344,,,,2024-02-03 06:13:00,,,
3345,2024-01-20 20:54:00,2024-01-20 20:56:00,2024-01-20 20:57:00,2024-01-20 20:51:00,3.0,2.0,1.0
3346,,,,2024-01-09 06:06:00,,,
3347,2024-01-12 19:02:00,2024-01-12 19:06:00,2024-01-12 19:08:00,2024-01-12 19:00:00,2.0,4.0,2.0
3348,,,,2024-01-24 12:20:00,,,
3349,2024-01-19 11:32:00,2024-01-19 11:36:00,2024-01-19 11:38:00,2024-01-19 11:31:00,1.0,4.0,2.0
3350,2024-01-24 18:33:00,,,2024-01-24 18:32:00,1.0,,
3351,,,,2024-01-13 02:11:00,,,
3352,2024-01-31 07:33:00,2024-01-31 07:37:00,2024-01-31 07:41:00,2024-01-31 07:29:00,4.0,4.0,4.0
3353,2024-01-14 06:35:00,2024-01-14 06:39:00,2024-01-14 06:40:00,2024-01-14 06:33:00,2.0,4.0,1.0
3354,,,,2024-01-01 19:03:00,,,
3355,2024-01-30 14:26:00,,,2024-01-30 14:24:00,2.0,,
3356,,,,2024-02-01 12:44:00,,,
3357,2024-01-19 04:17:00,2024-01-19 04:18:00,2024-01-19 04:19:00,2024-01-19 04:16:00,1.0,1.0,1.0
3358,2024-01-23 22:40:00,2024-01-23 22:44:00,2024-01-23 22:47:00,2024-01-23 22:38:00,2.0,4.0,3.0
3359,,,,2024-01-18 20:00:00,,,
3360,2024-01-12 09:20:00,2024-01-12 09:23:00,2024-01-12 09:25:00,2024-01-12 09:18:00,2.0,3.0,2.0
3361,2024-01-28 04:07:00,,,2024-01-28 04:06:00,1.0,,
3362,,,,2024-01-29 08:39:00,,,
3363,2024-01-26 09:17:00,,,2024-01-26 09:14:00,3.0,,
3364,,,,2024-01-22 01:19:00,,,
3365,2024-01-07 11:17:00,,,2024-01-07 11:13:00,4.0,,
3366,,,,2024-01-01 02:29:00,,,
3367,,,,2024-01-05 19:13:00,,,
3368,2024-01-16 00:47:00,2024-01-16 00:51:00,2024-01-16 00:52:00,2024-01-16 00:45:00,2.0,4.0,1.0
3369,,,,2024-01-07 20:23:00,,,
3370,2024-01-11 20:21:00,2024-01-11 20:22:00,2024-01-11 20:23:00,2024-01-11 20:20:00,1.0,1.0,1.0
3371,,,,2024-01-10 21:44:00,,,
3372,2024-01-18 14:13:00,2024-01-18 14:14:00,,2024-01-18 14:10:00,3.0,1.0,
3373,,,,2024-01-13 09:37:00,,,
3374,2024-01-21 23:55:00,2024-01-21 23:56:00,2024-01-22 00:00:00,2024-01-21 23:53:00,2.0,1.0,4.0
3375,2024-02-01 04:35:00,2024-02-01 04:39:00,2024-02-01 04:40:00,2024-02-01 04:32:00,3.0,4.0,1.0
3376,2024-02-04 13:04:00,2024-02-04 13:07:00,2024-02-04 13:10:00,2024-02-04 13:00:00,4.0,3.0,3.0
3377,,,,2024-01-16 15:20:00,,,
3378,,,,2024-01-11 14:27:00,,,
3379,,,,2024-01-29 23:35:00,,,
3380,2024-01-04 05:09:00,2024-01-04 05:12:00,,2024-01-04 05:05:00,4.0,3.0,
3381,,,,2024-02-04 10:50:00,,,
3382,2024-01-21 20:53:00,2024-01-21 20:55:00,2024-01-21 20:58:00,2024-01-21 20:49:00,4.0,2.0,3.0
3383,2024-01-21 21:18:00,2024-01-21 21:19:00,2024-01-21 21:22:00,2024-01-21 21:14:00,4.0,1.0,3.0
3384,,,,2024-01-12 19:02:00,,,
3385,2024-01-13 15:48:00,2024-01-13 15:52:00,2024-01-13 15:56:00,2024-01-13 15:47:00,1.0,4.0,4.0
3386,2024-01-29 17:58:00,,,2024-01-29 17:55:00,3.0,,
3387,2024-01-15 06:27:00,,,2024-01-15 06:26:00,1.0,,
3388,2024-01-10 03:53:00,,,2024-01-10 03:52:00,1.0,,
3389,2024-01-21 08:53:00,2024-01-21 08:54:00,2024-01-21 08:57:00,2024-01-21 08:51:00,2.0,1.0,3.0
3390,2024-01-31 07:36:00,2024-01-31 07:38:00,2024-01-31 07:42:00,2024-01-31 07:33:00,3.0,2.0,4.0
3391,,,,2024-01-05 19:38:00,,,
3392,2024-01-31 20:50:00,2024-01-31 20:51:00,2024-01-31 20:55:00,2024-01-31 20:48:00,2.0,1.0,4.0
3393,2024-01-03 16:41:00,,,2024-01-03 16:40:00,1.0,,
3394,,,,2024-01-02 22:21:00,,,
3395,,,,2024-01-16 18:15:00,,,
3396,2024-01-19 06:46:00,2024-01-19 06:48:00,2024-01-19 06:51:00,2024-01-19 06:42:00,4.0,2.0,3.0
3397,2024-01-13 20:16:00,2024-01-13 20:17:00,2024-01-13 20:20:00,2024-01-13 20:14:00,2.0,1.0,3.0
3398,,,,2024-01-16 04:17:00,,,
3399,2024-01-31 00:15:00,2024-01-31 00:16:00,2024-01-31 00:18:00,2024-01-31 00:11:00,4.0,1.0,2.0
3400,2024-01-19 03:54:00,2024-01-19 03:55:00,2024-01-19 03:58:00,2024-01-19 03:50:00,4.0,1.0,3.0
3401,,,,2024-01-16 07:57:00,,,
3402,,,,2024-01-03 08:23:00,,,
3403,2024-01-11 20:45:00,2024-01-11 20:46:00,2024-01-11 20:49:00,2024-01-11 20:44:00,1.0,1.0,3.0
3404,,,,2024-01-04 04:46:00,,,
3405,,,,2024-01-09 16:37:00,,,
3406,2024-01-26 07:03:00,,,2024-01-26 07:01:00,2.0,,
3407,2024-02-03 02:03:00,2024-02-03 02:04:00,2024-02-03 02:08:00,2024-02-03 02:00:00,3.0,1.0,4.0
3408,,,,2024-01-29 14:24:00,,,
3409,,,,2024-01-31 05:18:00,,,
3410,,,,2024-01-15 02:54:00,,,
3411,,,,2024-01-29 11:40:00,,,
3412,2024-01-29 23:27:00,2024-01-29 23:30:00,,2024-01-29 23:25:00,2.0,3.0,
3413,,,,2024-01-09 11:52:00,,,
3414,2024-01-06 01:34:00,,,2024-01-06 01:30:00,4.0,,
3415,2024-02-01 17:48:00,2024-02-01 17:52:00,2024-02-01 17:55:00,2024-02-01 17:44:00,4.0,4.0,3.0
3416,2024-01-31 10:04:00,,,2024-01-31 10:03:00,1.0,,
3417,2024-01-01 20:04:00,2024-01-01 20:08:00,2024-01-01 20:09:00,2024-01-01 20:00:00,4.0,4.0,1.0
3418,2024-02-03 13:47:00,2024-02-03 13:48:00,2024-02-03 13:50:00,2024-02-03 13:46:00,1.0,1.0,2.0
3419,,,,2024-01-03 03:52:00,,,
3420,2024-01-16 21:51:00,2024-01-16 21:54:00,2024-01-16 21:55:00,2024-01-16 21:49:00,2.0,3.0,1.0
3421,2024-01-26 18:34:00,,,2024-01-26 18:33:00,1.0,,
3422,,,,2024-01-06 15:34:00,,,
3423,2024-01-20 10:43:00,2024-01-20 10:45:00,,2024-01-20 10:41:00,2.0,2.0,
3424,,,,2024-01-01 15:50:00,,,
3425,,,,2024-01-15 23:14:00,,,
3426,2024-01-09 12:57:00,2024-01-09 13:00:00,2024-01-09 13:03:00,2024-01-09 12:53:00,4.0,3.0,3.0
3427,2024-01-15 09:51:00,2024-01-15 09:52:00,2024-01-15 09:56:00,2024-01-15 09:47:00,4.0,1.0,4.0
3428,2024-01-21 22:26:00,,,2024-01-21 22:22:00,4.0,,
3429,2024-01-23 07:41:00,2024-01-23 07:42:00,2024-01-23 07:43:00,2024-01-23 07:38:00,3.0,1.0,1.0
3430,,,,2024-01-08 16:59:00,,,
3431,2024-01-18 04:26:00,2024-01-18 04:30:00,2024-01-18 04:34:00,2024-01-18 04:24:00,2.0,4.0,4.0
3432,2024-01-31 14:25:00,,,2024-01-31 14:23:00,2.0,,
3433,,,,2024-01-23 14:42:00,,,
3434,2024-01-10 19:23:00,2024-01-10 19:24:00,2024-01-10 19:25:00,2024-01-10 19:19:00,4.0,1.0,1.0
3435,2024-01-16 10:25:00,2024-01-16 10:28:00,2024-01-16 10:30:00,2024-01-16 10:21:00,4.0,3.0,2.0
3436,,,,2024-02-04 14:58:00,,,
3437,,,,2024-02-02 19:49:00,,,
3438,2024-01-20 23:21:00,2024-01-20 23:24:00,2024-01-20 23:26:00,2024-01-20 23:18:00,3.0,3.0,2.0
3439,,,,2024-01-30 09:15:00,,,
3440,,,,2024-01-29 01:20:00,,,
3441,,,,2024-01-03 02:47:00,,,
3442,2024-01-09 02:15:00,2024-01-09 02:16:00,2024-01-09 02:18:00,2024-01-09 02:11:00,4.0,1.0,2.0
3443,,,,2024-01-22 13:48:00,,,
3444,,,,2024-01-02 18:15:00,,,
3445,2024-01-18 06:06:00,2024-01-18 06:09:00,2024-01-18 06:12:00,2024-01-18 06:03:00,3.0,3.0,3.0
3446,2024-01-01 23:28:00,2024-01-01 23:29:00,,2024-01-01 23:27:00,1.0,1.0,
3447,,,,2024-01-28 13:52:00,,,
3448,,,,2024-01-03 21:15:00,,,
3449,2024-01-30 07:16:00,2024-01-30 07:17:00,2024-01-30 07:18:00,2024-01-30 07:14:00,2.0,1.0,1.0
3450,2024-01-11 05:15:00,2024-01-11 05:18:00,2024-01-11 05:20:00,2024-01-11 05:11:00,4.0,3.0,2.0
3451,2024-01-06 14:31:00,,,2024-01-06 14:27:00,4.0,,
3452,2024-01-28 12:03:00,2024-01-28 12:06:00,,2024-01-28 12:02:00,1.0,3.0,
3453,,,,2024-01-11 21:22:00,,,
3454,2024-01-22 13:01:00,,,2024-01-22 12:59:00,2.0,,
3455,2024-01-12 09:39:00,2024-01-12 09:42:00,2024-01-12 09:45:00,2024-01-12 09:35:00,4.0,3.0,3.0
3456,2024-01-13 18:15:00,2024-01-13 18:18:00,2024-01-13 18:21:00,2024-01-13 18:11:00,4.0,3.0,3.0
3457,2024-01-05 09:10:00,2024-01-05 09:13:00,2024-01-05 09:16:00,2024-01-05 09:06:00,4.0,3.0,3.0
3458,2024-01-29 02:18:00,2024-01-29 02:22:00,2024-01-29 02:23:00,2024-01-29 02:17:00,1.0,4.0,1.0
3459,2024-01-20 12:49:00,2024-01-20 12:51:00,2024-01-20 12:52:00,2024-01-20 12:45:00,4.0,2.0,1.0
3460,,,,2024-01-11 09:48:00,,,
3461,,,,2024-01-02 23:04:00,,,
3462,2024-01-13 03:40:00,2024-01-13 03:41:00,2024-01-13 03:44:00,2024-01-13 03:36:00,4.0,1.0,3.0
3463,,,,2024-01-12 11:39:00,,,
3464,,,,2024-01-04 01:21:00,,,
3465,2024-01-05 00:34:00,2024-01-05 00:37:00,2024-01-05 00:38:00,2024-01-05 00:30:00,4.0,3.0,1.0
3466,,,,2024-01-11 17:49:00,,,
3467,2024-01-15 10:58:00,,,2024-01-15 10:56:00,2.0,,
3468,2024-01-12 05:37:00,2024-01-12 05:38:00,2024-01-12 05:42:00,2024-01-12 05:34:00,3.0,1.0,4.0
3469,,,,2024-01-06 14:56:00,,,
3470,2024-01-27 13:26:00,2024-01-27 13:29:00,2024-01-27 13:30:00,2024-01-27 13:24:00,2.0,3.0,1.0
3471,2024-01-21 04:39:00,,,2024-01-21 04:38:00,1.0,,
3472,,,,2024-01-11 13:42:00,,,
3473,2024-01-19 13:02:00,,,2024-01-19 12:59:00,3.0,,
3474,2024-02-04 14:29:00,2024-02-04 14:32:00,2024-02-04 14:34:00,2024-02-04 14:25:00,4.0,3.0,2.0
3475,2024-01-15 06:15:00,2024-01-15 06:18:00,2024-01-15 06:21:00,2024-01-15 06:14:00,1.0,3.0,3.0
3476,2024-01-17 18:29:00,2024-01-17 18:33:00,2024-01-17 18:35:00,2024-01-17 18:28:00,1.0,4.0,2.0
3477,,,,2024-01-18 19:34:00,,,
3478,2024-02-04 13:28:00,2024-02-04 13:30:00,,2024-02-04 13:26:00,2.0,2.0,
3479,2024-01-25 20:41:00,2024-01-25 20:44:00,2024-01-25 20:46:00,2024-01-25 20:38:00,3.0,3.0,2.0
3480,2024-01-07 04:26:00,,,2024-01-07 04:24:00,2.0,,
3481,2024-01-22 16:40:00,2024-01-22 16:41:00,2024-01-22 16:43:00,2024-01-22 16:38:00,2.0,1.0,2.0
3482,2024-01-05 12:29:00,2024-01-05 12:30:00,2024-01-05 12:33:00,2024-01-05 12:25:00,4.0,1.0,3.0
3483,2024-01-03 21:51:00,,,2024-01-03 21:50:00,1.0,,
3484,2024-01-28 00:26:00,,,2024-01-28 00:23:00,3.0,,
3485,2024-01-26 02:01:00,2024-01-26 02:03:00,2024-01-26 02:06:00,2024-01-26 01:58:00,3.0,2.0,3.0
3486,,,,2024-01-18 11:16:00,,,
3487,2024-02-04 02:29:00,,,2024-02-04 02:26:00,3.0,,
3488,,,,2024-01-18 07:52:00,,,
3489,2024-01-31 11:51:00,2024-01-31 11:52:00,2024-01-31 11:54:00,2024-01-31 11:47:00,4.0,1.0,2.0
3490,2024-01-05 11:47:00,,,2024-01-05 11:46:00,1.0,,
3491,,,,2024-01-01 23:55:00,,,
3492,,,,2024-01-20 19:17:00,,,
3493,,,,2024-01-14 03:58:00,,,
3494,2024-01-26 10:17:00,,,2024-01-26 10:15:00,2.0,,
3495,2024-01-30 18:49:00,2024-01-30 18:51:00,2024-01-30 18:55:00,2024-01-30 18:46:00,3.0,2.0,4.0
3496,2024-01-23 14:29:00,2024-01-23 14:31:00,2024-01-23 14:34:00,2024-01-23 14:27:00,2.0,2.0,3.0
3497,,,,2024-01-12 00:51:00,,,
3498,,,,2024-01-05 08:57:00,,,
3499,,,,2024-01-23 08:28:00,,,
3500,2024-01-06 00:59:00,,,2024-01-06 00:58:00,1.0,,
3501,2024-01-13 17:19:00,2024-01-13 17:22:00,2024-01-13 17:23:00,2024-01-13 17:18:00,1.0,3.0,1.0
3502,2024-02-03 17:17:00,,,2024-02-03 17:15:00,2.0,,
3503,,,,2024-01-02 02:06:00,,,
3504,2024-01-08 04:28:00,,,2024-01-08 04:27:00,1.0,,
3505,2024-01-31 07:50:00,2024-01-31 07:51:00,2024-01-31 07:53:00,2024-01-31 07:46:00,4.0,1.0,2.0
3506,2024-01-01 19:52:00,,,2024-01-01 19:51:00,1.0,,
3507,2024-01-18 21:22:00,2024-01-18 21:23:00,2024-01-18 21:24:00,2024-01-18 21:19:00,3.0,1.0,1.0
3508,2024-01-04 11:51:00,2024-01-04 11:54:00,2024-01-04 11:58:00,2024-01-04 11:47:00,4.0,3.0,4.0
3509,2024-01-19 00:37:00,,,2024-01-19 00:36:00,1.0,,
3510,2024-01-04 19:36:00,2024-01-04 19:39:00,2024-01-04 19:41:00,2024-01-04 19:33:00,3.0,3.0,2.0
3511,,,,2024-01-10 16:38:00,,,
3512,,,,2024-01-12 23:51:00,,,
3513,2024-01-22 07:52:00,2024-01-22 07:53:00,2024-01-22 07:56:00,2024-01-22 07:51:00,1.0,1.0,3.0
3514,,,,2024-01-01 06:31:00,,,
3515,,,,2024-01-03 11:44:00,,,
3516,,,,2024-01-24 01:26:00,,,
3517,2024-01-19 00:35:00,,,2024-01-19 00:33:00,2.0,,
3518,,,,2024-01-25 11:12:00,,,
3519,,,,2024-02-03 18:51:00,,,
3520,2024-01-13 00:03:00,2024-01-13 00:05:00,2024-01-13 00:08:00,2024-01-13 00:00:00,3.0,2.0,3.0
3521,2024-01-16 15:10:00,2024-01-16 15:13:00,2024-01-16 15:16:00,2024-01-16 15:09:00,1.0,3.0,3.0
3522,2024-01-02 19:58:00,,,2024-01-02 19:54:00,4.0,,
3523,,,,2024-01-03 06:36:00,,,
3524,,,,2024-01-21 07:09:00,,,
3525,2024-01-26 14:43:00,2024-01-26 14:46:00,2024-01-26 14:47:00,2024-01-26 14:40:00,3.0,3.0,1.0
3526,,,,2024-01-01 00:52:00,,,
3527,,,,2024-01-08 08:11:00,,,
3528,2024-02-03 06:10:00,2024-02-03 06:13:00,2024-02-03 06:14:00,2024-02-03 06:07:00,3.0,3.0,1.0
3529,,,,2024-01-18 07:14:00,,,
3530,2024-01-29 04:32:00,2024-01-29 04:34:00,,2024-01-29 04:29:00,3.0,2.0,
3531,2024-01-01 04:13:00,2024-01-01 04:14:00,2024-01-01 04:17:00,2024-01-01 04:09:00,4.0,1.0,3.0
3532,2024-02-02 12:58:00,2024-02-02 13:02:00,2024-02-02 13:03:00,2024-02-02 12:55:00,3.0,4.0,1.0
3533,2024-01-17 00:20:00,2024-01-17 00:22:00,,2024-01-17 00:19:00,1.0,2.0,
3534,2024-01-06 23:11:00,2024-01-06 23:15:00,2024-01-06 23:18:00,2024-01-06 23:08:00,3.0,4.0,3.0
3535,2024-02-01 01:42:00,2024-02-01 01:44:00,2024-02-01 01:45:00,2024-02-01 01:39:00,3.0,2.0,1.0
3536,2024-01-24 17:14:00,,,2024-01-24 17:13:00,1.0,,
3537,2024-01-07 21:00:00,,,2024-01-07 20:58:00,2.0,,
3538,2024-01-12 20:42:00,2024-01-12 20:44:00,,2024-01-12 20:39:00,3.0,2.0,
3539,2024-01-23 14:27:00,2024-01-23 14:29:00,2024-01-23 14:31:00,2024-01-23 14:25:00,2.0,2.0,2.0
3540,2024-02-02 10:47:00,,,2024-02-02 10:46:00,1.0,,
3541,,,,2024-01-01 00:56:00,,,
3542,2024-01-28 17:50:00,2024-01-28 17:54:00,2024-01-28 17:57:00,2024-01-28 17:46:00,4.0,4.0,3.0
3543,2024-02-01 11:24:00,2024-02-01 11:26:00,2024-02-01 11:28:00,2024-02-01 11:22:00,2.0,2.0,2.0
3544,2024-01-23 09:03:00,2024-01-23 09:06:00,2024-01-23 09:10:00,2024-01-23 09:00:00,3.0,3.0,4.0
3545,,,,2024-01-27 17:07:00,,,
3546,2024-01-17 17:27:00,2024-01-17 17:30:00,,2024-01-17 17:26:00,1.0,3.0,
3547,,,,2024-01-05 05:57:00,,,
3548,2024-01-15 23:43:00,,,2024-01-15 23:39:00,4.0,,
3549,,,,2024-01-02 00:20:00,,,
3550,2024-01-23 19:13:00,2024-01-23 19:17:00,2024-01-23 19:21:00,2024-01-23 19:10:00,3.0,4.0,4.0
3551,2024-01-01 15:33:00,,,2024-01-01 15:29:00,4.0,,
3552,,,,2024-01-27 05:59:00,,,
3553,,,,2024-01-01 12:05:00,,,
3554,,,,2024-01-06 13:03:00,,,
3555,,,,2024-01-21 07:15:00,,,
3556,2024-01-07 00:31:00,2024-01-07 00:34:00,2024-01-07 00:36:00,2024-01-07 00:28:00,3.0,3.0,2.0
3557,,,,2024-01-18 22:03:00,,,
3558,,,,2024-01-21 03:43:00,,,
3559,2024-01-04 05:12:00,,,2024-01-04 05:09:00,3.0,,
3560,2024-01-08 00:09:00,,,2024-01-08 00:07:00,2.0,,
3561,2024-01-17 20:40:00,2024-01-17 20:44:00,2024-01-17 20:48:00,2024-01-17 20:38:00,2.0,4.0,4.0
3562,,,,2024-01-24 07:56:00,,,
3563,2024-01-21 15:29:00,,,2024-01-21 15:26:00,3.0,,
3564,2024-01-24 04:36:00,2024-01-24 04:39:00,2024-01-24 04:43:00,2024-01-24 04:32:00,4.0,3.0,4.0
3565,2024-02-01 03:57:00,2024-02-01 03:58:00,2024-02-01 04:01:00,2024-02-01 03:56:00,1.0,1.0,3.0
3566,,,,2024-01-28 07:33:00,,,
3567,,,,2024-01-27 06:35:00,,,
3568,,,,2024-01-16 01:26:00,,,
3569,2024-02-02 16:37:00,,,2024-02-02 16:33:00,4.0,,
3570,2024-01-24 01:54:00,,,2024-01-24 01:51:00,3.0,,
3571,,,,2024-01-29 21:35:00,,,
3572,,,,2024-01-22 03:08:00,,,
3573,2024-01-09 19:33:00,2024-01-09 19:37:00,2024-01-09 19:40:00,2024-01-09 19:31:00,2.0,4.0,3.0
3574,2024-01-27 06:12:00,,,2024-01-27 06:08:00,4.0,,
3575,2024-02-03 14:54:00,2024-02-03 14:58:00,2024-02-03 15:02:00,2024-02-03 14:53:00,1.0,4.0,4.0
3576,2024-01-24 18:15:00,2024-01-24 18:17:00,2024-01-24 18:18:00,2024-01-24 18:12:00,3.0,2.0,1.0
3577,2024-01-16 07:44:00,2024-01-16 07:46:00,2024-01-16 07:50:00,2024-01-16 07:42:00,2.0,2.0,4.0
3578,,,,2024-01-31 07:37:00,,,
3579,,,,2024-01-09 21:59:00,,,
3580,2024-01-20 09:02:00,2024-01-20 09:05:00,2024-01-20 09:07:00,2024-01-20 09:00:00,2.0,3.0,2.0
3581,2024-02-03 15:40:00,2024-02-03 15:41:00,2024-02-03 15:42:00,2024-02-03 15:39:00,1.0,1.0,1.0
3582,,,,2024-01-21 06:19:00,,,
3583,2024-01-23 20:39:00,2024-01-23 20:43:00,,2024-01-23 20:35:00,4.0,4.0,
3584,,,,2024-01-28 02:26:00,,,
3585,,,,2024-01-11 13:44:00,,,
3586,2024-01-04 20:05:00,,,2024-01-04 20:04:00,1.0,,
3587,2024-01-23 02:33:00,,,2024-01-23 02:29:00,4.0,,
3588,,,,2024-01-15 21:16:00,,,
3589,2024-01-14 19:02:00,2024-01-14 19:04:00,2024-01-14 19:08:00,2024-01-14 19:01:00,1.0,2.0,4.0
3590,,,,2024-01-19 03:26:00,,,
3591,2024-01-06 08:53:00,2024-01-06 08:56:00,2024-01-06 08:58:00,2024-01-06 08:52:00,1.0,3.0,2.0
3592,2024-01-03 03:22:00,2024-01-03 03:25:00,,2024-01-03 03:21:00,1.0,3.0,
3593,,,,2024-01-05 18:04:00,,,
3594,2024-02-01 00:12:00,,,2024-02-01 00:08:00,4.0,,
3595,,,,2024-01-09 19:23:00,,,
3596,2024-01-04 03:53:00,,,2024-01-04 03:49:00,4.0,,
3597,,,,2024-01-10 03:21:00,,,
3598,2024-01-18 23:14:00,2024-01-18 23:16:00,2024-01-18 23:17:00,2024-01-18 23:11:00,3.0,2.0,1.0
3599,2024-01-28 22:44:00,2024-01-28 22:45:00,2024-01-28 22:48:00,2024-01-28 22:41:00,3.0,1.0,3.0
3600,2024-01-24 17:49:00,2024-01-24 17:50:00,2024-01-24 17:54:00,2024-01-24 17:45:00,4.0,1.0,4.0
3601,,,,2024-01-31 12:50:00,,,
3602,2024-01-09 04:47:00,2024-01-09 04:50:00,2024-01-09 04:52:00,2024-01-09 04:44:00,3.0,3.0,2.0
3603,,,,2024-01-15 09:15:00,,,
3604,,,,2024-01-25 21:07:00,,,
3605,,,,2024-01-18 18:49:00,,,
3606,,,,2024-01-21 10:38:00,,,
3607,2024-01-02 02:34:00,2024-01-02 02:35:00,2024-01-02 02:39:00,2024-01-02 02:33:00,1.0,1.0,4.0
3608,,,,2024-01-19 02:27:00,,,
3609,2024-01-12 11:58:00,2024-01-12 12:01:00,2024-01-12 12:02:00,2024-01-12 11:54:00,4.0,3.0,1.0
3610,,,,2024-01-21 21:42:00,,,
3611,2024-01-30 16:00:00,2024-01-30 16:03:00,2024-01-30 16:06:00,2024-01-30 15:58:00,2.0,3.0,3.0
3612,,,,2024-01-13 06:22:00,,,
3613,,,,2024-01-05 01:12:00,,,
3614,2024-01-17 19:50:00,2024-01-17 19:54:00,2024-01-17 19:55:00,2024-01-17 19:48:00,2.0,4.0,1.0
3615,,,,2024-01-23 13:29:00,,,
3616,2024-02-03 18:12:00,2024-02-03 18:13:00,,2024-02-03 18:09:00,3.0,1.0,
3617,,,,2024-01-17 07:14:00,,,
3618,2024-01-20 22:18:00,,,2024-01-20 22:15:00,3.0,,
3619,2024-01-10 14:14:00,2024-01-10 14:18:00,2024-01-10 14:20:00,2024-01-10 14:11:00,3.0,4.0,2.0
3620,,,,2024-01-08 03:09:00,,,
3621,,,,2024-01-03 19:59:00,,,
3622,2024-01-29 15:36:00,,,2024-01-29 15:34:00,2.0,,
3623,2024-01-31 15:12:00,,,2024-01-31 15:08:00,4.0,,
3624,2024-01-19 18:57:00,2024-01-19 19:00:00,2024-01-19 19:04:00,2024-01-19 18:53:00,4.0,3.0,4.0
3625,,,,2024-01-23 20:40:00,,,
3626,,,,2024-01-16 13:27:00,,,
3627,2024-01-27 08:46:00,2024-01-27 08:50:00,2024-01-27 08:51:00,2024-01-27 08:44:00,2.0,4.0,1.0
3628,2024-01-21 20:19:00,2024-01-21 20:22:00,2024-01-21 20:24:00,2024-01-21 20:17:00,2.0,3.0,2.0
3629,,,,2024-01-21 07:36:00,,,
3630,,,,2024-02-03 02:16:00,,,
3631,2024-02-04 04:59:00,2024-02-04 05:02:00,,2024-02-04 04:56:00,3.0,3.0,
3632,2024-01-16 19:14:00,,,2024-01-16 19:13:00,1.0,,
3633,,,,2024-01-18 19:27:00,,,
3634,2024-01-31 14:32:00,,,2024-01-31 14:29:00,3.0,,
3635,2024-01-30 11:45:00,2024-01-30 11:47:00,2024-01-30 11:48:00,2024-01-30 11:41:00,4.0,2.0,1.0
3636,2024-02-03 04:28:00,2024-02-03 04:30:00,2024-02-03 04:33:00,2024-02-03 04:27:00,1.0,2.0,3.0
3637,,,,2024-01-05 12:10:00,,,
3638,2024-01-15 14:31:00,2024-01-15 14:34:00,,2024-01-15 14:27:00,4.0,3.0,
3639,,,,2024-01-21 01:29:00,,,
3640,2024-02-04 15:08:00,,,2024-02-04 15:07:00,1.0,,
3641,2024-01-14 11:29:00,,,2024-01-14 11:26:00,3.0,,
3642,,,,2024-01-18 02:01:00,,,
3643,,,,2024-01-06 21:28:00,,,
3644,2024-01-16 23:25:00,,,2024-01-16 23:24:00,1.0,,
3645,2024-01-16 05:08:00,2024-01-16 05:11:00,,2024-01-16 05:05:00,3.0,3.0,
3646,,,,2024-02-02 23:38:00,,,
3647,2024-01-10 04:04:00,,,2024-01-10 04:01:00,3.0,,
3648,2024-01-21 11:03:00,,,2024-01-21 11:02:00,1.0,,
3649,,,,2024-01-12 18:18:00,,,
3650,,,,2024-01-27 20:25:00,,,
3651,2024-01-26 18:02:00,,,2024-01-26 17:59:00,3.0,,
3652,2024-01-04 22:11:00,2024-01-04 22:14:00,2024-01-04 22:17:00,2024-01-04 22:07:00,4.0,3.0,3.0
3653,2024-01-23 07:27:00,,,2024-01-23 07:25:00,2.0,,
3654,,,,2024-01-30 23:52:00,,,
3655,2024-01-03 15:16:00,,,2024-01-03 15:13:00,3.0,,
3656,,,,2024-01-18 01:27:00,,,
3657,2024-01-17 14:29:00,,,2024-01-17 14:26:00,3.0,,
3658,2024-01-19 07:31:00,2024-01-19 07:35:00,2024-01-19 07:37:00,2024-01-19 07:28:00,3.0,4.0,2.0
3659,,,,2024-01-11 15:20:00,,,
3660,2024-01-24 20:53:00,2024-01-24 20:54:00,,2024-01-24 20:50:00,3.0,1.0,
3661,2024-01-08 02:37:00,2024-01-08 02:39:00,2024-01-08 02:41:00,2024-01-08 02:36:00,1.0,2.0,2.0
3662,2024-01-25 21:27:00,,,2024-01-25 21:24:00,3.0,,
3663,,,,2024-01-12 03:42:00,,,
3664,2024-01-06 15:55:00,,,2024-01-06 15:53:00,2.0,,
3665,2024-01-26 15:32:00,2024-01-26 15:33:00,2024-01-26 15:34:00,2024-01-26 15:31:00,1.0,1.0,1.0
3666,,,,2024-01-07 11:17:00,,,
3667,2024-02-02 10:43:00,2024-02-02 10:45:00,2024-02-02 10:47:00,2024-02-02 10:40:00,3.0,2.0,2.0
3668,2024-01-29 18:56:00,2024-01-29 18:59:00,2024-01-29 19:02:00,2024-01-29 18:54:00,2.0,3.0,3.0
3669,,,,2024-01-27 01:40:00,,,
3670,,,,2024-01-09 06:53:00,,,
3671,,,,2024-01-01 14:28:00,,,
3672,,,,2024-01-23 00:14:00,,,
3673,,,,2024-01-13 17:32:00,,,
3674,,,,2024-01-10 14:45:00,,,
3675,,,,2024-01-26 09:52:00,,,
3676,2024-01-09 01:31:00,2024-01-09 01:33:00,2024-01-09 01:36:00,2024-01-09 01:30:00,1.0,2.0,3.0
3677,,,,2024-01-25 22:26:00,,,
3678,2024-01-31 09:42:00,2024-01-31 09:45:00,,2024-01-31 09:41:00,1.0,3.0,
3679,,,,2024-01-05 02:14:00,,,
3680,,,,2024-01-27 23:03:00,,,
3681,2024-01-08 20:59:00,,,2024-01-08 20:55:00,4.0,,
3682,2024-01-19 08:35:00,2024-01-19 08:37:00,2024-01-19 08:39:00,2024-01-19 08:33:00,2.0,2.0,2.0
3683,2024-01-17 02:29:00,,,2024-01-17 02:27:00,2.0,,
3684,2024-01-26 04:31:00,,,2024-01-26 04:28:00,3.0,,
3685,,,,2024-01-31 22:09:00,,,
3686,,,,2024-01-13 02:53:00,,,
3687,2024-01-30 13:44:00,,,2024-01-30 13:40:00,4.0,,
3688,2024-01-26 05:53:00,2024-01-26 05:55:00,2024-01-26 05:56:00,2024-01-26 05:51:00,2.0,2.0,1.0
3689,,,,2024-01-03 00:50:00,,,
3690,,,,2024-01-13 14:49:00,,,
3691,2024-01-14 00:46:00,2024-01-14 00:48:00,,2024-01-14 00:43:00,3.0,2.0,
3692,,,,2024-01-05 07:48:00,,,
3693,2024-01-17 08:18:00,2024-01-17 08:19:00,2024-01-17 08:21:00,2024-01-17 08:17:00,1.0,1.0,2.0
3694,2024-01-16 17:16:00,2024-01-16 17:19:00,2024-01-16 17:20:00,2024-01-16 17:12:00,4.0,3.0,1.0
3695,2024-01-08 02:09:00,,,2024-01-08 02:06:00,3.0,,
3696,,,,2024-01-16 17:34:00,,,
3697,,,,2024-01-20 01:38:00,,,
3698,,,,2024-01-10 17:09:00,,,
3699,,,,2024-01-22 13:28:00,,,
3700,2024-01-26 04:59:00,2024-01-26 05:03:00,2024-01-26 05:04:00,2024-01-26 04:58:00,1.0,4.0,1.0
3701,,,,2024-01-27 06:38:00,,,
3702,,,,2024-01-16 16:31:00,,,
3703,2024-01-31 23:11:00,2024-01-31 23:14:00,,2024-01-31 23:10:00,1.0,3.0,
3704,2024-01-22 14:45:00,2024-01-22 14:49:00,2024-01-22 14:52:00,2024-01-22 14:42:00,3.0,4.0,3.0
3705,2024-01-19 17:49:00,2024-01-19 17:51:00,2024-01-19 17:52:00,2024-01-19 17:45:00,4.0,2.0,1.0
3706,2024-01-12 20:49:00,2024-01-12 20:53:00,,2024-01-12 20:45:00,4.0,4.0,
3707,2024-01-04 11:20:00,2024-01-04 11:22:00,2024-01-04 11:24:00,2024-01-04 11:17:00,3.0,2.0,2.0
3708,2024-01-22 14:51:00,2024-01-22 14:54:00,2024-01-22 14:56:00,2024-01-22 14:47:00,4.0,3.0,2.0
3709,2024-01-23 03:36:00,2024-01-23 03:37:00,2024-01-23 03:38:00,2024-01-23 03:34:00,2.0,1.0,1.0
3710,,,,2024-02-03 22:56:00,,,
3711,2024-01-10 07:58:00,2024-01-10 07:59:00,2024-01-10 08:02:00,2024-01-10 07:57:00,1.0,1.0,3.0
3712,,,,2024-01-11 08:20:00,,,
3713,,,,2024-01-02 12:33:00,,,
3714,,,,2024-01-06 04:12:00,,,
3715,2024-01-30 01:57:00,2024-01-30 02:00:00,2024-01-30 02:04:00,2024-01-30 01:54:00,3.0,3.0,4.0
3716,2024-01-04 11:29:00,,,2024-01-04 11:28:00,1.0,,
3717,,,,2024-01-21 22:25:00,,,
3718,,,,2024-01-20 20:40:00,,,
3719,2024-01-04 15:35:00,2024-01-04 15:38:00,2024-01-04 15:41:00,2024-01-04 15:34:00,1.0,3.0,3.0
3720,,,,2024-01-15 14:19:00,,,
3721,,,,2024-01-22 15:33:00,,,
3722,2024-01-07 18:58:00,2024-01-07 19:00:00,,2024-01-07 18:55:00,3.0,2.0,
3723,,,,2024-01-21 02:05:00,,,
3724,2024-01-13 07:33:00,,,2024-01-13 07:32:00,1.0,,
3725,,,,2024-02-04 07:40:00,,,
3726,2024-01-25 19:27:00,2024-01-25 19:31:00,2024-01-25 19:35:00,2024-01-25 19:26:00,1.0,4.0,4.0
3727,2024-01-08 21:07:00,2024-01-08 21:08:00,,2024-01-08 21:06:00,1.0,1.0,
3728,2024-01-18 07:48:00,2024-01-18 07:51:00,2024-01-18 07:52:00,2024-01-18 07:44:00,4.0,3.0,1.0
3729,,,,2024-01-12 03:45:00,,,
3730,,,,2024-02-02 15:55:00,,,
3731,2024-02-01 23:15:00,2024-02-01 23:16:00,2024-02-01 23:19:00,2024-02-01 23:12:00,3.0,1.0,3.0
3732,,,,2024-01-01 20:38:00,,,
3733,,,,2024-01-25 01:32:00,,,
3734,,,,2024-01-11 09:43:00,,,
3735,2024-01-08 19:01:00,,,2024-01-08 18:58:00,3.0,,
3736,2024-02-02 03:23:00,2024-02-02 03:27:00,2024-02-02 03:31:00,2024-02-02 03:21:00,2.0,4.0,4.0
3737,2024-01-11 03:31:00,2024-01-11 03:34:00,2024-01-11 03:36:00,2024-01-11 03:28:00,3.0,3.0,2.0
3738,,,,2024-01-10 12:55:00,,,
3739,2024-01-24 21:45:00,,,2024-01-24 21:42:00,3.0,,
3740,2024-01-22 13:20:00,,,2024-01-22 13:16:00,4.0,,
3741,2024-01-18 20:42:00,,,2024-01-18 20:39:00,3.0,,
3742,2024-01-25 05:25:00,2024-01-25 05:28:00,2024-01-25 05:32:00,2024-01-25 05:24:00,1.0,3.0,4.0
3743,,,,2024-01-28 17:28:00,,,
3744,2024-02-01 20:36:00,2024-02-01 20:38:00,2024-02-01 20:39:00,2024-02-01 20:33:00,3.0,2.0,1.0
3745,2024-01-21 05:01:00,2024-01-21 05:04:00,2024-01-21 05:06:00,2024-01-21 05:00:00,1.0,3.0,2.0
3746,,,,2024-01-15 08:51:00,,,
3747,2024-01-25 03:14:00,2024-01-25 03:18:00,,2024-01-25 03:10:00,4.0,4.0,
3748,,,,2024-01-19 19:53:00,,,
3749,2024-01-06 21:30:00,2024-01-06 21:32:00,2024-01-06 21:34:00,2024-01-06 21:27:00,3.0,2.0,2.0
3750,,,,2024-01-10 03:54:00,,,
3751,2024-01-03 09:06:00,2024-01-03 09:08:00,2024-01-03 09:09:00,2024-01-03 09:02:00,4.0,2.0,1.0
3752,,,,2024-01-19 04:30:00,,,
3753,2024-01-24 14:20:00,2024-01-24 14:23:00,2024-01-24 14:24:00,2024-01-24 14:18:00,2.0,3.0,1.0
3754,2024-02-03 19:09:00,2024-02-03 19:13:00,,2024-02-03 19:08:00,1.0,4.0,
3755,2024-01-07 09:00:00,2024-01-07 09:04:00,2024-01-07 09:06:00,2024-01-07 08:56:00,4.0,4.0,2.0
3756,2024-01-10 04:55:00,2024-01-10 04:56:00,2024-01-10 05:00:00,2024-01-10 04:52:00,3.0,1.0,4.0
3757,,,,2024-02-04 15:42:00,,,
3758,,,,2024-01-21 03:39:00,,,
3759,2024-01-04 00:19:00,,,2024-01-04 00:17:00,2.0,,
3760,2024-01-26 13:27:00,2024-01-26 13:28:00,,2024-01-26 13:23:00,4.0,1.0,
3761,2024-01-12 03:59:00,2024-01-12 04:02:00,,2024-01-12 03:57:00,2.0,3.0,
3762,2024-01-07 15:04:00,2024-01-07 15:05:00,2024-01-07 15:09:00,2024-01-07 15:01:00,3.0,1.0,4.0
3763,2024-01-04 10:04:00,2024-01-04 10:07:00,2024-01-04 10:09:00,2024-01-04 10:01:00,3.0,3.0,2.0
3764,,,,2024-01-14 10:32:00,,,
3765,,,,2024-01-08 20:39:00,,,
3766,,,,2024-01-04 07:35:00,,,
3767,,,,2024-01-02 04:16:00,,,
3768,2024-01-11 17:09:00,2024-01-11 17:11:00,2024-01-11 17:12:00,2024-01-11 17:08:00,1.0,2.0,1.0
3769,,,,2024-01-24 05:49:00,,,
3770,,,,2024-01-17 02:33:00,,,
3771,2024-01-06 08:51:00,2024-01-06 08:52:00,,2024-01-06 08:47:00,4.0,1.0,
3772,2024-02-02 11:24:00,2024-02-02 11:26:00,2024-02-02 11:27:00,2024-02-02 11:23:00,1.0,2.0,1.0
3773,2024-01-27 05:08:00,,,2024-01-27 05:06:00,2.0,,
3774,,,,2024-01-03 18:47:00,,,
3775,2024-01-06 03:48:00,2024-01-06 03:49:00,2024-01-06 03:52:00,2024-01-06 03:44:00,4.0,1.0,3.0
3776,,,,2024-01-03 15:25:00,,,
3777,2024-02-02 11:34:00,2024-02-02 11:38:00,2024-02-02 11:41:00,2024-02-02 11:30:00,4.0,4.0,3.0
3778,2024-01-04 23:58:00,2024-01-05 00:00:00,2024-01-05 00:04:00,2024-01-04 23:56:00,2.0,2.0,4.0
3779,2024-01-26 15:40:00,2024-01-26 15:41:00,2024-01-26 15:44:00,2024-01-26 15:39:00,1.0,1.0,3.0
3780,2024-01-07 05:01:00,2024-01-07 05:03:00,,2024-01-07 04:57:00,4.0,2.0,
3781,2024-01-04 11:04:00,2024-01-04 11:06:00,,2024-01-04 11:02:00,2.0,2.0,
3782,2024-01-23 22:00:00,2024-01-23 22:04:00,2024-01-23 22:06:00,2024-01-23 21:58:00,2.0,4.0,2.0
3783,,,,2024-01-12 16:09:00,,,
3784,2024-01-05 02:38:00,2024-01-05 02:41:00,2024-01-05 02:43:00,2024-01-05 02:36:00,2.0,3.0,2.0
3785,,,,2024-01-21 17:45:00,,,
3786,2024-01-20 04:53:00,2024-01-20 04:57:00,2024-01-20 05:01:00,2024-01-20 04:51:00,2.0,4.0,4.0
3787,2024-01-01 20:49:00,,,2024-01-01 20:45:00,4.0,,
3788,2024-01-19 22:47:00,2024-01-19 22:48:00,2024-01-19 22:51:00,2024-01-19 22:46:00,1.0,1.0,3.0
3789,,,,2024-02-03 14:33:00,,,
3790,2024-01-31 16:31:00,2024-01-31 16:35:00,,2024-01-31 16:27:00,4.0,4.0,
3791,2024-01-12 16:42:00,,,2024-01-12 16:41:00,1.0,,
3792,,,,2024-01-21 22:02:00,,,
3793,2024-01-30 11:27:00,2024-01-30 11:28:00,2024-01-30 11:30:00,2024-01-30 11:23:00,4.0,1.0,2.0
3794,2024-01-28 23:24:00,2024-01-28 23:27:00,2024-01-28 23:31:00,2024-01-28 23:21:00,3.0,3.0,4.0
3795,,,,2024-01-24 17:23:00,,,
3796,,,,2024-01-09 06:18:00,,,
3797,2024-01-19 04:40:00,,,2024-01-19 04:39:00,1.0,,
3798,2024-01-31 09:37:00,2024-01-31 09:41:00,2024-01-31 09:44:00,2024-01-31 09:35:00,2.0,4.0,3.0
3799,2024-01-05 15:32:00,2024-01-05 15:36:00,2024-01-05 15:37:00,2024-01-05 15:28:00,4.0,4.0,1.0
3800,2024-01-05 19:37:00,2024-01-05 19:39:00,2024-01-05 19:43:00,2024-01-05 19:33:00,4.0,2.0,4.0
3801,,,,2024-01-26 00:40:00,,,
3802,2024-01-11 09:38:00,2024-01-11 09:41:00,,2024-01-11 09:34:00,4.0,3.0,
3803,2024-01-13 14:55:00,2024-01-13 14:56:00,2024-01-13 14:59:00,2024-01-13 14:52:00,3.0,1.0,3.0
3804,2024-01-30 23:05:00,2024-01-30 23:07:00,2024-01-30 23:08:00,2024-01-30 23:01:00,4.0,2.0,1.0
3805,,,,2024-01-27 23:37:00,,,
3806,2024-01-13 08:14:00,,,2024-01-13 08:11:00,3.0,,
3807,,,,2024-01-28 13:26:00,,,
3808,,,,2024-01-12 13:09:00,,,
3809,,,,2024-01-02 13:49:00,,,
3810,,,,2024-01-24 07:45:00,,,
3811,2024-01-13 13:23:00,,,2024-01-13 13:19:00,4.0,,
3812,2024-01-05 22:57:00,,,2024-01-05 22:53:00,4.0,,
3813,,,,2024-01-18 07:37:00,,,
3814,2024-01-29 11:52:00,2024-01-29 11:56:00,,2024-01-29 11:49:00,3.0,4.0,
3815,2024-01-20 01:42:00,2024-01-20 01:46:00,,2024-01-20 01:39:00,3.0,4.0,
3816,,,,2024-01-14 02:15:00,,,
3817,2024-01-07 14:21:00,,,2024-01-07 14:17:00,4.0,,
3818,,,,2024-01-30 11:46:00,,,
3819,,,,2024-01-24 16:13:00,,,
3820,,,,2024-01-16 01:28:00,,,
3821,2024-01-02 07:11:00,2024-01-02 07:15:00,,2024-01-02 07:10:00,1.0,4.0,
3822,,,,2024-01-24 05:26:00,,,
3823,2024-01-08 03:10:00,2024-01-08 03:13:00,2024-01-08 03:17:00,2024-01-08 03:07:00,3.0,3.0,4.0
3824,,,,2024-01-08 12:46:00,,,
3825,,,,2024-01-20 04:13:00,,,
3826,2024-01-29 04:54:00,2024-01-29 04:55:00,2024-01-29 04:59:00,2024-01-29 04:51:00,3.0,1.0,4.0
3827,2024-01-16 19:21:00,2024-01-16 19:23:00,2024-01-16 19:26:00,2024-01-16 19:18:00,3.0,2.0,3.0
3828,2024-01-04 07:34:00,2024-01-04 07:36:00,2024-01-04 07:39:00,2024-01-04 07:31:00,3.0,2.0,3.0
3829,,,,2024-01-11 02:37:00,,,
3830,2024-01-01 20:14:00,2024-01-01 20:17:00,2024-01-01 20:19:00,2024-01-01 20:13:00,1.0,3.0,2.0
3831,,,,2024-02-03 13:14:00,,,
3832,2024-01-15 01:15:00,2024-01-15 01:19:00,2024-01-15 01:22:00,2024-01-15 01:13:00,2.0,4.0,3.0
3833,,,,2024-01-05 19:45:00,,,
3834,2024-01-17 10:06:00,2024-01-17 10:09:00,,2024-01-17 10:03:00,3.0,3.0,
3835,,,,2024-01-23 14:06:00,,,
3836,,,,2024-01-02 12:00:00,,,
3837,,,,2024-01-30 23:44:00,,,
3838,2024-01-30 11:39:00,2024-01-30 11:40:00,2024-01-30 11:43:00,2024-01-30 11:36:00,3.0,1.0,3.0
3839,2024-01-08 05:21:00,2024-01-08 05:25:00,2024-01-08 05:26:00,2024-01-08 05:17:00,4.0,4.0,1.0
3840,,,,2024-01-07 21:50:00,,,
3841,2024-01-08 06:08:00,,,2024-01-08 06:06:00,2.0,,
3842,2024-01-21 04:56:00,2024-01-21 04:58:00,2024-01-21 05:00:00,2024-01-21 04:52:00,4.0,2.0,2.0
3843,,,,2024-01-15 14:21:00,,,
3844,,,,2024-01-24 09:22:00,,,
3845,2024-01-14 11:17:00,,,2024-01-14 11:15:00,2.0,,
3846,2024-01-18 22:54:00,2024-01-18 22:57:00,2024-01-18 22:59:00,2024-01-18 22:53:00,1.0,3.0,2.0
3847,,,,2024-01-25 14:21:00,,,
3848,2024-01-09 03:15:00,2024-01-09 03:18:00,,2024-01-09 03:14:00,1.0,3.0,
3849,2024-01-24 11:31:00,2024-01-24 11:35:00,,2024-01-24 11:27:00,4.0,4.0,
3850,2024-02-02 01:43:00,2024-02-02 01:44:00,,2024-02-02 01:41:00,2.0,1.0,
3851,,,,2024-02-01 12:02:00,,,
3852,2024-01-31 22:24:00,2024-01-31 22:25:00,2024-01-31 22:29:00,2024-01-31 22:22:00,2.0,1.0,4.0
3853,2024-01-31 09:38:00,2024-01-31 09:41:00,2024-01-31 09:42:00,2024-01-31 09:37:00,1.0,3.0,1.0
3854,,,,2024-01-21 08:55:00,,,
3855,2024-01-31 11:06:00,2024-01-31 11:09:00,2024-01-31 11:10:00,2024-01-31 11:02:00,4.0,3.0,1.0
3856,2024-01-24 22:32:00,2024-01-24 22:33:00,2024-01-24 22:37:00,2024-01-24 22:29:00,3.0,1.0,4.0
3857,2024-01-03 19:53:00,,,2024-01-03 19:52:00,1.0,,
3858,,,,2024-01-12 11:11:00,,,
3859,2024-01-16 13:45:00,,,2024-01-16 13:42:00,3.0,,
3860,2024-01-27 05:32:00,2024-01-27 05:33:00,2024-01-27 05:36:00,2024-01-27 05:29:00,3.0,1.0,3.0
3861,2024-02-02 02:10:00,2024-02-02 02:11:00,2024-02-02 02:14:00,2024-02-02 02:06:00,4.0,1.0,3.0
3862,2024-01-17 22:30:00,2024-01-17 22:34:00,2024-01-17 22:38:00,2024-01-17 22:27:00,3.0,4.0,4.0
3863,,,,2024-01-17 01:07:00,,,
3864,2024-01-09 15:37:00,,,2024-01-09 15:35:00,2.0,,
3865,,,,2024-01-01 04:00:00,,,
3866,,,,2024-01-28 17:54:00,,,
3867,,,,2024-01-25 02:46:00,,,
3868,2024-02-03 17:24:00,2024-02-03 17:26:00,2024-02-03 17:27:00,2024-02-03 17:21:00,3.0,2.0,1.0
3869,,,,2024-01-15 17:30:00,,,
3870,2024-01-23 15:38:00,2024-01-23 15:42:00,2024-01-23 15:44:00,2024-01-23 15:37:00,1.0,4.0,2.0
3871,2024-01-16 15:33:00,2024-01-16 15:34:00,2024-01-16 15:37:00,2024-01-16 15:29:00,4.0,1.0,3.0
3872,2024-01-11 14:37:00,2024-01-11 14:41:00,2024-01-11 14:43:00,2024-01-11 14:33:00,4.0,4.0,2.0
3873,,,,2024-01-26 11:55:00,,,
3874,,,,2024-01-26 20:49:00,,,
3875,2024-01-15 15:43:00,2024-01-15 15:46:00,,2024-01-15 15:39:00,4.0,3.0,
3876,,,,2024-01-23 12:44:00,,,
3877,2024-01-13 07:53:00,,,2024-01-13 07:50:00,3.0,,
3878,2024-01-06 23:21:00,2024-01-06 23:25:00,2024-01-06 23:28:00,2024-01-06 23:18:00,3.0,4.0,3.0
3879,,,,2024-01-25 18:32:00,,,
3880,2024-01-19 17:31:00,2024-01-19 17:32:00,,2024-01-19 17:30:00,1.0,1.0,
3881,,,,2024-01-30 11:03:00,,,
3882,,,,2024-01-12 15:15:00,,,
3883,2024-01-05 10:07:00,2024-01-05 10:09:00,2024-01-05 10:13:00,2024-01-05 10:05:00,2.0,2.0,4.0
3884,2024-01-11 18:45:00,2024-01-11 18:46:00,2024-01-11 18:49:00,2024-01-11 18:42:00,3.0,1.0,3.0
3885,2024-02-01 14:16:00,,,2024-02-01 14:13:00,3.0,,
3886,2024-01-20 06:29:00,,,2024-01-20 06:25:00,4.0,,
3887,2024-02-02 16:01:00,,,2024-02-02 15:57:00,4.0,,
3888,,,,2024-01-06 12:50:00,,,
3889,,,,2024-01-17 07:15:00,,,
3890,,,,2024-01-12 07:54:00,,,
3891,2024-01-07 21:40:00,,,2024-01-07 21:37:00,3.0,,
3892,2024-01-03 09:59:00,2024-01-03 10:01:00,2024-01-03 10:02:00,2024-01-03 09:58:00,1.0,2.0,1.0
3893,,,,2024-01-08 00:03:00,,,
3894,,,,2024-01-02 09:46:00,,,
3895,2024-01-31 19:27:00,2024-01-31 19:29:00,,2024-01-31 19:24:00,3.0,2.0,
3896,2024-01-01 12:03:00,,,2024-01-01 12:00:00,3.0,,
3897,,,,2024-01-01 07:25:00,,,
3898,,,,2024-01-18 02:21:00,,,
3899,2024-01-08 09:32:00,2024-01-08 09:34:00,2024-01-08 09:38:00,2024-01-08 09:29:00,3.0,2.0,4.0
3900,,,,2024-01-09 07:44:00,,,
3901,,,,2024-01-08 09:36:00,,,
3902,2024-01-05 09:46:00,2024-01-05 09:48:00,2024-01-05 09:50:00,2024-01-05 09:44:00,2.0,2.0,2.0
3903,,,,2024-01-30 06:39:00,,,
3904,2024-01-19 09:51:00,2024-01-19 09:52:00,,2024-01-19 09:47:00,4.0,1.0,
3905,,,,2024-01-16 22:12:00,,,
3906,,,,2024-01-01 05:08:00,,,
3907,2024-01-02 18:22:00,2024-01-02 18:24:00,2024-01-02 18:28:00,2024-01-02 18:18:00,4.0,2.0,4.0
3908,,,,2024-01-29 02:11:00,,,
3909,,,,2024-01-09 20:17:00,,,
3910,2024-01-29 20:18:00,2024-01-29 20:22:00,2024-01-29 20:25:00,2024-01-29 20:17:00,1.0,4.0,3.0
3911,2024-01-11 07:27:00,2024-01-11 07:30:00,2024-01-11 07:33:00,2024-01-11 07:23:00,4.0,3.0,3.0
3912,2024-01-17 19:15:00,2024-01-17 19:19:00,2024-01-17 19:23:00,2024-01-17 19:12:00,3.0,4.0,4.0
3913,2024-01-25 12:19:00,,,2024-01-25 12:15:00,4.0,,
3914,,,,2024-01-08 14:30:00,,,
3915,,,,2024-01-24 01:28:00,,,
3916,2024-01-16 03:47:00,2024-01-16 03:48:00,2024-01-16 03:50:00,2024-01-16 03:46:00,1.0,1.0,2.0
3917,2024-01-18 13:51:00,,,2024-01-18 13:47:00,4.0,,
3918,2024-01-09 07:57:00,2024-01-09 08:00:00,2024-01-09 08:04:00,2024-01-09 07:55:00,2.0,3.0,4.0
3919,,,,2024-01-27 23:48:00,,,
3920,,,,2024-01-29 19:15:00,,,
3921,,,,2024-01-13 20:54:00,,,
3922,2024-01-20 04:57:00,2024-01-20 04:58:00,2024-01-20 04:59:00,2024-01-20 04:54:00,3.0,1.0,1.0
3923,2024-01-05 03:10:00,2024-01-05 03:12:00,2024-01-05 03:14:00,2024-01-05 03:07:00,3.0,2.0,2.0
3924,2024-01-21 02:03:00,2024-01-21 02:04:00,2024-01-21 02:07:00,2024-01-21 02:01:00,2.0,1.0,3.0
3925,2024-02-01 08:42:00,2024-02-01 08:44:00,2024-02-01 08:48:00,2024-02-01 08:41:00,1.0,2.0,4.0
3926,2024-01-01 18:58:00,2024-01-01 18:59:00,2024-01-01 19:02:00,2024-01-01 18:54:00,4.0,1.0,3.0
3927,,,,2024-01-24 19:40:00,,,
3928,2024-02-01 03:27:00,,,2024-02-01 03:25:00,2.0,,
3929,2024-01-12 14:46:00,2024-01-12 14:49:00,2024-01-12 14:50:00,2024-01-12 14:43:00,3.0,3.0,1.0
3930,,,,2024-01-16 12:46:00,,,
3931,2024-01-24 00:18:00,,,2024-01-24 00:16:00,2.0,,
3932,,,,2024-02-01 00:59:00,,,
3933,2024-01-01 17:49:00,,,2024-01-01 17:48:00,1.0,,
3934,2024-01-30 11:40:00,2024-01-30 11:43:00,2024-01-30 11:46:00,2024-01-30 11:39:00,1.0,3.0,3.0
3935,2024-01-10 06:57:00,,,2024-01-10 06:56:00,1.0,,
3936,2024-01-22 02:00:00,2024-01-22 02:03:00,2024-01-22 02:05:00,2024-01-22 01:59:00,1.0,3.0,2.0
3937,2024-01-15 07:46:00,2024-01-15 07:48:00,2024-01-15 07:49:00,2024-01-15 07:42:00,4.0,2.0,1.0
3938,2024-01-10 13:49:00,2024-01-10 13:52:00,,2024-01-10 13:47:00,2.0,3.0,
3939,2024-01-30 20:58:00,,,2024-01-30 20:56:00,2.0,,
3940,2024-01-19 09:34:00,2024-01-19 09:36:00,2024-01-19 09:39:00,2024-01-19 09:33:00,1.0,2.0,3.0
3941,,,,2024-01-30 11:03:00,,,
3942,,,,2024-01-23 03:22:00,,,
3943,2024-01-10 07:19:00,2024-01-10 07:23:00,,2024-01-10 07:18:00,1.0,4.0,
3944,2024-01-30 00:32:00,2024-01-30 00:35:00,2024-01-30 00:37:00,2024-01-30 00:28:00,4.0,3.0,2.0
3945,2024-01-05 13:01:00,2024-01-05 13:05:00,2024-01-05 13:08:00,2024-01-05 12:57:00,4.0,4.0,3.0
3946,2024-01-12 11:46:00,2024-01-12 11:50:00,2024-01-12 11:54:00,2024-01-12 11:42:00,4.0,4.0,4.0
3947,,,,2024-01-14 06:41:00,,,
3948,,,,2024-01-21 21:23:00,,,
3949,2024-01-25 21:28:00,,,2024-01-25 21:26:00,2.0,,
3950,,,,2024-02-03 07:24:00,,,
3951,2024-01-31 19:46:00,2024-01-31 19:48:00,2024-01-31 19:49:00,2024-01-31 19:44:00,2.0,2.0,1.0
3952,2024-01-02 13:44:00,2024-01-02 13:47:00,2024-01-02 13:49:00,2024-01-02 13:43:00,1.0,3.0,2.0
3953,2024-01-08 03:36:00,,,2024-01-08 03:34:00,2.0,,
3954,2024-01-20 17:47:00,2024-01-20 17:48:00,2024-01-20 17:51:00,2024-01-20 17:43:00,4.0,1.0,3.0
3955,,,,2024-01-07 17:40:00,,,
3956,,,,2024-01-13 20:20:00,,,
3957,2024-01-06 20:00:00,,,2024-01-06 19:57:00,3.0,,
3958,2024-02-03 06:41:00,2024-02-03 06:44:00,2024-02-03 06:47:00,2024-02-03 06:38:00,3.0,3.0,3.0
3959,2024-01-06 00:54:00,,,2024-01-06 00:51:00,3.0,,
3960,2024-01-06 12:12:00,,,2024-01-06 12:11:00,1.0,,
3961,,,,2024-01-28 19:20:00,,,
3962,2024-01-22 19:04:00,2024-01-22 19:07:00,,2024-01-22 19:01:00,3.0,3.0,
3963,2024-01-31 13:34:00,,,2024-01-31 13:33:00,1.0,,
3964,2024-01-20 02:18:00,2024-01-20 02:22:00,2024-01-20 02:23:00,2024-01-20 02:15:00,3.0,4.0,1.0
3965,,,,2024-02-01 08:08:00,,,
3966,2024-02-04 06:50:00,,,2024-02-04 06:48:00,2.0,,
3967,2024-01-09 23:15:00,,,2024-01-09 23:14:00,1.0,,
3968,,,,2024-01-02 20:58:00,,,
3969,2024-01-04 02:08:00,,,2024-01-04 02:04:00,4.0,,
3970,,,,2024-01-13 21:00:00,,,
3971,2024-01-28 01:04:00,2024-01-28 01:05:00,2024-01-28 01:06:00,2024-01-28 01:01:00,3.0,1.0,1.0
3972,2024-01-24 02:06:00,2024-01-24 02:10:00,2024-01-24 02:13:00,2024-01-24 02:03:00,3.0,4.0,3.0
3973,,,,2024-01-11 00:45:00,,,
3974,,,,2024-01-20 13:48:00,,,
3975,2024-01-21 16:27:00,,,2024-01-21 16:26:00,1.0,,
3976,,,,2024-02-03 17:43:00,,,
3977,2024-01-31 01:03:00,,,2024-01-31 00:59:00,4.0,,
3978,2024-02-02 04:09:00,,,2024-02-02 04:07:00,2.0,,
3979,2024-01-10 00:12:00,2024-01-10 00:14:00,,2024-01-10 00:10:00,2.0,2.0,
3980,,,,2024-01-06 05:45:00,,,
3981,2024-01-06 22:53:00,2024-01-06 22:56:00,2024-01-06 22:58:00,2024-01-06 22:49:00,4.0,3.0,2.0
3982,2024-02-02 07:02:00,2024-02-02 07:03:00,,2024-02-02 06:58:00,4.0,1.0,
3983,2024-02-01 02:44:00,,,2024-02-01 02:42:00,2.0,,
3984,,,,2024-01-07 11:46:00,,,
3985,2024-01-14 11:42:00,2024-01-14 11:43:00,2024-01-14 11:46:00,2024-01-14 11:38:00,4.0,1.0,3.0
3986,2024-01-01 14:57:00,2024-01-01 14:58:00,,2024-01-01 14:53:00,4.0,1.0,
3987,2024-02-01 01:58:00,2024-02-01 02:01:00,,2024-02-01 01:54:00,4.0,3.0,
3988,2024-01-05 04:36:00,2024-01-05 04:39:00,2024-01-05 04:42:00,2024-01-05 04:32:00,4.0,3.0,3.0
3989,,,,2024-01-26 16:42:00,,,
3990,,,,2024-01-13 05:46:00,,,
3991,2024-01-13 13:58:00,2024-01-13 14:00:00,2024-01-13 14:04:00,2024-01-13 13:54:00,4.0,2.0,4.0
3992,,,,2024-01-30 07:19:00,,,
3993,2024-01-24 14:57:00,,,2024-01-24 14:54:00,3.0,,
3994,,,,2024-01-16 04:56:00,,,
3995,,,,2024-01-28 12:40:00,,,
3996,,,,2024-01-04 17:48:00,,,
3997,,,,2024-01-29 23:32:00,,,
3998,2024-01-25 03:44:00,2024-01-25 03:47:00,2024-01-25 03:49:00,2024-01-25 03:42:00,2.0,3.0,2.0
3999,,,,2024-01-03 07:16:00,,,
4000,,,,2024-01-16 18:48:00,,,
4001,2024-01-09 20:49:00,2024-01-09 20:50:00,2024-01-09 20:54:00,2024-01-09 20:47:00,2.0,1.0,4.0
4002,,,,2024-01-10 07:11:00,,,
4003,,,,2024-01-05 10:39:00,,,
4004,,,,2024-01-25 22:12:00,,,
4005,,,,2024-01-17 09:25:00,,,
4006,2024-01-28 00:19:00,,,2024-01-28 00:17:00,2.0,,
4007,,,,2024-01-01 01:07:00,,,
4008,2024-01-09 03:32:00,,,2024-01-09 03:30:00,2.0,,
4009,,,,2024-02-01 21:17:00,,,
4010,2024-01-24 05:22:00,2024-01-24 05:26:00,2024-01-24 05:29:00,2024-01-24 05:20:00,2.0,4.0,3.0
4011,,,,2024-01-27 23:50:00,,,
4012,2024-01-13 18:25:00,,,2024-01-13 18:24:00,1.0,,
4013,,,,2024-01-23 16:24:00,,,
4014,,,,2024-01-09 18:28:00,,,
4015,2024-01-03 02:22:00,,,2024-01-03 02:21:00,1.0,,
4016,2024-02-02 04:28:00,2024-02-02 04:30:00,,2024-02-02 04:24:00,4.0,2.0,
4017,,,,2024-01-05 14:04:00,,,
4018,,,,2024-01-02 05:38:00,,,
4019,2024-01-30 17:16:00,,,2024-01-30 17:13:00,3.0,,
4020,2024-01-07 23:24:00,2024-01-07 23:25:00,2024-01-07 23:28:00,2024-01-07 23:21:00,3.0,1.0,3.0
4021,2024-01-01 10:32:00,2024-01-01 10:35:00,2024-01-01 10:37:00,2024-01-01 10:31:00,1.0,3.0,2.0
4022,2024-01-15 05:46:00,2024-01-15 05:48:00,2024-01-15 05:49:00,2024-01-15 05:44:00,2.0,2.0,1.0
4023,2024-01-16 04:51:00,2024-01-16 04:53:00,,2024-01-16 04:50:00,1.0,2.0,
4024,2024-01-18 19:03:00,2024-01-18 19:05:00,,2024-01-18 18:59:00,4.0,2.0,
4025,,,,2024-01-14 15:34:00,,,
4026,2024-01-24 09:17:00,2024-01-24 09:21:00,2024-01-24 09:23:00,2024-01-24 09:13:00,4.0,4.0,2.0
4027,,,,2024-01-15 07:07:00,,,
4028,2024-01-07 03:54:00,2024-01-07 03:56:00,2024-01-07 04:00:00,2024-01-07 03:51:00,3.0,2.0,4.0
4029,2024-01-17 06:15:00,2024-01-17 06:17:00,,2024-01-17 06:11:00,4.0,2.0,
4030,,,,2024-01-22 02:30:00,,,
4031,,,,2024-01-22 14:53:00,,,
4032,,,,2024-01-17 07:53:00,,,
4033,,,,2024-02-02 08:52:00,,,
4034,,,,2024-01-16 14:15:00,,,
4035,,,,2024-02-03 19:05:00,,,
4036,2024-01-10 12:34:00,,,2024-01-10 12:31:00,3.0,,
4037,2024-01-08 16:21:00,,,2024-01-08 16:17:00,4.0,,
4038,2024-02-04 12:02:00,2024-02-04 12:06:00,2024-02-04 12:09:00,2024-02-04 11:58:00,4.0,4.0,3.0
4039,,,,2024-01-08 00:48:00,,,
4040,,,,2024-01-02 21:56:00,,,
4041,2024-01-03 00:27:00,2024-01-03 00:29:00,2024-01-03 00:31:00,2024-01-03 00:25:00,2.0,2.0,2.0
4042,2024-01-05 05:15:00,2024-01-05 05:17:00,,2024-01-05 05:11:00,4.0,2.0,
4043,2024-01-16 23:11:00,2024-01-16 23:12:00,2024-01-16 23:15:00,2024-01-16 23:09:00,2.0,1.0,3.0
4044,,,,2024-01-24 05:24:00,,,
4045,2024-01-13 18:16:00,2024-01-13 18:17:00,2024-01-13 18:20:00,2024-01-13 18:14:00,2.0,1.0,3.0
4046,,,,2024-01-07 03:42:00,,,
4047,,,,2024-01-21 02:54:00,,,
4048,2024-01-14 04:48:00,,,2024-01-14 04:45:00,3.0,,
4049,,,,2024-01-30 03:51:00,,,
4050,2024-01-02 20:56:00,2024-01-02 20:57:00,2024-01-02 21:01:00,2024-01-02 20:52:00,4.0,1.0,4.0
4051,2024-01-28 11:35:00,2024-01-28 11:36:00,2024-01-28 11:40:00,2024-01-28 11:32:00,3.0,1.0,4.0
4052,2024-01-11 13:44:00,,,2024-01-11 13:40:00,4.0,,
4053,2024-01-20 07:06:00,,,2024-01-20 07:05:00,1.0,,
4054,2024-01-28 19:14:00,,,2024-01-28 19:12:00,2.0,,
4055,,,,2024-01-09 09:37:00,,,
4056,2024-01-28 05:55:00,2024-01-28 05:57:00,2024-01-28 05:59:00,2024-01-28 05:51:00,4.0,2.0,2.0
4057,2024-01-13 02:05:00,2024-01-13 02:08:00,2024-01-13 02:10:00,2024-01-13 02:01:00,4.0,3.0,2.0
4058,,,,2024-01-31 06:31:00,,,
4059,2024-01-23 03:11:00,2024-01-23 03:14:00,2024-01-23 03:18:00,2024-01-23 03:09:00,2.0,3.0,4.0
4060,2024-01-01 06:12:00,2024-01-01 06:16:00,2024-01-01 06:18:00,2024-01-01 06:08:00,4.0,4.0,2.0
4061,,,,2024-01-18 02:46:00,,,
4062,,,,2024-01-14 01:06:00,,,
4063,2024-01-06 20:24:00,2024-01-06 20:25:00,2024-01-06 20:27:00,2024-01-06 20:20:00,4.0,1.0,2.0
4064,2024-02-03 20:12:00,,,2024-02-03 20:10:00,2.0,,
4065,2024-01-31 04:26:00,2024-01-31 04:28:00,,2024-01-31 04:23:00,3.0,2.0,
4066,,,,2024-01-16 12:03:00,,,
4067,,,,2024-01-27 23:09:00,,,
4068,,,,2024-01-14 14:10:00,,,
4069,2024-01-26 10:36:00,2024-01-26 10:38:00,,2024-01-26 10:34:00,2.0,2.0,
4070,2024-01-30 10:40:00,2024-01-30 10:42:00,,2024-01-30 10:37:00,3.0,2.0,
4071,2024-01-11 02:05:00,2024-01-11 02:08:00,,2024-01-11 02:04:00,1.0,3.0,
4072,2024-02-04 10:28:00,2024-02-04 10:32:00,2024-02-04 10:36:00,2024-02-04 10:24:00,4.0,4.0,4.0
4073,,,,2024-01-02 04:31:00,,,
4074,2024-01-29 00:32:00,,,2024-01-29 00:28:00,4.0,,
4075,,,,2024-02-03 03:51:00,,,
4076,2024-01-17 22:55:00,2024-01-17 22:57:00,2024-01-17 23:00:00,2024-01-17 22:51:00,4.0,2.0,3.0
4077,,,,2024-01-07 17:36:00,,,
4078,2024-01-21 19:47:00,2024-01-21 19:51:00,2024-01-21 19:52:00,2024-01-21 19:45:00,2.0,4.0,1.0
4079,2024-01-16 06:31:00,,,2024-01-16 06:30:00,1.0,,
4080,2024-01-10 09:59:00,,,2024-01-10 09:56:00,3.0,,
4081,,,,2024-01-21 12:14:00,,,
4082,2024-01-28 13:10:00,2024-01-28 13:14:00,,2024-01-28 13:08:00,2.0,4.0,
4083,2024-01-12 13:27:00,2024-01-12 13:28:00,2024-01-12 13:31:00,2024-01-12 13:23:00,4.0,1.0,3.0
4084,,,,2024-01-31 05:52:00,,,
4085,2024-01-30 15:08:00,2024-01-30 15:09:00,,2024-01-30 15:04:00,4.0,1.0,
4086,2024-01-07 18:20:00,2024-01-07 18:23:00,2024-01-07 18:24:00,2024-01-07 18:19:00,1.0,3.0,1.0
4087,2024-01-01 03:59:00,2024-01-01 04:01:00,2024-01-01 04:03:00,2024-01-01 03:56:00,3.0,2.0,2.0
4088,2024-01-13 04:49:00,2024-01-13 04:53:00,2024-01-13 04:54:00,2024-01-13 04:45:00,4.0,4.0,1.0
4089,2024-01-24 04:48:00,2024-01-24 04:52:00,2024-01-24 04:55:00,2024-01-24 04:46:00,2.0,4.0,3.0
4090,2024-01-01 02:07:00,,,2024-01-01 02:03:00,4.0,,
4091,2024-01-12 00:41:00,2024-01-12 00:44:00,2024-01-12 00:48:00,2024-01-12 00:38:00,3.0,3.0,4.0
4092,,,,2024-01-13 00:23:00,,,
4093,2024-01-19 07:45:00,2024-01-19 07:47:00,2024-01-19 07:51:00,2024-01-19 07:43:00,2.0,2.0,4.0
4094,,,,2024-01-03 01:53:00,,,
4095,,,,2024-01-21 19:06:00,,,
4096,2024-01-30 13:37:00,2024-01-30 13:39:00,2024-01-30 13:40:00,2024-01-30 13:33:00,4.0,2.0,1.0
4097,2024-01-23 13:53:00,,,2024-01-23 13:52:00,1.0,,
4098,,,,2024-01-28 07:24:00,,,
4099,,,,2024-01-22 01:17:00,,,
4100,,,,2024-01-12 09:35:00,,,
4101,2024-01-19 23:27:00,2024-01-19 23:29:00,2024-01-19 23:30:00,2024-01-19 23:23:00,4.0,2.0,1.0
4102,,,,2024-01-07 21:18:00,,,
4103,2024-01-05 05:11:00,2024-01-05 05:15:00,2024-01-05 05:19:00,2024-01-05 05:10:00,1.0,4.0,4.0
4104,2024-01-15 04:41:00,2024-01-15 04:42:00,2024-01-15 04:46:00,2024-01-15 04:38:00,3.0,1.0,4.0
4105,2024-02-01 17:06:00,2024-02-01 17:08:00,2024-02-01 17:10:00,2024-02-01 17:04:00,2.0,2.0,2.0
4106,2024-01-06 01:41:00,,,2024-01-06 01:39:00,2.0,,
4107,,,,2024-01-08 19:06:00,,,
4108,,,,2024-01-15 20:02:00,,,
4109,2024-01-01 19:28:00,2024-01-01 19:31:00,,2024-01-01 19:25:00,3.0,3.0,
4110,2024-01-18 03:16:00,,,2024-01-18 03:15:00,1.0,,
4111,2024-01-07 19:25:00,,,2024-01-07 19:21:00,4.0,,
4112,,,,2024-01-07 16:22:00,,,
4113,2024-02-04 12:17:00,,,2024-02-04 12:15:00,2.0,,
4114,2024-01-30 05:37:00,,,2024-01-30 05:34:00,3.0,,
4115,2024-01-01 07:49:00,2024-01-01 07:53:00,2024-01-01 07:55:00,2024-01-01 07:46:00,3.0,4.0,2.0
4116,,,,2024-01-10 10:33:00,,,
4117,,,,2024-01-14 06:18:00,,,
4118,2024-01-16 13:18:00,,,2024-01-16 13:15:00,3.0,,
4119,2024-01-17 05:23:00,2024-01-17 05:26:00,2024-01-17 05:29:00,2024-01-17 05:21:00,2.0,3.0,3.0
4120,2024-01-16 12:00:00,2024-01-16 12:01:00,2024-01-16 12:03:00,2024-01-16 11:58:00,2.0,1.0,2.0
4121,2024-02-01 21:18:00,,,2024-02-01 21:14:00,4.0,,
4122,2024-01-26 05:29:00,2024-01-26 05:32:00,2024-01-26 05:36:00,2024-01-26 05:28:00,1.0,3.0,4.0
4123,2024-01-25 01:11:00,,,2024-01-25 01:09:00,2.0,,
4124,2024-01-24 02:35:00,2024-01-24 02:37:00,2024-01-24 02:41:00,2024-01-24 02:31:00,4.0,2.0,4.0
4125,2024-01-26 03:04:00,2024-01-26 03:07:00,2024-01-26 03:09:00,2024-01-26 03:03:00,1.0,3.0,2.0
4126,2024-01-28 09:32:00,2024-01-28 09:33:00,2024-01-28 09:36:00,2024-01-28 09:31:00,1.0,1.0,3.0
4127,2024-01-03 03:05:00,2024-01-03 03:07:00,,2024-01-03 03:04:00,1.0,2.0,
4128,2024-02-02 14:11:00,2024-02-02 14:15:00,2024-02-02 14:19:00,2024-02-02 14:10:00,1.0,4.0,4.0
4129,2024-01-25 09:16:00,2024-01-25 09:20:00,2024-01-25 09:21:00,2024-01-25 09:15:00,1.0,4.0,1.0
4130,,,,2024-02-01 13:07:00,,,
4131,2024-01-24 07:29:00,2024-01-24 07:33:00,,2024-01-24 07:26:00,3.0,4.0,
4132,2024-01-18 16:17:00,2024-01-18 16:20:00,,2024-01-18 16:16:00,1.0,3.0,
4133,,,,2024-01-12 14:11:00,,,
4134,2024-01-16 01:47:00,2024-01-16 01:49:00,2024-01-16 01:51:00,2024-01-16 01:46:00,1.0,2.0,2.0
4135,2024-02-01 02:02:00,2024-02-01 02:06:00,2024-02-01 02:10:00,2024-02-01 02:00:00,2.0,4.0,4.0
4136,2024-02-01 18:39:00,,,2024-02-01 18:35:00,4.0,,
4137,,,,2024-01-08 04:27:00,,,
4138,2024-01-10 02:27:00,2024-01-10 02:31:00,2024-01-10 02:35:00,2024-01-10 02:25:00,2.0,4.0,4.0
4139,2024-01-04 10:40:00,2024-01-04 10:42:00,2024-01-04 10:45:00,2024-01-04 10:37:00,3.0,2.0,3.0
4140,,,,2024-01-18 10:18:00,,,
4141,,,,2024-01-14 17:37:00,,,
4142,,,,2024-01-03 18:08:00,,,
4143,,,,2024-01-22 21:00:00,,,
4144,2024-01-08 07:13:00,2024-01-08 07:14:00,2024-01-08 07:18:00,2024-01-08 07:10:00,3.0,1.0,4.0
4145,2024-01-27 05:41:00,2024-01-27 05:44:00,2024-01-27 05:46:00,2024-01-27 05:39:00,2.0,3.0,2.0
4146,2024-01-09 03:07:00,2024-01-09 03:08:00,2024-01-09 03:12:00,2024-01-09 03:04:00,3.0,1.0,4.0
4147,,,,2024-01-16 03:29:00,,,
4148,2024-01-28 01:50:00,2024-01-28 01:53:00,2024-01-28 01:55:00,2024-01-28 01:47:00,3.0,3.0,2.0
4149,2024-01-15 15:58:00,2024-01-15 16:02:00,2024-01-15 16:03:00,2024-01-15 15:55:00,3.0,4.0,1.0
4150,,,,2024-01-13 18:25:00,,,
4151,2024-01-24 21:42:00,2024-01-24 21:45:00,2024-01-24 21:47:00,2024-01-24 21:39:00,3.0,3.0,2.0
4152,2024-01-02 21:39:00,2024-01-02 21:40:00,2024-01-02 21:43:00,2024-01-02 21:36:00,3.0,1.0,3.0
4153,,,,2024-01-09 15:07:00,,,
4154,,,,2024-01-13 18:10:00,,,
4155,2024-01-19 18:49:00,,,2024-01-19 18:48:00,1.0,,
4156,2024-01-13 13:08:00,2024-01-13 13:12:00,2024-01-13 13:14:00,2024-01-13 13:04:00,4.0,4.0,2.0
4157,2024-01-29 01:13:00,2024-01-29 01:14:00,2024-01-29 01:17:00,2024-01-29 01:09:00,4.0,1.0,3.0
4158,2024-01-10 05:35:00,,,2024-01-10 05:34:00,1.0,,
4159,,,,2024-02-03 04:37:00,,,
4160,,,,2024-01-29 13:10:00,,,
4161,,,,2024-01-29 18:15:00,,,
4162,,,,2024-01-03 09:35:00,,,
4163,,,,2024-01-25 01:23:00,,,
4164,,,,2024-01-30 12:43:00,,,
4165,,,,2024-01-09 00:14:00,,,
4166,2024-02-01 11:58:00,2024-02-01 12:00:00,2024-02-01 12:01:00,2024-02-01 11:55:00,3.0,2.0,1.0
4167,,,,2024-01-25 12:01:00,,,
4168,2024-01-06 01:18:00,,,2024-01-06 01:15:00,3.0,,
4169,2024-01-03 23:58:00,2024-01-03 23:59:00,2024-01-04 00:01:00,2024-01-03 23:57:00,1.0,1.0,2.0
4170,2024-01-08 21:12:00,2024-01-08 21:14:00,2024-01-08 21:17:00,2024-01-08 21:11:00,1.0,2.0,3.0
4171,,,,2024-01-10 15:57:00,,,
4172,2024-01-02 06:41:00,,,2024-01-02 06:39:00,2.0,,
4173,2024-01-25 17:36:00,2024-01-25 17:39:00,2024-01-25 17:42:00,2024-01-25 17:33:00,3.0,3.0,3.0
4174,2024-01-05 09:26:00,,,2024-01-05 09:24:00,2.0,,
4175,2024-01-05 04:30:00,2024-01-05 04:33:00,2024-01-05 04:35:00,2024-01-05 04:29:00,1.0,3.0,2.0
4176,2024-01-03 10:35:00,2024-01-03 10:39:00,2024-01-03 10:41:00,2024-01-03 10:33:00,2.0,4.0,2.0
4177,2024-01-16 09:29:00,,,2024-01-16 09:28:00,1.0,,
4178,2024-01-31 14:57:00,2024-01-31 15:00:00,,2024-01-31 14:55:00,2.0,3.0,
4179,,,,2024-01-12 02:59:00,,,
4180,2024-01-17 03:21:00,,,2024-01-17 03:20:00,1.0,,
4181,2024-01-06 11:07:00,2024-01-06 11:11:00,,2024-01-06 11:03:00,4.0,4.0,
4182,2024-02-01 01:22:00,,,2024-02-01 01:19:00,3.0,,
4183,,,,2024-01-26 22:32:00,,,
4184,,,,2024-01-03 17:41:00,,,
4185,2024-01-01 11:52:00,2024-01-01 11:55:00,2024-01-01 11:57:00,2024-01-01 11:48:00,4.0,3.0,2.0
4186,2024-01-19 04:34:00,,,2024-01-19 04:32:00,2.0,,
4187,2024-01-15 19:14:00,2024-01-15 19:17:00,2024-01-15 19:19:00,2024-01-15 19:12:00,2.0,3.0,2.0
4188,2024-01-01 15:58:00,,,2024-01-01 15:54:00,4.0,,
4189,,,,2024-01-28 04:14:00,,,
4190,,,,2024-01-18 13:02:00,,,
4191,2024-01-28 07:47:00,,,2024-01-28 07:43:00,4.0,,
4192,,,,2024-01-19 22:03:00,,,
4193,,,,2024-01-13 08:25:00,,,
4194,,,,2024-01-01 23:07:00,,,
4195,2024-01-04 10:31:00,2024-01-04 10:34:00,2024-01-04 10:36:00,2024-01-04 10:27:00,4.0,3.0,2.0
4196,,,,2024-01-03 07:29:00,,,
4197,,,,2024-01-22 17:16:00,,,
4198,2024-01-31 07:13:00,2024-01-31 07:17:00,,2024-01-31 07:10:00,3.0,4.0,
4199,2024-01-03 02:54:00,2024-01-03 02:56:00,2024-01-03 02:59:00,2024-01-03 02:52:00,2.0,2.0,3.0
4200,,,,2024-01-31 18:31:00,,,
4201,,,,2024-01-15 02:06:00,,,
4202,,,,2024-01-01 00:37:00,,,
4203,,,,2024-01-06 15:00:00,,,
4204,,,,2024-01-19 09:43:00,,,
4205,2024-01-30 05:34:00,2024-01-30 05:37:00,,2024-01-30 05:32:00,2.0,3.0,
4206,,,,2024-01-11 20:54:00,,,
4207,2024-01-19 03:02:00,,,2024-01-19 02:59:00,3.0,,
4208,,,,2024-01-14 13:19:00,,,
4209,2024-01-02 14:40:00,,,2024-01-02 14:38:00,2.0,,
4210,,,,2024-02-04 11:43:00,,,
4211,,,,2024-01-18 22:23:00,,,
4212,,,,2024-01-09 02:21:00,,,
4213,,,,2024-01-29 15:32:00,,,
4214,2024-01-30 08:32:00,2024-01-30 08:35:00,2024-01-30 08:37:00,2024-01-30 08:30:00,2.0,3.0,2.0
4215,2024-02-02 17:01:00,2024-02-02 17:05:00,2024-02-02 17:07:00,2024-02-02 17:00:00,1.0,4.0,2.0
4216,2024-01-14 05:45:00,2024-01-14 05:47:00,,2024-01-14 05:43:00,2.0,2.0,
4217,,,,2024-01-17 16:28:00,,,
4218,2024-01-16 20:44:00,,,2024-01-16 20:42:00,2.0,,
4219,2024-01-18 00:23:00,2024-01-18 00:25:00,2024-01-18 00:28:00,2024-01-18 00:20:00,3.0,2.0,3.0
4220,,,,2024-01-30 00:41:00,,,
4221,,,,2024-02-04 08:10:00,,,
4222,2024-01-28 17:08:00,2024-01-28 17:12:00,2024-01-28 17:13:00,2024-01-28 17:06:00,2.0,4.0,1.0
4223,,,,2024-02-01 00:08:00,,,
4224,,,,2024-01-27 05:25:00,,,
4225,2024-01-02 10:13:00,,,2024-01-02 10:11:00,2.0,,
4226,2024-01-04 11:36:00,2024-01-04 11:39:00,,2024-01-04 11:34:00,2.0,3.0,
4227,,,,2024-01-07 04:25:00,,,
4228,,,,2024-01-20 12:52:00,,,
4229,2024-01-29 03:20:00,2024-01-29 03:21:00,2024-01-29 03:25:00,2024-01-29 03:18:00,2.0,1.0,4.0
4230,,,,2024-01-22 10:54:00,,,
4231,2024-01-07 10:29:00,2024-01-07 10:31:00,2024-01-07 10:33:00,2024-01-07 10:27:00,2.0,2.0,2.0
4232,2024-01-04 19:58:00,2024-01-04 20:02:00,,2024-01-04 19:57:00,1.0,4.0,
4233,2024-02-03 09:51:00,2024-02-03 09:55:00,2024-02-03 09:56:00,2024-02-03 09:49:00,2.0,4.0,1.0
4234,,,,2024-02-03 02:55:00,,,
4235,,,,2024-01-17 22:58:00,,,
4236,2024-01-05 18:48:00,,,2024-01-05 18:44:00,4.0,,
4237,2024-01-12 14:04:00,2024-01-12 14:06:00,2024-01-12 14:10:00,2024-01-12 14:00:00,4.0,2.0,4.0
4238,2024-02-02 21:51:00,2024-02-02 21:55:00,2024-02-02 21:57:00,2024-02-02 21:49:00,2.0,4.0,2.0
4239,2024-01-18 14:02:00,,,2024-01-18 14:00:00,2.0,,
4240,2024-01-31 05:15:00,2024-01-31 05:18:00,2024-01-31 05:21:00,2024-01-31 05:12:00,3.0,3.0,3.0
4241,,,,2024-02-04 16:03:00,,,
4242,,,,2024-02-03 20:35:00,,,
4243,2024-01-06 23:24:00,,,2024-01-06 23:21:00,3.0,,
4244,,,,2024-01-13 07:55:00,,,
4245,,,,2024-01-18 15:44:00,,,
4246,2024-01-14 07:39:00,,,2024-01-14 07:37:00,2.0,,
4247,2024-01-04 13:27:00,2024-01-04 13:29:00,2024-01-04 13:33:00,2024-01-04 13:25:00,2.0,2.0,4.0
4248,2024-01-12 20:56:00,,,2024-01-12 20:52:00,4.0,,
4249,,,,2024-01-17 15:45:00,,,
4250,2024-01-03 09:49:00,2024-01-03 09:52:00,2024-01-03 09:55:00,2024-01-03 09:45:00,4.0,3.0,3.0
4251,,,,2024-01-14 10:13:00,,,
4252,2024-01-30 10:09:00,2024-01-30 10:11:00,2024-01-30 10:12:00,2024-01-30 10:08:00,1.0,2.0,1.0
4253,2024-01-24 20:36:00,2024-01-24 20:37:00,2024-01-24 20:39:00,2024-01-24 20:34:00,2.0,1.0,2.0
4254,2024-02-03 20:34:00,,,2024-02-03 20:31:00,3.0,,
4255,2024-01-24 14:01:00,2024-01-24 14:02:00,,2024-01-24 13:59:00,2.0,1.0,
4256,2024-01-20 21:56:00,2024-01-20 21:58:00,2024-01-20 22:01:00,2024-01-20 21:53:00,3.0,2.0,3.0
4257,,,,2024-01-17 08:30:00,,,
4258,2024-01-24 21:35:00,,,2024-01-24 21:34:00,1.0,,
4259,2024-01-14 15:10:00,,,2024-01-14 15:09:00,1.0,,
4260,,,,2024-01-05 21:44:00,,,
4261,,,,2024-01-11 08:46:00,,,
4262,2024-01-16 22:42:00,,,2024-01-16 22:41:00,1.0,,
4263,,,,2024-01-26 14:00:00,,,
4264,2024-01-23 13:17:00,,,2024-01-23 13:13:00,4.0,,
4265,2024-01-08 16:33:00,2024-01-08 16:34:00,2024-01-08 16:38:00,2024-01-08 16:29:00,4.0,1.0,4.0
4266,,,,2024-01-21 13:54:00,,,
4267,,,,2024-01-14 21:45:00,,,
4268,,,,2024-01-11 07:30:00,,,
4269,,,,2024-02-02 19:18:00,,,
4270,2024-01-05 13:40:00,2024-01-05 13:42:00,2024-01-05 13:46:00,2024-01-05 13:38:00,2.0,2.0,4.0
4271,2024-01-19 17:46:00,2024-01-19 17:50:00,2024-01-19 17:54:00,2024-01-19 17:42:00,4.0,4.0,4.0
4272,2024-01-09 00:50:00,2024-01-09 00:53:00,2024-01-09 00:54:00,2024-01-09 00:49:00,1.0,3.0,1.0
4273,2024-01-03 22:09:00,2024-01-03 22:12:00,2024-01-03 22:16:00,2024-01-03 22:07:00,2.0,3.0,4.0
4274,,,,2024-01-18 11:06:00,,,
4275,,,,2024-01-23 14:03:00,,,
4276,2024-01-24 08:20:00,2024-01-24 08:22:00,2024-01-24 08:25:00,2024-01-24 08:19:00,1.0,2.0,3.0
4277,,,,2024-01-08 08:12:00,,,
4278,2024-01-22 10:56:00,,,2024-01-22 10:53:00,3.0,,
4279,2024-01-12 20:21:00,,,2024-01-12 20:17:00,4.0,,
4280,2024-01-19 06:42:00,2024-01-19 06:43:00,2024-01-19 06:45:00,2024-01-19 06:38:00,4.0,1.0,2.0
4281,2024-01-05 09:16:00,2024-01-05 09:18:00,2024-01-05 09:21:00,2024-01-05 09:13:00,3.0,2.0,3.0
4282,2024-01-20 17:17:00,2024-01-20 17:20:00,2024-01-20 17:22:00,2024-01-20 17:13:00,4.0,3.0,2.0
4283,2024-01-14 03:28:00,,,2024-01-14 03:25:00,3.0,,
4284,2024-01-17 23:01:00,2024-01-17 23:03:00,,2024-01-17 22:59:00,2.0,2.0,
4285,,,,2024-01-17 23:40:00,,,
4286,2024-01-31 03:39:00,,,2024-01-31 03:37:00,2.0,,
4287,,,,2024-01-02 07:26:00,,,
4288,,,,2024-01-03 15:39:00,,,
4289,2024-01-18 06:46:00,2024-01-18 06:48:00,2024-01-18 06:51:00,2024-01-18 06:44:00,2.0,2.0,3.0
4290,,,,2024-01-17 01:01:00,,,
4291,2024-01-24 01:22:00,2024-01-24 01:24:00,,2024-01-24 01:18:00,4.0,2.0,
4292,2024-01-10 05:57:00,,,2024-01-10 05:54:00,3.0,,
4293,,,,2024-01-30 05:43:00,,,
4294,2024-01-21 11:37:00,,,2024-01-21 11:34:00,3.0,,
4295,,,,2024-02-04 10:40:00,,,
4296,2024-01-11 11:45:00,2024-01-11 11:48:00,2024-01-11 11:51:00,2024-01-11 11:41:00,4.0,3.0,3.0
4297,,,,2024-01-30 03:54:00,,,
4298,2024-01-06 14:45:00,2024-01-06 14:48:00,2024-01-06 14:49:00,2024-01-06 14:43:00,2.0,3.0,1.0
4299,,,,2024-01-04 06:44:00,,,
4300,2024-01-28 09:03:00,2024-01-28 09:07:00,,2024-01-28 09:00:00,3.0,4.0,
4301,2024-01-24 17:35:00,2024-01-24 17:37:00,2024-01-24 17:38:00,2024-01-24 17:32:00,3.0,2.0,1.0
4302,,,,2024-01-25 01:26:00,,,
4303,2024-01-19 12:15:00,2024-01-19 12:19:00,2024-01-19 12:21:00,2024-01-19 12:12:00,3.0,4.0,2.0
4304,2024-01-31 02:46:00,2024-01-31 02:50:00,2024-01-31 02:52:00,2024-01-31 02:45:00,1.0,4.0,2.0
4305,,,,2024-01-29 02:02:00,,,
4306,2024-01-23 14:46:00,2024-01-23 14:50:00,2024-01-23 14:53:00,2024-01-23 14:43:00,3.0,4.0,3.0
4307,,,,2024-01-30 03:37:00,,,
4308,2024-01-06 02:58:00,2024-01-06 03:00:00,2024-01-06 03:01:00,2024-01-06 02:56:00,2.0,2.0,1.0
4309,2024-01-22 04:32:00,2024-01-22 04:36:00,,2024-01-22 04:29:00,3.0,4.0,
4310,2024-01-06 06:57:00,2024-01-06 07:00:00,2024-01-06 07:04:00,2024-01-06 06:56:00,1.0,3.0,4.0
4311,2024-01-12 06:36:00,2024-01-12 06:37:00,,2024-01-12 06:32:00,4.0,1.0,
4312,,,,2024-01-24 17:15:00,,,
4313,,,,2024-01-04 05:54:00,,,
4314,2024-02-04 12:23:00,,,2024-02-04 12:21:00,2.0,,
4315,2024-01-17 20:21:00,2024-01-17 20:22:00,2024-01-17 20:24:00,2024-01-17 20:19:00,2.0,1.0,2.0
4316,,,,2024-01-24 21:40:00,,,
4317,2024-01-08 21:33:00,2024-01-08 21:34:00,2024-01-08 21:35:00,2024-01-08 21:30:00,3.0,1.0,1.0
4318,2024-01-13 21:07:00,2024-01-13 21:11:00,2024-01-13 21:14:00,2024-01-13 21:06:00,1.0,4.0,3.0
4319,2024-01-05 16:34:00,2024-01-05 16:36:00,2024-01-05 16:37:00,2024-01-05 16:31:00,3.0,2.0,1.0
4320,2024-01-03 05:01:00,,,2024-01-03 04:58:00,3.0,,
4321,2024-01-17 14:44:00,,,2024-01-17 14:43:00,1.0,,
4322,2024-02-02 08:15:00,2024-02-02 08:16:00,,2024-02-02 08:11:00,4.0,1.0,
4323,,,,2024-01-15 14:27:00,,,
4324,,,,2024-02-03 09:47:00,,,
4325,,,,2024-01-25 14:18:00,,,
4326,2024-01-16 07:33:00,2024-01-16 07:35:00,,2024-01-16 07:32:00,1.0,2.0,
4327,,,,2024-01-03 19:45:00,,,
4328,,,,2024-01-19 22:02:00,,,
4329,2024-01-27 06:29:00,2024-01-27 06:30:00,2024-01-27 06:34:00,2024-01-27 06:25:00,4.0,1.0,4.0
4330,2024-02-03 02:01:00,2024-02-03 02:02:00,2024-02-03 02:04:00,2024-02-03 02:00:00,1.0,1.0,2.0
4331,,,,2024-01-03 13:16:00,,,
4332,,,,2024-01-04 11:29:00,,,
4333,2024-01-01 13:23:00,,,2024-01-01 13:19:00,4.0,,
4334,2024-01-21 19:56:00,2024-01-21 19:57:00,,2024-01-21 19:53:00,3.0,1.0,
4335,,,,2024-01-30 14:30:00,,,
4336,2024-01-31 11:57:00,2024-01-31 11:58:00,2024-01-31 12:01:00,2024-01-31 11:53:00,4.0,1.0,3.0
4337,2024-01-29 05:12:00,2024-01-29 05:14:00,2024-01-29 05:16:00,2024-01-29 05:09:00,3.0,2.0,2.0
4338,,,,2024-01-04 22:44:00,,,
4339,2024-02-02 05:00:00,,,2024-02-02 04:59:00,1.0,,
4340,2024-01-10 18:08:00,2024-01-10 18:12:00,2024-01-10 18:16:00,2024-01-10 18:05:00,3.0,4.0,4.0
4341,,,,2024-01-26 16:41:00,,,
4342,2024-01-25 00:00:00,2024-01-25 00:01:00,2024-01-25 00:02:00,2024-01-24 23:57:00,3.0,1.0,1.0
4343,2024-01-12 17:19:00,2024-01-12 17:22:00,,2024-01-12 17:17:00,2.0,3.0,
4344,,,,2024-01-24 13:24:00,,,
4345,2024-01-24 05:59:00,2024-01-24 06:03:00,2024-01-24 06:07:00,2024-01-24 05:57:00,2.0,4.0,4.0
4346,2024-01-17 14:08:00,2024-01-17 14:09:00,,2024-01-17 14:06:00,2.0,1.0,
4347,,,,2024-01-22 07:05:00,,,
4348,,,,2024-01-11 03:19:00,,,
4349,2024-02-01 18:49:00,,,2024-02-01 18:46:00,3.0,,
4350,2024-01-19 02:47:00,,,2024-01-19 02:46:00,1.0,,
4351,,,,2024-01-09 08:34:00,,,
4352,,,,2024-01-06 07:26:00,,,
4353,2024-01-11 23:49:00,2024-01-11 23:51:00,2024-01-11 23:53:00,2024-01-11 23:47:00,2.0,2.0,2.0
4354,,,,2024-01-16 00:46:00,,,
4355,2024-02-03 05:23:00,2024-02-03 05:25:00,2024-02-03 05:29:00,2024-02-03 05:22:00,1.0,2.0,4.0
4356,2024-01-14 14:27:00,2024-01-14 14:29:00,,2024-01-14 14:26:00,1.0,2.0,
4357,2024-01-27 07:48:00,2024-01-27 07:49:00,2024-01-27 07:50:00,2024-01-27 07:45:00,3.0,1.0,1.0
4358,,,,2024-01-12 11:51:00,,,
4359,2024-01-03 08:49:00,2024-01-03 08:52:00,2024-01-03 08:56:00,2024-01-03 08:47:00,2.0,3.0,4.0
4360,2024-01-02 02:23:00,2024-01-02 02:24:00,2024-01-02 02:25:00,2024-01-02 02:21:00,2.0,1.0,1.0
4361,2024-01-16 09:06:00,2024-01-16 09:10:00,2024-01-16 09:11:00,2024-01-16 09:02:00,4.0,4.0,1.0
4362,2024-02-03 13:17:00,2024-02-03 13:21:00,,2024-02-03 13:14:00,3.0,4.0,
4363,2024-01-08 12:23:00,2024-01-08 12:27:00,2024-01-08 12:31:00,2024-01-08 12:19:00,4.0,4.0,4.0
4364,2024-02-04 13:55:00,2024-02-04 13:56:00,2024-02-04 13:57:00,2024-02-04 13:54:00,1.0,1.0,1.0
4365,2024-01-24 21:17:00,,,2024-01-24 21:16:00,1.0,,
4366,,,,2024-01-03 12:26:00,,,
4367,2024-01-03 10:45:00,,,2024-01-03 10:43:00,2.0,,
4368,,,,2024-01-21 15:13:00,,,
4369,,,,2024-01-04 21:38:00,,,
4370,,,,2024-01-21 00:33:00,,,
4371,2024-01-31 16:41:00,2024-01-31 16:44:00,2024-01-31 16:48:00,2024-01-31 16:39:00,2.0,3.0,4.0
4372,,,,2024-01-27 22:39:00,,,
4373,2024-01-06 14:53:00,,,2024-01-06 14:50:00,3.0,,
4374,2024-01-15 21:02:00,2024-01-15 21:04:00,,2024-01-15 21:01:00,1.0,2.0,
4375,,,,2024-01-16 09:08:00,,,
4376,2024-01-01 14:51:00,2024-01-01 14:55:00,2024-01-01 14:59:00,2024-01-01 14:50:00,1.0,4.0,4.0
4377,2024-01-19 03:00:00,2024-01-19 03:01:00,,2024-01-19 02:58:00,2.0,1.0,
4378,,,,2024-01-28 06:01:00,,,
4379,2024-01-02 05:57:00,2024-01-02 06:00:00,2024-01-02 06:03:00,2024-01-02 05:53:00,4.0,3.0,3.0
4380,2024-02-04 08:47:00,2024-02-04 08:49:00,2024-02-04 08:52:00,2024-02-04 08:44:00,3.0,2.0,3.0
4381,2024-01-01 00:18:00,,,2024-01-01 00:15:00,3.0,,
4382,,,,2024-01-19 07:14:00,,,
4383,,,,2024-01-29 21:09:00,,,
4384,2024-02-01 08:52:00,2024-02-01 08:54:00,2024-02-01 08:57:00,2024-02-01 08:50:00,2.0,2.0,3.0
4385,2024-02-01 01:55:00,,,2024-02-01 01:54:00,1.0,,
4386,,,,2024-01-02 08:24:00,,,
4387,2024-01-27 18:41:00,,,2024-01-27 18:38:00,3.0,,
4388,2024-01-21 13:24:00,2024-01-21 13:26:00,2024-01-21 13:27:00,2024-01-21 13:21:00,3.0,2.0,1.0
4389,2024-01-26 09:09:00,2024-01-26 09:10:00,2024-01-26 09:13:00,2024-01-26 09:05:00,4.0,1.0,3.0
4390,2024-01-11 02:17:00,2024-01-11 02:18:00,2024-01-11 02:19:00,2024-01-11 02:14:00,3.0,1.0,1.0
4391,2024-02-04 04:40:00,2024-02-04 04:42:00,2024-02-04 04:45:00,2024-02-04 04:38:00,2.0,2.0,3.0
4392,2024-02-01 14:44:00,,,2024-02-01 14:42:00,2.0,,
4393,2024-01-19 02:17:00,,,2024-01-19 02:16:00,1.0,,
4394,2024-01-20 02:18:00,2024-01-20 02:21:00,,2024-01-20 02:17:00,1.0,3.0,
4395,,,,2024-01-11 20:26:00,,,
4396,,,,2024-01-21 00:20:00,,,
4397,2024-01-21 23:11:00,2024-01-21 23:14:00,,2024-01-21 23:08:00,3.0,3.0,
4398,2024-01-20 16:16:00,,,2024-01-20 16:14:00,2.0,,
4399,,,,2024-01-13 07:12:00,,,
4400,,,,2024-01-14 22:35:00,,,
4401,,,,2024-01-19 21:05:00,,,
4402,,,,2024-01-08 13:08:00,,,
4403,2024-01-05 07:45:00,2024-01-05 07:46:00,2024-01-05 07:47:00,2024-01-05 07:44:00,1.0,1.0,1.0
4404,2024-01-15 00:19:00,,,2024-01-15 00:17:00,2.0,,
4405,,,,2024-01-27 03:35:00,,,
4406,,,,2024-01-29 16:36:00,,,
4407,2024-01-16 10:36:00,,,2024-01-16 10:35:00,1.0,,
4408,,,,2024-01-19 20:27:00,,,
4409,2024-01-30 19:44:00,,,2024-01-30 19:43:00,1.0,,
4410,2024-01-04 14:07:00,,,2024-01-04 14:06:00,1.0,,
4411,,,,2024-01-25 11:18:00,,,
4412,2024-01-07 09:24:00,2024-01-07 09:28:00,,2024-01-07 09:20:00,4.0,4.0,
4413,2024-01-24 17:19:00,2024-01-24 17:22:00,2024-01-24 17:25:00,2024-01-24 17:16:00,3.0,3.0,3.0
4414,2024-01-28 17:33:00,2024-01-28 17:37:00,,2024-01-28 17:29:00,4.0,4.0,
4415,,,,2024-01-26 14:23:00,,,
4416,2024-01-09 03:58:00,,,2024-01-09 03:54:00,4.0,,
4417,2024-01-17 03:20:00,2024-01-17 03:22:00,,2024-01-17 03:17:00,3.0,2.0,
4418,,,,2024-01-30 07:51:00,,,
4419,,,,2024-01-17 00:45:00,,,
4420,2024-01-11 12:02:00,2024-01-11 12:05:00,2024-01-11 12:08:00,2024-01-11 11:59:00,3.0,3.0,3.0
4421,2024-01-23 08:35:00,2024-01-23 08:37:00,2024-01-23 08:38:00,2024-01-23 08:34:00,1.0,2.0,1.0
4422,2024-01-06 15:39:00,2024-01-06 15:40:00,,2024-01-06 15:36:00,3.0,1.0,
4423,,,,2024-02-04 10:31:00,,,
4424,2024-01-29 15:39:00,2024-01-29 15:42:00,,2024-01-29 15:38:00,1.0,3.0,
4425,2024-01-11 11:10:00,2024-01-11 11:13:00,2024-01-11 11:14:00,2024-01-11 11:09:00,1.0,3.0,1.0
4426,,,,2024-01-16 01:44:00,,,
4427,,,,2024-01-21 22:21:00,,,
4428,2024-01-07 17:20:00,2024-01-07 17:24:00,2024-01-07 17:27:00,2024-01-07 17:19:00,1.0,4.0,3.0
4429,2024-01-16 12:57:00,2024-01-16 13:01:00,2024-01-16 13:05:00,2024-01-16 12:53:00,4.0,4.0,4.0
4430,,,,2024-01-30 11:11:00,,,
4431,2024-01-16 08:28:00,2024-01-16 08:29:00,2024-01-16 08:30:00,2024-01-16 08:24:00,4.0,1.0,1.0
4432,2024-01-16 10:24:00,2024-01-16 10:28:00,2024-01-16 10:32:00,2024-01-16 10:21:00,3.0,4.0,4.0
4433,,,,2024-01-29 00:02:00,,,
4434,2024-01-05 15:50:00,,,2024-01-05 15:48:00,2.0,,
4435,,,,2024-01-14 08:44:00,,,
4436,2024-01-12 10:14:00,2024-01-12 10:18:00,,2024-01-12 10:13:00,1.0,4.0,
4437,,,,2024-01-17 11:26:00,,,
4438,,,,2024-01-05 10:14:00,,,
4439,2024-01-16 02:01:00,,,2024-01-16 01:59:00,2.0,,
4440,2024-01-29 02:01:00,2024-01-29 02:05:00,2024-01-29 02:08:00,2024-01-29 01:58:00,3.0,4.0,3.0
4441,2024-01-04 04:56:00,,,2024-01-04 04:55:00,1.0,,
4442,2024-01-01 09:18:00,2024-01-01 09:21:00,,2024-01-01 09:14:00,4.0,3.0,
4443,2024-01-29 01:14:00,,,2024-01-29 01:13:00,1.0,,
4444,2024-01-14 02:27:00,2024-01-14 02:30:00,2024-01-14 02:31:00,2024-01-14 02:26:00,1.0,3.0,1.0
4445,,,,2024-01-18 07:46:00,,,
4446,2024-01-18 05:01:00,2024-01-18 05:03:00,2024-01-18 05:04:00,2024-01-18 04:58:00,3.0,2.0,1.0
4447,2024-01-13 14:51:00,,,2024-01-13 14:48:00,3.0,,
4448,2024-01-23 23:22:00,2024-01-23 23:23:00,2024-01-23 23:24:00,2024-01-23 23:20:00,2.0,1.0,1.0
4449,2024-01-13 02:26:00,2024-01-13 02:27:00,2024-01-13 02:29:00,2024-01-13 02:24:00,2.0,1.0,2.0
4450,2024-01-13 13:19:00,2024-01-13 13:23:00,,2024-01-13 13:15:00,4.0,4.0,
4451,,,,2024-01-20 15:36:00,,,
4452,,,,2024-01-19 05:01:00,,,
4453,,,,2024-01-08 16:58:00,,,
4454,,,,2024-01-08 12:07:00,,,
4455,,,,2024-01-24 16:40:00,,,
4456,2024-02-02 21:57:00,2024-02-02 22:00:00,2024-02-02 22:03:00,2024-02-02 21:53:00,4.0,3.0,3.0
4457,2024-02-01 20:17:00,2024-02-01 20:19:00,2024-02-01 20:21:00,2024-02-01 20:15:00,2.0,2.0,2.0
4458,2024-01-23 17:28:00,2024-01-23 17:32:00,2024-01-23 17:33:00,2024-01-23 17:27:00,1.0,4.0,1.0
4459,,,,2024-02-01 15:07:00,,,
4460,,,,2024-01-30 10:33:00,,,
4461,2024-01-14 19:57:00,2024-01-14 20:01:00,2024-01-14 20:04:00,2024-01-14 19:56:00,1.0,4.0,3.0
4462,2024-01-20 03:44:00,2024-01-20 03:46:00,2024-01-20 03:48:00,2024-01-20 03:43:00,1.0,2.0,2.0
4463,,,,2024-01-15 15:20:00,,,
4464,2024-01-02 15:55:00,2024-01-02 15:58:00,2024-01-02 15:59:00,2024-01-02 15:54:00,1.0,3.0,1.0
4465,2024-01-30 18:02:00,2024-01-30 18:04:00,,2024-01-30 18:01:00,1.0,2.0,
4466,2024-02-02 01:11:00,2024-02-02 01:12:00,2024-02-02 01:14:00,2024-02-02 01:09:00,2.0,1.0,2.0
4467,2024-01-02 03:16:00,2024-01-02 03:19:00,2024-01-02 03:21:00,2024-01-02 03:13:00,3.0,3.0,2.0
4468,2024-01-21 12:32:00,2024-01-21 12:33:00,2024-01-21 12:36:00,2024-01-21 12:30:00,2.0,1.0,3.0
4469,2024-01-30 01:16:00,2024-01-30 01:20:00,2024-01-30 01:24:00,2024-01-30 01:15:00,1.0,4.0,4.0
4470,,,,2024-01-01 08:51:00,,,
4471,,,,2024-01-20 09:11:00,,,
4472,2024-01-16 18:50:00,2024-01-16 18:54:00,,2024-01-16 18:49:00,1.0,4.0,
4473,,,,2024-01-14 20:40:00,,,
4474,,,,2024-01-16 14:37:00,,,
4475,,,,2024-01-27 06:27:00,,,
4476,2024-01-24 10:49:00,2024-01-24 10:53:00,2024-01-24 10:57:00,2024-01-24 10:47:00,2.0,4.0,4.0
4477,2024-01-21 14:41:00,2024-01-21 14:45:00,,2024-01-21 14:38:00,3.0,4.0,
4478,2024-01-25 22:23:00,2024-01-25 22:25:00,2024-01-25 22:28:00,2024-01-25 22:20:00,3.0,2.0,3.0
4479,,,,2024-02-03 12:25:00,,,
4480,2024-01-20 11:07:00,,,2024-01-20 11:04:00,3.0,,
4481,,,,2024-01-15 11:57:00,,,
4482,,,,2024-01-03 08:28:00,,,
4483,2024-01-27 11:11:00,,,2024-01-27 11:08:00,3.0,,
4484,,,,2024-02-04 02:21:00,,,
4485,2024-01-01 22:40:00,2024-01-01 22:41:00,2024-01-01 22:44:00,2024-01-01 22:39:00,1.0,1.0,3.0
4486,2024-01-04 08:05:00,,,2024-01-04 08:04:00,1.0,,
4487,2024-01-23 22:43:00,,,2024-01-23 22:40:00,3.0,,
4488,2024-02-02 14:13:00,2024-02-02 14:16:00,2024-02-02 14:19:00,2024-02-02 14:09:00,4.0,3.0,3.0
4489,2024-01-08 08:00:00,2024-01-08 08:04:00,2024-01-08 08:05:00,2024-01-08 07:59:00,1.0,4.0,1.0
4490,2024-01-09 18:18:00,,,2024-01-09 18:15:00,3.0,,
4491,,,,2024-01-27 21:37:00,,,
4492,2024-01-05 23:51:00,2024-01-05 23:53:00,2024-01-05 23:55:00,2024-01-05 23:48:00,3.0,2.0,2.0
4493,2024-01-18 21:56:00,2024-01-18 21:57:00,,2024-01-18 21:53:00,3.0,1.0,
4494,2024-01-20 09:05:00,2024-01-20 09:06:00,2024-01-20 09:08:00,2024-01-20 09:04:00,1.0,1.0,2.0
4495,2024-01-22 11:47:00,2024-01-22 11:50:00,2024-01-22 11:52:00,2024-01-22 11:44:00,3.0,3.0,2.0
4496,,,,2024-01-15 02:49:00,,,
4497,,,,2024-01-28 23:34:00,,,
4498,2024-02-01 09:57:00,2024-02-01 09:58:00,2024-02-01 09:59:00,2024-02-01 09:54:00,3.0,1.0,1.0
4499,,,,2024-01-20 10:27:00,,,
4500,,,,2024-01-18 08:33:00,,,
4501,2024-01-16 18:33:00,2024-01-16 18:34:00,2024-01-16 18:38:00,2024-01-16 18:30:00,3.0,1.0,4.0
4502,2024-01-10 23:26:00,2024-01-10 23:29:00,2024-01-10 23:30:00,2024-01-10 23:23:00,3.0,3.0,1.0
4503,2024-02-02 10:18:00,2024-02-02 10:22:00,2024-02-02 10:24:00,2024-02-02 10:16:00,2.0,4.0,2.0
4504,2024-01-30 10:09:00,,,2024-01-30 10:08:00,1.0,,
4505,,,,2024-01-07 05:25:00,,,
4506,2024-01-04 17:04:00,,,2024-01-04 17:02:00,2.0,,
4507,2024-02-01 00:24:00,2024-02-01 00:28:00,2024-02-01 00:30:00,2024-02-01 00:21:00,3.0,4.0,2.0
4508,,,,2024-01-05 03:10:00,,,
4509,,,,2024-01-06 11:24:00,,,
4510,,,,2024-01-07 05:00:00,,,
4511,,,,2024-01-17 19:12:00,,,
4512,2024-01-24 06:36:00,,,2024-01-24 06:33:00,3.0,,
4513,2024-01-05 10:25:00,2024-01-05 10:27:00,2024-01-05 10:29:00,2024-01-05 10:23:00,2.0,2.0,2.0
4514,,,,2024-01-29 11:49:00,,,
4515,,,,2024-01-11 08:57:00,,,
4516,,,,2024-01-11 00:40:00,,,
4517,,,,2024-01-31 10:44:00,,,
4518,2024-01-15 14:00:00,2024-01-15 14:01:00,2024-01-15 14:04:00,2024-01-15 13:58:00,2.0,1.0,3.0
4519,,,,2024-01-18 19:15:00,,,
4520,2024-01-15 15:10:00,2024-01-15 15:11:00,,2024-01-15 15:07:00,3.0,1.0,
4521,2024-01-03 19:44:00,2024-01-03 19:45:00,2024-01-03 19:47:00,2024-01-03 19:42:00,2.0,1.0,2.0
4522,2024-01-21 11:38:00,2024-01-21 11:39:00,,2024-01-21 11:36:00,2.0,1.0,
4523,2024-01-19 11:10:00,,,2024-01-19 11:08:00,2.0,,
4524,2024-01-25 12:28:00,2024-01-25 12:29:00,2024-01-25 12:30:00,2024-01-25 12:26:00,2.0,1.0,1.0
4525,2024-01-23 03:07:00,2024-01-23 03:10:00,,2024-01-23 03:05:00,2.0,3.0,
4526,,,,2024-02-03 23:18:00,,,
4527,,,,2024-01-22 01:11:00,,,
4528,,,,2024-01-25 19:11:00,,,
4529,2024-01-09 02:46:00,2024-01-09 02:50:00,2024-01-09 02:52:00,2024-01-09 02:45:00,1.0,4.0,2.0
4530,2024-01-07 18:30:00,2024-01-07 18:33:00,2024-01-07 18:34:00,2024-01-07 18:27:00,3.0,3.0,1.0
4531,,,,2024-01-23 23:51:00,,,
4532,,,,2024-01-31 14:54:00,,,
4533,2024-01-06 14:16:00,2024-01-06 14:20:00,2024-01-06 14:22:00,2024-01-06 14:12:00,4.0,4.0,2.0
4534,2024-01-10 01:14:00,2024-01-10 01:17:00,2024-01-10 01:18:00,2024-01-10 01:12:00,2.0,3.0,1.0
4535,,,,2024-01-31 00:57:00,,,
4536,,,,2024-01-06 18:56:00,,,
4537,,,,2024-01-06 10:05:00,,,
4538,,,,2024-01-15 07:40:00,,,
4539,,,,2024-01-17 03:13:00,,,
4540,,,,2024-01-16 16:42:00,,,
4541,,,,2024-01-08 17:01:00,,,
4542,2024-01-08 09:37:00,2024-01-08 09:41:00,2024-01-08 09:45:00,2024-01-08 09:34:00,3.0,4.0,4.0
4543,,,,2024-01-20 18:27:00,,,
4544,,,,2024-01-20 01:18:00,,,
4545,2024-01-25 04:51:00,2024-01-25 04:52:00,2024-01-25 04:55:00,2024-01-25 04:49:00,2.0,1.0,3.0
4546,2024-01-20 17:56:00,2024-01-20 17:59:00,,2024-01-20 17:54:00,2.0,3.0,
4547,2024-01-21 04:25:00,,,2024-01-21 04:22:00,3.0,,
4548,2024-01-01 01:06:00,2024-01-01 01:07:00,2024-01-01 01:10:00,2024-01-01 01:05:00,1.0,1.0,3.0
4549,2024-01-19 09:23:00,2024-01-19 09:25:00,,2024-01-19 09:19:00,4.0,2.0,
4550,,,,2024-01-28 11:30:00,,,
4551,,,,2024-01-18 14:42:00,,,
4552,2024-01-14 01:10:00,,,2024-01-14 01:07:00,3.0,,
4553,,,,2024-01-25 04:14:00,,,
4554,2024-01-19 02:31:00,2024-01-19 02:34:00,,2024-01-19 02:28:00,3.0,3.0,
4555,,,,2024-02-03 20:27:00,,,
4556,2024-01-27 19:55:00,2024-01-27 19:59:00,2024-01-27 20:02:00,2024-01-27 19:51:00,4.0,4.0,3.0
4557,,,,2024-01-20 14:24:00,,,
4558,2024-01-15 04:52:00,2024-01-15 04:56:00,2024-01-15 04:57:00,2024-01-15 04:49:00,3.0,4.0,1.0
4559,,,,2024-02-04 01:04:00,,,
4560,2024-01-25 05:01:00,,,2024-01-25 04:57:00,4.0,,
4561,2024-01-31 13:18:00,2024-01-31 13:20:00,,2024-01-31 13:16:00,2.0,2.0,
4562,2024-01-18 04:17:00,,,2024-01-18 04:16:00,1.0,,
4563,2024-01-24 03:21:00,,,2024-01-24 03:18:00,3.0,,
4564,,,,2024-01-13 05:38:00,,,
4565,2024-01-29 08:19:00,2024-01-29 08:21:00,2024-01-29 08:24:00,2024-01-29 08:16:00,3.0,2.0,3.0
4566,,,,2024-01-05 11:50:00,,,
4567,2024-01-19 08:45:00,2024-01-19 08:47:00,2024-01-19 08:49:00,2024-01-19 08:44:00,1.0,2.0,2.0
4568,,,,2024-01-25 18:12:00,,,
4569,2024-02-01 11:12:00,2024-02-01 11:15:00,,2024-02-01 11:10:00,2.0,3.0,
4570,2024-01-12 05:48:00,2024-01-12 05:52:00,,2024-01-12 05:47:00,1.0,4.0,
4571,,,,2024-02-01 14:04:00,,,
4572,,,,2024-01-07 17:41:00,,,
4573,2024-01-14 18:34:00,,,2024-01-14 18:32:00,2.0,,
4574,2024-01-29 05:22:00,,,2024-01-29 05:21:00,1.0,,
4575,2024-01-13 12:57:00,,,2024-01-13 12:55:00,2.0,,
4576,2024-01-01 02:00:00,2024-01-01 02:02:00,2024-01-01 02:06:00,2024-01-01 01:56:00,4.0,2.0,4.0
4577,,,,2024-01-15 11:08:00,,,
4578,,,,2024-01-18 17:45:00,,,
4579,,,,2024-01-12 22:04:00,,,
4580,,,,2024-01-29 18:53:00,,,
4581,,,,2024-01-24 02:04:00,,,
4582,2024-01-11 13:34:00,2024-01-11 13:38:00,2024-01-11 13:42:00,2024-01-11 13:32:00,2.0,4.0,4.0
4583,,,,2024-01-29 08:54:00,,,
4584,2024-01-11 21:44:00,,,2024-01-11 21:40:00,4.0,,
4585,,,,2024-01-05 17:18:00,,,
4586,,,,2024-01-04 07:41:00,,,
4587,,,,2024-01-11 10:05:00,,,
4588,2024-01-29 00:34:00,2024-01-29 00:35:00,2024-01-29 00:38:00,2024-01-29 00:33:00,1.0,1.0,3.0
4589,,,,2024-01-24 20:36:00,,,
4590,2024-01-18 13:25:00,2024-01-18 13:26:00,2024-01-18 13:28:00,2024-01-18 13:21:00,4.0,1.0,2.0
4591,,,,2024-01-08 00:52:00,,,
4592,,,,2024-01-08 00:07:00,,,
4593,,,,2024-01-02 01:54:00,,,
4594,2024-01-02 12:45:00,2024-01-02 12:49:00,2024-01-02 12:51:00,2024-01-02 12:44:00,1.0,4.0,2.0
4595,2024-02-01 12:44:00,2024-02-01 12:47:00,2024-02-01 12:49:00,2024-02-01 12:43:00,1.0,3.0,2.0
4596,2024-01-07 18:43:00,2024-01-07 18:47:00,2024-01-07 18:48:00,2024-01-07 18:42:00,1.0,4.0,1.0
4597,,,,2024-02-01 19:42:00,,,
4598,,,,2024-01-02 07:54:00,,,
4599,2024-01-25 13:33:00,,,2024-01-25 13:29:00,4.0,,
4600,2024-01-23 07:58:00,2024-01-23 08:02:00,,2024-01-23 07:54:00,4.0,4.0,
4601,2024-01-06 05:19:00,2024-01-06 05:20:00,2024-01-06 05:21:00,2024-01-06 05:16:00,3.0,1.0,1.0
4602,2024-01-23 17:10:00,2024-01-23 17:14:00,,2024-01-23 17:07:00,3.0,4.0,
4603,,,,2024-02-03 15:17:00,,,
4604,2024-01-07 06:49:00,2024-01-07 06:52:00,2024-01-07 06:53:00,2024-01-07 06:45:00,4.0,3.0,1.0
4605,,,,2024-02-02 13:06:00,,,
4606,,,,2024-02-04 14:53:00,,,
4607,2024-01-07 08:26:00,2024-01-07 08:29:00,2024-01-07 08:30:00,2024-01-07 08:22:00,4.0,3.0,1.0
4608,2024-01-20 03:29:00,2024-01-20 03:33:00,2024-01-20 03:36:00,2024-01-20 03:27:00,2.0,4.0,3.0
4609,2024-01-30 22:11:00,2024-01-30 22:15:00,2024-01-30 22:18:00,2024-01-30 22:08:00,3.0,4.0,3.0
4610,,,,2024-01-30 12:08:00,,,
4611,2024-01-14 17:41:00,,,2024-01-14 17:37:00,4.0,,
4612,,,,2024-01-17 02:11:00,,,
4613,,,,2024-01-14 23:04:00,,,
4614,2024-01-09 14:54:00,2024-01-09 14:57:00,2024-01-09 15:01:00,2024-01-09 14:51:00,3.0,3.0,4.0
4615,2024-01-30 22:19:00,,,2024-01-30 22:15:00,4.0,,
4616,2024-01-23 02:59:00,2024-01-23 03:02:00,2024-01-23 03:03:00,2024-01-23 02:58:00,1.0,3.0,1.0
4617,2024-01-28 13:10:00,2024-01-28 13:13:00,2024-01-28 13:16:00,2024-01-28 13:09:00,1.0,3.0,3.0
4618,,,,2024-01-28 14:59:00,,,
4619,2024-02-01 10:55:00,2024-02-01 10:58:00,2024-02-01 10:59:00,2024-02-01 10:52:00,3.0,3.0,1.0
4620,2024-02-02 19:21:00,2024-02-02 19:22:00,,2024-02-02 19:19:00,2.0,1.0,
4621,,,,2024-01-31 21:30:00,,,
4622,2024-01-14 04:30:00,2024-01-14 04:31:00,,2024-01-14 04:28:00,2.0,1.0,
4623,2024-01-18 09:31:00,,,2024-01-18 09:29:00,2.0,,
4624,2024-01-17 06:51:00,2024-01-17 06:55:00,2024-01-17 06:56:00,2024-01-17 06:48:00,3.0,4.0,1.0
4625,2024-01-12 01:57:00,2024-01-12 01:58:00,2024-01-12 02:00:00,2024-01-12 01:53:00,4.0,1.0,2.0
4626,,,,2024-01-16 05:25:00,,,
4627,2024-01-22 13:48:00,2024-01-22 13:52:00,2024-01-22 13:55:00,2024-01-22 13:45:00,3.0,4.0,3.0
4628,2024-01-21 15:52:00,2024-01-21 15:53:00,2024-01-21 15:55:00,2024-01-21 15:48:00,4.0,1.0,2.0
4629,,,,2024-01-26 13:34:00,,,
4630,,,,2024-01-22 04:38:00,,,
4631,,,,2024-01-25 17:17:00,,,
4632,,,,2024-01-07 08:56:00,,,
4633,,,,2024-01-06 16:36:00,,,
4634,2024-01-25 09:46:00,2024-01-25 09:48:00,2024-01-25 09:51:00,2024-01-25 09:43:00,3.0,2.0,3.0
4635,,,,2024-01-31 13:24:00,,,
4636,2024-01-18 01:25:00,2024-01-18 01:28:00,,2024-01-18 01:24:00,1.0,3.0,
4637,2024-01-06 14:49:00,2024-01-06 14:50:00,2024-01-06 14:53:00,2024-01-06 14:48:00,1.0,1.0,3.0
4638,,,,2024-01-22 09:53:00,,,
4639,2024-01-17 16:13:00,2024-01-17 16:16:00,2024-01-17 16:18:00,2024-01-17 16:10:00,3.0,3.0,2.0
4640,2024-01-10 01:01:00,2024-01-10 01:04:00,2024-01-10 01:06:00,2024-01-10 01:00:00,1.0,3.0,2.0
4641,,,,2024-01-16 15:03:00,,,
4642,,,,2024-01-05 08:12:00,,,
4643,,,,2024-01-02 08:11:00,,,
4644,2024-01-25 05:22:00,2024-01-25 05:26:00,2024-01-25 05:30:00,2024-01-25 05:18:00,4.0,4.0,4.0
4645,2024-01-19 09:49:00,2024-01-19 09:50:00,2024-01-19 09:53:00,2024-01-19 09:48:00,1.0,1.0,3.0
4646,2024-01-23 07:50:00,2024-01-23 07:54:00,2024-01-23 07:58:00,2024-01-23 07:49:00,1.0,4.0,4.0
4647,2024-01-08 22:39:00,2024-01-08 22:41:00,2024-01-08 22:42:00,2024-01-08 22:38:00,1.0,2.0,1.0
4648,2024-01-27 17:17:00,2024-01-27 17:18:00,2024-01-27 17:20:00,2024-01-27 17:15:00,2.0,1.0,2.0
4649,2024-01-08 10:24:00,2024-01-08 10:28:00,2024-01-08 10:32:00,2024-01-08 10:22:00,2.0,4.0,4.0
4650,2024-01-29 18:22:00,,,2024-01-29 18:18:00,4.0,,
4651,2024-02-03 12:17:00,2024-02-03 12:20:00,2024-02-03 12:23:00,2024-02-03 12:15:00,2.0,3.0,3.0
4652,2024-01-21 23:10:00,2024-01-21 23:13:00,2024-01-21 23:17:00,2024-01-21 23:06:00,4.0,3.0,4.0
4653,,,,2024-01-29 06:38:00,,,
4654,,,,2024-01-25 18:30:00,,,
4655,,,,2024-01-24 06:39:00,,,
4656,2024-01-05 12:05:00,,,2024-01-05 12:04:00,1.0,,
4657,2024-01-21 13:41:00,2024-01-21 13:43:00,2024-01-21 13:45:00,2024-01-21 13:39:00,2.0,2.0,2.0
4658,2024-01-22 01:53:00,2024-01-22 01:57:00,2024-01-22 02:00:00,2024-01-22 01:49:00,4.0,4.0,3.0
4659,,,,2024-01-23 06:30:00,,,
4660,2024-01-12 03:05:00,2024-01-12 03:08:00,2024-01-12 03:09:00,2024-01-12 03:04:00,1.0,3.0,1.0
4661,,,,2024-02-01 17:09:00,,,
4662,2024-01-18 05:11:00,2024-01-18 05:13:00,2024-01-18 05:16:00,2024-01-18 05:10:00,1.0,2.0,3.0
4663,,,,2024-01-19 20:31:00,,,
4664,2024-01-08 03:20:00,2024-01-08 03:21:00,2024-01-08 03:23:00,2024-01-08 03:18:00,2.0,1.0,2.0
4665,2024-01-02 01:15:00,2024-01-02 01:16:00,,2024-01-02 01:14:00,1.0,1.0,
4666,2024-01-13 02:44:00,2024-01-13 02:48:00,,2024-01-13 02:40:00,4.0,4.0,
4667,,,,2024-01-03 09:39:00,,,
4668,,,,2024-01-19 17:31:00,,,
4669,,,,2024-01-17 07:47:00,,,
4670,2024-01-14 17:30:00,,,2024-01-14 17:27:00,3.0,,
4671,2024-01-18 11:39:00,2024-01-18 11:42:00,2024-01-18 11:46:00,2024-01-18 11:37:00,2.0,3.0,4.0
4672,2024-01-27 19:23:00,,,2024-01-27 19:20:00,3.0,,
4673,2024-01-04 18:22:00,2024-01-04 18:24:00,2024-01-04 18:26:00,2024-01-04 18:18:00,4.0,2.0,2.0
4674,,,,2024-01-10 03:32:00,,,
4675,2024-01-04 16:39:00,2024-01-04 16:42:00,2024-01-04 16:44:00,2024-01-04 16:38:00,1.0,3.0,2.0
4676,2024-01-30 20:41:00,2024-01-30 20:42:00,,2024-01-30 20:37:00,4.0,1.0,
4677,2024-02-01 05:42:00,2024-02-01 05:45:00,2024-02-01 05:49:00,2024-02-01 05:40:00,2.0,3.0,4.0
4678,2024-02-04 02:41:00,2024-02-04 02:44:00,2024-02-04 02:47:00,2024-02-04 02:40:00,1.0,3.0,3.0
4679,,,,2024-01-22 12:31:00,,,
4680,2024-01-24 16:15:00,,,2024-01-24 16:14:00,1.0,,
4681,,,,2024-01-11 08:54:00,,,
4682,2024-01-16 16:43:00,2024-01-16 16:45:00,2024-01-16 16:46:00,2024-01-16 16:42:00,1.0,2.0,1.0
4683,2024-02-02 21:50:00,2024-02-02 21:53:00,,2024-02-02 21:46:00,4.0,3.0,
4684,,,,2024-02-02 22:17:00,,,
4685,2024-01-24 23:53:00,2024-01-24 23:55:00,2024-01-24 23:56:00,2024-01-24 23:51:00,2.0,2.0,1.0
4686,2024-01-25 20:46:00,2024-01-25 20:47:00,2024-01-25 20:50:00,2024-01-25 20:44:00,2.0,1.0,3.0
4687,2024-01-19 06:21:00,,,2024-01-19 06:20:00,1.0,,
4688,2024-01-18 03:28:00,2024-01-18 03:32:00,,2024-01-18 03:25:00,3.0,4.0,
4689,,,,2024-01-13 10:08:00,,,
4690,,,,2024-01-03 17:04:00,,,
4691,2024-01-01 06:51:00,2024-01-01 06:55:00,2024-01-01 06:57:00,2024-01-01 06:47:00,4.0,4.0,2.0
4692,2024-01-08 17:54:00,2024-01-08 17:57:00,2024-01-08 17:58:00,2024-01-08 17:50:00,4.0,3.0,1.0
4693,2024-01-13 22:35:00,2024-01-13 22:36:00,2024-01-13 22:38:00,2024-01-13 22:31:00,4.0,1.0,2.0
4694,,,,2024-01-08 14:24:00,,,
4695,2024-02-04 09:17:00,2024-02-04 09:20:00,,2024-02-04 09:15:00,2.0,3.0,
4696,2024-01-13 21:34:00,,,2024-01-13 21:33:00,1.0,,
4697,2024-01-28 10:00:00,2024-01-28 10:02:00,2024-01-28 10:04:00,2024-01-28 09:57:00,3.0,2.0,2.0
4698,,,,2024-01-11 07:14:00,,,
4699,2024-01-22 16:21:00,,,2024-01-22 16:17:00,4.0,,
4700,2024-01-19 07:33:00,2024-01-19 07:37:00,2024-01-19 07:38:00,2024-01-19 07:30:00,3.0,4.0,1.0
4701,2024-01-23 20:55:00,,,2024-01-23 20:53:00,2.0,,
4702,,,,2024-01-25 10:23:00,,,
4703,2024-01-01 05:28:00,2024-01-01 05:30:00,2024-01-01 05:31:00,2024-01-01 05:27:00,1.0,2.0,1.0
4704,,,,2024-01-25 08:59:00,,,
4705,2024-01-01 20:15:00,,,2024-01-01 20:11:00,4.0,,
4706,2024-02-04 04:26:00,2024-02-04 04:30:00,2024-02-04 04:32:00,2024-02-04 04:25:00,1.0,4.0,2.0
4707,2024-01-15 17:56:00,,,2024-01-15 17:54:00,2.0,,
4708,,,,2024-01-25 12:03:00,,,
4709,2024-02-02 18:34:00,2024-02-02 18:38:00,2024-02-02 18:39:00,2024-02-02 18:32:00,2.0,4.0,1.0
4710,2024-01-23 14:38:00,2024-01-23 14:42:00,,2024-01-23 14:35:00,3.0,4.0,
4711,2024-01-22 06:38:00,,,2024-01-22 06:37:00,1.0,,
4712,,,,2024-02-03 18:41:00,,,
4713,,,,2024-01-05 01:39:00,,,
4714,2024-01-11 01:41:00,2024-01-11 01:45:00,,2024-01-11 01:40:00,1.0,4.0,
4715,2024-02-03 19:11:00,,,2024-02-03 19:09:00,2.0,,
4716,2024-01-22 11:46:00,2024-01-22 11:50:00,2024-01-22 11:52:00,2024-01-22 11:45:00,1.0,4.0,2.0
4717,2024-01-25 15:34:00,2024-01-25 15:38:00,2024-01-25 15:39:00,2024-01-25 15:30:00,4.0,4.0,1.0
4718,2024-01-08 08:36:00,2024-01-08 08:40:00,2024-01-08 08:44:00,2024-01-08 08:32:00,4.0,4.0,4.0
4719,2024-02-02 17:30:00,2024-02-02 17:32:00,2024-02-02 17:34:00,2024-02-02 17:27:00,3.0,2.0,2.0
4720,2024-01-13 08:41:00,,,2024-01-13 08:38:00,3.0,,
4721,2024-01-21 22:27:00,2024-01-21 22:30:00,2024-01-21 22:32:00,2024-01-21 22:26:00,1.0,3.0,2.0
4722,2024-01-29 02:18:00,2024-01-29 02:22:00,2024-01-29 02:26:00,2024-01-29 02:15:00,3.0,4.0,4.0
4723,,,,2024-01-08 01:23:00,,,
4724,,,,2024-01-24 15:06:00,,,
4725,,,,2024-01-20 08:53:00,,,
4726,2024-01-22 02:48:00,2024-01-22 02:49:00,2024-01-22 02:53:00,2024-01-22 02:46:00,2.0,1.0,4.0
4727,2024-01-28 19:46:00,2024-01-28 19:47:00,2024-01-28 19:51:00,2024-01-28 19:43:00,3.0,1.0,4.0
4728,2024-01-05 22:11:00,2024-01-05 22:15:00,2024-01-05 22:19:00,2024-01-05 22:09:00,2.0,4.0,4.0
4729,2024-01-23 23:43:00,,,2024-01-23 23:39:00,4.0,,
4730,,,,2024-01-18 14:48:00,,,
4731,2024-01-20 11:47:00,,,2024-01-20 11:44:00,3.0,,
4732,2024-01-25 20:47:00,2024-01-25 20:48:00,2024-01-25 20:52:00,2024-01-25 20:43:00,4.0,1.0,4.0
4733,2024-01-28 13:22:00,2024-01-28 13:23:00,2024-01-28 13:27:00,2024-01-28 13:19:00,3.0,1.0,4.0
4734,,,,2024-01-29 15:31:00,,,
4735,2024-02-02 01:49:00,2024-02-02 01:50:00,2024-02-02 01:51:00,2024-02-02 01:47:00,2.0,1.0,1.0
4736,2024-01-17 01:16:00,2024-01-17 01:20:00,2024-01-17 01:23:00,2024-01-17 01:13:00,3.0,4.0,3.0
4737,,,,2024-01-21 02:05:00,,,
4738,2024-01-12 18:33:00,2024-01-12 18:34:00,,2024-01-12 18:32:00,1.0,1.0,
4739,2024-01-03 23:17:00,2024-01-03 23:19:00,2024-01-03 23:23:00,2024-01-03 23:13:00,4.0,2.0,4.0
4740,2024-01-02 14:13:00,,,2024-01-02 14:09:00,4.0,,
4741,2024-01-17 23:38:00,2024-01-17 23:39:00,2024-01-17 23:41:00,2024-01-17 23:37:00,1.0,1.0,2.0
4742,2024-01-26 20:34:00,2024-01-26 20:36:00,2024-01-26 20:38:00,2024-01-26 20:33:00,1.0,2.0,2.0
4743,,,,2024-01-30 11:07:00,,,
4744,,,,2024-01-21 03:53:00,,,
4745,2024-01-29 12:53:00,,,2024-01-29 12:50:00,3.0,,
4746,,,,2024-01-01 16:32:00,,,
4747,2024-01-13 16:02:00,,,2024-01-13 16:00:00,2.0,,
4748,,,,2024-01-15 22:31:00,,,
4749,2024-02-04 11:47:00,,,2024-02-04 11:45:00,2.0,,
4750,,,,2024-02-01 08:21:00,,,
4751,,,,2024-01-07 22:40:00,,,
4752,,,,2024-01-29 07:48:00,,,
4753,2024-01-21 05:03:00,2024-01-21 05:04:00,,2024-01-21 05:02:00,1.0,1.0,
4754,,,,2024-01-30 04:37:00,,,
4755,,,,2024-01-13 18:12:00,,,
4756,,,,2024-01-06 02:04:00,,,
4757,,,,2024-01-21 06:25:00,,,
4758,,,,2024-01-08 03:16:00,,,
4759,,,,2024-01-19 08:22:00,,,
4760,2024-01-23 07:23:00,2024-01-23 07:26:00,2024-01-23 07:30:00,2024-01-23 07:20:00,3.0,3.0,4.0
4761,2024-01-09 09:02:00,,,2024-01-09 09:01:00,1.0,,
4762,2024-01-07 20:03:00,2024-01-07 20:06:00,,2024-01-07 20:00:00,3.0,3.0,
4763,,,,2024-01-30 14:33:00,,,
4764,2024-01-18 03:30:00,2024-01-18 03:33:00,,2024-01-18 03:29:00,1.0,3.0,
4765,2024-01-27 01:06:00,2024-01-27 01:09:00,2024-01-27 01:10:00,2024-01-27 01:02:00,4.0,3.0,1.0
4766,,,,2024-01-31 00:47:00,,,
4767,,,,2024-02-03 13:41:00,,,
4768,2024-01-19 04:17:00,2024-01-19 04:18:00,2024-01-19 04:22:00,2024-01-19 04:14:00,3.0,1.0,4.0
4769,2024-01-07 05:43:00,2024-01-07 05:46:00,2024-01-07 05:47:00,2024-01-07 05:40:00,3.0,3.0,1.0
4770,2024-01-26 05:13:00,2024-01-26 05:15:00,2024-01-26 05:17:00,2024-01-26 05:10:00,3.0,2.0,2.0
4771,,,,2024-01-20 05:14:00,,,
4772,,,,2024-01-08 20:57:00,,,
4773,2024-01-22 20:37:00,2024-01-22 20:40:00,,2024-01-22 20:36:00,1.0,3.0,
4774,2024-02-04 14:54:00,2024-02-04 14:56:00,,2024-02-04 14:51:00,3.0,2.0,
4775,,,,2024-02-04 04:58:00,,,
4776,,,,2024-01-26 15:20:00,,,
4777,,,,2024-01-05 18:53:00,,,
4778,,,,2024-01-29 22:43:00,,,
4779,2024-01-27 13:25:00,2024-01-27 13:26:00,2024-01-27 13:27:00,2024-01-27 13:21:00,4.0,1.0,1.0
4780,,,,2024-01-24 21:40:00,,,
4781,2024-01-14 05:33:00,,,2024-01-14 05:29:00,4.0,,
4782,,,,2024-01-15 02:33:00,,,
4783,2024-01-11 04:27:00,2024-01-11 04:31:00,2024-01-11 04:34:00,2024-01-11 04:24:00,3.0,4.0,3.0
4784,2024-01-15 22:15:00,2024-01-15 22:18:00,2024-01-15 22:19:00,2024-01-15 22:12:00,3.0,3.0,1.0
4785,,,,2024-01-17 15:16:00,,,
4786,2024-02-04 12:31:00,2024-02-04 12:32:00,2024-02-04 12:36:00,2024-02-04 12:28:00,3.0,1.0,4.0
4787,2024-01-03 23:59:00,,,2024-01-03 23:56:00,3.0,,
4788,2024-01-26 04:06:00,2024-01-26 04:07:00,2024-01-26 04:08:00,2024-01-26 04:04:00,2.0,1.0,1.0
4789,,,,2024-01-20 09:40:00,,,
4790,,,,2024-01-14 02:21:00,,,
4791,2024-01-25 17:35:00,,,2024-01-25 17:32:00,3.0,,
4792,2024-01-19 01:13:00,2024-01-19 01:16:00,2024-01-19 01:20:00,2024-01-19 01:10:00,3.0,3.0,4.0
4793,2024-01-26 12:24:00,2024-01-26 12:27:00,2024-01-26 12:31:00,2024-01-26 12:23:00,1.0,3.0,4.0
4794,,,,2024-01-26 02:10:00,,,
4795,,,,2024-01-25 20:34:00,,,
4796,,,,2024-01-08 23:39:00,,,
4797,2024-01-29 22:10:00,2024-01-29 22:11:00,2024-01-29 22:13:00,2024-01-29 22:06:00,4.0,1.0,2.0
4798,2024-01-06 11:48:00,2024-01-06 11:50:00,2024-01-06 11:53:00,2024-01-06 11:44:00,4.0,2.0,3.0
4799,,,,2024-01-28 23:29:00,,,
4800,2024-01-21 18:28:00,2024-01-21 18:29:00,2024-01-21 18:30:00,2024-01-21 18:27:00,1.0,1.0,1.0
4801,,,,2024-01-07 14:21:00,,,
4802,2024-01-11 19:49:00,2024-01-11 19:52:00,,2024-01-11 19:47:00,2.0,3.0,
4803,,,,2024-01-20 21:36:00,,,
4804,2024-01-16 20:46:00,,,2024-01-16 20:43:00,3.0,,
4805,2024-01-31 05:28:00,2024-01-31 05:30:00,2024-01-31 05:31:00,2024-01-31 05:27:00,1.0,2.0,1.0
4806,,,,2024-01-12 09:56:00,,,
4807,2024-02-03 01:18:00,2024-02-03 01:20:00,2024-02-03 01:23:00,2024-02-03 01:15:00,3.0,2.0,3.0
4808,2024-01-26 07:29:00,2024-01-26 07:30:00,2024-01-26 07:33:00,2024-01-26 07:25:00,4.0,1.0,3.0
4809,,,,2024-01-17 09:44:00,,,
4810,2024-01-01 01:12:00,,,2024-01-01 01:08:00,4.0,,
4811,,,,2024-01-13 05:35:00,,,
4812,2024-01-09 01:13:00,,,2024-01-09 01:09:00,4.0,,
4813,2024-02-03 23:20:00,2024-02-03 23:22:00,2024-02-03 23:24:00,2024-02-03 23:17:00,3.0,2.0,2.0
4814,2024-01-15 15:19:00,2024-01-15 15:23:00,2024-01-15 15:25:00,2024-01-15 15:18:00,1.0,4.0,2.0
4815,2024-01-30 09:09:00,2024-01-30 09:11:00,2024-01-30 09:12:00,2024-01-30 09:08:00,1.0,2.0,1.0
4816,2024-01-06 19:54:00,2024-01-06 19:57:00,2024-01-06 20:01:00,2024-01-06 19:53:00,1.0,3.0,4.0
4817,2024-02-04 06:34:00,2024-02-04 06:36:00,2024-02-04 06:39:00,2024-02-04 06:33:00,1.0,2.0,3.0
4818,2024-01-14 04:41:00,,,2024-01-14 04:38:00,3.0,,
4819,2024-01-31 18:38:00,,,2024-01-31 18:34:00,4.0,,
4820,2024-01-03 22:51:00,,,2024-01-03 22:49:00,2.0,,
4821,2024-01-29 12:17:00,2024-01-29 12:21:00,2024-01-29 12:24:00,2024-01-29 12:14:00,3.0,4.0,3.0
4822,2024-01-22 23:58:00,2024-01-22 23:59:00,2024-01-23 00:00:00,2024-01-22 23:55:00,3.0,1.0,1.0
4823,2024-01-06 19:03:00,2024-01-06 19:07:00,2024-01-06 19:08:00,2024-01-06 19:00:00,3.0,4.0,1.0
4824,2024-01-14 00:10:00,2024-01-14 00:11:00,2024-01-14 00:12:00,2024-01-14 00:09:00,1.0,1.0,1.0
4825,2024-01-30 21:23:00,2024-01-30 21:26:00,2024-01-30 21:29:00,2024-01-30 21:22:00,1.0,3.0,3.0
4826,2024-01-29 18:24:00,2024-01-29 18:28:00,,2024-01-29 18:23:00,1.0,4.0,
4827,2024-01-12 17:37:00,2024-01-12 17:39:00,2024-01-12 17:41:00,2024-01-12 17:36:00,1.0,2.0,2.0
4828,,,,2024-01-31 10:15:00,,,
4829,2024-01-13 14:06:00,2024-01-13 14:10:00,2024-01-13 14:11:00,2024-01-13 14:03:00,3.0,4.0,1.0
4830,2024-01-24 15:46:00,2024-01-24 15:49:00,2024-01-24 15:50:00,2024-01-24 15:43:00,3.0,3.0,1.0
4831,2024-01-03 16:24:00,2024-01-03 16:28:00,2024-01-03 16:32:00,2024-01-03 16:22:00,2.0,4.0,4.0
4832,2024-01-30 09:19:00,2024-01-30 09:22:00,2024-01-30 09:25:00,2024-01-30 09:18:00,1.0,3.0,3.0
4833,2024-01-01 16:34:00,,,2024-01-01 16:31:00,3.0,,
4834,,,,2024-01-14 02:47:00,,,
4835,,,,2024-01-14 16:05:00,,,
4836,,,,2024-01-25 12:31:00,,,
4837,2024-01-13 22:58:00,,,2024-01-13 22:55:00,3.0,,
4838,,,,2024-01-09 03:52:00,,,
4839,,,,2024-01-09 21:48:00,,,
4840,,,,2024-01-28 03:41:00,,,
4841,2024-01-15 17:15:00,2024-01-15 17:18:00,,2024-01-15 17:11:00,4.0,3.0,
4842,2024-01-26 00:52:00,,,2024-01-26 00:48:00,4.0,,
4843,2024-01-09 20:17:00,2024-01-09 20:19:00,2024-01-09 20:23:00,2024-01-09 20:15:00,2.0,2.0,4.0
4844,,,,2024-01-04 02:19:00,,,
4845,2024-01-27 00:39:00,2024-01-27 00:43:00,2024-01-27 00:47:00,2024-01-27 00:38:00,1.0,4.0,4.0
4846,2024-01-31 20:48:00,2024-01-31 20:50:00,2024-01-31 20:51:00,2024-01-31 20:46:00,2.0,2.0,1.0
4847,2024-01-30 02:28:00,2024-01-30 02:31:00,2024-01-30 02:34:00,2024-01-30 02:27:00,1.0,3.0,3.0
4848,2024-02-02 01:03:00,,,2024-02-02 01:00:00,3.0,,
4849,2024-01-21 02:55:00,2024-01-21 02:58:00,2024-01-21 03:02:00,2024-01-21 02:53:00,2.0,3.0,4.0
4850,,,,2024-01-14 18:05:00,,,
4851,2024-01-02 08:24:00,2024-01-02 08:28:00,2024-01-02 08:31:00,2024-01-02 08:22:00,2.0,4.0,3.0
4852,,,,2024-02-02 01:24:00,,,
4853,2024-02-02 01:55:00,2024-02-02 01:56:00,2024-02-02 01:57:00,2024-02-02 01:54:00,1.0,1.0,1.0
4854,,,,2024-01-31 19:29:00,,,
4855,2024-01-13 12:24:00,2024-01-13 12:28:00,2024-01-13 12:30:00,2024-01-13 12:22:00,2.0,4.0,2.0
4856,2024-01-08 04:29:00,,,2024-01-08 04:26:00,3.0,,
4857,2024-01-26 20:04:00,,,2024-01-26 20:00:00,4.0,,
4858,2024-01-20 19:02:00,2024-01-20 19:05:00,2024-01-20 19:06:00,2024-01-20 19:00:00,2.0,3.0,1.0
4859,2024-01-12 17:51:00,2024-01-12 17:54:00,2024-01-12 17:56:00,2024-01-12 17:50:00,1.0,3.0,2.0
4860,2024-02-02 16:33:00,2024-02-02 16:37:00,2024-02-02 16:39:00,2024-02-02 16:31:00,2.0,4.0,2.0
4861,2024-02-03 12:53:00,2024-02-03 12:56:00,2024-02-03 12:59:00,2024-02-03 12:51:00,2.0,3.0,3.0
4862,2024-02-01 15:53:00,,,2024-02-01 15:52:00,1.0,,
4863,,,,2024-01-22 08:24:00,,,
4864,2024-02-01 19:19:00,2024-02-01 19:20:00,2024-02-01 19:21:00,2024-02-01 19:17:00,2.0,1.0,1.0
4865,,,,2024-01-18 04:07:00,,,
4866,,,,2024-01-12 00:04:00,,,
4867,2024-01-27 09:43:00,2024-01-27 09:45:00,2024-01-27 09:47:00,2024-01-27 09:40:00,3.0,2.0,2.0
4868,,,,2024-01-08 04:08:00,,,
4869,2024-01-28 10:38:00,2024-01-28 10:42:00,2024-01-28 10:45:00,2024-01-28 10:37:00,1.0,4.0,3.0
4870,,,,2024-01-02 13:24:00,,,
4871,2024-01-08 00:57:00,2024-01-08 01:00:00,,2024-01-08 00:53:00,4.0,3.0,
4872,,,,2024-01-03 18:27:00,,,
4873,2024-01-21 16:17:00,,,2024-01-21 16:13:00,4.0,,
4874,2024-02-03 10:24:00,,,2024-02-03 10:20:00,4.0,,
4875,2024-01-03 13:27:00,,,2024-01-03 13:25:00,2.0,,
4876,,,,2024-01-23 11:04:00,,,
4877,2024-01-06 15:05:00,2024-01-06 15:06:00,,2024-01-06 15:02:00,3.0,1.0,
4878,2024-01-19 20:05:00,,,2024-01-19 20:01:00,4.0,,
4879,2024-01-07 08:09:00,2024-01-07 08:13:00,2024-01-07 08:15:00,2024-01-07 08:06:00,3.0,4.0,2.0
4880,2024-01-21 01:18:00,2024-01-21 01:21:00,,2024-01-21 01:17:00,1.0,3.0,
4881,2024-01-28 14:48:00,2024-01-28 14:51:00,2024-01-28 14:52:00,2024-01-28 14:46:00,2.0,3.0,1.0
4882,,,,2024-01-23 23:15:00,,,
4883,,,,2024-01-31 19:39:00,,,
4884,2024-02-02 21:25:00,2024-02-02 21:28:00,2024-02-02 21:31:00,2024-02-02 21:21:00,4.0,3.0,3.0
4885,,,,2024-01-02 03:54:00,,,
4886,,,,2024-01-12 07:51:00,,,
4887,2024-01-21 16:31:00,2024-01-21 16:35:00,2024-01-21 16:39:00,2024-01-21 16:29:00,2.0,4.0,4.0
4888,2024-01-27 18:03:00,2024-01-27 18:04:00,2024-01-27 18:08:00,2024-01-27 17:59:00,4.0,1.0,4.0
4889,2024-02-04 10:01:00,2024-02-04 10:04:00,,2024-02-04 09:57:00,4.0,3.0,
4890,2024-01-04 21:57:00,2024-01-04 21:59:00,2024-01-04 22:02:00,2024-01-04 21:55:00,2.0,2.0,3.0
4891,2024-01-19 20:00:00,2024-01-19 20:02:00,2024-01-19 20:03:00,2024-01-19 19:58:00,2.0,2.0,1.0
4892,2024-01-24 04:51:00,2024-01-24 04:52:00,2024-01-24 04:53:00,2024-01-24 04:47:00,4.0,1.0,1.0
4893,2024-01-13 15:07:00,2024-01-13 15:10:00,,2024-01-13 15:03:00,4.0,3.0,
4894,2024-01-16 07:08:00,2024-01-16 07:10:00,2024-01-16 07:13:00,2024-01-16 07:06:00,2.0,2.0,3.0
4895,2024-01-02 21:55:00,,,2024-01-02 21:53:00,2.0,,
4896,,,,2024-01-25 13:35:00,,,
4897,2024-02-02 05:05:00,,,2024-02-02 05:04:00,1.0,,
4898,2024-01-15 03:13:00,2024-01-15 03:14:00,2024-01-15 03:15:00,2024-01-15 03:09:00,4.0,1.0,1.0
4899,2024-01-11 12:17:00,2024-01-11 12:19:00,2024-01-11 12:20:00,2024-01-11 12:14:00,3.0,2.0,1.0
4900,2024-01-05 11:39:00,,,2024-01-05 11:35:00,4.0,,
4901,,,,2024-01-05 11:52:00,,,
4902,2024-01-14 01:25:00,2024-01-14 01:26:00,2024-01-14 01:28:00,2024-01-14 01:22:00,3.0,1.0,2.0
4903,,,,2024-01-16 06:53:00,,,
4904,,,,2024-01-05 20:17:00,,,
4905,,,,2024-01-26 00:29:00,,,
4906,2024-01-06 03:45:00,2024-01-06 03:46:00,2024-01-06 03:49:00,2024-01-06 03:41:00,4.0,1.0,3.0
4907,2024-01-14 04:20:00,,,2024-01-14 04:19:00,1.0,,
4908,2024-01-14 04:26:00,2024-01-14 04:28:00,2024-01-14 04:31:00,2024-01-14 04:25:00,1.0,2.0,3.0
4909,2024-02-02 15:39:00,,,2024-02-02 15:36:00,3.0,,
4910,2024-01-14 14:45:00,2024-01-14 14:46:00,2024-01-14 14:48:00,2024-01-14 14:41:00,4.0,1.0,2.0
4911,2024-02-02 22:05:00,,,2024-02-02 22:03:00,2.0,,
4912,2024-01-24 08:02:00,2024-01-24 08:04:00,2024-01-24 08:06:00,2024-01-24 07:59:00,3.0,2.0,2.0
4913,,,,2024-01-15 05:58:00,,,
4914,2024-02-04 00:37:00,2024-02-04 00:38:00,2024-02-04 00:42:00,2024-02-04 00:33:00,4.0,1.0,4.0
4915,,,,2024-01-10 05:05:00,,,
4916,,,,2024-01-07 14:16:00,,,
4917,,,,2024-02-01 02:45:00,,,
4918,2024-01-09 15:42:00,2024-01-09 15:43:00,2024-01-09 15:45:00,2024-01-09 15:40:00,2.0,1.0,2.0
4919,,,,2024-01-24 14:51:00,,,
4920,2024-01-05 21:31:00,2024-01-05 21:33:00,,2024-01-05 21:29:00,2.0,2.0,
4921,,,,2024-01-28 13:11:00,,,
4922,2024-01-04 20:51:00,2024-01-04 20:52:00,2024-01-04 20:53:00,2024-01-04 20:48:00,3.0,1.0,1.0
4923,,,,2024-01-17 18:26:00,,,
4924,2024-01-07 23:28:00,2024-01-07 23:29:00,2024-01-07 23:33:00,2024-01-07 23:26:00,2.0,1.0,4.0
4925,2024-02-04 12:46:00,2024-02-04 12:49:00,2024-02-04 12:53:00,2024-02-04 12:44:00,2.0,3.0,4.0
4926,,,,2024-01-10 05:40:00,,,
4927,,,,2024-01-11 11:36:00,,,
4928,,,,2024-01-20 17:12:00,,,
4929,2024-01-03 11:16:00,2024-01-03 11:20:00,,2024-01-03 11:14:00,2.0,4.0,
4930,2024-01-25 14:39:00,2024-01-25 14:40:00,2024-01-25 14:42:00,2024-01-25 14:37:00,2.0,1.0,2.0
4931,2024-01-14 21:54:00,,,2024-01-14 21:51:00,3.0,,
4932,,,,2024-01-06 03:34:00,,,
4933,2024-01-09 16:42:00,2024-01-09 16:45:00,2024-01-09 16:49:00,2024-01-09 16:40:00,2.0,3.0,4.0
4934,2024-01-18 05:28:00,,,2024-01-18 05:24:00,4.0,,
4935,2024-01-12 05:48:00,2024-01-12 05:52:00,,2024-01-12 05:46:00,2.0,4.0,
4936,,,,2024-01-31 15:58:00,,,
4937,,,,2024-01-27 18:56:00,,,
4938,,,,2024-01-30 01:05:00,,,
4939,,,,2024-01-11 21:57:00,,,
4940,2024-01-30 12:52:00,,,2024-01-30 12:48:00,4.0,,
4941,,,,2024-01-02 09:29:00,,,
4942,,,,2024-01-27 13:41:00,,,
4943,2024-01-04 17:25:00,2024-01-04 17:29:00,2024-01-04 17:32:00,2024-01-04 17:21:00,4.0,4.0,3.0
4944,2024-01-24 22:41:00,2024-01-24 22:44:00,2024-01-24 22:45:00,2024-01-24 22:37:00,4.0,3.0,1.0
4945,2024-01-16 11:00:00,,,2024-01-16 10:59:00,1.0,,
4946,,,,2024-01-26 19:12:00,,,
4947,2024-01-03 06:25:00,2024-01-03 06:26:00,,2024-01-03 06:23:00,2.0,1.0,
4948,2024-01-02 05:35:00,,,2024-01-02 05:34:00,1.0,,
4949,,,,2024-01-23 06:15:00,,,
4950,2024-01-10 10:47:00,2024-01-10 10:50:00,2024-01-10 10:54:00,2024-01-10 10:45:00,2.0,3.0,4.0
4951,,,,2024-02-01 08:50:00,,,
4952,,,,2024-01-01 13:14:00,,,
4953,2024-01-23 07:36:00,2024-01-23 07:37:00,2024-01-23 07:38:00,2024-01-23 07:32:00,4.0,1.0,1.0
4954,2024-01-01 08:58:00,2024-01-01 09:01:00,2024-01-01 09:02:00,2024-01-01 08:56:00,2.0,3.0,1.0
4955,,,,2024-01-02 02:44:00,,,
4956,2024-01-22 03:07:00,2024-01-22 03:11:00,2024-01-22 03:14:00,2024-01-22 03:05:00,2.0,4.0,3.0
4957,2024-01-14 05:37:00,,,2024-01-14 05:35:00,2.0,,
4958,2024-01-20 09:42:00,,,2024-01-20 09:39:00,3.0,,
4959,2024-01-09 02:50:00,2024-01-09 02:52:00,,2024-01-09 02:46:00,4.0,2.0,
4960,2024-01-27 06:06:00,,,2024-01-27 06:03:00,3.0,,
4961,2024-01-22 01:46:00,2024-01-22 01:50:00,2024-01-22 01:53:00,2024-01-22 01:45:00,1.0,4.0,3.0
4962,,,,2024-01-28 23:06:00,,,
4963,,,,2024-01-29 06:03:00,,,
4964,2024-01-17 02:26:00,2024-01-17 02:29:00,2024-01-17 02:31:00,2024-01-17 02:24:00,2.0,3.0,2.0
4965,2024-01-11 04:13:00,2024-01-11 04:17:00,2024-01-11 04:21:00,2024-01-11 04:10:00,3.0,4.0,4.0
4966,2024-02-04 05:49:00,2024-02-04 05:53:00,2024-02-04 05:55:00,2024-02-04 05:45:00,4.0,4.0,2.0
4967,2024-01-04 08:29:00,2024-01-04 08:32:00,2024-01-04 08:35:00,2024-01-04 08:27:00,2.0,3.0,3.0
4968,2024-01-16 09:17:00,2024-01-16 09:19:00,2024-01-16 09:23:00,2024-01-16 09:15:00,2.0,2.0,4.0
4969,,,,2024-02-03 01:01:00,,,
4970,2024-01-20 17:08:00,,,2024-01-20 17:04:00,4.0,,
4971,2024-01-29 17:54:00,,,2024-01-29 17:53:00,1.0,,
4972,2024-01-22 05:34:00,2024-01-22 05:36:00,2024-01-22 05:38:00,2024-01-22 05:31:00,3.0,2.0,2.0
4973,2024-01-20 21:14:00,2024-01-20 21:18:00,,2024-01-20 21:11:00,3.0,4.0,
4974,2024-01-03 04:25:00,2024-01-03 04:28:00,,2024-01-03 04:21:00,4.0,3.0,
4975,2024-01-24 08:00:00,2024-01-24 08:04:00,2024-01-24 08:08:00,2024-01-24 07:58:00,2.0,4.0,4.0
4976,2024-01-16 01:34:00,2024-01-16 01:37:00,2024-01-16 01:39:00,2024-01-16 01:32:00,2.0,3.0,2.0
4977,2024-01-30 05:25:00,,,2024-01-30 05:21:00,4.0,,
4978,2024-01-06 13:33:00,2024-01-06 13:37:00,2024-01-06 13:38:00,2024-01-06 13:29:00,4.0,4.0,1.0
4979,2024-01-28 05:25:00,2024-01-28 05:27:00,2024-01-28 05:29:00,2024-01-28 05:21:00,4.0,2.0,2.0
4980,,,,2024-01-30 18:14:00,,,
4981,2024-01-01 14:45:00,,,2024-01-01 14:42:00,3.0,,
4982,2024-01-31 04:15:00,,,2024-01-31 04:12:00,3.0,,
4983,2024-01-19 06:02:00,2024-01-19 06:04:00,,2024-01-19 06:00:00,2.0,2.0,
4984,,,,2024-01-30 10:24:00,,,
4985,2024-01-07 08:20:00,2024-01-07 08:23:00,2024-01-07 08:27:00,2024-01-07 08:18:00,2.0,3.0,4.0
4986,,,,2024-01-06 21:52:00,,,
4987,,,,2024-01-09 19:25:00,,,
4988,2024-01-31 18:44:00,,,2024-01-31 18:41:00,3.0,,
4989,2024-01-20 14:47:00,2024-01-20 14:50:00,2024-01-20 14:53:00,2024-01-20 14:44:00,3.0,3.0,3.0
4990,,,,2024-01-07 18:42:00,,,
4991,2024-01-31 14:20:00,2024-01-31 14:24:00,2024-01-31 14:27:00,2024-01-31 14:17:00,3.0,4.0,3.0
4992,,,,2024-01-31 22:10:00,,,
4993,2024-01-27 00:03:00,2024-01-27 00:04:00,2024-01-27 00:06:00,2024-01-26 23:59:00,4.0,1.0,2.0
4994,2024-01-04 00:37:00,2024-01-04 00:40:00,2024-01-04 00:44:00,2024-01-04 00:35:00,2.0,3.0,4.0
4995,2024-01-13 05:45:00,,,2024-01-13 05:44:00,1.0,,
4996,2024-01-12 15:11:00,,,2024-01-12 15:07:00,4.0,,
4997,2024-01-17 23:54:00,2024-01-17 23:57:00,2024-01-18 00:00:00,2024-01-17 23:50:00,4.0,3.0,3.0
4998,2024-01-19 01:49:00,2024-01-19 01:52:00,2024-01-19 01:53:00,2024-01-19 01:45:00,4.0,3.0,1.0
4999,2024-01-01 17:02:00,,,2024-01-01 16:59:00,3.0,,
5000,,,,2024-01-08 08:39:00,,,
5001,2024-01-19 02:47:00,2024-01-19 02:48:00,2024-01-19 02:49:00,2024-01-19 02:44:00,3.0,1.0,1.0
5002,2024-01-10 09:58:00,2024-01-10 10:01:00,2024-01-10 10:03:00,2024-01-10 09:56:00,2.0,3.0,2.0
5003,2024-01-26 12:18:00,,,2024-01-26 12:15:00,3.0,,
5004,,,,2024-01-04 21:40:00,,,
5005,2024-01-29 00:15:00,2024-01-29 00:19:00,2024-01-29 00:23:00,2024-01-29 00:13:00,2.0,4.0,4.0
5006,2024-02-03 12:01:00,2024-02-03 12:02:00,2024-02-03 12:06:00,2024-02-03 11:57:00,4.0,1.0,4.0
5007,,,,2024-01-27 10:44:00,,,
5008,2024-01-19 01:36:00,2024-01-19 01:39:00,2024-01-19 01:42:00,2024-01-19 01:35:00,1.0,3.0,3.0
5009,,,,2024-01-11 03:01:00,,,
5010,,,,2024-01-01 05:40:00,,,
5011,2024-01-11 11:13:00,2024-01-11 11:16:00,,2024-01-11 11:12:00,1.0,3.0,
5012,,,,2024-01-29 01:34:00,,,
5013,2024-01-27 17:33:00,,,2024-01-27 17:29:00,4.0,,
5014,2024-01-18 00:08:00,,,2024-01-18 00:04:00,4.0,,
5015,2024-01-08 01:58:00,2024-01-08 02:01:00,,2024-01-08 01:54:00,4.0,3.0,
5016,2024-01-11 00:35:00,2024-01-11 00:37:00,2024-01-11 00:40:00,2024-01-11 00:34:00,1.0,2.0,3.0
5017,2024-01-02 15:19:00,2024-01-02 15:23:00,2024-01-02 15:26:00,2024-01-02 15:15:00,4.0,4.0,3.0
5018,,,,2024-01-03 17:55:00,,,
5019,2024-01-09 09:55:00,2024-01-09 09:59:00,,2024-01-09 09:51:00,4.0,4.0,
5020,,,,2024-01-05 16:21:00,,,
5021,2024-01-21 10:01:00,,,2024-01-21 09:58:00,3.0,,
5022,,,,2024-01-02 02:17:00,,,
5023,2024-01-02 08:28:00,2024-01-02 08:31:00,2024-01-02 08:34:00,2024-01-02 08:24:00,4.0,3.0,3.0
5024,2024-01-05 17:26:00,2024-01-05 17:29:00,2024-01-05 17:30:00,2024-01-05 17:24:00,2.0,3.0,1.0
5025,2024-01-28 19:19:00,2024-01-28 19:21:00,2024-01-28 19:25:00,2024-01-28 19:17:00,2.0,2.0,4.0
5026,2024-01-22 21:11:00,2024-01-22 21:13:00,,2024-01-22 21:09:00,2.0,2.0,
5027,,,,2024-01-29 05:18:00,,,
5028,2024-01-20 08:56:00,2024-01-20 08:59:00,2024-01-20 09:02:00,2024-01-20 08:52:00,4.0,3.0,3.0
5029,,,,2024-01-24 14:06:00,,,
5030,2024-01-22 01:49:00,,,2024-01-22 01:46:00,3.0,,
5031,,,,2024-01-12 11:49:00,,,
5032,,,,2024-01-22 02:43:00,,,
5033,,,,2024-01-14 18:00:00,,,
5034,2024-01-30 00:27:00,2024-01-30 00:30:00,,2024-01-30 00:26:00,1.0,3.0,
5035,2024-01-07 17:54:00,2024-01-07 17:58:00,,2024-01-07 17:50:00,4.0,4.0,
5036,2024-01-18 01:53:00,2024-01-18 01:56:00,2024-01-18 01:57:00,2024-01-18 01:49:00,4.0,3.0,1.0
5037,,,,2024-01-05 01:31:00,,,
5038,2024-01-29 21:35:00,2024-01-29 21:39:00,2024-01-29 21:40:00,2024-01-29 21:31:00,4.0,4.0,1.0
5039,2024-01-05 17:16:00,2024-01-05 17:19:00,,2024-01-05 17:15:00,1.0,3.0,
5040,2024-01-23 03:36:00,2024-01-23 03:39:00,2024-01-23 03:40:00,2024-01-23 03:32:00,4.0,3.0,1.0
5041,,,,2024-01-11 18:24:00,,,
5042,,,,2024-01-04 07:09:00,,,
5043,,,,2024-01-05 20:08:00,,,
5044,2024-01-28 18:24:00,2024-01-28 18:26:00,,2024-01-28 18:20:00,4.0,2.0,
5045,,,,2024-01-10 04:20:00,,,
5046,,,,2024-01-12 19:19:00,,,
5047,,,,2024-01-05 23:21:00,,,
5048,2024-01-05 04:01:00,2024-01-05 04:03:00,2024-01-05 04:06:00,2024-01-05 03:57:00,4.0,2.0,3.0
5049,2024-01-24 23:02:00,2024-01-24 23:04:00,2024-01-24 23:07:00,2024-01-24 22:59:00,3.0,2.0,3.0
5050,,,,2024-01-12 02:57:00,,,
5051,2024-01-12 13:37:00,2024-01-12 13:38:00,2024-01-12 13:40:00,2024-01-12 13:33:00,4.0,1.0,2.0
5052,2024-01-22 11:19:00,2024-01-22 11:20:00,2024-01-22 11:24:00,2024-01-22 11:15:00,4.0,1.0,4.0
5053,2024-01-24 10:26:00,,,2024-01-24 10:25:00,1.0,,
5054,,,,2024-01-04 12:00:00,,,
5055,,,,2024-01-04 02:54:00,,,
5056,,,,2024-01-14 02:00:00,,,
5057,2024-01-07 15:07:00,,,2024-01-07 15:04:00,3.0,,
5058,,,,2024-02-04 06:56:00,,,
5059,,,,2024-01-03 12:51:00,,,
5060,2024-01-05 06:56:00,2024-01-05 06:58:00,,2024-01-05 06:53:00,3.0,2.0,
5061,,,,2024-01-09 05:51:00,,,
5062,2024-01-06 15:10:00,2024-01-06 15:11:00,2024-01-06 15:13:00,2024-01-06 15:07:00,3.0,1.0,2.0
5063,2024-01-25 03:36:00,2024-01-25 03:40:00,2024-01-25 03:44:00,2024-01-25 03:33:00,3.0,4.0,4.0
5064,,,,2024-01-03 13:40:00,,,
5065,2024-01-12 19:50:00,,,2024-01-12 19:46:00,4.0,,
5066,,,,2024-02-01 17:10:00,,,
5067,,,,2024-01-07 06:41:00,,,
5068,2024-01-18 03:23:00,2024-01-18 03:26:00,2024-01-18 03:30:00,2024-01-18 03:21:00,2.0,3.0,4.0
5069,2024-01-16 16:51:00,2024-01-16 16:53:00,2024-01-16 16:54:00,2024-01-16 16:49:00,2.0,2.0,1.0
5070,2024-01-20 09:09:00,2024-01-20 09:10:00,2024-01-20 09:14:00,2024-01-20 09:08:00,1.0,1.0,4.0
5071,2024-01-23 08:55:00,2024-01-23 08:56:00,2024-01-23 08:58:00,2024-01-23 08:53:00,2.0,1.0,2.0
5072,2024-01-01 06:37:00,2024-01-01 06:38:00,2024-01-01 06:39:00,2024-01-01 06:35:00,2.0,1.0,1.0
5073,,,,2024-01-30 11:45:00,,,
5074,,,,2024-01-07 01:50:00,,,
5075,2024-01-09 00:33:00,2024-01-09 00:34:00,,2024-01-09 00:30:00,3.0,1.0,
5076,2024-01-04 20:55:00,2024-01-04 20:57:00,2024-01-04 21:01:00,2024-01-04 20:53:00,2.0,2.0,4.0
5077,,,,2024-01-14 17:30:00,,,
5078,,,,2024-01-02 07:28:00,,,
5079,2024-01-30 11:13:00,2024-01-30 11:14:00,,2024-01-30 11:12:00,1.0,1.0,
5080,2024-01-19 09:57:00,,,2024-01-19 09:56:00,1.0,,
5081,,,,2024-02-02 06:59:00,,,
5082,,,,2024-02-02 03:49:00,,,
5083,2024-01-21 05:29:00,2024-01-21 05:33:00,,2024-01-21 05:27:00,2.0,4.0,
5084,,,,2024-01-12 15:43:00,,,
5085,,,,2024-01-16 15:06:00,,,
5086,2024-02-04 07:25:00,2024-02-04 07:27:00,2024-02-04 07:30:00,2024-02-04 07:21:00,4.0,2.0,3.0
5087,,,,2024-01-31 21:01:00,,,
5088,,,,2024-01-23 13:37:00,,,
5089,2024-01-18 10:57:00,2024-01-18 11:01:00,2024-01-18 11:05:00,2024-01-18 10:55:00,2.0,4.0,4.0
5090,2024-01-20 10:12:00,,,2024-01-20 10:10:00,2.0,,
5091,,,,2024-01-05 01:13:00,,,
5092,,,,2024-01-17 22:18:00,,,
5093,2024-01-14 14:08:00,2024-01-14 14:09:00,2024-01-14 14:11:00,2024-01-14 14:07:00,1.0,1.0,2.0
5094,2024-01-26 08:21:00,2024-01-26 08:23:00,,2024-01-26 08:17:00,4.0,2.0,
5095,2024-01-13 02:30:00,,,2024-01-13 02:28:00,2.0,,
5096,2024-01-06 22:11:00,2024-01-06 22:13:00,2024-01-06 22:14:00,2024-01-06 22:08:00,3.0,2.0,1.0
5097,,,,2024-01-26 08:49:00,,,
5098,2024-01-22 00:59:00,2024-01-22 01:02:00,2024-01-22 01:04:00,2024-01-22 00:57:00,2.0,3.0,2.0
5099,2024-01-08 08:13:00,2024-01-08 08:14:00,2024-01-08 08:17:00,2024-01-08 08:12:00,1.0,1.0,3.0
5100,2024-01-07 00:20:00,2024-01-07 00:21:00,2024-01-07 00:23:00,2024-01-07 00:19:00,1.0,1.0,2.0
5101,2024-01-21 21:36:00,,,2024-01-21 21:34:00,2.0,,
5102,2024-01-02 20:41:00,,,2024-01-02 20:39:00,2.0,,
5103,,,,2024-01-12 12:58:00,,,
5104,,,,2024-02-01 03:49:00,,,
5105,,,,2024-01-30 22:31:00,,,
5106,,,,2024-01-30 18:39:00,,,
5107,2024-01-02 20:07:00,,,2024-01-02 20:05:00,2.0,,
5108,,,,2024-01-09 17:17:00,,,
5109,,,,2024-01-03 21:03:00,,,
5110,,,,2024-01-09 21:24:00,,,
5111,,,,2024-01-11 09:11:00,,,
5112,2024-01-20 07:33:00,2024-01-20 07:36:00,2024-01-20 07:37:00,2024-01-20 07:30:00,3.0,3.0,1.0
5113,2024-01-21 17:29:00,2024-01-21 17:30:00,2024-01-21 17:31:00,2024-01-21 17:27:00,2.0,1.0,1.0
5114,2024-01-09 07:56:00,2024-01-09 07:59:00,2024-01-09 08:03:00,2024-01-09 07:53:00,3.0,3.0,4.0
5115,2024-01-22 03:35:00,,,2024-01-22 03:34:00,1.0,,
5116,2024-01-03 14:57:00,2024-01-03 15:00:00,2024-01-03 15:02:00,2024-01-03 14:55:00,2.0,3.0,2.0
5117,2024-01-24 21:29:00,,,2024-01-24 21:26:00,3.0,,
5118,,,,2024-02-04 09:31:00,,,
5119,2024-01-03 05:54:00,2024-01-03 05:55:00,,2024-01-03 05:53:00,1.0,1.0,
5120,,,,2024-01-25 13:08:00,,,
5121,,,,2024-01-01 14:46:00,,,
5122,2024-02-01 18:43:00,,,2024-02-01 18:41:00,2.0,,
5123,2024-01-16 12:45:00,2024-01-16 12:46:00,2024-01-16 12:48:00,2024-01-16 12:41:00,4.0,1.0,2.0
5124,,,,2024-01-28 11:02:00,,,
5125,,,,2024-01-15 19:16:00,,,
5126,,,,2024-01-22 09:06:00,,,
5127,,,,2024-01-12 11:01:00,,,
5128,,,,2024-01-11 09:56:00,,,
5129,2024-01-19 21:29:00,,,2024-01-19 21:28:00,1.0,,
5130,,,,2024-01-04 14:07:00,,,
5131,2024-01-19 23:38:00,,,2024-01-19 23:35:00,3.0,,
5132,2024-01-20 05:35:00,2024-01-20 05:39:00,2024-01-20 05:43:00,2024-01-20 05:31:00,4.0,4.0,4.0
5133,2024-01-01 22:34:00,2024-01-01 22:37:00,,2024-01-01 22:31:00,3.0,3.0,
5134,2024-02-03 09:46:00,,,2024-02-03 09:45:00,1.0,,
5135,2024-02-03 07:11:00,2024-02-03 07:13:00,2024-02-03 07:14:00,2024-02-03 07:10:00,1.0,2.0,1.0
5136,,,,2024-01-15 21:15:00,,,
5137,2024-01-08 21:44:00,2024-01-08 21:45:00,2024-01-08 21:49:00,2024-01-08 21:40:00,4.0,1.0,4.0
5138,,,,2024-01-28 04:24:00,,,
5139,,,,2024-01-25 13:35:00,,,
5140,,,,2024-01-22 11:08:00,,,
5141,,,,2024-01-01 08:03:00,,,
5142,2024-01-02 10:54:00,,,2024-01-02 10:50:00,4.0,,
5143,2024-01-14 04:14:00,2024-01-14 04:18:00,2024-01-14 04:20:00,2024-01-14 04:10:00,4.0,4.0,2.0
5144,2024-01-01 00:43:00,2024-01-01 00:45:00,2024-01-01 00:48:00,2024-01-01 00:41:00,2.0,2.0,3.0
5145,,,,2024-01-08 07:03:00,,,
5146,2024-01-15 00:38:00,2024-01-15 00:42:00,2024-01-15 00:46:00,2024-01-15 00:35:00,3.0,4.0,4.0
5147,,,,2024-01-22 03:12:00,,,
5148,,,,2024-01-23 04:25:00,,,
5149,2024-01-30 08:53:00,,,2024-01-30 08:49:00,4.0,,
5150,2024-01-19 12:29:00,,,2024-01-19 12:28:00,1.0,,
5151,,,,2024-01-19 09:19:00,,,
5152,,,,2024-01-21 15:48:00,,,
5153,2024-01-19 05:37:00,,,2024-01-19 05:35:00,2.0,,
5154,,,,2024-01-08 20:23:00,,,
5155,,,,2024-01-20 18:47:00,,,
5156,2024-01-12 08:40:00,2024-01-12 08:42:00,2024-01-12 08:43:00,2024-01-12 08:37:00,3.0,2.0,1.0
5157,,,,2024-01-21 11:53:00,,,
5158,2024-01-21 11:04:00,2024-01-21 11:05:00,,2024-01-21 11:02:00,2.0,1.0,
5159,,,,2024-02-03 12:26:00,,,
5160,2024-01-02 07:49:00,2024-01-02 07:52:00,2024-01-02 07:56:00,2024-01-02 07:47:00,2.0,3.0,4.0
5161,2024-01-28 22:33:00,2024-01-28 22:36:00,,2024-01-28 22:31:00,2.0,3.0,
5162,,,,2024-01-26 01:14:00,,,
5163,,,,2024-02-04 13:40:00,,,
5164,2024-02-02 20:26:00,2024-02-02 20:30:00,2024-02-02 20:33:00,2024-02-02 20:24:00,2.0,4.0,3.0
5165,2024-01-18 15:26:00,,,2024-01-18 15:22:00,4.0,,
5166,,,,2024-01-13 00:46:00,,,
5167,2024-01-19 16:26:00,2024-01-19 16:27:00,2024-01-19 16:30:00,2024-01-19 16:25:00,1.0,1.0,3.0
5168,2024-01-26 00:56:00,2024-01-26 00:59:00,2024-01-26 01:02:00,2024-01-26 00:54:00,2.0,3.0,3.0
5169,,,,2024-01-09 00:17:00,,,
5170,2024-02-03 13:00:00,,,2024-02-03 12:57:00,3.0,,
5171,,,,2024-01-06 23:28:00,,,
5172,,,,2024-01-01 06:02:00,,,
5173,2024-01-10 17:17:00,2024-01-10 17:18:00,2024-01-10 17:22:00,2024-01-10 17:15:00,2.0,1.0,4.0
5174,,,,2024-01-28 03:10:00,,,
5175,2024-01-29 09:11:00,2024-01-29 09:12:00,2024-01-29 09:14:00,2024-01-29 09:07:00,4.0,1.0,2.0
5176,,,,2024-01-26 17:12:00,,,
5177,2024-01-31 09:39:00,2024-01-31 09:42:00,2024-01-31 09:43:00,2024-01-31 09:38:00,1.0,3.0,1.0
5178,2024-01-13 05:20:00,2024-01-13 05:22:00,,2024-01-13 05:19:00,1.0,2.0,
5179,2024-01-13 17:05:00,,,2024-01-13 17:01:00,4.0,,
5180,2024-01-08 06:52:00,2024-01-08 06:56:00,2024-01-08 06:57:00,2024-01-08 06:48:00,4.0,4.0,1.0
5181,2024-01-19 23:13:00,2024-01-19 23:16:00,,2024-01-19 23:09:00,4.0,3.0,
5182,,,,2024-01-01 21:00:00,,,
5183,,,,2024-01-22 16:00:00,,,
5184,2024-02-04 07:51:00,2024-02-04 07:54:00,2024-02-04 07:55:00,2024-02-04 07:47:00,4.0,3.0,1.0
5185,2024-01-20 14:26:00,,,2024-01-20 14:22:00,4.0,,
5186,2024-01-18 21:04:00,,,2024-01-18 21:01:00,3.0,,
5187,,,,2024-01-16 02:27:00,,,
5188,2024-01-02 09:18:00,2024-01-02 09:22:00,,2024-01-02 09:17:00,1.0,4.0,
5189,2024-01-08 19:05:00,,,2024-01-08 19:03:00,2.0,,
5190,2024-01-12 12:29:00,2024-01-12 12:33:00,,2024-01-12 12:28:00,1.0,4.0,
5191,2024-01-17 09:42:00,2024-01-17 09:43:00,2024-01-17 09:47:00,2024-01-17 09:39:00,3.0,1.0,4.0
5192,2024-01-01 14:24:00,2024-01-01 14:28:00,,2024-01-01 14:23:00,1.0,4.0,
5193,,,,2024-01-24 13:12:00,,,
5194,,,,2024-01-05 01:47:00,,,
5195,2024-01-24 08:56:00,2024-01-24 08:59:00,,2024-01-24 08:55:00,1.0,3.0,
5196,2024-01-02 20:07:00,,,2024-01-02 20:04:00,3.0,,
5197,2024-01-06 09:46:00,,,2024-01-06 09:45:00,1.0,,
5198,2024-01-24 11:48:00,,,2024-01-24 11:45:00,3.0,,
5199,2024-02-03 05:21:00,2024-02-03 05:22:00,2024-02-03 05:24:00,2024-02-03 05:17:00,4.0,1.0,2.0
5200,2024-01-22 00:57:00,2024-01-22 00:58:00,2024-01-22 00:59:00,2024-01-22 00:55:00,2.0,1.0,1.0
5201,,,,2024-01-28 23:43:00,,,
5202,,,,2024-01-04 05:09:00,,,
5203,2024-01-08 04:49:00,,,2024-01-08 04:45:00,4.0,,
5204,,,,2024-01-25 04:47:00,,,
5205,,,,2024-02-02 12:07:00,,,
5206,2024-01-03 15:17:00,2024-01-03 15:18:00,2024-01-03 15:21:00,2024-01-03 15:15:00,2.0,1.0,3.0
5207,,,,2024-01-22 12:11:00,,,
5208,,,,2024-01-25 09:07:00,,,
5209,2024-01-04 06:01:00,2024-01-04 06:04:00,,2024-01-04 05:57:00,4.0,3.0,
5210,2024-01-20 20:00:00,2024-01-20 20:02:00,2024-01-20 20:03:00,2024-01-20 19:57:00,3.0,2.0,1.0
5211,2024-01-09 19:18:00,2024-01-09 19:21:00,2024-01-09 19:23:00,2024-01-09 19:17:00,1.0,3.0,2.0
5212,,,,2024-01-18 12:06:00,,,
5213,2024-01-23 00:10:00,2024-01-23 00:12:00,2024-01-23 00:16:00,2024-01-23 00:09:00,1.0,2.0,4.0
5214,2024-01-19 19:03:00,2024-01-19 19:04:00,2024-01-19 19:05:00,2024-01-19 18:59:00,4.0,1.0,1.0
5215,,,,2024-01-21 21:35:00,,,
5216,,,,2024-02-01 12:00:00,,,
5217,2024-01-29 08:30:00,2024-01-29 08:34:00,,2024-01-29 08:29:00,1.0,4.0,
5218,2024-01-13 09:29:00,2024-01-13 09:33:00,2024-01-13 09:35:00,2024-01-13 09:28:00,1.0,4.0,2.0
5219,,,,2024-01-20 12:30:00,,,
5220,2024-01-11 09:11:00,2024-01-11 09:14:00,,2024-01-11 09:09:00,2.0,3.0,
5221,,,,2024-01-18 01:58:00,,,
5222,2024-01-10 01:01:00,2024-01-10 01:03:00,2024-01-10 01:04:00,2024-01-10 00:58:00,3.0,2.0,1.0
5223,2024-01-10 21:49:00,2024-01-10 21:50:00,2024-01-10 21:52:00,2024-01-10 21:46:00,3.0,1.0,2.0
5224,2024-01-22 12:40:00,,,2024-01-22 12:37:00,3.0,,
5225,2024-01-23 05:32:00,2024-01-23 05:33:00,2024-01-23 05:35:00,2024-01-23 05:31:00,1.0,1.0,2.0
5226,,,,2024-01-22 12:35:00,,,
5227,2024-01-01 19:13:00,2024-01-01 19:14:00,2024-01-01 19:17:00,2024-01-01 19:09:00,4.0,1.0,3.0
5228,,,,2024-01-05 01:12:00,,,
5229,,,,2024-01-05 09:36:00,,,
5230,,,,2024-01-19 05:11:00,,,
5231,,,,2024-01-27 01:36:00,,,
5232,2024-01-25 09:50:00,2024-01-25 09:53:00,2024-01-25 09:54:00,2024-01-25 09:46:00,4.0,3.0,1.0
5233,2024-01-20 14:12:00,,,2024-01-20 14:11:00,1.0,,
5234,,,,2024-02-02 04:56:00,,,
5235,2024-01-12 09:03:00,2024-01-12 09:06:00,2024-01-12 09:07:00,2024-01-12 08:59:00,4.0,3.0,1.0
5236,2024-01-03 15:25:00,,,2024-01-03 15:23:00,2.0,,
5237,2024-01-05 09:50:00,2024-01-05 09:52:00,2024-01-05 09:54:00,2024-01-05 09:47:00,3.0,2.0,2.0
5238,2024-01-13 05:36:00,2024-01-13 05:39:00,2024-01-13 05:43:00,2024-01-13 05:34:00,2.0,3.0,4.0
5239,,,,2024-01-14 16:31:00,,,
5240,2024-01-29 06:59:00,2024-01-29 07:03:00,2024-01-29 07:05:00,2024-01-29 06:56:00,3.0,4.0,2.0
5241,2024-01-07 04:46:00,2024-01-07 04:48:00,,2024-01-07 04:43:00,3.0,2.0,
5242,2024-01-02 14:16:00,2024-01-02 14:18:00,2024-01-02 14:21:00,2024-01-02 14:14:00,2.0,2.0,3.0
5243,2024-01-29 05:55:00,2024-01-29 05:57:00,,2024-01-29 05:52:00,3.0,2.0,
5244,2024-01-13 02:33:00,,,2024-01-13 02:32:00,1.0,,
5245,,,,2024-02-02 12:13:00,,,
5246,2024-01-17 09:10:00,2024-01-17 09:12:00,2024-01-17 09:14:00,2024-01-17 09:08:00,2.0,2.0,2.0
5247,2024-01-07 21:21:00,2024-01-07 21:25:00,2024-01-07 21:27:00,2024-01-07 21:17:00,4.0,4.0,2.0
5248,2024-01-20 21:00:00,,,2024-01-20 20:59:00,1.0,,
5249,2024-01-11 20:08:00,2024-01-11 20:12:00,2024-01-11 20:16:00,2024-01-11 20:05:00,3.0,4.0,4.0
5250,,,,2024-01-11 19:02:00,,,
5251,2024-01-11 21:14:00,2024-01-11 21:15:00,2024-01-11 21:16:00,2024-01-11 21:13:00,1.0,1.0,1.0
5252,,,,2024-01-24 18:12:00,,,
5253,2024-01-27 03:31:00,2024-01-27 03:35:00,2024-01-27 03:37:00,2024-01-27 03:30:00,1.0,4.0,2.0
5254,2024-02-01 07:57:00,2024-02-01 07:59:00,2024-02-01 08:02:00,2024-02-01 07:55:00,2.0,2.0,3.0
5255,,,,2024-01-10 20:15:00,,,
5256,2024-01-26 02:21:00,,,2024-01-26 02:20:00,1.0,,
5257,,,,2024-01-20 03:33:00,,,
5258,2024-01-29 13:45:00,2024-01-29 13:48:00,2024-01-29 13:49:00,2024-01-29 13:41:00,4.0,3.0,1.0
5259,2024-02-03 03:14:00,2024-02-03 03:16:00,2024-02-03 03:17:00,2024-02-03 03:12:00,2.0,2.0,1.0
5260,,,,2024-01-21 20:14:00,,,
5261,,,,2024-01-26 22:27:00,,,
5262,,,,2024-01-01 21:04:00,,,
5263,,,,2024-01-31 08:50:00,,,
5264,2024-01-02 06:33:00,2024-01-02 06:36:00,2024-01-02 06:40:00,2024-01-02 06:32:00,1.0,3.0,4.0
5265,2024-01-31 13:58:00,2024-01-31 14:00:00,,2024-01-31 13:57:00,1.0,2.0,
5266,,,,2024-01-08 17:24:00,,,
5267,2024-01-06 05:42:00,,,2024-01-06 05:39:00,3.0,,
5268,2024-01-21 15:06:00,2024-01-21 15:10:00,,2024-01-21 15:04:00,2.0,4.0,
5269,2024-01-23 02:15:00,2024-01-23 02:17:00,2024-01-23 02:21:00,2024-01-23 02:11:00,4.0,2.0,4.0
5270,,,,2024-01-03 22:11:00,,,
5271,,,,2024-01-26 16:17:00,,,
5272,2024-01-20 11:00:00,,,2024-01-20 10:57:00,3.0,,
5273,2024-01-15 20:39:00,2024-01-15 20:40:00,2024-01-15 20:42:00,2024-01-15 20:35:00,4.0,1.0,2.0
5274,,,,2024-01-26 03:38:00,,,
5275,,,,2024-01-23 09:17:00,,,
5276,2024-01-28 21:06:00,2024-01-28 21:09:00,2024-01-28 21:11:00,2024-01-28 21:03:00,3.0,3.0,2.0
5277,,,,2024-01-23 10:43:00,,,
5278,,,,2024-01-30 20:04:00,,,
5279,2024-01-02 07:27:00,,,2024-01-02 07:24:00,3.0,,
5280,2024-01-17 15:03:00,2024-01-17 15:06:00,,2024-01-17 14:59:00,4.0,3.0,
5281,2024-01-21 19:44:00,,,2024-01-21 19:42:00,2.0,,
5282,2024-01-21 08:42:00,,,2024-01-21 08:38:00,4.0,,
5283,2024-01-31 06:36:00,2024-01-31 06:38:00,2024-01-31 06:41:00,2024-01-31 06:32:00,4.0,2.0,3.0
5284,,,,2024-01-29 16:20:00,,,
5285,2024-01-29 10:03:00,2024-01-29 10:07:00,2024-01-29 10:08:00,2024-01-29 10:00:00,3.0,4.0,1.0
5286,2024-01-05 07:45:00,2024-01-05 07:49:00,2024-01-05 07:51:00,2024-01-05 07:44:00,1.0,4.0,2.0
5287,,,,2024-01-25 17:22:00,,,
5288,2024-01-28 17:51:00,2024-01-28 17:53:00,2024-01-28 17:55:00,2024-01-28 17:49:00,2.0,2.0,2.0
5289,2024-01-30 00:30:00,2024-01-30 00:33:00,2024-01-30 00:36:00,2024-01-30 00:28:00,2.0,3.0,3.0
5290,2024-01-01 07:45:00,2024-01-01 07:47:00,2024-01-01 07:50:00,2024-01-01 07:43:00,2.0,2.0,3.0
5291,2024-01-26 17:32:00,2024-01-26 17:36:00,,2024-01-26 17:30:00,2.0,4.0,
5292,2024-01-09 03:19:00,2024-01-09 03:23:00,2024-01-09 03:24:00,2024-01-09 03:16:00,3.0,4.0,1.0
5293,,,,2024-01-25 08:31:00,,,
5294,2024-01-11 08:46:00,,,2024-01-11 08:44:00,2.0,,
5295,2024-01-27 08:38:00,2024-01-27 08:41:00,2024-01-27 08:44:00,2024-01-27 08:35:00,3.0,3.0,3.0
5296,2024-01-19 10:57:00,2024-01-19 11:01:00,2024-01-19 11:05:00,2024-01-19 10:55:00,2.0,4.0,4.0
5297,,,,2024-01-08 14:11:00,,,
5298,2024-01-01 04:01:00,2024-01-01 04:05:00,2024-01-01 04:06:00,2024-01-01 03:57:00,4.0,4.0,1.0
5299,2024-01-27 01:56:00,2024-01-27 01:58:00,,2024-01-27 01:54:00,2.0,2.0,
5300,,,,2024-01-14 10:40:00,,,
5301,,,,2024-02-02 03:24:00,,,
5302,2024-01-24 09:26:00,,,2024-01-24 09:23:00,3.0,,
5303,2024-01-26 05:03:00,,,2024-01-26 04:59:00,4.0,,
5304,2024-01-23 08:26:00,2024-01-23 08:29:00,2024-01-23 08:33:00,2024-01-23 08:24:00,2.0,3.0,4.0
5305,,,,2024-01-07 04:36:00,,,
5306,2024-01-29 05:41:00,2024-01-29 05:45:00,2024-01-29 05:47:00,2024-01-29 05:40:00,1.0,4.0,2.0
5307,,,,2024-01-28 18:50:00,,,
5308,2024-01-04 18:45:00,2024-01-04 18:48:00,2024-01-04 18:52:00,2024-01-04 18:41:00,4.0,3.0,4.0
5309,,,,2024-01-24 21:52:00,,,
5310,2024-01-07 22:40:00,,,2024-01-07 22:37:00,3.0,,
5311,,,,2024-01-19 16:41:00,,,
5312,,,,2024-01-26 08:09:00,,,
5313,2024-01-15 05:15:00,2024-01-15 05:16:00,,2024-01-15 05:11:00,4.0,1.0,
5314,,,,2024-02-03 21:32:00,,,
5315,2024-01-19 09:37:00,2024-01-19 09:41:00,2024-01-19 09:42:00,2024-01-19 09:33:00,4.0,4.0,1.0
5316,2024-01-26 19:09:00,2024-01-26 19:11:00,2024-01-26 19:14:00,2024-01-26 19:06:00,3.0,2.0,3.0
5317,2024-01-19 13:19:00,2024-01-19 13:20:00,2024-01-19 13:23:00,2024-01-19 13:16:00,3.0,1.0,3.0
5318,2024-01-21 02:56:00,2024-01-21 03:00:00,2024-01-21 03:02:00,2024-01-21 02:52:00,4.0,4.0,2.0
5319,2024-01-07 19:06:00,,,2024-01-07 19:04:00,2.0,,
5320,2024-01-11 05:19:00,,,2024-01-11 05:16:00,3.0,,
5321,2024-01-09 15:27:00,,,2024-01-09 15:26:00,1.0,,
5322,2024-01-13 13:30:00,2024-01-13 13:31:00,2024-01-13 13:33:00,2024-01-13 13:29:00,1.0,1.0,2.0
5323,,,,2024-01-03 06:49:00,,,
5324,,,,2024-01-24 21:19:00,,,
5325,2024-01-19 22:18:00,2024-01-19 22:21:00,2024-01-19 22:23:00,2024-01-19 22:16:00,2.0,3.0,2.0
5326,2024-01-10 12:30:00,,,2024-01-10 12:29:00,1.0,,
5327,2024-01-23 10:09:00,2024-01-23 10:10:00,2024-01-23 10:13:00,2024-01-23 10:05:00,4.0,1.0,3.0
5328,2024-01-14 22:40:00,,,2024-01-14 22:36:00,4.0,,
5329,2024-01-10 10:49:00,2024-01-10 10:53:00,,2024-01-10 10:46:00,3.0,4.0,
5330,,,,2024-02-02 22:17:00,,,
5331,2024-01-15 19:06:00,,,2024-01-15 19:05:00,1.0,,
5332,,,,2024-01-10 17:59:00,,,
5333,,,,2024-01-02 22:55:00,,,
5334,2024-01-09 22:32:00,2024-01-09 22:34:00,,2024-01-09 22:30:00,2.0,2.0,
5335,,,,2024-01-05 16:20:00,,,
5336,,,,2024-01-24 10:26:00,,,
5337,,,,2024-02-03 02:00:00,,,
5338,,,,2024-01-26 12:03:00,,,
5339,2024-01-11 17:51:00,2024-01-11 17:55:00,2024-01-11 17:59:00,2024-01-11 17:47:00,4.0,4.0,4.0
5340,2024-01-20 10:23:00,,,2024-01-20 10:20:00,3.0,,
5341,2024-01-14 21:51:00,2024-01-14 21:55:00,2024-01-14 21:58:00,2024-01-14 21:49:00,2.0,4.0,3.0
5342,2024-01-10 11:02:00,2024-01-10 11:06:00,2024-01-10 11:10:00,2024-01-10 11:00:00,2.0,4.0,4.0
5343,,,,2024-01-07 18:57:00,,,
5344,2024-01-27 07:49:00,2024-01-27 07:53:00,2024-01-27 07:56:00,2024-01-27 07:47:00,2.0,4.0,3.0
5345,2024-01-24 13:10:00,,,2024-01-24 13:08:00,2.0,,
5346,2024-01-17 00:49:00,2024-01-17 00:52:00,2024-01-17 00:56:00,2024-01-17 00:48:00,1.0,3.0,4.0
5347,2024-01-04 19:59:00,2024-01-04 20:03:00,2024-01-04 20:07:00,2024-01-04 19:58:00,1.0,4.0,4.0
5348,2024-01-18 04:44:00,,,2024-01-18 04:41:00,3.0,,
5349,2024-01-09 02:21:00,2024-01-09 02:25:00,,2024-01-09 02:20:00,1.0,4.0,
5350,2024-01-25 16:56:00,2024-01-25 16:59:00,2024-01-25 17:00:00,2024-01-25 16:55:00,1.0,3.0,1.0
5351,2024-01-29 14:51:00,2024-01-29 14:54:00,2024-01-29 14:56:00,2024-01-29 14:49:00,2.0,3.0,2.0
5352,,,,2024-01-13 06:43:00,,,
5353,2024-01-28 05:26:00,,,2024-01-28 05:24:00,2.0,,
5354,2024-01-05 18:40:00,2024-01-05 18:41:00,2024-01-05 18:42:00,2024-01-05 18:38:00,2.0,1.0,1.0
5355,,,,2024-02-04 09:32:00,,,
5356,,,,2024-01-31 22:22:00,,,
5357,2024-01-15 00:09:00,,,2024-01-15 00:05:00,4.0,,
5358,2024-01-22 08:20:00,,,2024-01-22 08:19:00,1.0,,
5359,2024-01-29 07:01:00,,,2024-01-29 07:00:00,1.0,,
5360,,,,2024-01-20 06:33:00,,,
5361,2024-01-22 00:48:00,2024-01-22 00:51:00,2024-01-22 00:55:00,2024-01-22 00:47:00,1.0,3.0,4.0
5362,2024-01-06 01:13:00,2024-01-06 01:14:00,2024-01-06 01:15:00,2024-01-06 01:11:00,2.0,1.0,1.0
5363,2024-01-30 11:09:00,2024-01-30 11:11:00,2024-01-30 11:15:00,2024-01-30 11:06:00,3.0,2.0,4.0
5364,,,,2024-01-27 00:31:00,,,
5365,2024-01-29 14:53:00,2024-01-29 14:56:00,2024-01-29 14:57:00,2024-01-29 14:51:00,2.0,3.0,1.0
5366,2024-01-13 02:02:00,2024-01-13 02:04:00,2024-01-13 02:05:00,2024-01-13 01:59:00,3.0,2.0,1.0
5367,2024-01-01 11:13:00,2024-01-01 11:17:00,2024-01-01 11:18:00,2024-01-01 11:10:00,3.0,4.0,1.0
5368,2024-01-02 20:21:00,,,2024-01-02 20:19:00,2.0,,
5369,2024-01-11 04:32:00,2024-01-11 04:36:00,,2024-01-11 04:30:00,2.0,4.0,
5370,,,,2024-01-24 14:47:00,,,
5371,,,,2024-01-17 09:41:00,,,
5372,2024-02-02 09:14:00,,,2024-02-02 09:10:00,4.0,,
5373,,,,2024-01-03 14:47:00,,,
5374,2024-01-15 14:18:00,2024-01-15 14:19:00,2024-01-15 14:20:00,2024-01-15 14:14:00,4.0,1.0,1.0
5375,,,,2024-01-17 18:31:00,,,
5376,2024-01-21 07:57:00,2024-01-21 07:59:00,,2024-01-21 07:53:00,4.0,2.0,
5377,,,,2024-02-04 03:37:00,,,
5378,,,,2024-01-10 16:53:00,,,
5379,,,,2024-01-11 05:35:00,,,
5380,2024-02-04 05:57:00,,,2024-02-04 05:53:00,4.0,,
5381,,,,2024-01-04 16:28:00,,,
5382,2024-01-29 08:52:00,2024-01-29 08:53:00,2024-01-29 08:57:00,2024-01-29 08:51:00,1.0,1.0,4.0
5383,2024-01-12 14:51:00,2024-01-12 14:53:00,2024-01-12 14:54:00,2024-01-12 14:48:00,3.0,2.0,1.0
5384,2024-01-20 13:14:00,2024-01-20 13:16:00,2024-01-20 13:18:00,2024-01-20 13:13:00,1.0,2.0,2.0
5385,,,,2024-01-14 12:54:00,,,
5386,,,,2024-01-03 15:25:00,,,
5387,,,,2024-01-19 07:39:00,,,
5388,,,,2024-01-15 06:26:00,,,
5389,,,,2024-01-27 18:11:00,,,
5390,,,,2024-01-20 23:43:00,,,
5391,2024-01-13 10:43:00,2024-01-13 10:47:00,2024-01-13 10:48:00,2024-01-13 10:41:00,2.0,4.0,1.0
5392,2024-01-17 15:22:00,,,2024-01-17 15:20:00,2.0,,
5393,2024-01-11 04:47:00,,,2024-01-11 04:43:00,4.0,,
5394,,,,2024-02-04 05:47:00,,,
5395,2024-01-25 12:36:00,2024-01-25 12:37:00,2024-01-25 12:40:00,2024-01-25 12:34:00,2.0,1.0,3.0
5396,,,,2024-01-30 07:48:00,,,
5397,,,,2024-01-09 23:28:00,,,
5398,2024-01-12 01:38:00,2024-01-12 01:42:00,,2024-01-12 01:35:00,3.0,4.0,
5399,,,,2024-01-08 17:58:00,,,
5400,2024-01-01 16:33:00,,,2024-01-01 16:32:00,1.0,,
5401,2024-02-04 04:28:00,2024-02-04 04:31:00,2024-02-04 04:34:00,2024-02-04 04:27:00,1.0,3.0,3.0
5402,2024-01-03 19:52:00,2024-01-03 19:54:00,,2024-01-03 19:49:00,3.0,2.0,
5403,,,,2024-01-17 14:10:00,,,
5404,2024-01-23 15:30:00,2024-01-23 15:34:00,2024-01-23 15:37:00,2024-01-23 15:27:00,3.0,4.0,3.0
5405,,,,2024-02-04 15:33:00,,,
5406,2024-01-27 20:50:00,2024-01-27 20:52:00,2024-01-27 20:55:00,2024-01-27 20:49:00,1.0,2.0,3.0
5407,2024-01-31 20:19:00,,,2024-01-31 20:18:00,1.0,,
5408,2024-01-11 22:06:00,2024-01-11 22:08:00,2024-01-11 22:10:00,2024-01-11 22:04:00,2.0,2.0,2.0
5409,2024-01-09 08:00:00,,,2024-01-09 07:58:00,2.0,,
5410,2024-01-02 19:13:00,2024-01-02 19:17:00,2024-01-02 19:19:00,2024-01-02 19:10:00,3.0,4.0,2.0
5411,,,,2024-01-18 12:21:00,,,
5412,,,,2024-01-16 14:11:00,,,
5413,,,,2024-01-27 07:20:00,,,
5414,2024-01-30 13:26:00,,,2024-01-30 13:23:00,3.0,,
5415,2024-01-12 02:38:00,2024-01-12 02:40:00,2024-01-12 02:42:00,2024-01-12 02:34:00,4.0,2.0,2.0
5416,2024-01-13 13:46:00,,,2024-01-13 13:42:00,4.0,,
5417,2024-01-16 15:47:00,,,2024-01-16 15:45:00,2.0,,
5418,,,,2024-02-01 00:27:00,,,
5419,,,,2024-01-13 07:14:00,,,
5420,,,,2024-01-14 12:04:00,,,
5421,,,,2024-01-12 08:32:00,,,
5422,2024-01-15 14:55:00,,,2024-01-15 14:54:00,1.0,,
5423,2024-01-01 08:21:00,2024-01-01 08:23:00,,2024-01-01 08:17:00,4.0,2.0,
5424,,,,2024-01-19 21:30:00,,,
5425,2024-02-01 21:17:00,2024-02-01 21:19:00,2024-02-01 21:23:00,2024-02-01 21:16:00,1.0,2.0,4.0
5426,2024-01-26 09:28:00,2024-01-26 09:29:00,2024-01-26 09:31:00,2024-01-26 09:26:00,2.0,1.0,2.0
5427,,,,2024-01-23 14:50:00,,,
5428,2024-01-02 13:40:00,2024-01-02 13:43:00,,2024-01-02 13:36:00,4.0,3.0,
5429,,,,2024-01-26 09:26:00,,,
5430,,,,2024-01-01 05:23:00,,,
5431,,,,2024-01-17 04:12:00,,,
5432,2024-01-22 20:40:00,2024-01-22 20:42:00,,2024-01-22 20:38:00,2.0,2.0,
5433,2024-01-28 14:12:00,2024-01-28 14:13:00,2024-01-28 14:15:00,2024-01-28 14:10:00,2.0,1.0,2.0
5434,,,,2024-01-20 20:27:00,,,
5435,2024-02-01 15:05:00,2024-02-01 15:09:00,2024-02-01 15:12:00,2024-02-01 15:01:00,4.0,4.0,3.0
5436,,,,2024-01-19 00:48:00,,,
5437,2024-01-25 12:48:00,2024-01-25 12:50:00,2024-01-25 12:52:00,2024-01-25 12:47:00,1.0,2.0,2.0
5438,,,,2024-01-14 05:49:00,,,
5439,,,,2024-01-01 05:29:00,,,
5440,2024-01-27 14:03:00,2024-01-27 14:04:00,2024-01-27 14:07:00,2024-01-27 14:02:00,1.0,1.0,3.0
5441,,,,2024-02-02 11:01:00,,,
5442,2024-01-03 20:33:00,2024-01-03 20:37:00,2024-01-03 20:39:00,2024-01-03 20:31:00,2.0,4.0,2.0
5443,2024-01-24 19:36:00,,,2024-01-24 19:35:00,1.0,,
5444,2024-01-29 03:49:00,,,2024-01-29 03:46:00,3.0,,
5445,,,,2024-01-18 22:25:00,,,
5446,,,,2024-01-15 08:31:00,,,
5447,2024-01-01 22:37:00,,,2024-01-01 22:36:00,1.0,,
5448,,,,2024-01-24 06:18:00,,,
5449,2024-01-25 18:50:00,2024-01-25 18:51:00,,2024-01-25 18:46:00,4.0,1.0,
5450,,,,2024-01-19 23:09:00,,,
5451,,,,2024-01-07 17:48:00,,,
5452,2024-01-27 17:26:00,2024-01-27 17:27:00,2024-01-27 17:31:00,2024-01-27 17:25:00,1.0,1.0,4.0
5453,,,,2024-01-01 08:12:00,,,
5454,,,,2024-01-20 10:44:00,,,
5455,2024-01-30 15:40:00,2024-01-30 15:42:00,2024-01-30 15:44:00,2024-01-30 15:37:00,3.0,2.0,2.0
5456,,,,2024-01-22 00:23:00,,,
5457,2024-01-26 03:29:00,,,2024-01-26 03:26:00,3.0,,
5458,2024-01-27 19:55:00,2024-01-27 19:58:00,2024-01-27 20:01:00,2024-01-27 19:51:00,4.0,3.0,3.0
5459,2024-01-29 21:15:00,,,2024-01-29 21:13:00,2.0,,
5460,,,,2024-02-02 14:12:00,,,
5461,,,,2024-01-04 17:35:00,,,
5462,2024-01-10 21:06:00,2024-01-10 21:07:00,2024-01-10 21:09:00,2024-01-10 21:03:00,3.0,1.0,2.0
5463,2024-01-22 18:57:00,,,2024-01-22 18:55:00,2.0,,
5464,2024-01-06 15:38:00,2024-01-06 15:42:00,2024-01-06 15:45:00,2024-01-06 15:34:00,4.0,4.0,3.0
5465,2024-01-13 12:40:00,2024-01-13 12:43:00,2024-01-13 12:45:00,2024-01-13 12:39:00,1.0,3.0,2.0
5466,,,,2024-01-08 10:32:00,,,
5467,2024-01-05 06:34:00,,,2024-01-05 06:33:00,1.0,,
5468,2024-01-14 08:42:00,2024-01-14 08:46:00,2024-01-14 08:48:00,2024-01-14 08:39:00,3.0,4.0,2.0
5469,2024-01-21 09:33:00,2024-01-21 09:36:00,2024-01-21 09:39:00,2024-01-21 09:31:00,2.0,3.0,3.0
5470,,,,2024-01-02 13:28:00,,,
5471,2024-02-02 16:40:00,2024-02-02 16:44:00,2024-02-02 16:48:00,2024-02-02 16:37:00,3.0,4.0,4.0
5472,2024-01-13 14:53:00,2024-01-13 14:54:00,2024-01-13 14:58:00,2024-01-13 14:51:00,2.0,1.0,4.0
5473,,,,2024-01-12 00:02:00,,,
5474,2024-01-25 22:39:00,2024-01-25 22:40:00,2024-01-25 22:41:00,2024-01-25 22:35:00,4.0,1.0,1.0
5475,2024-01-17 11:46:00,2024-01-17 11:49:00,2024-01-17 11:50:00,2024-01-17 11:44:00,2.0,3.0,1.0
5476,,,,2024-01-15 12:11:00,,,
5477,2024-01-24 15:37:00,2024-01-24 15:41:00,2024-01-24 15:42:00,2024-01-24 15:33:00,4.0,4.0,1.0
5478,2024-01-24 12:52:00,2024-01-24 12:54:00,2024-01-24 12:56:00,2024-01-24 12:48:00,4.0,2.0,2.0
5479,2024-01-01 03:13:00,2024-01-01 03:16:00,2024-01-01 03:18:00,2024-01-01 03:11:00,2.0,3.0,2.0
5480,2024-02-02 12:34:00,,,2024-02-02 12:31:00,3.0,,
5481,,,,2024-01-28 10:03:00,,,
5482,,,,2024-01-11 02:34:00,,,
5483,2024-01-07 18:34:00,2024-01-07 18:36:00,,2024-01-07 18:30:00,4.0,2.0,
5484,2024-01-01 07:14:00,2024-01-01 07:18:00,,2024-01-01 07:13:00,1.0,4.0,
5485,,,,2024-01-31 06:06:00,,,
5486,,,,2024-02-02 06:00:00,,,
5487,2024-01-02 23:32:00,2024-01-02 23:34:00,,2024-01-02 23:28:00,4.0,2.0,
5488,,,,2024-01-18 21:45:00,,,
5489,2024-01-09 21:08:00,2024-01-09 21:12:00,2024-01-09 21:16:00,2024-01-09 21:07:00,1.0,4.0,4.0
5490,2024-01-27 11:43:00,,,2024-01-27 11:40:00,3.0,,
5491,,,,2024-01-21 07:41:00,,,
5492,2024-01-01 13:14:00,,,2024-01-01 13:10:00,4.0,,
5493,2024-01-07 21:42:00,,,2024-01-07 21:39:00,3.0,,
5494,,,,2024-01-07 19:40:00,,,
5495,,,,2024-01-17 23:06:00,,,
5496,2024-01-17 10:51:00,2024-01-17 10:52:00,,2024-01-17 10:50:00,1.0,1.0,
5497,,,,2024-01-04 00:18:00,,,
5498,2024-01-04 21:44:00,2024-01-04 21:46:00,2024-01-04 21:49:00,2024-01-04 21:43:00,1.0,2.0,3.0
5499,2024-01-27 11:03:00,2024-01-27 11:05:00,2024-01-27 11:07:00,2024-01-27 11:01:00,2.0,2.0,2.0
5500,2024-01-18 15:53:00,2024-01-18 15:56:00,2024-01-18 15:59:00,2024-01-18 15:52:00,1.0,3.0,3.0
5501,,,,2024-01-08 05:56:00,,,
5502,2024-01-30 08:59:00,2024-01-30 09:02:00,2024-01-30 09:06:00,2024-01-30 08:56:00,3.0,3.0,4.0
5503,,,,2024-01-29 05:25:00,,,
5504,2024-01-06 06:42:00,2024-01-06 06:46:00,,2024-01-06 06:41:00,1.0,4.0,
5505,2024-01-19 17:58:00,,,2024-01-19 17:57:00,1.0,,
5506,2024-01-28 00:50:00,,,2024-01-28 00:47:00,3.0,,
5507,2024-01-02 13:46:00,,,2024-01-02 13:45:00,1.0,,
5508,,,,2024-01-16 22:07:00,,,
5509,2024-01-04 01:40:00,,,2024-01-04 01:36:00,4.0,,
5510,2024-01-13 00:32:00,2024-01-13 00:35:00,,2024-01-13 00:31:00,1.0,3.0,
5511,2024-02-02 23:10:00,2024-02-02 23:11:00,2024-02-02 23:13:00,2024-02-02 23:06:00,4.0,1.0,2.0
5512,2024-01-23 00:09:00,2024-01-23 00:13:00,,2024-01-23 00:08:00,1.0,4.0,
5513,,,,2024-01-23 23:33:00,,,
5514,2024-01-03 15:04:00,2024-01-03 15:05:00,2024-01-03 15:07:00,2024-01-03 15:00:00,4.0,1.0,2.0
5515,2024-01-01 01:55:00,,,2024-01-01 01:51:00,4.0,,
5516,2024-01-14 07:49:00,2024-01-14 07:52:00,,2024-01-14 07:45:00,4.0,3.0,
5517,2024-01-17 14:26:00,2024-01-17 14:28:00,2024-01-17 14:32:00,2024-01-17 14:23:00,3.0,2.0,4.0
5518,2024-01-28 02:14:00,2024-01-28 02:17:00,,2024-01-28 02:12:00,2.0,3.0,
5519,2024-01-23 11:26:00,2024-01-23 11:29:00,2024-01-23 11:33:00,2024-01-23 11:25:00,1.0,3.0,4.0
5520,2024-01-21 18:02:00,2024-01-21 18:05:00,,2024-01-21 18:00:00,2.0,3.0,
5521,2024-01-13 13:05:00,,,2024-01-13 13:01:00,4.0,,
5522,,,,2024-01-31 02:15:00,,,
5523,,,,2024-01-28 12:26:00,,,
5524,2024-02-04 10:45:00,2024-02-04 10:46:00,2024-02-04 10:50:00,2024-02-04 10:41:00,4.0,1.0,4.0
5525,2024-01-14 09:47:00,,,2024-01-14 09:46:00,1.0,,
5526,,,,2024-01-03 04:55:00,,,
5527,2024-01-29 18:18:00,2024-01-29 18:20:00,2024-01-29 18:21:00,2024-01-29 18:15:00,3.0,2.0,1.0
5528,,,,2024-01-14 06:03:00,,,
5529,2024-01-01 09:35:00,2024-01-01 09:36:00,,2024-01-01 09:31:00,4.0,1.0,
5530,,,,2024-01-12 11:03:00,,,
5531,2024-01-03 14:41:00,2024-01-03 14:44:00,2024-01-03 14:47:00,2024-01-03 14:40:00,1.0,3.0,3.0
5532,2024-01-24 20:25:00,2024-01-24 20:26:00,,2024-01-24 20:21:00,4.0,1.0,
5533,,,,2024-01-04 12:16:00,,,
5534,2024-01-08 11:00:00,,,2024-01-08 10:56:00,4.0,,
5535,,,,2024-01-08 18:28:00,,,
5536,,,,2024-01-30 20:57:00,,,
5537,,,,2024-01-24 23:38:00,,,
5538,,,,2024-01-01 07:22:00,,,
5539,,,,2024-02-02 18:38:00,,,
5540,2024-01-16 14:31:00,,,2024-01-16 14:29:00,2.0,,
5541,,,,2024-01-02 14:37:00,,,
5542,2024-02-01 03:10:00,2024-02-01 03:13:00,2024-02-01 03:17:00,2024-02-01 03:09:00,1.0,3.0,4.0
5543,,,,2024-01-11 04:24:00,,,
5544,,,,2024-02-01 02:15:00,,,
5545,,,,2024-01-01 00:56:00,,,
5546,,,,2024-01-08 01:20:00,,,
5547,2024-02-01 01:13:00,2024-02-01 01:16:00,2024-02-01 01:19:00,2024-02-01 01:09:00,4.0,3.0,3.0
5548,2024-01-17 23:52:00,,,2024-01-17 23:50:00,2.0,,
5549,2024-01-05 14:37:00,2024-01-05 14:39:00,2024-01-05 14:40:00,2024-01-05 14:35:00,2.0,2.0,1.0
5550,2024-02-03 15:40:00,,,2024-02-03 15:39:00,1.0,,
5551,2024-01-20 03:43:00,2024-01-20 03:46:00,2024-01-20 03:50:00,2024-01-20 03:40:00,3.0,3.0,4.0
5552,,,,2024-01-27 21:28:00,,,
5553,2024-01-14 01:50:00,2024-01-14 01:54:00,2024-01-14 01:58:00,2024-01-14 01:46:00,4.0,4.0,4.0
5554,2024-01-06 08:26:00,2024-01-06 08:27:00,2024-01-06 08:31:00,2024-01-06 08:23:00,3.0,1.0,4.0
5555,,,,2024-01-30 10:15:00,,,
5556,2024-01-05 19:10:00,,,2024-01-05 19:08:00,2.0,,
5557,2024-01-25 11:56:00,,,2024-01-25 11:54:00,2.0,,
5558,2024-01-14 09:19:00,2024-01-14 09:23:00,2024-01-14 09:27:00,2024-01-14 09:15:00,4.0,4.0,4.0
5559,,,,2024-01-09 00:24:00,,,
5560,,,,2024-01-11 11:05:00,,,
5561,2024-01-23 09:03:00,,,2024-01-23 08:59:00,4.0,,
5562,2024-01-02 00:05:00,2024-01-02 00:07:00,2024-01-02 00:08:00,2024-01-02 00:03:00,2.0,2.0,1.0
5563,2024-01-24 19:51:00,2024-01-24 19:52:00,2024-01-24 19:54:00,2024-01-24 19:47:00,4.0,1.0,2.0
5564,,,,2024-01-08 04:20:00,,,
5565,,,,2024-01-09 16:35:00,,,
5566,,,,2024-01-06 20:12:00,,,
5567,2024-01-05 06:11:00,,,2024-01-05 06:09:00,2.0,,
5568,2024-01-16 01:52:00,,,2024-01-16 01:48:00,4.0,,
5569,2024-01-23 06:19:00,2024-01-23 06:23:00,2024-01-23 06:24:00,2024-01-23 06:17:00,2.0,4.0,1.0
5570,2024-01-23 21:59:00,2024-01-23 22:00:00,2024-01-23 22:03:00,2024-01-23 21:57:00,2.0,1.0,3.0
5571,2024-01-15 13:46:00,2024-01-15 13:48:00,2024-01-15 13:50:00,2024-01-15 13:43:00,3.0,2.0,2.0
5572,2024-01-15 03:02:00,2024-01-15 03:04:00,2024-01-15 03:06:00,2024-01-15 03:01:00,1.0,2.0,2.0
5573,2024-01-15 00:37:00,2024-01-15 00:38:00,2024-01-15 00:40:00,2024-01-15 00:36:00,1.0,1.0,2.0
5574,2024-01-25 18:04:00,2024-01-25 18:06:00,2024-01-25 18:07:00,2024-01-25 18:00:00,4.0,2.0,1.0
5575,,,,2024-01-30 21:51:00,,,
5576,2024-01-26 00:32:00,2024-01-26 00:33:00,2024-01-26 00:37:00,2024-01-26 00:29:00,3.0,1.0,4.0
5577,2024-01-25 20:04:00,,,2024-01-25 20:02:00,2.0,,
5578,2024-01-03 12:39:00,,,2024-01-03 12:38:00,1.0,,
5579,,,,2024-01-30 20:25:00,,,
5580,,,,2024-01-15 09:48:00,,,
5581,,,,2024-01-28 17:08:00,,,
5582,2024-01-21 05:36:00,2024-01-21 05:40:00,2024-01-21 05:41:00,2024-01-21 05:33:00,3.0,4.0,1.0
5583,,,,2024-02-02 13:36:00,,,
5584,2024-01-30 09:30:00,2024-01-30 09:34:00,,2024-01-30 09:28:00,2.0,4.0,
5585,2024-01-17 19:45:00,2024-01-17 19:47:00,,2024-01-17 19:42:00,3.0,2.0,
5586,2024-01-18 12:09:00,2024-01-18 12:11:00,,2024-01-18 12:06:00,3.0,2.0,
5587,,,,2024-01-20 12:36:00,,,
5588,2024-01-23 08:06:00,,,2024-01-23 08:02:00,4.0,,
5589,2024-01-20 15:02:00,2024-01-20 15:03:00,2024-01-20 15:05:00,2024-01-20 15:00:00,2.0,1.0,2.0
5590,2024-01-16 10:32:00,,,2024-01-16 10:29:00,3.0,,
5591,2024-01-16 14:59:00,,,2024-01-16 14:58:00,1.0,,
5592,,,,2024-01-24 21:19:00,,,
5593,2024-01-18 01:50:00,2024-01-18 01:54:00,2024-01-18 01:55:00,2024-01-18 01:49:00,1.0,4.0,1.0
5594,,,,2024-01-29 22:20:00,,,
5595,,,,2024-01-23 08:11:00,,,
5596,2024-01-04 20:09:00,2024-01-04 20:13:00,2024-01-04 20:14:00,2024-01-04 20:08:00,1.0,4.0,1.0
5597,2024-02-01 19:42:00,2024-02-01 19:43:00,2024-02-01 19:44:00,2024-02-01 19:41:00,1.0,1.0,1.0
5598,2024-01-08 22:03:00,2024-01-08 22:05:00,2024-01-08 22:08:00,2024-01-08 22:02:00,1.0,2.0,3.0
5599,2024-01-15 08:06:00,2024-01-15 08:08:00,2024-01-15 08:11:00,2024-01-15 08:05:00,1.0,2.0,3.0
5600,2024-01-20 07:57:00,2024-01-20 07:59:00,2024-01-20 08:02:00,2024-01-20 07:56:00,1.0,2.0,3.0
5601,,,,2024-01-13 16:02:00,,,
5602,,,,2024-01-04 21:07:00,,,
5603,2024-01-06 02:51:00,2024-01-06 02:55:00,2024-01-06 02:58:00,2024-01-06 02:49:00,2.0,4.0,3.0
5604,,,,2024-01-19 04:15:00,,,
5605,,,,2024-01-12 00:50:00,,,
5606,2024-01-27 20:07:00,2024-01-27 20:08:00,2024-01-27 20:09:00,2024-01-27 20:04:00,3.0,1.0,1.0
5607,2024-01-28 13:23:00,2024-01-28 13:24:00,2024-01-28 13:28:00,2024-01-28 13:20:00,3.0,1.0,4.0
5608,2024-02-02 03:25:00,2024-02-02 03:27:00,2024-02-02 03:31:00,2024-02-02 03:24:00,1.0,2.0,4.0
5609,2024-01-31 12:57:00,2024-01-31 12:58:00,2024-01-31 13:02:00,2024-01-31 12:53:00,4.0,1.0,4.0
5610,,,,2024-01-15 17:26:00,,,
5611,,,,2024-01-06 00:04:00,,,
5612,2024-01-18 17:16:00,2024-01-18 17:18:00,,2024-01-18 17:12:00,4.0,2.0,
5613,2024-01-22 07:18:00,2024-01-22 07:19:00,2024-01-22 07:20:00,2024-01-22 07:15:00,3.0,1.0,1.0
5614,2024-01-27 19:31:00,2024-01-27 19:35:00,2024-01-27 19:36:00,2024-01-27 19:30:00,1.0,4.0,1.0
5615,2024-01-11 14:50:00,2024-01-11 14:52:00,2024-01-11 14:53:00,2024-01-11 14:49:00,1.0,2.0,1.0
5616,2024-01-24 13:41:00,,,2024-01-24 13:39:00,2.0,,
5617,2024-01-24 09:43:00,2024-01-24 09:47:00,,2024-01-24 09:39:00,4.0,4.0,
5618,2024-02-02 20:10:00,2024-02-02 20:13:00,2024-02-02 20:15:00,2024-02-02 20:08:00,2.0,3.0,2.0
5619,2024-01-29 06:05:00,2024-01-29 06:07:00,2024-01-29 06:11:00,2024-01-29 06:02:00,3.0,2.0,4.0
5620,,,,2024-01-14 12:55:00,,,
5621,2024-01-10 18:07:00,2024-01-10 18:09:00,2024-01-10 18:10:00,2024-01-10 18:05:00,2.0,2.0,1.0
5622,2024-01-05 10:19:00,,,2024-01-05 10:18:00,1.0,,
5623,2024-01-19 16:58:00,,,2024-01-19 16:54:00,4.0,,
5624,,,,2024-02-02 13:08:00,,,
5625,2024-01-31 10:06:00,2024-01-31 10:09:00,2024-01-31 10:10:00,2024-01-31 10:03:00,3.0,3.0,1.0
5626,2024-01-05 13:06:00,2024-01-05 13:10:00,2024-01-05 13:14:00,2024-01-05 13:05:00,1.0,4.0,4.0
5627,,,,2024-01-13 13:51:00,,,
5628,2024-01-09 23:05:00,2024-01-09 23:06:00,2024-01-09 23:10:00,2024-01-09 23:04:00,1.0,1.0,4.0
5629,,,,2024-01-24 00:35:00,,,
5630,,,,2024-01-28 08:12:00,,,
5631,,,,2024-01-10 19:49:00,,,
5632,2024-01-23 19:23:00,2024-01-23 19:24:00,2024-01-23 19:27:00,2024-01-23 19:19:00,4.0,1.0,3.0
5633,2024-01-20 06:22:00,2024-01-20 06:23:00,2024-01-20 06:27:00,2024-01-20 06:19:00,3.0,1.0,4.0
5634,2024-01-13 10:57:00,2024-01-13 11:00:00,2024-01-13 11:03:00,2024-01-13 10:54:00,3.0,3.0,3.0
5635,2024-01-08 19:33:00,,,2024-01-08 19:29:00,4.0,,
5636,2024-01-02 09:08:00,2024-01-02 09:12:00,2024-01-02 09:14:00,2024-01-02 09:06:00,2.0,4.0,2.0
5637,2024-01-26 16:35:00,,,2024-01-26 16:32:00,3.0,,
5638,2024-01-26 14:30:00,2024-01-26 14:34:00,,2024-01-26 14:27:00,3.0,4.0,
5639,,,,2024-01-10 18:48:00,,,
5640,2024-01-31 02:12:00,,,2024-01-31 02:09:00,3.0,,
5641,,,,2024-01-14 07:04:00,,,
5642,2024-01-21 16:37:00,,,2024-01-21 16:35:00,2.0,,
5643,,,,2024-01-11 04:59:00,,,
5644,,,,2024-02-03 15:01:00,,,
5645,2024-01-19 22:08:00,2024-01-19 22:12:00,2024-01-19 22:14:00,2024-01-19 22:04:00,4.0,4.0,2.0
5646,2024-01-21 03:07:00,2024-01-21 03:10:00,,2024-01-21 03:05:00,2.0,3.0,
5647,2024-01-03 09:48:00,2024-01-03 09:52:00,2024-01-03 09:56:00,2024-01-03 09:44:00,4.0,4.0,4.0
5648,2024-01-17 13:23:00,,,2024-01-17 13:20:00,3.0,,
5649,,,,2024-01-28 01:35:00,,,
5650,2024-01-25 14:58:00,2024-01-25 15:02:00,2024-01-25 15:05:00,2024-01-25 14:57:00,1.0,4.0,3.0
5651,2024-01-26 06:42:00,2024-01-26 06:46:00,2024-01-26 06:47:00,2024-01-26 06:40:00,2.0,4.0,1.0
5652,2024-01-08 10:38:00,2024-01-08 10:42:00,2024-01-08 10:44:00,2024-01-08 10:34:00,4.0,4.0,2.0
5653,2024-01-31 14:19:00,2024-01-31 14:22:00,,2024-01-31 14:17:00,2.0,3.0,
5654,2024-01-25 00:33:00,2024-01-25 00:34:00,2024-01-25 00:35:00,2024-01-25 00:31:00,2.0,1.0,1.0
5655,,,,2024-01-02 08:04:00,,,
5656,2024-01-25 08:44:00,2024-01-25 08:48:00,2024-01-25 08:49:00,2024-01-25 08:42:00,2.0,4.0,1.0
5657,,,,2024-01-23 08:38:00,,,
5658,,,,2024-01-27 18:42:00,,,
5659,2024-01-19 00:15:00,2024-01-19 00:16:00,2024-01-19 00:20:00,2024-01-19 00:12:00,3.0,1.0,4.0
5660,2024-01-16 06:31:00,2024-01-16 06:35:00,2024-01-16 06:38:00,2024-01-16 06:29:00,2.0,4.0,3.0
5661,2024-01-21 11:50:00,2024-01-21 11:54:00,,2024-01-21 11:49:00,1.0,4.0,
5662,,,,2024-01-01 04:09:00,,,
5663,2024-01-21 01:06:00,,,2024-01-21 01:04:00,2.0,,
5664,2024-01-26 23:34:00,2024-01-26 23:35:00,,2024-01-26 23:32:00,2.0,1.0,
5665,2024-01-12 23:04:00,,,2024-01-12 23:03:00,1.0,,
5666,2024-01-03 04:34:00,2024-01-03 04:37:00,2024-01-03 04:38:00,2024-01-03 04:32:00,2.0,3.0,1.0
5667,2024-01-14 09:37:00,2024-01-14 09:38:00,2024-01-14 09:42:00,2024-01-14 09:34:00,3.0,1.0,4.0
5668,,,,2024-01-02 08:37:00,,,
5669,,,,2024-01-07 04:01:00,,,
5670,2024-01-14 08:55:00,2024-01-14 08:57:00,2024-01-14 09:01:00,2024-01-14 08:53:00,2.0,2.0,4.0
5671,2024-01-07 05:46:00,2024-01-07 05:47:00,2024-01-07 05:51:00,2024-01-07 05:45:00,1.0,1.0,4.0
5672,2024-01-11 14:39:00,,,2024-01-11 14:38:00,1.0,,
5673,2024-02-04 13:21:00,2024-02-04 13:24:00,2024-02-04 13:28:00,2024-02-04 13:19:00,2.0,3.0,4.0
5674,2024-01-31 16:32:00,2024-01-31 16:33:00,2024-01-31 16:37:00,2024-01-31 16:30:00,2.0,1.0,4.0
5675,,,,2024-01-11 07:50:00,,,
5676,2024-01-01 16:39:00,2024-01-01 16:43:00,2024-01-01 16:45:00,2024-01-01 16:37:00,2.0,4.0,2.0
5677,2024-01-10 01:37:00,2024-01-10 01:41:00,2024-01-10 01:43:00,2024-01-10 01:36:00,1.0,4.0,2.0
5678,2024-01-31 22:57:00,2024-01-31 23:01:00,2024-01-31 23:04:00,2024-01-31 22:54:00,3.0,4.0,3.0
5679,,,,2024-01-20 06:05:00,,,
5680,,,,2024-01-13 10:54:00,,,
5681,2024-01-06 04:46:00,2024-01-06 04:49:00,,2024-01-06 04:45:00,1.0,3.0,
5682,2024-01-22 13:37:00,2024-01-22 13:41:00,2024-01-22 13:42:00,2024-01-22 13:34:00,3.0,4.0,1.0
5683,,,,2024-01-20 10:13:00,,,
5684,,,,2024-01-29 23:15:00,,,
5685,2024-01-12 07:32:00,2024-01-12 07:34:00,2024-01-12 07:36:00,2024-01-12 07:28:00,4.0,2.0,2.0
5686,2024-01-03 08:32:00,2024-01-03 08:36:00,2024-01-03 08:39:00,2024-01-03 08:28:00,4.0,4.0,3.0
5687,,,,2024-02-04 14:29:00,,,
5688,,,,2024-01-02 17:21:00,,,
5689,2024-02-03 00:30:00,2024-02-03 00:33:00,2024-02-03 00:37:00,2024-02-03 00:27:00,3.0,3.0,4.0
5690,2024-02-03 16:45:00,,,2024-02-03 16:43:00,2.0,,
5691,2024-01-19 20:00:00,2024-01-19 20:04:00,2024-01-19 20:08:00,2024-01-19 19:59:00,1.0,4.0,4.0
5692,,,,2024-01-21 23:19:00,,,
5693,,,,2024-01-31 09:20:00,,,
5694,2024-01-09 00:14:00,2024-01-09 00:17:00,2024-01-09 00:19:00,2024-01-09 00:11:00,3.0,3.0,2.0
5695,2024-01-28 14:26:00,2024-01-28 14:27:00,2024-01-28 14:31:00,2024-01-28 14:22:00,4.0,1.0,4.0
5696,,,,2024-01-04 06:51:00,,,
5697,2024-01-06 09:28:00,,,2024-01-06 09:27:00,1.0,,
5698,,,,2024-01-16 04:40:00,,,
5699,2024-01-29 17:23:00,,,2024-01-29 17:21:00,2.0,,
5700,2024-01-07 14:58:00,2024-01-07 15:02:00,,2024-01-07 14:56:00,2.0,4.0,
5701,,,,2024-01-25 01:31:00,,,
5702,,,,2024-01-26 02:44:00,,,
5703,2024-01-08 12:25:00,2024-01-08 12:29:00,2024-01-08 12:32:00,2024-01-08 12:24:00,1.0,4.0,3.0
5704,,,,2024-01-05 12:01:00,,,
5705,2024-01-22 18:02:00,2024-01-22 18:06:00,2024-01-22 18:08:00,2024-01-22 18:00:00,2.0,4.0,2.0
5706,2024-01-16 19:03:00,2024-01-16 19:06:00,2024-01-16 19:09:00,2024-01-16 19:02:00,1.0,3.0,3.0
5707,2024-01-28 17:30:00,2024-01-28 17:32:00,2024-01-28 17:33:00,2024-01-28 17:28:00,2.0,2.0,1.0
5708,2024-01-29 08:10:00,2024-01-29 08:13:00,2024-01-29 08:17:00,2024-01-29 08:07:00,3.0,3.0,4.0
5709,,,,2024-01-21 19:09:00,,,
5710,,,,2024-01-24 19:11:00,,,
5711,2024-01-09 14:46:00,2024-01-09 14:47:00,2024-01-09 14:50:00,2024-01-09 14:43:00,3.0,1.0,3.0
5712,2024-01-24 03:48:00,,,2024-01-24 03:44:00,4.0,,
5713,,,,2024-01-09 22:57:00,,,
5714,,,,2024-01-24 23:04:00,,,
5715,2024-01-16 03:51:00,2024-01-16 03:53:00,,2024-01-16 03:50:00,1.0,2.0,
5716,2024-02-01 07:08:00,2024-02-01 07:09:00,2024-02-01 07:12:00,2024-02-01 07:05:00,3.0,1.0,3.0
5717,2024-02-04 07:26:00,2024-02-04 07:28:00,2024-02-04 07:30:00,2024-02-04 07:24:00,2.0,2.0,2.0
5718,2024-01-05 03:00:00,,,2024-01-05 02:56:00,4.0,,
5719,2024-01-08 10:50:00,2024-01-08 10:54:00,2024-01-08 10:57:00,2024-01-08 10:48:00,2.0,4.0,3.0
5720,2024-02-02 14:07:00,2024-02-02 14:10:00,2024-02-02 14:12:00,2024-02-02 14:05:00,2.0,3.0,2.0
5721,,,,2024-01-05 09:32:00,,,
5722,,,,2024-01-01 14:26:00,,,
5723,2024-01-10 18:02:00,2024-01-10 18:05:00,2024-01-10 18:08:00,2024-01-10 17:59:00,3.0,3.0,3.0
5724,2024-01-18 16:13:00,,,2024-01-18 16:09:00,4.0,,
5725,,,,2024-01-17 22:10:00,,,
5726,2024-01-31 10:45:00,2024-01-31 10:47:00,2024-01-31 10:49:00,2024-01-31 10:44:00,1.0,2.0,2.0
5727,2024-01-20 05:02:00,2024-01-20 05:06:00,2024-01-20 05:09:00,2024-01-20 05:01:00,1.0,4.0,3.0
5728,2024-01-04 16:29:00,,,2024-01-04 16:25:00,4.0,,
5729,2024-02-01 18:37:00,2024-02-01 18:41:00,2024-02-01 18:42:00,2024-02-01 18:35:00,2.0,4.0,1.0
5730,,,,2024-01-02 13:25:00,,,
5731,2024-01-07 08:58:00,2024-01-07 08:59:00,,2024-01-07 08:54:00,4.0,1.0,
5732,2024-01-11 21:53:00,2024-01-11 21:57:00,2024-01-11 21:59:00,2024-01-11 21:51:00,2.0,4.0,2.0
5733,2024-01-31 23:57:00,2024-02-01 00:00:00,,2024-01-31 23:55:00,2.0,3.0,
5734,2024-01-14 12:14:00,,,2024-01-14 12:12:00,2.0,,
5735,2024-01-02 21:02:00,2024-01-02 21:06:00,,2024-01-02 21:01:00,1.0,4.0,
5736,2024-02-04 10:49:00,2024-02-04 10:52:00,2024-02-04 10:54:00,2024-02-04 10:47:00,2.0,3.0,2.0
5737,,,,2024-01-16 02:10:00,,,
5738,2024-01-09 00:19:00,,,2024-01-09 00:15:00,4.0,,
5739,,,,2024-02-03 14:19:00,,,
5740,2024-01-06 07:03:00,2024-01-06 07:07:00,2024-01-06 07:09:00,2024-01-06 06:59:00,4.0,4.0,2.0
5741,,,,2024-01-19 23:46:00,,,
5742,,,,2024-01-07 17:47:00,,,
5743,,,,2024-01-03 16:23:00,,,
5744,2024-01-02 01:07:00,,,2024-01-02 01:06:00,1.0,,
5745,,,,2024-01-23 01:40:00,,,
5746,2024-01-28 22:15:00,,,2024-01-28 22:14:00,1.0,,
5747,,,,2024-01-09 12:45:00,,,
5748,2024-01-14 11:55:00,2024-01-14 11:57:00,2024-01-14 12:01:00,2024-01-14 11:54:00,1.0,2.0,4.0
5749,2024-01-24 23:14:00,2024-01-24 23:16:00,2024-01-24 23:18:00,2024-01-24 23:13:00,1.0,2.0,2.0
5750,,,,2024-01-03 10:29:00,,,
5751,2024-02-03 14:56:00,2024-02-03 14:57:00,,2024-02-03 14:55:00,1.0,1.0,
5752,2024-01-17 07:15:00,,,2024-01-17 07:13:00,2.0,,
5753,,,,2024-01-10 17:34:00,,,
5754,2024-01-06 21:14:00,,,2024-01-06 21:11:00,3.0,,
5755,,,,2024-01-08 16:12:00,,,
5756,2024-01-04 20:28:00,2024-01-04 20:32:00,,2024-01-04 20:25:00,3.0,4.0,
5757,,,,2024-01-25 23:31:00,,,
5758,,,,2024-01-08 20:19:00,,,
5759,2024-01-08 16:20:00,2024-01-08 16:23:00,2024-01-08 16:25:00,2024-01-08 16:18:00,2.0,3.0,2.0
5760,2024-01-23 20:57:00,,,2024-01-23 20:55:00,2.0,,
5761,2024-01-13 02:33:00,2024-01-13 02:36:00,2024-01-13 02:40:00,2024-01-13 02:31:00,2.0,3.0,4.0
5762,,,,2024-01-20 23:59:00,,,
5763,2024-01-13 15:27:00,2024-01-13 15:29:00,2024-01-13 15:31:00,2024-01-13 15:24:00,3.0,2.0,2.0
5764,,,,2024-01-20 11:08:00,,,
5765,2024-01-18 23:38:00,2024-01-18 23:42:00,2024-01-18 23:44:00,2024-01-18 23:36:00,2.0,4.0,2.0
5766,,,,2024-01-29 22:55:00,,,
5767,2024-01-25 04:50:00,2024-01-25 04:51:00,2024-01-25 04:53:00,2024-01-25 04:46:00,4.0,1.0,2.0
5768,,,,2024-01-19 13:24:00,,,
5769,2024-01-07 10:15:00,2024-01-07 10:19:00,,2024-01-07 10:14:00,1.0,4.0,
5770,,,,2024-01-28 14:25:00,,,
5771,2024-01-28 08:01:00,,,2024-01-28 08:00:00,1.0,,
5772,2024-01-31 09:25:00,2024-01-31 09:28:00,2024-01-31 09:30:00,2024-01-31 09:24:00,1.0,3.0,2.0
5773,2024-01-21 08:44:00,2024-01-21 08:48:00,,2024-01-21 08:41:00,3.0,4.0,
5774,2024-01-31 21:44:00,,,2024-01-31 21:41:00,3.0,,
5775,2024-02-04 06:17:00,2024-02-04 06:21:00,2024-02-04 06:25:00,2024-02-04 06:13:00,4.0,4.0,4.0
5776,,,,2024-01-18 05:44:00,,,
5777,2024-01-10 08:15:00,,,2024-01-10 08:14:00,1.0,,
5778,2024-01-29 09:26:00,2024-01-29 09:29:00,2024-01-29 09:32:00,2024-01-29 09:24:00,2.0,3.0,3.0
5779,2024-01-18 02:44:00,2024-01-18 02:48:00,2024-01-18 02:50:00,2024-01-18 02:41:00,3.0,4.0,2.0
5780,2024-01-30 23:17:00,,,2024-01-30 23:15:00,2.0,,
5781,2024-01-29 02:15:00,2024-01-29 02:16:00,2024-01-29 02:19:00,2024-01-29 02:11:00,4.0,1.0,3.0
5782,,,,2024-01-09 11:03:00,,,
5783,2024-01-23 19:25:00,,,2024-01-23 19:23:00,2.0,,
5784,2024-01-21 15:47:00,,,2024-01-21 15:46:00,1.0,,
5785,,,,2024-01-14 11:22:00,,,
5786,2024-01-17 16:31:00,2024-01-17 16:34:00,2024-01-17 16:35:00,2024-01-17 16:29:00,2.0,3.0,1.0
5787,2024-02-03 04:39:00,,,2024-02-03 04:37:00,2.0,,
5788,,,,2024-01-04 20:03:00,,,
5789,2024-01-15 23:34:00,,,2024-01-15 23:30:00,4.0,,
5790,2024-01-24 02:41:00,2024-01-24 02:42:00,2024-01-24 02:46:00,2024-01-24 02:39:00,2.0,1.0,4.0
5791,,,,2024-01-02 21:54:00,,,
5792,2024-01-11 22:13:00,2024-01-11 22:17:00,2024-01-11 22:19:00,2024-01-11 22:11:00,2.0,4.0,2.0
5793,2024-01-27 21:05:00,,,2024-01-27 21:01:00,4.0,,
5794,2024-01-10 09:34:00,2024-01-10 09:36:00,2024-01-10 09:37:00,2024-01-10 09:30:00,4.0,2.0,1.0
5795,2024-02-01 03:13:00,,,2024-02-01 03:09:00,4.0,,
5796,,,,2024-01-21 02:42:00,,,
5797,2024-01-31 00:47:00,,,2024-01-31 00:46:00,1.0,,
5798,2024-01-25 15:22:00,2024-01-25 15:23:00,2024-01-25 15:26:00,2024-01-25 15:18:00,4.0,1.0,3.0
5799,2024-02-03 01:53:00,,,2024-02-03 01:51:00,2.0,,
5800,,,,2024-01-10 16:34:00,,,
5801,,,,2024-01-10 22:16:00,,,
5802,2024-01-09 17:59:00,2024-01-09 18:00:00,,2024-01-09 17:57:00,2.0,1.0,
5803,2024-02-02 04:06:00,2024-02-02 04:09:00,,2024-02-02 04:02:00,4.0,3.0,
5804,2024-01-24 09:00:00,2024-01-24 09:04:00,2024-01-24 09:07:00,2024-01-24 08:58:00,2.0,4.0,3.0
5805,,,,2024-01-25 11:50:00,,,
5806,2024-01-10 04:33:00,2024-01-10 04:34:00,2024-01-10 04:38:00,2024-01-10 04:32:00,1.0,1.0,4.0
5807,2024-02-02 12:57:00,,,2024-02-02 12:56:00,1.0,,
5808,2024-01-02 03:15:00,2024-01-02 03:17:00,2024-01-02 03:19:00,2024-01-02 03:11:00,4.0,2.0,2.0
5809,2024-02-04 09:55:00,2024-02-04 09:59:00,2024-02-04 10:01:00,2024-02-04 09:54:00,1.0,4.0,2.0
5810,,,,2024-01-23 13:28:00,,,
5811,,,,2024-01-12 21:41:00,,,
5812,,,,2024-01-28 15:52:00,,,
5813,2024-01-09 04:18:00,2024-01-09 04:19:00,2024-01-09 04:21:00,2024-01-09 04:15:00,3.0,1.0,2.0
5814,2024-01-20 00:42:00,2024-01-20 00:45:00,2024-01-20 00:48:00,2024-01-20 00:40:00,2.0,3.0,3.0
5815,2024-01-10 18:25:00,2024-01-10 18:29:00,2024-01-10 18:33:00,2024-01-10 18:22:00,3.0,4.0,4.0
5816,2024-01-04 07:54:00,2024-01-04 07:55:00,2024-01-04 07:58:00,2024-01-04 07:53:00,1.0,1.0,3.0
5817,2024-01-28 12:08:00,2024-01-28 12:09:00,2024-01-28 12:12:00,2024-01-28 12:04:00,4.0,1.0,3.0
5818,,,,2024-01-18 15:11:00,,,
5819,2024-01-07 10:53:00,2024-01-07 10:54:00,2024-01-07 10:56:00,2024-01-07 10:49:00,4.0,1.0,2.0
5820,,,,2024-01-24 17:28:00,,,
5821,2024-01-18 00:56:00,,,2024-01-18 00:52:00,4.0,,
5822,2024-01-11 17:59:00,2024-01-11 18:02:00,2024-01-11 18:06:00,2024-01-11 17:58:00,1.0,3.0,4.0
5823,,,,2024-01-13 13:29:00,,,
5824,,,,2024-01-27 21:49:00,,,
5825,2024-01-17 10:16:00,2024-01-17 10:20:00,2024-01-17 10:22:00,2024-01-17 10:14:00,2.0,4.0,2.0
5826,2024-01-22 18:58:00,2024-01-22 19:00:00,2024-01-22 19:01:00,2024-01-22 18:57:00,1.0,2.0,1.0
5827,,,,2024-01-16 08:17:00,,,
5828,2024-02-04 04:50:00,,,2024-02-04 04:47:00,3.0,,
5829,2024-01-04 00:06:00,,,2024-01-04 00:05:00,1.0,,
5830,2024-01-22 02:25:00,2024-01-22 02:26:00,2024-01-22 02:28:00,2024-01-22 02:24:00,1.0,1.0,2.0
5831,2024-01-16 00:44:00,2024-01-16 00:45:00,2024-01-16 00:49:00,2024-01-16 00:43:00,1.0,1.0,4.0
5832,,,,2024-01-19 01:24:00,,,
5833,2024-01-27 01:56:00,2024-01-27 01:57:00,2024-01-27 01:59:00,2024-01-27 01:54:00,2.0,1.0,2.0
5834,,,,2024-01-05 07:54:00,,,
5835,2024-01-18 21:07:00,2024-01-18 21:09:00,2024-01-18 21:12:00,2024-01-18 21:06:00,1.0,2.0,3.0
5836,,,,2024-01-14 11:37:00,,,
5837,,,,2024-01-18 09:46:00,,,
5838,,,,2024-01-12 03:58:00,,,
5839,2024-01-17 18:53:00,2024-01-17 18:56:00,2024-01-17 18:59:00,2024-01-17 18:52:00,1.0,3.0,3.0
5840,,,,2024-01-07 04:18:00,,,
5841,,,,2024-01-15 11:39:00,,,
5842,,,,2024-01-12 16:09:00,,,
5843,2024-01-15 16:42:00,2024-01-15 16:45:00,2024-01-15 16:48:00,2024-01-15 16:41:00,1.0,3.0,3.0
5844,,,,2024-01-28 06:21:00,,,
5845,2024-01-29 11:39:00,2024-01-29 11:43:00,2024-01-29 11:44:00,2024-01-29 11:38:00,1.0,4.0,1.0
5846,,,,2024-02-04 11:32:00,,,
5847,,,,2024-01-23 09:17:00,,,
5848,2024-01-13 20:14:00,2024-01-13 20:16:00,,2024-01-13 20:12:00,2.0,2.0,
5849,2024-01-16 13:41:00,2024-01-16 13:43:00,2024-01-16 13:47:00,2024-01-16 13:39:00,2.0,2.0,4.0
5850,2024-01-06 06:42:00,,,2024-01-06 06:41:00,1.0,,
5851,2024-01-23 15:25:00,2024-01-23 15:27:00,,2024-01-23 15:21:00,4.0,2.0,
5852,2024-01-13 02:08:00,2024-01-13 02:12:00,2024-01-13 02:13:00,2024-01-13 02:04:00,4.0,4.0,1.0
5853,2024-02-02 02:16:00,2024-02-02 02:17:00,2024-02-02 02:20:00,2024-02-02 02:13:00,3.0,1.0,3.0
5854,,,,2024-01-17 09:51:00,,,
5855,2024-01-08 02:35:00,2024-01-08 02:37:00,2024-01-08 02:38:00,2024-01-08 02:31:00,4.0,2.0,1.0
5856,2024-01-10 12:22:00,2024-01-10 12:26:00,2024-01-10 12:28:00,2024-01-10 12:19:00,3.0,4.0,2.0
5857,2024-01-28 05:43:00,,,2024-01-28 05:41:00,2.0,,
5858,,,,2024-01-20 03:47:00,,,
5859,,,,2024-01-15 13:16:00,,,
5860,2024-01-10 17:33:00,2024-01-10 17:37:00,2024-01-10 17:41:00,2024-01-10 17:32:00,1.0,4.0,4.0
5861,,,,2024-01-27 22:05:00,,,
5862,,,,2024-01-31 01:00:00,,,
5863,,,,2024-01-09 08:56:00,,,
5864,,,,2024-01-21 05:52:00,,,
5865,,,,2024-01-09 12:25:00,,,
5866,,,,2024-02-01 17:29:00,,,
5867,2024-01-30 01:37:00,2024-01-30 01:40:00,2024-01-30 01:44:00,2024-01-30 01:33:00,4.0,3.0,4.0
5868,2024-01-24 17:59:00,2024-01-24 18:02:00,,2024-01-24 17:56:00,3.0,3.0,
5869,2024-01-20 04:30:00,2024-01-20 04:33:00,2024-01-20 04:36:00,2024-01-20 04:26:00,4.0,3.0,3.0
5870,2024-02-04 03:30:00,2024-02-04 03:33:00,2024-02-04 03:37:00,2024-02-04 03:26:00,4.0,3.0,4.0
5871,2024-01-15 15:43:00,2024-01-15 15:47:00,2024-01-15 15:48:00,2024-01-15 15:39:00,4.0,4.0,1.0
5872,,,,2024-01-16 17:13:00,,,
5873,,,,2024-01-19 03:04:00,,,
5874,2024-01-20 09:01:00,2024-01-20 09:02:00,2024-01-20 09:04:00,2024-01-20 08:57:00,4.0,1.0,2.0
5875,,,,2024-02-02 11:50:00,,,
5876,2024-02-03 19:21:00,2024-02-03 19:24:00,2024-02-03 19:26:00,2024-02-03 19:17:00,4.0,3.0,2.0
5877,2024-01-12 13:24:00,2024-01-12 13:27:00,,2024-01-12 13:21:00,3.0,3.0,
5878,2024-01-24 23:47:00,2024-01-24 23:48:00,,2024-01-24 23:46:00,1.0,1.0,
5879,2024-01-05 03:01:00,2024-01-05 03:03:00,2024-01-05 03:06:00,2024-01-05 02:57:00,4.0,2.0,3.0
5880,2024-01-13 06:24:00,2024-01-13 06:25:00,2024-01-13 06:27:00,2024-01-13 06:21:00,3.0,1.0,2.0
5881,,,,2024-02-02 19:57:00,,,
5882,2024-01-05 00:28:00,2024-01-05 00:30:00,2024-01-05 00:34:00,2024-01-05 00:26:00,2.0,2.0,4.0
5883,2024-01-28 04:43:00,2024-01-28 04:44:00,2024-01-28 04:48:00,2024-01-28 04:42:00,1.0,1.0,4.0
5884,2024-01-27 23:54:00,2024-01-27 23:56:00,,2024-01-27 23:52:00,2.0,2.0,
5885,,,,2024-01-25 06:58:00,,,
5886,2024-02-01 23:09:00,,,2024-02-01 23:07:00,2.0,,
5887,,,,2024-01-01 00:12:00,,,
5888,,,,2024-01-18 12:51:00,,,
5889,2024-01-11 01:09:00,2024-01-11 01:11:00,2024-01-11 01:13:00,2024-01-11 01:08:00,1.0,2.0,2.0
5890,2024-01-23 17:45:00,,,2024-01-23 17:41:00,4.0,,
5891,,,,2024-01-03 02:40:00,,,
5892,2024-01-21 22:37:00,,,2024-01-21 22:35:00,2.0,,
5893,,,,2024-02-01 07:26:00,,,
5894,2024-01-20 18:52:00,2024-01-20 18:56:00,2024-01-20 18:58:00,2024-01-20 18:48:00,4.0,4.0,2.0
5895,,,,2024-01-31 01:52:00,,,
5896,2024-01-27 12:30:00,,,2024-01-27 12:26:00,4.0,,
5897,2024-01-03 04:36:00,,,2024-01-03 04:33:00,3.0,,
5898,2024-01-04 10:12:00,2024-01-04 10:14:00,2024-01-04 10:15:00,2024-01-04 10:08:00,4.0,2.0,1.0
5899,2024-01-15 10:36:00,2024-01-15 10:39:00,2024-01-15 10:41:00,2024-01-15 10:33:00,3.0,3.0,2.0
5900,2024-01-13 14:29:00,,,2024-01-13 14:27:00,2.0,,
5901,2024-01-06 08:22:00,2024-01-06 08:25:00,2024-01-06 08:27:00,2024-01-06 08:19:00,3.0,3.0,2.0
5902,2024-01-16 15:50:00,,,2024-01-16 15:49:00,1.0,,
5903,,,,2024-01-20 14:51:00,,,
5904,2024-01-10 23:22:00,2024-01-10 23:26:00,2024-01-10 23:28:00,2024-01-10 23:21:00,1.0,4.0,2.0
5905,2024-01-27 03:31:00,,,2024-01-27 03:27:00,4.0,,
5906,,,,2024-01-12 05:25:00,,,
5907,2024-01-15 00:04:00,,,2024-01-15 00:00:00,4.0,,
5908,,,,2024-01-05 07:51:00,,,
5909,2024-01-22 02:13:00,2024-01-22 02:15:00,2024-01-22 02:17:00,2024-01-22 02:11:00,2.0,2.0,2.0
5910,2024-01-30 06:15:00,2024-01-30 06:19:00,,2024-01-30 06:11:00,4.0,4.0,
5911,2024-01-20 18:50:00,2024-01-20 18:54:00,2024-01-20 18:56:00,2024-01-20 18:46:00,4.0,4.0,2.0
5912,2024-01-16 06:28:00,,,2024-01-16 06:25:00,3.0,,
5913,2024-02-02 10:51:00,,,2024-02-02 10:49:00,2.0,,
5914,,,,2024-01-03 03:46:00,,,
5915,2024-01-08 21:39:00,2024-01-08 21:43:00,2024-01-08 21:45:00,2024-01-08 21:36:00,3.0,4.0,2.0
5916,,,,2024-01-13 20:33:00,,,
5917,2024-01-10 13:34:00,,,2024-01-10 13:30:00,4.0,,
5918,2024-02-03 17:21:00,,,2024-02-03 17:17:00,4.0,,
5919,2024-01-12 07:47:00,,,2024-01-12 07:45:00,2.0,,
5920,2024-01-29 07:14:00,2024-01-29 07:17:00,2024-01-29 07:19:00,2024-01-29 07:10:00,4.0,3.0,2.0
5921,,,,2024-01-24 07:04:00,,,
5922,,,,2024-01-08 09:36:00,,,
5923,,,,2024-01-05 03:22:00,,,
5924,2024-01-17 18:50:00,2024-01-17 18:52:00,2024-01-17 18:55:00,2024-01-17 18:47:00,3.0,2.0,3.0
5925,2024-01-28 23:50:00,,,2024-01-28 23:46:00,4.0,,
5926,2024-01-04 04:48:00,2024-01-04 04:51:00,2024-01-04 04:53:00,2024-01-04 04:47:00,1.0,3.0,2.0
5927,,,,2024-01-11 08:23:00,,,
5928,2024-01-17 09:36:00,2024-01-17 09:37:00,2024-01-17 09:40:00,2024-01-17 09:35:00,1.0,1.0,3.0
5929,2024-01-13 14:16:00,2024-01-13 14:20:00,,2024-01-13 14:12:00,4.0,4.0,
5930,,,,2024-01-29 21:52:00,,,
5931,,,,2024-01-22 23:02:00,,,
5932,,,,2024-01-06 03:00:00,,,
5933,,,,2024-01-31 09:41:00,,,
5934,2024-01-13 15:15:00,2024-01-13 15:19:00,2024-01-13 15:23:00,2024-01-13 15:11:00,4.0,4.0,4.0
5935,,,,2024-01-29 22:06:00,,,
5936,,,,2024-01-26 05:13:00,,,
5937,2024-02-03 05:04:00,2024-02-03 05:08:00,,2024-02-03 05:02:00,2.0,4.0,
5938,2024-01-08 15:53:00,,,2024-01-08 15:51:00,2.0,,
5939,2024-01-03 01:42:00,2024-01-03 01:46:00,2024-01-03 01:47:00,2024-01-03 01:38:00,4.0,4.0,1.0
5940,,,,2024-01-27 11:37:00,,,
5941,2024-01-28 11:47:00,2024-01-28 11:50:00,,2024-01-28 11:45:00,2.0,3.0,
5942,2024-02-03 21:23:00,,,2024-02-03 21:21:00,2.0,,
5943,,,,2024-01-27 08:17:00,,,
5944,,,,2024-02-01 18:11:00,,,
5945,,,,2024-01-02 02:41:00,,,
5946,2024-01-20 01:26:00,2024-01-20 01:28:00,2024-01-20 01:30:00,2024-01-20 01:24:00,2.0,2.0,2.0
5947,,,,2024-01-06 16:25:00,,,
5948,,,,2024-01-18 13:54:00,,,
5949,2024-01-26 02:11:00,,,2024-01-26 02:10:00,1.0,,
5950,2024-01-28 15:44:00,,,2024-01-28 15:40:00,4.0,,
5951,,,,2024-01-27 18:07:00,,,
5952,,,,2024-01-19 09:41:00,,,
5953,2024-01-05 11:33:00,,,2024-01-05 11:31:00,2.0,,
5954,2024-01-19 05:08:00,,,2024-01-19 05:05:00,3.0,,
5955,2024-01-20 02:38:00,,,2024-01-20 02:37:00,1.0,,
5956,2024-01-31 10:57:00,2024-01-31 10:58:00,2024-01-31 11:00:00,2024-01-31 10:54:00,3.0,1.0,2.0
5957,2024-01-25 00:20:00,2024-01-25 00:24:00,2024-01-25 00:27:00,2024-01-25 00:16:00,4.0,4.0,3.0
5958,,,,2024-01-25 22:43:00,,,
5959,,,,2024-01-21 04:30:00,,,
5960,,,,2024-01-04 12:22:00,,,
5961,,,,2024-01-18 20:18:00,,,
5962,2024-01-19 14:20:00,2024-01-19 14:22:00,2024-01-19 14:25:00,2024-01-19 14:18:00,2.0,2.0,3.0
5963,2024-02-04 05:13:00,2024-02-04 05:14:00,,2024-02-04 05:11:00,2.0,1.0,
5964,2024-01-09 02:03:00,,,2024-01-09 02:02:00,1.0,,
5965,2024-01-26 07:32:00,2024-01-26 07:33:00,2024-01-26 07:35:00,2024-01-26 07:30:00,2.0,1.0,2.0
5966,,,,2024-01-20 07:14:00,,,
5967,,,,2024-01-16 08:41:00,,,
5968,,,,2024-01-28 05:52:00,,,
5969,2024-02-01 11:47:00,2024-02-01 11:48:00,2024-02-01 11:50:00,2024-02-01 11:44:00,3.0,1.0,2.0
5970,,,,2024-02-04 15:45:00,,,
5971,2024-01-19 22:49:00,2024-01-19 22:51:00,2024-01-19 22:52:00,2024-01-19 22:47:00,2.0,2.0,1.0
5972,2024-01-02 17:03:00,2024-01-02 17:07:00,2024-01-02 17:11:00,2024-01-02 17:01:00,2.0,4.0,4.0
5973,,,,2024-01-03 19:04:00,,,
5974,2024-01-11 18:37:00,2024-01-11 18:40:00,2024-01-11 18:41:00,2024-01-11 18:36:00,1.0,3.0,1.0
5975,2024-01-07 17:32:00,2024-01-07 17:33:00,2024-01-07 17:34:00,2024-01-07 17:30:00,2.0,1.0,1.0
5976,2024-01-27 04:14:00,2024-01-27 04:18:00,,2024-01-27 04:13:00,1.0,4.0,
5977,,,,2024-01-13 09:34:00,,,
5978,2024-01-10 15:55:00,,,2024-01-10 15:52:00,3.0,,
5979,,,,2024-01-29 05:08:00,,,
5980,,,,2024-01-23 03:04:00,,,
5981,,,,2024-01-30 07:14:00,,,
5982,,,,2024-01-17 20:38:00,,,
5983,,,,2024-01-28 09:49:00,,,
5984,2024-01-15 17:44:00,,,2024-01-15 17:42:00,2.0,,
5985,,,,2024-01-10 05:47:00,,,
5986,2024-01-03 02:56:00,2024-01-03 02:58:00,,2024-01-03 02:54:00,2.0,2.0,
5987,2024-01-09 18:49:00,,,2024-01-09 18:48:00,1.0,,
5988,2024-01-29 02:20:00,2024-01-29 02:23:00,2024-01-29 02:26:00,2024-01-29 02:16:00,4.0,3.0,3.0
5989,2024-01-27 15:38:00,,,2024-01-27 15:36:00,2.0,,
5990,2024-01-20 14:07:00,,,2024-01-20 14:03:00,4.0,,
5991,2024-01-17 07:02:00,2024-01-17 07:04:00,2024-01-17 07:07:00,2024-01-17 07:00:00,2.0,2.0,3.0
5992,,,,2024-01-15 15:04:00,,,
5993,,,,2024-01-07 17:58:00,,,
5994,,,,2024-01-19 07:40:00,,,
5995,2024-01-03 01:47:00,2024-01-03 01:49:00,2024-01-03 01:52:00,2024-01-03 01:43:00,4.0,2.0,3.0
5996,2024-01-22 07:38:00,,,2024-01-22 07:34:00,4.0,,
5997,2024-01-12 16:53:00,2024-01-12 16:56:00,2024-01-12 17:00:00,2024-01-12 16:52:00,1.0,3.0,4.0
5998,,,,2024-01-28 20:53:00,,,
5999,2024-01-01 06:18:00,2024-01-01 06:21:00,2024-01-01 06:24:00,2024-01-01 06:15:00,3.0,3.0,3.0
6000,,,,2024-02-01 21:01:00,,,
