user_id,session_id,event_time,event_type,product_id,category,price,device_type,user_type
1244,1,2024-01-27 18:42:00,view,1052,Beauty,162,Mobile,Returning
1244,1,2024-01-27 18:46:00,cart,1052,Beauty,162,Mobile,Returning
1244,1,2024-01-27 18:47:00,checkout,1052,Beauty,162,Mobile,Returning
1244,1,2024-01-27 18:51:00,purchase,1052,Beauty,162,Mobile,Returning
903,2,2024-01-12 20:46:00,view,1082,Home,437,Mobile,New
163,3,2024-01-25 19:17:00,view,1781,Fashion,747,Desktop,Returning
1975,4,2024-01-31 17:13:00,view,1419,Home,299,Mobile,New
1975,4,2024-01-31 17:14:00,cart,1419,Home,299,Mobile,New
1244,5,2024-01-25 02:36:00,view,1958,Fashion,996,Mobile,Returning
270,6,2024-01-04 16:25:00,view,1206,Electronics,918,Desktop,New
270,6,2024-01-04 16:29:00,cart,1206,Electronics,918,Desktop,New
270,6,2024-01-04 16:30:00,checkout,1206,Electronics,918,Desktop,New
270,6,2024-01-04 16:34:00,purchase,1206,Electronics,918,Desktop,New
632,7,2024-01-21 11:35:00,view,1993,Fashion,268,Mobile,Returning
632,7,2024-01-21 11:36:00,cart,1993,Fashion,268,Mobile,Returning
906,8,2024-01-22 08:58:00,view,1872,Beauty,912,Mobile,Returning
1872,9,2024-01-21 21:26:00,view,1813,Electronics,151,Tablet,New
1872,9,2024-01-21 21:28:00,cart,1813,Electronics,151,Tablet,New
1872,9,2024-01-21 21:32:00,checkout,1813,Electronics,151,Tablet,New
1424,10,2024-02-03 05:03:00,view,1701,Fashion,78,Mobile,New
1424,10,2024-02-03 05:07:00,cart,1701,Fashion,78,Mobile,New
1206,11,2024-01-29 10:21:00,view,1407,Beauty,989,Desktop,Returning
1642,12,2024-02-04 05:17:00,view,1030,Home,834,Mobile,Returning
1753,13,2024-01-01 10:32:00,view,1668,Fashion,216,Mobile,New
205,14,2024-01-27 01:35:00,view,1411,Electronics,396,Mobile,Returning
205,14,2024-01-27 01:37:00,cart,1411,Electronics,396,Mobile,Returning
205,14,2024-01-27 01:38:00,checkout,1411,Electronics,396,Mobile,Returning
205,14,2024-01-27 01:42:00,purchase,1411,Electronics,396,Mobile,Returning
582,15,2024-01-31 10:42:00,view,1964,Fashion,972,Mobile,Returning
582,15,2024-01-31 10:43:00,cart,1964,Fashion,972,Mobile,Returning
582,15,2024-01-31 10:47:00,checkout,1964,Fashion,972,Mobile,Returning
1580,16,2024-01-01 01:31:00,view,1991,Beauty,409,Mobile,New
841,17,2024-02-04 11:20:00,view,1355,Beauty,897,Desktop,New
1837,18,2024-01-08 15:58:00,view,1306,Electronics,725,Mobile,New
1252,19,2024-01-28 20:33:00,view,1020,Home,444,Mobile,New
1720,20,2024-01-20 06:24:00,view,1901,Fashion,254,Mobile,New
1643,21,2024-02-02 07:38:00,view,1697,Fashion,85,Desktop,New
1643,21,2024-02-02 07:41:00,cart,1697,Fashion,85,Desktop,New
1643,21,2024-02-02 07:44:00,checkout,1697,Fashion,85,Desktop,New
596,22,2024-01-17 18:19:00,view,1701,Beauty,435,Mobile,New
1874,23,2024-02-01 10:27:00,view,1147,Electronics,200,Mobile,Returning
1874,23,2024-02-01 10:31:00,cart,1147,Electronics,200,Mobile,Returning
1874,23,2024-02-01 10:33:00,checkout,1147,Electronics,200,Mobile,Returning
1874,23,2024-02-01 10:36:00,purchase,1147,Electronics,200,Mobile,Returning
250,24,2024-01-25 13:58:00,view,1837,Home,771,Mobile,Returning
875,25,2024-01-27 22:01:00,view,1029,Home,634,Mobile,New
1465,26,2024-01-06 01:48:00,view,1054,Fashion,430,Mobile,Returning
1557,27,2024-01-08 01:37:00,view,1104,Electronics,555,Desktop,Returning
1557,27,2024-01-08 01:40:00,cart,1104,Electronics,555,Desktop,Returning
196,28,2024-01-13 04:20:00,view,1148,Electronics,626,Mobile,New
196,28,2024-01-13 04:23:00,cart,1148,Electronics,626,Mobile,New
690,29,2024-01-26 15:18:00,view,1786,Beauty,635,Mobile,New
1953,30,2024-01-01 14:41:00,view,1452,Electronics,216,Mobile,New
1543,31,2024-02-04 16:25:00,view,1753,Fashion,934,Desktop,New
1094,32,2024-01-26 02:35:00,view,1175,Electronics,685,Mobile,New
1094,32,2024-01-26 02:38:00,cart,1175,Electronics,685,Mobile,New
639,33,2024-01-29 21:17:00,view,1201,Home,873,Mobile,New
639,33,2024-01-29 21:18:00,cart,1201,Home,873,Mobile,New
639,33,2024-01-29 21:21:00,checkout,1201,Home,873,Mobile,New
639,33,2024-01-29 21:25:00,purchase,1201,Home,873,Mobile,New
1423,34,2024-02-04 02:51:00,view,1441,Electronics,472,Mobile,New
672,35,2024-01-25 13:06:00,view,1182,Fashion,353,Mobile,Returning
1784,36,2024-02-03 12:48:00,view,1493,Home,19,Mobile,Returning
1227,37,2024-01-23 20:45:00,view,1508,Home,253,Mobile,New
1172,38,2024-02-02 09:10:00,view,1655,Home,639,Mobile,Returning
1496,39,2024-01-27 23:46:00,view,1333,Beauty,248,Mobile,Returning
1679,40,2024-01-29 03:41:00,view,1483,Electronics,978,Mobile,New
944,41,2024-01-03 07:25:00,view,1857,Electronics,255,Mobile,Returning
199,42,2024-01-12 18:52:00,view,1210,Electronics,401,Mobile,Returning
199,42,2024-01-12 18:53:00,cart,1210,Electronics,401,Mobile,Returning
199,42,2024-01-12 18:55:00,checkout,1210,Electronics,401,Mobile,Returning
199,42,2024-01-12 18:57:00,purchase,1210,Electronics,401,Mobile,Returning
1941,43,2024-01-12 08:18:00,view,1619,Fashion,455,Desktop,New
1941,43,2024-01-12 08:22:00,cart,1619,Fashion,455,Desktop,New
1941,43,2024-01-12 08:24:00,checkout,1619,Fashion,455,Desktop,New
1941,43,2024-01-12 08:27:00,purchase,1619,Fashion,455,Desktop,New
1450,44,2024-01-15 17:45:00,view,1756,Fashion,749,Tablet,Returning
1450,44,2024-01-15 17:49:00,cart,1756,Fashion,749,Tablet,Returning
1450,44,2024-01-15 17:53:00,checkout,1756,Fashion,749,Tablet,Returning
1690,45,2024-01-01 21:30:00,view,1260,Beauty,982,Tablet,Returning
492,46,2024-01-09 17:56:00,view,1849,Home,95,Desktop,Returning
1912,47,2024-01-20 23:54:00,view,1709,Beauty,40,Desktop,Returning
896,48,2024-01-26 03:47:00,view,1348,Electronics,994,Desktop,New
896,48,2024-01-26 03:51:00,cart,1348,Electronics,994,Desktop,New
896,48,2024-01-26 03:53:00,checkout,1348,Electronics,994,Desktop,New
896,48,2024-01-26 03:55:00,purchase,1348,Electronics,994,Desktop,New
142,49,2024-01-09 19:12:00,view,1703,Electronics,446,Mobile,New
1337,50,2024-01-03 23:33:00,view,1112,Beauty,932,Desktop,New
1337,50,2024-01-03 23:36:00,cart,1112,Beauty,932,Desktop,New
1337,50,2024-01-03 23:39:00,checkout,1112,Beauty,932,Desktop,New
1337,50,2024-01-03 23:40:00,purchase,1112,Beauty,932,Desktop,New
165,51,2024-01-10 06:58:00,view,1305,Fashion,198,Mobile,New
165,51,2024-01-10 07:01:00,cart,1305,Fashion,198,Mobile,New
165,51,2024-01-10 07:03:00,checkout,1305,Fashion,198,Mobile,New
165,51,2024-01-10 07:05:00,purchase,1305,Fashion,198,Mobile,New
314,52,2024-01-18 09:43:00,view,1199,Electronics,694,Mobile,Returning
21,53,2024-01-30 08:02:00,view,1662,Beauty,806,Desktop,Returning
21,53,2024-01-30 08:03:00,cart,1662,Beauty,806,Desktop,Returning
1106,54,2024-01-27 15:28:00,view,1742,Fashion,458,Mobile,New
1605,55,2024-01-22 22:26:00,view,1706,Fashion,310,Mobile,New
1605,55,2024-01-22 22:28:00,cart,1706,Fashion,310,Mobile,New
1605,55,2024-01-22 22:30:00,checkout,1706,Fashion,310,Mobile,New
1605,55,2024-01-22 22:34:00,purchase,1706,Fashion,310,Mobile,New
1155,56,2024-01-26 13:52:00,view,1261,Beauty,492,Desktop,Returning
1155,56,2024-01-26 13:56:00,cart,1261,Beauty,492,Desktop,Returning
1623,57,2024-01-12 10:04:00,view,1210,Electronics,521,Mobile,New
1754,58,2024-01-23 03:43:00,view,1252,Beauty,726,Mobile,New
1754,58,2024-01-23 03:46:00,cart,1252,Beauty,726,Mobile,New
1957,59,2024-01-14 09:19:00,view,1045,Home,711,Desktop,Returning
984,60,2024-01-31 08:18:00,view,1714,Fashion,314,Desktop,New
305,61,2024-01-27 06:20:00,view,1720,Electronics,254,Mobile,Returning
1939,62,2024-01-05 01:27:00,view,1382,Beauty,848,Mobile,New
371,63,2024-01-24 12:54:00,view,1216,Beauty,10,Mobile,New
371,63,2024-01-24 12:55:00,cart,1216,Beauty,10,Mobile,New
1881,64,2024-01-20 04:14:00,view,1626,Beauty,39,Desktop,Returning
853,65,2024-01-10 18:03:00,view,1491,Fashion,284,Mobile,New
853,65,2024-01-10 18:07:00,cart,1491,Fashion,284,Mobile,New
853,65,2024-01-10 18:10:00,checkout,1491,Fashion,284,Mobile,New
853,65,2024-01-10 18:11:00,purchase,1491,Fashion,284,Mobile,New
384,66,2024-01-10 09:53:00,view,1612,Beauty,599,Mobile,Returning
1932,67,2024-01-17 08:13:00,view,1038,Beauty,551,Mobile,New
1932,67,2024-01-17 08:17:00,cart,1038,Beauty,551,Mobile,New
1932,67,2024-01-17 08:20:00,checkout,1038,Beauty,551,Mobile,New
1932,67,2024-01-17 08:23:00,purchase,1038,Beauty,551,Mobile,New
445,68,2024-01-29 17:29:00,view,1044,Home,932,Mobile,Returning
445,68,2024-01-29 17:32:00,cart,1044,Home,932,Mobile,Returning
445,68,2024-01-29 17:34:00,checkout,1044,Home,932,Mobile,Returning
445,68,2024-01-29 17:36:00,purchase,1044,Home,932,Mobile,Returning
425,69,2024-01-13 17:26:00,view,1113,Fashion,631,Tablet,New
425,69,2024-01-13 17:28:00,cart,1113,Fashion,631,Tablet,New
161,70,2024-02-01 15:49:00,view,1359,Electronics,710,Mobile,New
161,70,2024-02-01 15:51:00,cart,1359,Electronics,710,Mobile,New
161,70,2024-02-01 15:54:00,checkout,1359,Electronics,710,Mobile,New
161,70,2024-02-01 15:58:00,purchase,1359,Electronics,710,Mobile,New
1202,71,2024-01-28 12:35:00,view,1882,Electronics,863,Desktop,New
1202,71,2024-01-28 12:38:00,cart,1882,Electronics,863,Desktop,New
1202,71,2024-01-28 12:40:00,checkout,1882,Electronics,863,Desktop,New
1202,71,2024-01-28 12:43:00,purchase,1882,Electronics,863,Desktop,New
629,72,2024-01-04 17:35:00,view,1319,Electronics,726,Mobile,New
629,72,2024-01-04 17:38:00,cart,1319,Electronics,726,Mobile,New
1732,73,2024-01-22 03:00:00,view,1565,Beauty,946,Desktop,Returning
1732,73,2024-01-22 03:02:00,cart,1565,Beauty,946,Desktop,Returning
1732,73,2024-01-22 03:06:00,checkout,1565,Beauty,946,Desktop,Returning
1732,73,2024-01-22 03:08:00,purchase,1565,Beauty,946,Desktop,Returning
895,74,2024-01-23 04:22:00,view,1191,Fashion,252,Desktop,Returning
895,74,2024-01-23 04:26:00,cart,1191,Fashion,252,Desktop,Returning
895,74,2024-01-23 04:29:00,checkout,1191,Fashion,252,Desktop,Returning
490,75,2024-02-01 19:18:00,view,1148,Home,951,Mobile,Returning
1017,76,2024-01-18 08:44:00,view,1734,Electronics,529,Mobile,New
1017,76,2024-01-18 08:45:00,cart,1734,Electronics,529,Mobile,New
1017,76,2024-01-18 08:47:00,checkout,1734,Electronics,529,Mobile,New
1017,76,2024-01-18 08:50:00,purchase,1734,Electronics,529,Mobile,New
327,77,2024-01-04 16:36:00,view,1307,Fashion,122,Mobile,New
327,77,2024-01-04 16:38:00,cart,1307,Fashion,122,Mobile,New
327,77,2024-01-04 16:39:00,checkout,1307,Fashion,122,Mobile,New
598,78,2024-01-01 02:36:00,view,1030,Fashion,251,Desktop,New
598,78,2024-01-01 02:38:00,cart,1030,Fashion,251,Desktop,New
598,78,2024-01-01 02:41:00,checkout,1030,Fashion,251,Desktop,New
1015,79,2024-01-26 09:19:00,view,1058,Electronics,960,Mobile,Returning
1015,79,2024-01-26 09:21:00,cart,1058,Electronics,960,Mobile,Returning
289,80,2024-02-03 01:03:00,view,1802,Fashion,687,Desktop,New
289,80,2024-02-03 01:04:00,cart,1802,Fashion,687,Desktop,New
289,80,2024-02-03 01:05:00,checkout,1802,Fashion,687,Desktop,New
593,81,2024-01-16 13:07:00,view,1689,Fashion,677,Desktop,New
593,81,2024-01-16 13:10:00,cart,1689,Fashion,677,Desktop,New
593,81,2024-01-16 13:13:00,checkout,1689,Fashion,677,Desktop,New
593,81,2024-01-16 13:17:00,purchase,1689,Fashion,677,Desktop,New
1688,82,2024-01-14 01:17:00,view,1777,Electronics,515,Desktop,New
1688,82,2024-01-14 01:21:00,cart,1777,Electronics,515,Desktop,New
1688,82,2024-01-14 01:24:00,checkout,1777,Electronics,515,Desktop,New
1597,83,2024-01-25 09:48:00,view,1282,Electronics,650,Desktop,New
573,84,2024-01-05 13:52:00,view,1008,Electronics,39,Mobile,New
573,84,2024-01-05 13:53:00,cart,1008,Electronics,39,Mobile,New
1378,85,2024-01-06 20:58:00,view,1816,Home,435,Mobile,New
28,86,2024-01-06 18:42:00,view,1690,Electronics,600,Mobile,New
954,87,2024-01-04 21:42:00,view,1726,Beauty,453,Desktop,Returning
954,87,2024-01-04 21:45:00,cart,1726,Beauty,453,Desktop,Returning
43,88,2024-01-17 10:22:00,view,1989,Home,465,Desktop,New
43,88,2024-01-17 10:25:00,cart,1989,Home,465,Desktop,New
43,88,2024-01-17 10:27:00,checkout,1989,Home,465,Desktop,New
43,88,2024-01-17 10:30:00,purchase,1989,Home,465,Desktop,New
1705,89,2024-01-02 21:39:00,view,1610,Fashion,856,Desktop,New
423,90,2024-01-14 10:13:00,view,1461,Home,170,Mobile,New
1622,91,2024-01-07 09:49:00,view,1240,Fashion,126,Mobile,New
177,92,2024-02-03 15:43:00,view,1975,Home,571,Desktop,Returning
177,92,2024-02-03 15:45:00,cart,1975,Home,571,Desktop,Returning
529,93,2024-01-09 19:04:00,view,1651,Electronics,741,Mobile,New
529,93,2024-01-09 19:08:00,cart,1651,Electronics,741,Mobile,New
529,93,2024-01-09 19:12:00,checkout,1651,Electronics,741,Mobile,New
1634,94,2024-01-07 11:24:00,view,1043,Beauty,91,Mobile,Returning
1634,94,2024-01-07 11:26:00,cart,1043,Beauty,91,Mobile,Returning
1634,94,2024-01-07 11:29:00,checkout,1043,Beauty,91,Mobile,Returning
1634,94,2024-01-07 11:31:00,purchase,1043,Beauty,91,Mobile,Returning
966,95,2024-01-09 07:43:00,view,1000,Beauty,574,Desktop,New
966,95,2024-01-09 07:46:00,cart,1000,Beauty,574,Desktop,New
966,95,2024-01-09 07:49:00,checkout,1000,Beauty,574,Desktop,New
1518,96,2024-01-14 02:50:00,view,1577,Home,520,Mobile,Returning
1518,96,2024-01-14 02:51:00,cart,1577,Home,520,Mobile,Returning
1518,96,2024-01-14 02:53:00,checkout,1577,Home,520,Mobile,Returning
1518,96,2024-01-14 02:55:00,purchase,1577,Home,520,Mobile,Returning
198,97,2024-01-22 00:16:00,view,1755,Home,32,Mobile,Returning
198,97,2024-01-22 00:19:00,cart,1755,Home,32,Mobile,Returning
610,98,2024-01-16 03:49:00,view,1380,Electronics,157,Mobile,Returning
610,98,2024-01-16 03:51:00,cart,1380,Electronics,157,Mobile,Returning
610,98,2024-01-16 03:52:00,checkout,1380,Electronics,157,Mobile,Returning
610,98,2024-01-16 03:54:00,purchase,1380,Electronics,157,Mobile,Returning
1601,99,2024-01-13 18:01:00,view,1995,Home,932,Mobile,New
842,100,2024-02-03 22:54:00,view,1260,Electronics,707,Tablet,Returning
842,100,2024-02-03 22:55:00,cart,1260,Electronics,707,Tablet,Returning
853,101,2024-01-08 13:11:00,view,1009,Electronics,989,Mobile,New
853,101,2024-01-08 13:12:00,cart,1009,Electronics,989,Mobile,New
853,101,2024-01-08 13:13:00,checkout,1009,Electronics,989,Mobile,New
853,101,2024-01-08 13:14:00,purchase,1009,Electronics,989,Mobile,New
1541,102,2024-01-15 15:30:00,view,1791,Fashion,118,Mobile,Returning
1538,103,2024-01-19 13:03:00,view,1362,Electronics,338,Mobile,Returning
1538,103,2024-01-19 13:04:00,cart,1362,Electronics,338,Mobile,Returning
1538,103,2024-01-19 13:06:00,checkout,1362,Electronics,338,Mobile,Returning
1538,103,2024-01-19 13:07:00,purchase,1362,Electronics,338,Mobile,Returning
22,104,2024-01-11 05:51:00,view,1570,Electronics,823,Desktop,New
22,104,2024-01-11 05:54:00,cart,1570,Electronics,823,Desktop,New
1136,105,2024-01-31 07:49:00,view,1864,Electronics,689,Mobile,New
1136,105,2024-01-31 07:51:00,cart,1864,Electronics,689,Mobile,New
1136,105,2024-01-31 07:55:00,checkout,1864,Electronics,689,Mobile,New
1136,105,2024-01-31 07:59:00,purchase,1864,Electronics,689,Mobile,New
1081,106,2024-02-01 19:00:00,view,1296,Home,605,Mobile,Returning
1090,107,2024-02-03 09:34:00,view,1624,Fashion,987,Mobile,New
842,108,2024-01-01 23:41:00,view,1447,Fashion,255,Mobile,Returning
842,108,2024-01-01 23:45:00,cart,1447,Fashion,255,Mobile,Returning
98,109,2024-01-14 00:30:00,view,1036,Home,895,Mobile,New
98,109,2024-01-14 00:33:00,cart,1036,Home,895,Mobile,New
98,109,2024-01-14 00:36:00,checkout,1036,Home,895,Mobile,New
98,109,2024-01-14 00:37:00,purchase,1036,Home,895,Mobile,New
1168,110,2024-01-14 16:19:00,view,1855,Electronics,839,Desktop,New
1904,111,2024-01-19 10:59:00,view,1198,Home,374,Desktop,New
1904,111,2024-01-19 11:00:00,cart,1198,Home,374,Desktop,New
1904,111,2024-01-19 11:02:00,checkout,1198,Home,374,Desktop,New
435,112,2024-01-12 04:00:00,view,1086,Beauty,41,Mobile,New
435,112,2024-01-12 04:04:00,cart,1086,Beauty,41,Mobile,New
435,112,2024-01-12 04:08:00,checkout,1086,Beauty,41,Mobile,New
637,113,2024-01-12 05:52:00,view,1539,Fashion,925,Mobile,New
637,113,2024-01-12 05:55:00,cart,1539,Fashion,925,Mobile,New
1703,114,2024-01-13 15:03:00,view,1166,Fashion,893,Desktop,New
1703,114,2024-01-13 15:05:00,cart,1166,Fashion,893,Desktop,New
1703,114,2024-01-13 15:08:00,checkout,1166,Fashion,893,Desktop,New
1703,114,2024-01-13 15:09:00,purchase,1166,Fashion,893,Desktop,New
1110,115,2024-01-27 18:35:00,view,1982,Beauty,126,Mobile,New
1110,115,2024-01-27 18:38:00,cart,1982,Beauty,126,Mobile,New
1110,115,2024-01-27 18:40:00,checkout,1982,Beauty,126,Mobile,New
588,116,2024-01-04 23:16:00,view,1962,Home,125,Desktop,New
588,116,2024-01-04 23:20:00,cart,1962,Home,125,Desktop,New
344,117,2024-01-22 11:42:00,view,1809,Beauty,726,Mobile,New
344,117,2024-01-22 11:44:00,cart,1809,Beauty,726,Mobile,New
344,117,2024-01-22 11:45:00,checkout,1809,Beauty,726,Mobile,New
344,117,2024-01-22 11:49:00,purchase,1809,Beauty,726,Mobile,New
1960,118,2024-01-14 16:33:00,view,1782,Electronics,474,Desktop,Returning
1960,118,2024-01-14 16:37:00,cart,1782,Electronics,474,Desktop,Returning
1960,118,2024-01-14 16:40:00,checkout,1782,Electronics,474,Desktop,Returning
1960,118,2024-01-14 16:44:00,purchase,1782,Electronics,474,Desktop,Returning
1318,119,2024-01-11 10:34:00,view,1307,Home,235,Desktop,Returning
1318,119,2024-01-11 10:36:00,cart,1307,Home,235,Desktop,Returning
1318,119,2024-01-11 10:37:00,checkout,1307,Home,235,Desktop,Returning
1980,120,2024-01-22 23:27:00,view,1150,Electronics,166,Desktop,Returning
571,121,2024-01-12 16:04:00,view,1111,Beauty,542,Desktop,New
571,121,2024-01-12 16:07:00,cart,1111,Beauty,542,Desktop,New
571,121,2024-01-12 16:08:00,checkout,1111,Beauty,542,Desktop,New
1674,122,2024-01-02 15:53:00,view,1589,Fashion,411,Mobile,Returning
1674,122,2024-01-02 15:57:00,cart,1589,Fashion,411,Mobile,Returning
1674,122,2024-01-02 16:01:00,checkout,1589,Fashion,411,Mobile,Returning
611,123,2024-01-17 11:51:00,view,1035,Fashion,664,Desktop,New
1728,124,2024-01-13 04:31:00,view,1031,Beauty,735,Mobile,Returning
1728,124,2024-01-13 04:33:00,cart,1031,Beauty,735,Mobile,Returning
243,125,2024-01-06 13:30:00,view,1934,Fashion,772,Mobile,Returning
1855,126,2024-01-18 23:05:00,view,1001,Electronics,704,Desktop,Returning
561,127,2024-01-09 17:41:00,view,1924,Home,768,Desktop,Returning
960,128,2024-01-15 16:57:00,view,1834,Fashion,389,Desktop,Returning
960,128,2024-01-15 16:58:00,cart,1834,Fashion,389,Desktop,Returning
960,128,2024-01-15 17:00:00,checkout,1834,Fashion,389,Desktop,Returning
960,128,2024-01-15 17:04:00,purchase,1834,Fashion,389,Desktop,Returning
32,129,2024-01-15 18:50:00,view,1812,Fashion,480,Mobile,New
32,129,2024-01-15 18:52:00,cart,1812,Fashion,480,Mobile,New
391,130,2024-01-03 03:20:00,view,1721,Fashion,714,Desktop,Returning
277,131,2024-02-04 05:51:00,view,1426,Electronics,753,Desktop,Returning
532,132,2024-01-06 22:13:00,view,1943,Electronics,536,Mobile,Returning
1178,133,2024-02-02 16:59:00,view,1777,Home,693,Mobile,New
1178,133,2024-02-02 17:01:00,cart,1777,Home,693,Mobile,New
383,134,2024-01-09 09:40:00,view,1690,Fashion,745,Mobile,Returning
1092,135,2024-01-08 22:43:00,view,1619,Fashion,781,Mobile,Returning
1092,135,2024-01-08 22:45:00,cart,1619,Fashion,781,Mobile,Returning
1092,135,2024-01-08 22:46:00,checkout,1619,Fashion,781,Mobile,Returning
1092,135,2024-01-08 22:50:00,purchase,1619,Fashion,781,Mobile,Returning
1902,136,2024-01-14 19:35:00,view,1969,Electronics,336,Tablet,New
1902,136,2024-01-14 19:36:00,cart,1969,Electronics,336,Tablet,New
1902,136,2024-01-14 19:40:00,checkout,1969,Electronics,336,Tablet,New
1902,136,2024-01-14 19:41:00,purchase,1969,Electronics,336,Tablet,New
884,137,2024-01-15 18:50:00,view,1195,Electronics,348,Desktop,New
884,137,2024-01-15 18:54:00,cart,1195,Electronics,348,Desktop,New
214,138,2024-01-06 10:30:00,view,1422,Beauty,192,Desktop,New
1679,139,2024-02-01 23:42:00,view,1781,Home,253,Tablet,New
376,140,2024-01-06 17:55:00,view,1526,Electronics,402,Mobile,New
376,140,2024-01-06 17:59:00,cart,1526,Electronics,402,Mobile,New
376,140,2024-01-06 18:02:00,checkout,1526,Electronics,402,Mobile,New
376,140,2024-01-06 18:03:00,purchase,1526,Electronics,402,Mobile,New
744,141,2024-01-23 07:06:00,view,1104,Fashion,706,Desktop,New
744,141,2024-01-23 07:08:00,cart,1104,Fashion,706,Desktop,New
213,142,2024-02-02 09:08:00,view,1259,Electronics,527,Mobile,Returning
213,142,2024-02-02 09:11:00,cart,1259,Electronics,527,Mobile,Returning
213,142,2024-02-02 09:14:00,checkout,1259,Electronics,527,Mobile,Returning
213,142,2024-02-02 09:17:00,purchase,1259,Electronics,527,Mobile,Returning
79,143,2024-01-17 05:49:00,view,1685,Electronics,94,Desktop,New
79,143,2024-01-17 05:52:00,cart,1685,Electronics,94,Desktop,New
79,143,2024-01-17 05:56:00,checkout,1685,Electronics,94,Desktop,New
79,143,2024-01-17 05:59:00,purchase,1685,Electronics,94,Desktop,New
1750,144,2024-01-17 21:22:00,view,1802,Beauty,935,Mobile,New
1750,144,2024-01-17 21:24:00,cart,1802,Beauty,935,Mobile,New
628,145,2024-01-10 07:57:00,view,1373,Home,61,Desktop,Returning
604,146,2024-01-09 09:48:00,view,1953,Fashion,165,Mobile,New
604,146,2024-01-09 09:51:00,cart,1953,Fashion,165,Mobile,New
782,147,2024-01-28 07:03:00,view,1162,Home,78,Mobile,New
782,147,2024-01-28 07:04:00,cart,1162,Home,78,Mobile,New
782,147,2024-01-28 07:08:00,checkout,1162,Home,78,Mobile,New
782,147,2024-01-28 07:11:00,purchase,1162,Home,78,Mobile,New
1947,148,2024-01-15 22:59:00,view,1423,Fashion,673,Desktop,New
1947,148,2024-01-15 23:03:00,cart,1423,Fashion,673,Desktop,New
1405,149,2024-01-10 22:12:00,view,1880,Home,280,Mobile,Returning
1001,150,2024-01-19 17:08:00,view,1515,Electronics,713,Desktop,New
1001,150,2024-01-19 17:10:00,cart,1515,Electronics,713,Desktop,New
1001,150,2024-01-19 17:13:00,checkout,1515,Electronics,713,Desktop,New
1001,150,2024-01-19 17:14:00,purchase,1515,Electronics,713,Desktop,New
680,151,2024-01-30 08:23:00,view,1110,Electronics,25,Mobile,Returning
58,152,2024-01-16 13:53:00,view,1378,Home,116,Desktop,New
1820,153,2024-01-02 13:15:00,view,1483,Electronics,278,Mobile,New
1050,154,2024-01-15 18:30:00,view,1242,Home,206,Mobile,New
1050,154,2024-01-15 18:32:00,cart,1242,Home,206,Mobile,New
1050,154,2024-01-15 18:36:00,checkout,1242,Home,206,Mobile,New
1050,154,2024-01-15 18:40:00,purchase,1242,Home,206,Mobile,New
881,155,2024-01-31 05:51:00,view,1996,Home,435,Mobile,New
447,156,2024-01-16 19:22:00,view,1866,Home,937,Mobile,Returning
447,156,2024-01-16 19:24:00,cart,1866,Home,937,Mobile,Returning
66,157,2024-01-30 12:55:00,view,1958,Home,935,Mobile,New
1945,158,2024-01-03 21:16:00,view,1598,Fashion,424,Mobile,Returning
1945,158,2024-01-03 21:19:00,cart,1598,Fashion,424,Mobile,Returning
1945,158,2024-01-03 21:21:00,checkout,1598,Fashion,424,Mobile,Returning
1945,158,2024-01-03 21:24:00,purchase,1598,Fashion,424,Mobile,Returning
1784,159,2024-01-03 19:45:00,view,1972,Home,567,Mobile,Returning
1784,159,2024-01-03 19:49:00,cart,1972,Home,567,Mobile,Returning
1784,159,2024-01-03 19:53:00,checkout,1972,Home,567,Mobile,Returning
1784,159,2024-01-03 19:57:00,purchase,1972,Home,567,Mobile,Returning
1278,160,2024-01-15 21:03:00,view,1135,Home,27,Mobile,Returning
1923,161,2024-01-08 23:07:00,view,1247,Home,768,Mobile,Returning
1992,162,2024-02-03 22:41:00,view,1701,Beauty,10,Desktop,New
1992,162,2024-02-03 22:42:00,cart,1701,Beauty,10,Desktop,New
1992,162,2024-02-03 22:44:00,checkout,1701,Beauty,10,Desktop,New
1992,162,2024-02-03 22:45:00,purchase,1701,Beauty,10,Desktop,New
1068,163,2024-01-27 21:49:00,view,1031,Fashion,906,Mobile,New
1121,164,2024-01-23 15:09:00,view,1183,Fashion,817,Mobile,Returning
1578,165,2024-02-02 12:32:00,view,1727,Beauty,759,Desktop,Returning
1578,165,2024-02-02 12:33:00,cart,1727,Beauty,759,Desktop,Returning
1578,165,2024-02-02 12:37:00,checkout,1727,Beauty,759,Desktop,Returning
1578,165,2024-02-02 12:39:00,purchase,1727,Beauty,759,Desktop,Returning
1012,166,2024-01-18 23:48:00,view,1312,Fashion,388,Mobile,Returning
1012,166,2024-01-18 23:50:00,cart,1312,Fashion,388,Mobile,Returning
1012,166,2024-01-18 23:51:00,checkout,1312,Fashion,388,Mobile,Returning
1012,166,2024-01-18 23:55:00,purchase,1312,Fashion,388,Mobile,Returning
227,167,2024-01-13 15:12:00,view,1561,Beauty,510,Desktop,Returning
227,167,2024-01-13 15:13:00,cart,1561,Beauty,510,Desktop,Returning
227,167,2024-01-13 15:16:00,checkout,1561,Beauty,510,Desktop,Returning
227,167,2024-01-13 15:20:00,purchase,1561,Beauty,510,Desktop,Returning
774,168,2024-02-01 17:42:00,view,1670,Electronics,245,Mobile,New
679,169,2024-01-22 04:38:00,view,1313,Fashion,772,Mobile,Returning
1460,170,2024-01-31 19:34:00,view,1379,Electronics,822,Mobile,Returning
1460,170,2024-01-31 19:37:00,cart,1379,Electronics,822,Mobile,Returning
1460,170,2024-01-31 19:40:00,checkout,1379,Electronics,822,Mobile,Returning
1815,171,2024-01-19 18:03:00,view,1781,Fashion,518,Desktop,New
1815,171,2024-01-19 18:04:00,cart,1781,Fashion,518,Desktop,New
1815,171,2024-01-19 18:08:00,checkout,1781,Fashion,518,Desktop,New
1815,171,2024-01-19 18:10:00,purchase,1781,Fashion,518,Desktop,New
601,172,2024-01-28 06:22:00,view,1245,Home,23,Desktop,New
601,172,2024-01-28 06:23:00,cart,1245,Home,23,Desktop,New
601,172,2024-01-28 06:24:00,checkout,1245,Home,23,Desktop,New
601,172,2024-01-28 06:26:00,purchase,1245,Home,23,Desktop,New
379,173,2024-01-12 20:35:00,view,1985,Home,427,Mobile,Returning
379,173,2024-01-12 20:36:00,cart,1985,Home,427,Mobile,Returning
1202,174,2024-01-22 08:07:00,view,1792,Electronics,998,Mobile,New
1202,174,2024-01-22 08:08:00,cart,1792,Electronics,998,Mobile,New
1451,175,2024-01-27 12:07:00,view,1701,Fashion,112,Tablet,New
1939,176,2024-01-25 16:44:00,view,1548,Fashion,834,Mobile,New
1939,176,2024-01-25 16:46:00,cart,1548,Fashion,834,Mobile,New
709,177,2024-01-29 18:21:00,view,1648,Home,541,Mobile,New
709,177,2024-01-29 18:24:00,cart,1648,Home,541,Mobile,New
709,177,2024-01-29 18:27:00,checkout,1648,Home,541,Mobile,New
709,177,2024-01-29 18:30:00,purchase,1648,Home,541,Mobile,New
307,178,2024-01-19 13:58:00,view,1852,Home,871,Desktop,New
307,178,2024-01-19 14:01:00,cart,1852,Home,871,Desktop,New
307,178,2024-01-19 14:04:00,checkout,1852,Home,871,Desktop,New
307,178,2024-01-19 14:07:00,purchase,1852,Home,871,Desktop,New
779,179,2024-01-20 00:53:00,view,1609,Electronics,871,Desktop,Returning
779,179,2024-01-20 00:54:00,cart,1609,Electronics,871,Desktop,Returning
779,179,2024-01-20 00:56:00,checkout,1609,Electronics,871,Desktop,Returning
779,179,2024-01-20 00:58:00,purchase,1609,Electronics,871,Desktop,Returning
504,180,2024-01-31 23:06:00,view,1738,Home,877,Mobile,Returning
504,180,2024-01-31 23:07:00,cart,1738,Home,877,Mobile,Returning
504,180,2024-01-31 23:08:00,checkout,1738,Home,877,Mobile,Returning
504,180,2024-01-31 23:09:00,purchase,1738,Home,877,Mobile,Returning
268,181,2024-02-03 05:23:00,view,1566,Beauty,386,Desktop,Returning
268,181,2024-02-03 05:27:00,cart,1566,Beauty,386,Desktop,Returning
268,181,2024-02-03 05:29:00,checkout,1566,Beauty,386,Desktop,Returning
268,181,2024-02-03 05:31:00,purchase,1566,Beauty,386,Desktop,Returning
1610,182,2024-01-25 08:45:00,view,1475,Beauty,198,Desktop,New
1610,182,2024-01-25 08:48:00,cart,1475,Beauty,198,Desktop,New
1610,182,2024-01-25 08:49:00,checkout,1475,Beauty,198,Desktop,New
1610,182,2024-01-25 08:50:00,purchase,1475,Beauty,198,Desktop,New
8,183,2024-01-15 18:23:00,view,1286,Beauty,804,Mobile,Returning
8,183,2024-01-15 18:26:00,cart,1286,Beauty,804,Mobile,Returning
8,183,2024-01-15 18:30:00,checkout,1286,Beauty,804,Mobile,Returning
8,183,2024-01-15 18:33:00,purchase,1286,Beauty,804,Mobile,Returning
1944,184,2024-01-15 16:14:00,view,1724,Electronics,190,Mobile,Returning
1944,184,2024-01-15 16:16:00,cart,1724,Electronics,190,Mobile,Returning
1944,184,2024-01-15 16:20:00,checkout,1724,Electronics,190,Mobile,Returning
1944,184,2024-01-15 16:21:00,purchase,1724,Electronics,190,Mobile,Returning
508,185,2024-01-16 05:05:00,view,1951,Beauty,546,Mobile,Returning
476,186,2024-01-25 02:15:00,view,1922,Electronics,968,Tablet,Returning
1321,187,2024-01-23 18:30:00,view,1832,Fashion,826,Desktop,New
1321,187,2024-01-23 18:34:00,cart,1832,Fashion,826,Desktop,New
164,188,2024-01-11 02:41:00,view,1532,Beauty,858,Mobile,New
164,188,2024-01-11 02:45:00,cart,1532,Beauty,858,Mobile,New
164,188,2024-01-11 02:46:00,checkout,1532,Beauty,858,Mobile,New
164,188,2024-01-11 02:50:00,purchase,1532,Beauty,858,Mobile,New
485,189,2024-01-24 21:25:00,view,1812,Home,885,Desktop,New
485,189,2024-01-24 21:26:00,cart,1812,Home,885,Desktop,New
1621,190,2024-01-19 19:41:00,view,1712,Electronics,464,Mobile,New
1621,190,2024-01-19 19:44:00,cart,1712,Electronics,464,Mobile,New
1096,191,2024-01-15 10:27:00,view,1133,Home,184,Mobile,New
567,192,2024-01-25 18:18:00,view,1364,Home,973,Mobile,New
567,192,2024-01-25 18:21:00,cart,1364,Home,973,Mobile,New
905,193,2024-01-03 01:05:00,view,1327,Beauty,60,Mobile,New
905,193,2024-01-03 01:09:00,cart,1327,Beauty,60,Mobile,New
905,193,2024-01-03 01:12:00,checkout,1327,Beauty,60,Mobile,New
905,193,2024-01-03 01:15:00,purchase,1327,Beauty,60,Mobile,New
559,194,2024-01-26 09:26:00,view,1848,Fashion,517,Desktop,Returning
559,194,2024-01-26 09:28:00,cart,1848,Fashion,517,Desktop,Returning
1935,195,2024-01-07 10:17:00,view,1545,Electronics,503,Mobile,Returning
1935,195,2024-01-07 10:19:00,cart,1545,Electronics,503,Mobile,Returning
1968,196,2024-01-19 08:00:00,view,1516,Fashion,775,Desktop,New
1968,196,2024-01-19 08:03:00,cart,1516,Fashion,775,Desktop,New
1968,196,2024-01-19 08:05:00,checkout,1516,Fashion,775,Desktop,New
1968,196,2024-01-19 08:06:00,purchase,1516,Fashion,775,Desktop,New
238,197,2024-01-11 18:23:00,view,1752,Home,914,Mobile,New
1128,198,2024-01-16 12:41:00,view,1619,Beauty,613,Mobile,New
1234,199,2024-01-31 16:13:00,view,1107,Beauty,673,Tablet,New
554,200,2024-01-27 01:46:00,view,1175,Electronics,965,Mobile,New
554,200,2024-01-27 01:47:00,cart,1175,Electronics,965,Mobile,New
554,200,2024-01-27 01:51:00,checkout,1175,Electronics,965,Mobile,New
828,201,2024-01-09 00:17:00,view,1274,Fashion,23,Mobile,New
828,201,2024-01-09 00:20:00,cart,1274,Fashion,23,Mobile,New
828,201,2024-01-09 00:23:00,checkout,1274,Fashion,23,Mobile,New
468,202,2024-01-08 00:29:00,view,1769,Home,115,Mobile,Returning
468,202,2024-01-08 00:31:00,cart,1769,Home,115,Mobile,Returning
468,202,2024-01-08 00:35:00,checkout,1769,Home,115,Mobile,Returning
468,202,2024-01-08 00:38:00,purchase,1769,Home,115,Mobile,Returning
1478,203,2024-01-19 07:51:00,view,1215,Electronics,695,Desktop,Returning
1292,204,2024-02-04 10:36:00,view,1574,Beauty,943,Mobile,New
1292,204,2024-02-04 10:39:00,cart,1574,Beauty,943,Mobile,New
1292,204,2024-02-04 10:43:00,checkout,1574,Beauty,943,Mobile,New
1292,204,2024-02-04 10:45:00,purchase,1574,Beauty,943,Mobile,New
386,205,2024-01-11 16:29:00,view,1278,Electronics,388,Mobile,Returning
775,206,2024-01-25 07:28:00,view,1683,Beauty,264,Mobile,Returning
775,206,2024-01-25 07:32:00,cart,1683,Beauty,264,Mobile,Returning
775,206,2024-01-25 07:33:00,checkout,1683,Beauty,264,Mobile,Returning
775,206,2024-01-25 07:34:00,purchase,1683,Beauty,264,Mobile,Returning
848,207,2024-01-20 02:34:00,view,1943,Electronics,680,Mobile,Returning
848,207,2024-01-20 02:36:00,cart,1943,Electronics,680,Mobile,Returning
387,208,2024-01-11 14:59:00,view,1547,Beauty,484,Desktop,New
877,209,2024-01-09 21:47:00,view,1596,Electronics,192,Mobile,Returning
259,210,2024-01-05 12:32:00,view,1089,Beauty,824,Mobile,New
259,210,2024-01-05 12:35:00,cart,1089,Beauty,824,Mobile,New
259,210,2024-01-05 12:37:00,checkout,1089,Beauty,824,Mobile,New
283,211,2024-01-21 05:25:00,view,1913,Electronics,551,Mobile,New
283,211,2024-01-21 05:27:00,cart,1913,Electronics,551,Mobile,New
1650,212,2024-01-13 10:11:00,view,1861,Electronics,688,Mobile,Returning
1650,212,2024-01-13 10:13:00,cart,1861,Electronics,688,Mobile,Returning
1650,212,2024-01-13 10:14:00,checkout,1861,Electronics,688,Mobile,Returning
1650,212,2024-01-13 10:15:00,purchase,1861,Electronics,688,Mobile,Returning
1899,213,2024-01-01 18:59:00,view,1073,Fashion,785,Desktop,New
1899,213,2024-01-01 19:02:00,cart,1073,Fashion,785,Desktop,New
40,214,2024-01-13 08:38:00,view,1687,Electronics,642,Mobile,New
40,214,2024-01-13 08:40:00,cart,1687,Electronics,642,Mobile,New
40,214,2024-01-13 08:42:00,checkout,1687,Electronics,642,Mobile,New
40,214,2024-01-13 08:43:00,purchase,1687,Electronics,642,Mobile,New
486,215,2024-01-06 10:33:00,view,1391,Home,328,Tablet,Returning
486,215,2024-01-06 10:37:00,cart,1391,Home,328,Tablet,Returning
929,216,2024-01-10 01:23:00,view,1377,Beauty,822,Mobile,Returning
220,217,2024-01-08 23:21:00,view,1012,Electronics,603,Mobile,Returning
220,217,2024-01-08 23:23:00,cart,1012,Electronics,603,Mobile,Returning
220,217,2024-01-08 23:27:00,checkout,1012,Electronics,603,Mobile,Returning
220,217,2024-01-08 23:28:00,purchase,1012,Electronics,603,Mobile,Returning
1153,218,2024-01-16 00:22:00,view,1256,Beauty,710,Desktop,Returning
1153,218,2024-01-16 00:23:00,cart,1256,Beauty,710,Desktop,Returning
1015,219,2024-02-04 10:31:00,view,1031,Home,170,Mobile,Returning
1024,220,2024-01-16 02:20:00,view,1259,Electronics,868,Desktop,Returning
1544,221,2024-01-14 12:36:00,view,1609,Electronics,294,Tablet,New
613,222,2024-01-23 12:32:00,view,1147,Home,611,Mobile,Returning
613,222,2024-01-23 12:36:00,cart,1147,Home,611,Mobile,Returning
613,222,2024-01-23 12:37:00,checkout,1147,Home,611,Mobile,Returning
613,222,2024-01-23 12:40:00,purchase,1147,Home,611,Mobile,Returning
928,223,2024-01-30 16:21:00,view,1442,Beauty,757,Mobile,New
1916,224,2024-01-13 11:58:00,view,1127,Home,408,Desktop,Returning
688,225,2024-01-24 21:58:00,view,1947,Fashion,730,Mobile,New
688,225,2024-01-24 22:01:00,cart,1947,Fashion,730,Mobile,New
688,225,2024-01-24 22:03:00,checkout,1947,Fashion,730,Mobile,New
688,225,2024-01-24 22:06:00,purchase,1947,Fashion,730,Mobile,New
1643,226,2024-01-26 03:19:00,view,1470,Beauty,530,Mobile,New
613,227,2024-01-12 22:52:00,view,1899,Electronics,349,Mobile,Returning
613,227,2024-01-12 22:56:00,cart,1899,Electronics,349,Mobile,Returning
613,227,2024-01-12 22:59:00,checkout,1899,Electronics,349,Mobile,Returning
613,227,2024-01-12 23:02:00,purchase,1899,Electronics,349,Mobile,Returning
260,228,2024-01-09 03:04:00,view,1152,Beauty,713,Mobile,New
260,228,2024-01-09 03:07:00,cart,1152,Beauty,713,Mobile,New
260,228,2024-01-09 03:11:00,checkout,1152,Beauty,713,Mobile,New
260,228,2024-01-09 03:15:00,purchase,1152,Beauty,713,Mobile,New
990,229,2024-02-03 14:20:00,view,1475,Electronics,500,Desktop,Returning
966,230,2024-01-10 11:37:00,view,1535,Electronics,468,Mobile,New
366,231,2024-01-04 14:27:00,view,1780,Home,750,Mobile,New
366,231,2024-01-04 14:30:00,cart,1780,Home,750,Mobile,New
366,231,2024-01-04 14:34:00,checkout,1780,Home,750,Mobile,New
1782,232,2024-01-06 03:24:00,view,1725,Electronics,317,Desktop,Returning
1782,232,2024-01-06 03:25:00,cart,1725,Electronics,317,Desktop,Returning
1782,232,2024-01-06 03:26:00,checkout,1725,Electronics,317,Desktop,Returning
1782,232,2024-01-06 03:29:00,purchase,1725,Electronics,317,Desktop,Returning
1811,233,2024-01-27 23:31:00,view,1740,Home,389,Mobile,Returning
544,234,2024-01-30 23:15:00,view,1785,Beauty,579,Mobile,Returning
649,235,2024-02-02 05:15:00,view,1228,Beauty,996,Desktop,Returning
1548,236,2024-01-23 06:44:00,view,1726,Electronics,277,Mobile,New
1931,237,2024-01-11 03:01:00,view,1869,Beauty,966,Desktop,New
1931,237,2024-01-11 03:03:00,cart,1869,Beauty,966,Desktop,New
1931,237,2024-01-11 03:04:00,checkout,1869,Beauty,966,Desktop,New
814,238,2024-02-01 20:34:00,view,1510,Fashion,947,Desktop,Returning
814,238,2024-02-01 20:38:00,cart,1510,Fashion,947,Desktop,Returning
814,238,2024-02-01 20:40:00,checkout,1510,Fashion,947,Desktop,Returning
814,238,2024-02-01 20:43:00,purchase,1510,Fashion,947,Desktop,Returning
1911,239,2024-01-27 05:03:00,view,1720,Home,226,Mobile,New
1040,240,2024-01-21 00:51:00,view,1518,Home,417,Mobile,New
1040,240,2024-01-21 00:53:00,cart,1518,Home,417,Mobile,New
1040,240,2024-01-21 00:55:00,checkout,1518,Home,417,Mobile,New
1040,240,2024-01-21 00:56:00,purchase,1518,Home,417,Mobile,New
1153,241,2024-01-03 16:29:00,view,1201,Beauty,680,Mobile,Returning
1153,241,2024-01-03 16:30:00,cart,1201,Beauty,680,Mobile,Returning
1153,241,2024-01-03 16:31:00,checkout,1201,Beauty,680,Mobile,Returning
1153,241,2024-01-03 16:32:00,purchase,1201,Beauty,680,Mobile,Returning
575,242,2024-01-29 17:14:00,view,1051,Home,647,Mobile,Returning
575,242,2024-01-29 17:16:00,cart,1051,Home,647,Mobile,Returning
575,242,2024-01-29 17:20:00,checkout,1051,Home,647,Mobile,Returning
575,242,2024-01-29 17:24:00,purchase,1051,Home,647,Mobile,Returning
1133,243,2024-01-01 10:28:00,view,1469,Fashion,638,Desktop,New
1911,244,2024-01-02 02:24:00,view,1426,Beauty,614,Desktop,New
1911,244,2024-01-02 02:28:00,cart,1426,Beauty,614,Desktop,New
1911,244,2024-01-02 02:30:00,checkout,1426,Beauty,614,Desktop,New
1013,245,2024-01-11 21:00:00,view,1649,Beauty,398,Mobile,Returning
1557,246,2024-01-13 04:50:00,view,1798,Beauty,361,Desktop,Returning
670,247,2024-01-16 18:00:00,view,1324,Home,356,Desktop,New
269,248,2024-01-19 00:25:00,view,1032,Electronics,608,Tablet,New
269,248,2024-01-19 00:28:00,cart,1032,Electronics,608,Tablet,New
269,248,2024-01-19 00:32:00,checkout,1032,Electronics,608,Tablet,New
269,248,2024-01-19 00:36:00,purchase,1032,Electronics,608,Tablet,New
1186,249,2024-01-06 08:35:00,view,1176,Beauty,225,Mobile,Returning
1186,249,2024-01-06 08:38:00,cart,1176,Beauty,225,Mobile,Returning
1186,249,2024-01-06 08:41:00,checkout,1176,Beauty,225,Mobile,Returning
1186,249,2024-01-06 08:42:00,purchase,1176,Beauty,225,Mobile,Returning
1284,250,2024-01-03 07:34:00,view,1178,Beauty,653,Mobile,New
1284,250,2024-01-03 07:36:00,cart,1178,Beauty,653,Mobile,New
924,251,2024-01-01 05:36:00,view,1836,Home,978,Mobile,Returning
1126,252,2024-01-25 23:56:00,view,1456,Beauty,94,Tablet,New
1530,253,2024-01-23 23:17:00,view,1071,Fashion,896,Mobile,New
1530,253,2024-01-23 23:18:00,cart,1071,Fashion,896,Mobile,New
1530,253,2024-01-23 23:22:00,checkout,1071,Fashion,896,Mobile,New
1530,253,2024-01-23 23:25:00,purchase,1071,Fashion,896,Mobile,New
1759,254,2024-01-30 21:42:00,view,1770,Electronics,463,Mobile,New
1759,254,2024-01-30 21:46:00,cart,1770,Electronics,463,Mobile,New
1595,255,2024-01-14 11:14:00,view,1644,Home,752,Mobile,Returning
247,256,2024-01-01 12:20:00,view,1959,Home,24,Mobile,New
1664,257,2024-01-14 15:45:00,view,1239,Electronics,639,Mobile,New
1664,257,2024-01-14 15:49:00,cart,1239,Electronics,639,Mobile,New
1819,258,2024-02-04 08:52:00,view,1945,Fashion,240,Tablet,Returning
1861,259,2024-02-01 21:16:00,view,1155,Electronics,930,Mobile,Returning
1561,260,2024-01-26 23:29:00,view,1962,Home,944,Mobile,New
1561,260,2024-01-26 23:32:00,cart,1962,Home,944,Mobile,New
131,261,2024-01-03 11:43:00,view,1376,Beauty,177,Mobile,New
131,261,2024-01-03 11:47:00,cart,1376,Beauty,177,Mobile,New
353,262,2024-01-27 18:40:00,view,1606,Electronics,590,Mobile,Returning
196,263,2024-01-10 14:49:00,view,1512,Beauty,180,Mobile,New
196,263,2024-01-10 14:51:00,cart,1512,Beauty,180,Mobile,New
1817,264,2024-01-20 21:44:00,view,1648,Home,57,Mobile,New
1817,264,2024-01-20 21:45:00,cart,1648,Home,57,Mobile,New
1817,264,2024-01-20 21:47:00,checkout,1648,Home,57,Mobile,New
1817,264,2024-01-20 21:49:00,purchase,1648,Home,57,Mobile,New
1940,265,2024-02-04 14:20:00,view,1293,Electronics,407,Mobile,New
1940,265,2024-02-04 14:21:00,cart,1293,Electronics,407,Mobile,New
1940,265,2024-02-04 14:25:00,checkout,1293,Electronics,407,Mobile,New
930,266,2024-01-16 14:55:00,view,1133,Beauty,212,Mobile,New
930,266,2024-01-16 14:59:00,cart,1133,Beauty,212,Mobile,New
1690,267,2024-01-02 20:23:00,view,1458,Home,872,Mobile,Returning
1406,268,2024-01-29 07:22:00,view,1158,Home,635,Mobile,New
1022,269,2024-02-04 01:41:00,view,1896,Electronics,993,Tablet,New
645,270,2024-01-11 12:13:00,view,1154,Home,558,Desktop,New
645,270,2024-01-11 12:15:00,cart,1154,Home,558,Desktop,New
645,270,2024-01-11 12:19:00,checkout,1154,Home,558,Desktop,New
645,270,2024-01-11 12:22:00,purchase,1154,Home,558,Desktop,New
227,271,2024-01-19 04:17:00,view,1646,Home,203,Mobile,Returning
701,272,2024-01-12 16:49:00,view,1038,Home,894,Mobile,New
1500,273,2024-02-04 08:21:00,view,1205,Home,948,Desktop,Returning
1501,274,2024-01-21 02:02:00,view,1554,Home,937,Mobile,New
1501,274,2024-01-21 02:03:00,cart,1554,Home,937,Mobile,New
265,275,2024-01-01 01:44:00,view,1372,Home,83,Desktop,Returning
265,275,2024-01-01 01:46:00,cart,1372,Home,83,Desktop,Returning
265,275,2024-01-01 01:48:00,checkout,1372,Home,83,Desktop,Returning
265,275,2024-01-01 01:52:00,purchase,1372,Home,83,Desktop,Returning
1396,276,2024-01-12 06:12:00,view,1813,Fashion,466,Desktop,Returning
1396,276,2024-01-12 06:13:00,cart,1813,Fashion,466,Desktop,Returning
1510,277,2024-02-04 09:35:00,view,1410,Electronics,803,Mobile,Returning
1510,277,2024-02-04 09:36:00,cart,1410,Electronics,803,Mobile,Returning
1458,278,2024-01-22 19:20:00,view,1449,Home,428,Mobile,Returning
1458,278,2024-01-22 19:23:00,cart,1449,Home,428,Mobile,Returning
1458,278,2024-01-22 19:27:00,checkout,1449,Home,428,Mobile,Returning
1458,278,2024-01-22 19:30:00,purchase,1449,Home,428,Mobile,Returning
646,279,2024-02-01 00:56:00,view,1887,Home,219,Tablet,Returning
211,280,2024-01-10 14:16:00,view,1849,Home,911,Mobile,New
211,280,2024-01-10 14:17:00,cart,1849,Home,911,Mobile,New
211,280,2024-01-10 14:20:00,checkout,1849,Home,911,Mobile,New
211,280,2024-01-10 14:23:00,purchase,1849,Home,911,Mobile,New
1596,281,2024-01-14 08:24:00,view,1115,Home,277,Mobile,New
1596,281,2024-01-14 08:28:00,cart,1115,Home,277,Mobile,New
1596,281,2024-01-14 08:30:00,checkout,1115,Home,277,Mobile,New
1596,281,2024-01-14 08:32:00,purchase,1115,Home,277,Mobile,New
1964,282,2024-01-04 23:55:00,view,1902,Fashion,218,Mobile,New
1964,282,2024-01-04 23:58:00,cart,1902,Fashion,218,Mobile,New
1964,282,2024-01-04 23:59:00,checkout,1902,Fashion,218,Mobile,New
1964,282,2024-01-05 00:03:00,purchase,1902,Fashion,218,Mobile,New
1401,283,2024-01-11 06:34:00,view,1160,Fashion,988,Mobile,New
1401,283,2024-01-11 06:35:00,cart,1160,Fashion,988,Mobile,New
1401,283,2024-01-11 06:37:00,checkout,1160,Fashion,988,Mobile,New
1401,283,2024-01-11 06:39:00,purchase,1160,Fashion,988,Mobile,New
1419,284,2024-01-25 16:42:00,view,1233,Fashion,828,Desktop,New
1474,285,2024-01-09 01:24:00,view,1948,Home,859,Desktop,New
1474,285,2024-01-09 01:28:00,cart,1948,Home,859,Desktop,New
1474,285,2024-01-09 01:30:00,checkout,1948,Home,859,Desktop,New
943,286,2024-02-02 13:49:00,view,1863,Home,232,Tablet,Returning
943,286,2024-02-02 13:53:00,cart,1863,Home,232,Tablet,Returning
943,286,2024-02-02 13:55:00,checkout,1863,Home,232,Tablet,Returning
1388,287,2024-01-26 19:20:00,view,1590,Fashion,828,Mobile,New
1900,288,2024-01-15 11:50:00,view,1573,Home,301,Mobile,Returning
1900,288,2024-01-15 11:54:00,cart,1573,Home,301,Mobile,Returning
1900,288,2024-01-15 11:56:00,checkout,1573,Home,301,Mobile,Returning
1900,288,2024-01-15 11:59:00,purchase,1573,Home,301,Mobile,Returning
457,289,2024-01-23 04:08:00,view,1038,Home,109,Mobile,New
725,290,2024-01-08 07:48:00,view,1632,Home,159,Mobile,New
725,290,2024-01-08 07:50:00,cart,1632,Home,159,Mobile,New
725,290,2024-01-08 07:52:00,checkout,1632,Home,159,Mobile,New
725,290,2024-01-08 07:54:00,purchase,1632,Home,159,Mobile,New
1752,291,2024-01-07 20:52:00,view,1243,Electronics,132,Mobile,New
1752,291,2024-01-07 20:55:00,cart,1243,Electronics,132,Mobile,New
1752,291,2024-01-07 20:58:00,checkout,1243,Electronics,132,Mobile,New
1752,291,2024-01-07 21:02:00,purchase,1243,Electronics,132,Mobile,New
1250,292,2024-01-15 06:10:00,view,1098,Fashion,475,Tablet,Returning
1250,292,2024-01-15 06:14:00,cart,1098,Fashion,475,Tablet,Returning
1250,292,2024-01-15 06:18:00,checkout,1098,Fashion,475,Tablet,Returning
1250,292,2024-01-15 06:20:00,purchase,1098,Fashion,475,Tablet,Returning
982,293,2024-01-31 05:27:00,view,1021,Fashion,939,Desktop,Returning
982,293,2024-01-31 05:30:00,cart,1021,Fashion,939,Desktop,Returning
982,293,2024-01-31 05:32:00,checkout,1021,Fashion,939,Desktop,Returning
982,293,2024-01-31 05:35:00,purchase,1021,Fashion,939,Desktop,Returning
1155,294,2024-01-05 11:36:00,view,1829,Beauty,132,Mobile,Returning
1155,294,2024-01-05 11:38:00,cart,1829,Beauty,132,Mobile,Returning
588,295,2024-01-28 16:53:00,view,1904,Electronics,76,Desktop,New
476,296,2024-01-28 03:17:00,view,1651,Home,403,Mobile,Returning
1822,297,2024-02-04 11:31:00,view,1404,Fashion,670,Mobile,New
1822,297,2024-02-04 11:32:00,cart,1404,Fashion,670,Mobile,New
1822,297,2024-02-04 11:36:00,checkout,1404,Fashion,670,Mobile,New
1822,297,2024-02-04 11:37:00,purchase,1404,Fashion,670,Mobile,New
986,298,2024-01-29 12:50:00,view,1159,Beauty,850,Desktop,New
1301,299,2024-01-22 17:41:00,view,1532,Fashion,753,Mobile,New
156,300,2024-01-12 02:49:00,view,1998,Electronics,120,Tablet,New
1784,301,2024-01-15 17:26:00,view,1968,Electronics,529,Desktop,Returning
1784,301,2024-01-15 17:28:00,cart,1968,Electronics,529,Desktop,Returning
1784,301,2024-01-15 17:30:00,checkout,1968,Electronics,529,Desktop,Returning
1784,301,2024-01-15 17:32:00,purchase,1968,Electronics,529,Desktop,Returning
1242,302,2024-01-28 09:44:00,view,1800,Electronics,379,Mobile,Returning
190,303,2024-02-04 13:32:00,view,1939,Fashion,279,Desktop,New
1441,304,2024-01-31 01:28:00,view,1524,Electronics,173,Mobile,Returning
1441,304,2024-01-31 01:30:00,cart,1524,Electronics,173,Mobile,Returning
1441,304,2024-01-31 01:32:00,checkout,1524,Electronics,173,Mobile,Returning
1441,304,2024-01-31 01:34:00,purchase,1524,Electronics,173,Mobile,Returning
981,305,2024-01-12 18:54:00,view,1870,Beauty,47,Mobile,New
1699,306,2024-01-15 09:28:00,view,1375,Fashion,519,Mobile,Returning
1716,307,2024-01-27 04:50:00,view,1058,Beauty,483,Mobile,Returning
546,308,2024-01-20 00:15:00,view,1217,Electronics,508,Desktop,New
41,309,2024-01-18 01:40:00,view,1128,Electronics,576,Mobile,New
41,309,2024-01-18 01:43:00,cart,1128,Electronics,576,Mobile,New
41,309,2024-01-18 01:44:00,checkout,1128,Electronics,576,Mobile,New
307,310,2024-02-03 12:23:00,view,1292,Beauty,835,Desktop,New
307,310,2024-02-03 12:24:00,cart,1292,Beauty,835,Desktop,New
943,311,2024-01-03 10:40:00,view,1544,Home,352,Mobile,Returning
338,312,2024-01-26 17:41:00,view,1662,Electronics,946,Mobile,Returning
1338,313,2024-01-14 12:24:00,view,1505,Electronics,194,Desktop,Returning
1338,313,2024-01-14 12:28:00,cart,1505,Electronics,194,Desktop,Returning
1338,313,2024-01-14 12:30:00,checkout,1505,Electronics,194,Desktop,Returning
1099,314,2024-01-16 00:37:00,view,1959,Electronics,849,Mobile,Returning
953,315,2024-01-08 16:29:00,view,1639,Beauty,942,Mobile,New
279,316,2024-01-26 12:44:00,view,1647,Electronics,756,Mobile,Returning
279,316,2024-01-26 12:45:00,cart,1647,Electronics,756,Mobile,Returning
279,316,2024-01-26 12:49:00,checkout,1647,Electronics,756,Mobile,Returning
279,316,2024-01-26 12:50:00,purchase,1647,Electronics,756,Mobile,Returning
1200,317,2024-01-20 11:53:00,view,1854,Beauty,256,Mobile,New
896,318,2024-01-11 09:55:00,view,1574,Fashion,395,Mobile,New
896,318,2024-01-11 09:57:00,cart,1574,Fashion,395,Mobile,New
896,318,2024-01-11 09:59:00,checkout,1574,Fashion,395,Mobile,New
896,318,2024-01-11 10:02:00,purchase,1574,Fashion,395,Mobile,New
1686,319,2024-01-08 08:57:00,view,1754,Home,828,Desktop,Returning
273,320,2024-01-01 01:02:00,view,1572,Home,19,Mobile,Returning
273,320,2024-01-01 01:04:00,cart,1572,Home,19,Mobile,Returning
273,320,2024-01-01 01:05:00,checkout,1572,Home,19,Mobile,Returning
273,320,2024-01-01 01:07:00,purchase,1572,Home,19,Mobile,Returning
837,321,2024-01-13 05:37:00,view,1590,Home,711,Mobile,Returning
837,321,2024-01-13 05:40:00,cart,1590,Home,711,Mobile,Returning
837,321,2024-01-13 05:41:00,checkout,1590,Home,711,Mobile,Returning
837,321,2024-01-13 05:44:00,purchase,1590,Home,711,Mobile,Returning
620,322,2024-01-14 17:43:00,view,1903,Electronics,377,Tablet,Returning
620,322,2024-01-14 17:44:00,cart,1903,Electronics,377,Tablet,Returning
620,322,2024-01-14 17:48:00,checkout,1903,Electronics,377,Tablet,Returning
1675,323,2024-02-02 14:54:00,view,1472,Home,998,Mobile,Returning
1675,323,2024-02-02 14:57:00,cart,1472,Home,998,Mobile,Returning
1675,323,2024-02-02 15:01:00,checkout,1472,Home,998,Mobile,Returning
1675,323,2024-02-02 15:05:00,purchase,1472,Home,998,Mobile,Returning
862,324,2024-01-09 08:49:00,view,1301,Electronics,855,Desktop,New
1807,325,2024-01-29 03:22:00,view,1833,Beauty,538,Mobile,Returning
1883,326,2024-01-16 05:43:00,view,1774,Home,83,Mobile,Returning
1883,326,2024-01-16 05:44:00,cart,1774,Home,83,Mobile,Returning
931,327,2024-01-01 16:16:00,view,1515,Home,882,Desktop,New
289,328,2024-01-22 23:48:00,view,1517,Home,833,Mobile,New
289,328,2024-01-22 23:51:00,cart,1517,Home,833,Mobile,New
289,328,2024-01-22 23:52:00,checkout,1517,Home,833,Mobile,New
289,328,2024-01-22 23:55:00,purchase,1517,Home,833,Mobile,New
724,329,2024-01-12 06:54:00,view,1832,Home,74,Desktop,Returning
893,330,2024-01-14 11:52:00,view,1223,Fashion,679,Mobile,Returning
272,331,2024-01-24 03:04:00,view,1989,Fashion,287,Mobile,Returning
272,331,2024-01-24 03:07:00,cart,1989,Fashion,287,Mobile,Returning
1954,332,2024-01-01 19:30:00,view,1728,Electronics,437,Mobile,Returning
1090,333,2024-01-07 08:08:00,view,1462,Fashion,510,Mobile,New
483,334,2024-01-03 01:36:00,view,1499,Fashion,384,Desktop,New
936,335,2024-02-02 14:31:00,view,1576,Fashion,469,Mobile,New
936,335,2024-02-02 14:35:00,cart,1576,Fashion,469,Mobile,New
936,335,2024-02-02 14:37:00,checkout,1576,Fashion,469,Mobile,New
936,335,2024-02-02 14:39:00,purchase,1576,Fashion,469,Mobile,New
248,336,2024-01-15 12:20:00,view,1729,Home,547,Tablet,Returning
156,337,2024-01-03 11:22:00,view,1755,Fashion,104,Tablet,New
156,337,2024-01-03 11:25:00,cart,1755,Fashion,104,Tablet,New
156,337,2024-01-03 11:29:00,checkout,1755,Fashion,104,Tablet,New
1071,338,2024-01-06 23:12:00,view,1586,Beauty,978,Mobile,New
1959,339,2024-01-30 05:44:00,view,1050,Electronics,377,Mobile,Returning
1959,339,2024-01-30 05:48:00,cart,1050,Electronics,377,Mobile,Returning
454,340,2024-01-26 11:13:00,view,1987,Fashion,895,Desktop,Returning
454,340,2024-01-26 11:15:00,cart,1987,Fashion,895,Desktop,Returning
201,341,2024-01-02 00:58:00,view,1184,Beauty,783,Tablet,Returning
201,341,2024-01-02 01:00:00,cart,1184,Beauty,783,Tablet,Returning
201,341,2024-01-02 01:02:00,checkout,1184,Beauty,783,Tablet,Returning
1684,342,2024-01-03 05:13:00,view,1628,Electronics,518,Mobile,Returning
124,343,2024-02-03 14:48:00,view,1578,Fashion,499,Mobile,New
1,344,2024-01-16 12:05:00,view,1272,Beauty,536,Mobile,New
1,344,2024-01-16 12:06:00,cart,1272,Beauty,536,Mobile,New
1,344,2024-01-16 12:10:00,checkout,1272,Beauty,536,Mobile,New
968,345,2024-01-31 11:12:00,view,1815,Electronics,356,Desktop,New
968,345,2024-01-31 11:16:00,cart,1815,Electronics,356,Desktop,New
968,345,2024-01-31 11:18:00,checkout,1815,Electronics,356,Desktop,New
968,345,2024-01-31 11:21:00,purchase,1815,Electronics,356,Desktop,New
1783,346,2024-01-28 21:55:00,view,1191,Home,93,Mobile,New
855,347,2024-01-06 11:54:00,view,1772,Fashion,845,Desktop,New
640,348,2024-01-11 09:55:00,view,1789,Beauty,145,Mobile,New
191,349,2024-01-21 12:33:00,view,1813,Fashion,927,Mobile,New
191,349,2024-01-21 12:36:00,cart,1813,Fashion,927,Mobile,New
191,349,2024-01-21 12:39:00,checkout,1813,Fashion,927,Mobile,New
191,349,2024-01-21 12:40:00,purchase,1813,Fashion,927,Mobile,New
1603,350,2024-01-28 11:28:00,view,1004,Beauty,83,Mobile,New
516,351,2024-01-18 13:07:00,view,1536,Fashion,91,Mobile,New
442,352,2024-02-02 17:27:00,view,1513,Beauty,414,Mobile,Returning
442,352,2024-02-02 17:31:00,cart,1513,Beauty,414,Mobile,Returning
442,352,2024-02-02 17:33:00,checkout,1513,Beauty,414,Mobile,Returning
442,352,2024-02-02 17:36:00,purchase,1513,Beauty,414,Mobile,Returning
1945,353,2024-01-07 20:42:00,view,1342,Electronics,649,Mobile,Returning
1839,354,2024-01-27 19:30:00,view,1732,Beauty,958,Mobile,Returning
1830,355,2024-01-09 16:07:00,view,1174,Beauty,61,Mobile,New
143,356,2024-01-22 04:48:00,view,1352,Beauty,949,Mobile,New
143,356,2024-01-22 04:51:00,cart,1352,Beauty,949,Mobile,New
143,356,2024-01-22 04:53:00,checkout,1352,Beauty,949,Mobile,New
143,356,2024-01-22 04:56:00,purchase,1352,Beauty,949,Mobile,New
1215,357,2024-01-26 06:19:00,view,1030,Fashion,28,Tablet,Returning
533,358,2024-01-19 22:34:00,view,1836,Fashion,33,Mobile,Returning
227,359,2024-01-03 02:50:00,view,1160,Electronics,970,Mobile,Returning
1337,360,2024-01-30 21:41:00,view,1503,Beauty,123,Mobile,New
1653,361,2024-01-12 06:24:00,view,1219,Electronics,964,Tablet,New
1653,361,2024-01-12 06:27:00,cart,1219,Electronics,964,Tablet,New
1653,361,2024-01-12 06:28:00,checkout,1219,Electronics,964,Tablet,New
949,362,2024-01-18 22:16:00,view,1181,Fashion,156,Mobile,Returning
949,362,2024-01-18 22:19:00,cart,1181,Fashion,156,Mobile,Returning
1326,363,2024-01-10 04:48:00,view,1001,Fashion,701,Desktop,New
1678,364,2024-01-03 22:52:00,view,1137,Fashion,297,Desktop,New
1678,364,2024-01-03 22:53:00,cart,1137,Fashion,297,Desktop,New
1678,364,2024-01-03 22:57:00,checkout,1137,Fashion,297,Desktop,New
1678,364,2024-01-03 23:01:00,purchase,1137,Fashion,297,Desktop,New
460,365,2024-01-03 01:51:00,view,1126,Home,925,Desktop,New
460,365,2024-01-03 01:52:00,cart,1126,Home,925,Desktop,New
460,365,2024-01-03 01:53:00,checkout,1126,Home,925,Desktop,New
460,365,2024-01-03 01:54:00,purchase,1126,Home,925,Desktop,New
1425,366,2024-01-30 17:48:00,view,1318,Beauty,502,Mobile,Returning
551,367,2024-01-08 22:13:00,view,1772,Beauty,286,Desktop,New
551,367,2024-01-08 22:17:00,cart,1772,Beauty,286,Desktop,New
551,367,2024-01-08 22:18:00,checkout,1772,Beauty,286,Desktop,New
551,367,2024-01-08 22:21:00,purchase,1772,Beauty,286,Desktop,New
393,368,2024-01-23 18:07:00,view,1189,Electronics,483,Mobile,New
1891,369,2024-02-02 23:42:00,view,1864,Beauty,719,Mobile,New
1788,370,2024-01-26 13:00:00,view,1038,Home,504,Desktop,Returning
845,371,2024-01-07 00:19:00,view,1891,Beauty,130,Mobile,New
845,371,2024-01-07 00:23:00,cart,1891,Beauty,130,Mobile,New
845,371,2024-01-07 00:24:00,checkout,1891,Beauty,130,Mobile,New
845,371,2024-01-07 00:25:00,purchase,1891,Beauty,130,Mobile,New
1231,372,2024-01-10 16:49:00,view,1355,Home,549,Desktop,Returning
210,373,2024-01-17 03:01:00,view,1064,Electronics,849,Mobile,New
1139,374,2024-01-21 09:59:00,view,1816,Beauty,436,Desktop,New
1761,375,2024-01-05 18:15:00,view,1424,Home,469,Mobile,New
646,376,2024-01-27 01:06:00,view,1011,Home,198,Mobile,Returning
1275,377,2024-01-10 00:16:00,view,1452,Beauty,602,Mobile,New
1275,377,2024-01-10 00:19:00,cart,1452,Beauty,602,Mobile,New
1275,377,2024-01-10 00:22:00,checkout,1452,Beauty,602,Mobile,New
1275,377,2024-01-10 00:23:00,purchase,1452,Beauty,602,Mobile,New
219,378,2024-01-08 23:04:00,view,1753,Electronics,324,Tablet,Returning
219,378,2024-01-08 23:06:00,cart,1753,Electronics,324,Tablet,Returning
219,378,2024-01-08 23:07:00,checkout,1753,Electronics,324,Tablet,Returning
219,378,2024-01-08 23:10:00,purchase,1753,Electronics,324,Tablet,Returning
407,379,2024-01-07 03:15:00,view,1038,Beauty,116,Mobile,New
1467,380,2024-01-19 07:11:00,view,1338,Fashion,21,Mobile,Returning
1627,381,2024-01-24 10:32:00,view,1125,Beauty,557,Mobile,New
1378,382,2024-01-03 14:29:00,view,1818,Fashion,91,Desktop,New
1378,382,2024-01-03 14:30:00,cart,1818,Fashion,91,Desktop,New
888,383,2024-01-23 23:20:00,view,1657,Fashion,58,Mobile,New
888,383,2024-01-23 23:21:00,cart,1657,Fashion,58,Mobile,New
558,384,2024-01-28 06:03:00,view,1984,Fashion,526,Mobile,New
550,385,2024-01-08 19:57:00,view,1314,Beauty,969,Mobile,Returning
550,385,2024-01-08 20:00:00,cart,1314,Beauty,969,Mobile,Returning
550,385,2024-01-08 20:02:00,checkout,1314,Beauty,969,Mobile,Returning
550,385,2024-01-08 20:04:00,purchase,1314,Beauty,969,Mobile,Returning
142,386,2024-02-01 00:03:00,view,1791,Beauty,276,Mobile,New
612,387,2024-01-25 08:10:00,view,1532,Fashion,635,Mobile,Returning
501,388,2024-01-16 08:18:00,view,1728,Electronics,787,Mobile,Returning
501,388,2024-01-16 08:21:00,cart,1728,Electronics,787,Mobile,Returning
840,389,2024-01-25 09:00:00,view,1743,Beauty,949,Desktop,Returning
702,390,2024-01-15 20:21:00,view,1901,Electronics,711,Mobile,New
702,390,2024-01-15 20:22:00,cart,1901,Electronics,711,Mobile,New
702,390,2024-01-15 20:23:00,checkout,1901,Electronics,711,Mobile,New
702,390,2024-01-15 20:26:00,purchase,1901,Electronics,711,Mobile,New
1571,391,2024-01-28 09:58:00,view,1296,Home,25,Mobile,New
1571,391,2024-01-28 10:01:00,cart,1296,Home,25,Mobile,New
1571,391,2024-01-28 10:05:00,checkout,1296,Home,25,Mobile,New
1683,392,2024-01-16 20:07:00,view,1531,Electronics,699,Mobile,Returning
1566,393,2024-02-02 03:21:00,view,1421,Home,856,Tablet,New
1566,393,2024-02-02 03:25:00,cart,1421,Home,856,Tablet,New
1870,394,2024-02-04 00:00:00,view,1019,Home,324,Tablet,Returning
1870,394,2024-02-04 00:02:00,cart,1019,Home,324,Tablet,Returning
1870,394,2024-02-04 00:05:00,checkout,1019,Home,324,Tablet,Returning
1870,394,2024-02-04 00:06:00,purchase,1019,Home,324,Tablet,Returning
1531,395,2024-01-25 16:11:00,view,1644,Home,612,Desktop,New
596,396,2024-01-01 08:41:00,view,1341,Fashion,936,Mobile,New
1905,397,2024-01-24 22:56:00,view,1197,Beauty,464,Mobile,Returning
1905,397,2024-01-24 23:00:00,cart,1197,Beauty,464,Mobile,Returning
1905,397,2024-01-24 23:04:00,checkout,1197,Beauty,464,Mobile,Returning
1905,397,2024-01-24 23:07:00,purchase,1197,Beauty,464,Mobile,Returning
281,398,2024-01-11 18:30:00,view,1861,Home,674,Mobile,Returning
424,399,2024-01-12 10:12:00,view,1094,Fashion,806,Mobile,New
424,399,2024-01-12 10:13:00,cart,1094,Fashion,806,Mobile,New
424,399,2024-01-12 10:16:00,checkout,1094,Fashion,806,Mobile,New
424,399,2024-01-12 10:19:00,purchase,1094,Fashion,806,Mobile,New
856,400,2024-01-17 02:20:00,view,1703,Fashion,703,Mobile,New
856,400,2024-01-17 02:23:00,cart,1703,Fashion,703,Mobile,New
270,401,2024-01-27 10:41:00,view,1401,Fashion,543,Desktop,New
270,401,2024-01-27 10:45:00,cart,1401,Fashion,543,Desktop,New
270,401,2024-01-27 10:47:00,checkout,1401,Fashion,543,Desktop,New
270,401,2024-01-27 10:50:00,purchase,1401,Fashion,543,Desktop,New
154,402,2024-01-07 21:00:00,view,1738,Electronics,587,Desktop,New
614,403,2024-01-30 09:22:00,view,1196,Home,774,Desktop,New
614,403,2024-01-30 09:24:00,cart,1196,Home,774,Desktop,New
614,403,2024-01-30 09:26:00,checkout,1196,Home,774,Desktop,New
614,403,2024-01-30 09:30:00,purchase,1196,Home,774,Desktop,New
1751,404,2024-02-02 12:25:00,view,1275,Electronics,576,Mobile,New
662,405,2024-01-29 15:16:00,view,1152,Beauty,349,Desktop,Returning
662,405,2024-01-29 15:20:00,cart,1152,Beauty,349,Desktop,Returning
1968,406,2024-01-21 04:56:00,view,1957,Home,436,Mobile,New
1968,406,2024-01-21 04:58:00,cart,1957,Home,436,Mobile,New
1968,406,2024-01-21 05:02:00,checkout,1957,Home,436,Mobile,New
1968,406,2024-01-21 05:05:00,purchase,1957,Home,436,Mobile,New
83,407,2024-01-18 10:42:00,view,1938,Fashion,359,Mobile,New
1646,408,2024-01-26 11:22:00,view,1893,Electronics,822,Desktop,Returning
947,409,2024-01-17 02:04:00,view,1370,Home,289,Mobile,New
899,410,2024-01-06 01:02:00,view,1890,Home,258,Mobile,New
899,410,2024-01-06 01:04:00,cart,1890,Home,258,Mobile,New
1450,411,2024-01-27 12:07:00,view,1884,Electronics,928,Mobile,Returning
1450,411,2024-01-27 12:10:00,cart,1884,Electronics,928,Mobile,Returning
1299,412,2024-01-30 10:03:00,view,1992,Electronics,13,Desktop,Returning
1299,412,2024-01-30 10:06:00,cart,1992,Electronics,13,Desktop,Returning
1737,413,2024-01-15 06:17:00,view,1132,Fashion,772,Desktop,New
1737,413,2024-01-15 06:21:00,cart,1132,Fashion,772,Desktop,New
284,414,2024-01-24 10:55:00,view,1118,Beauty,808,Mobile,New
284,414,2024-01-24 10:59:00,cart,1118,Beauty,808,Mobile,New
284,414,2024-01-24 11:00:00,checkout,1118,Beauty,808,Mobile,New
284,414,2024-01-24 11:01:00,purchase,1118,Beauty,808,Mobile,New
980,415,2024-01-27 16:36:00,view,1329,Fashion,694,Desktop,New
980,415,2024-01-27 16:37:00,cart,1329,Fashion,694,Desktop,New
980,415,2024-01-27 16:38:00,checkout,1329,Fashion,694,Desktop,New
980,415,2024-01-27 16:42:00,purchase,1329,Fashion,694,Desktop,New
173,416,2024-01-05 19:33:00,view,1334,Fashion,694,Mobile,New
173,416,2024-01-05 19:36:00,cart,1334,Fashion,694,Mobile,New
1351,417,2024-01-09 05:47:00,view,1891,Fashion,142,Mobile,Returning
1351,417,2024-01-09 05:48:00,cart,1891,Fashion,142,Mobile,Returning
1351,417,2024-01-09 05:49:00,checkout,1891,Fashion,142,Mobile,Returning
1351,417,2024-01-09 05:50:00,purchase,1891,Fashion,142,Mobile,Returning
1742,418,2024-01-23 19:42:00,view,1983,Fashion,662,Desktop,Returning
1742,418,2024-01-23 19:46:00,cart,1983,Fashion,662,Desktop,Returning
1087,419,2024-01-13 11:01:00,view,1404,Fashion,722,Desktop,Returning
1087,419,2024-01-13 11:03:00,cart,1404,Fashion,722,Desktop,Returning
1087,419,2024-01-13 11:05:00,checkout,1404,Fashion,722,Desktop,Returning
1087,419,2024-01-13 11:08:00,purchase,1404,Fashion,722,Desktop,Returning
1097,420,2024-01-24 06:24:00,view,1380,Fashion,942,Tablet,New
763,421,2024-02-02 05:49:00,view,1082,Home,871,Mobile,New
1660,422,2024-01-12 02:10:00,view,1086,Beauty,454,Desktop,New
1399,423,2024-01-11 23:23:00,view,1962,Home,396,Desktop,Returning
1399,423,2024-01-11 23:25:00,cart,1962,Home,396,Desktop,Returning
633,424,2024-01-15 16:12:00,view,1964,Beauty,703,Desktop,New
1532,425,2024-02-03 13:48:00,view,1717,Home,431,Mobile,Returning
787,426,2024-01-20 06:07:00,view,1752,Beauty,452,Desktop,New
787,426,2024-01-20 06:08:00,cart,1752,Beauty,452,Desktop,New
787,426,2024-01-20 06:09:00,checkout,1752,Beauty,452,Desktop,New
787,426,2024-01-20 06:12:00,purchase,1752,Beauty,452,Desktop,New
943,427,2024-02-02 23:48:00,view,1780,Home,822,Mobile,Returning
943,427,2024-02-02 23:49:00,cart,1780,Home,822,Mobile,Returning
943,427,2024-02-02 23:53:00,checkout,1780,Home,822,Mobile,Returning
943,427,2024-02-02 23:54:00,purchase,1780,Home,822,Mobile,Returning
1012,428,2024-01-14 11:47:00,view,1987,Electronics,776,Mobile,Returning
398,429,2024-01-21 10:33:00,view,1258,Fashion,191,Mobile,New
398,429,2024-01-21 10:36:00,cart,1258,Fashion,191,Mobile,New
398,429,2024-01-21 10:40:00,checkout,1258,Fashion,191,Mobile,New
398,429,2024-01-21 10:41:00,purchase,1258,Fashion,191,Mobile,New
1144,430,2024-02-02 04:40:00,view,1924,Electronics,180,Mobile,New
934,431,2024-01-01 16:42:00,view,1158,Electronics,179,Mobile,New
934,431,2024-01-01 16:43:00,cart,1158,Electronics,179,Mobile,New
934,431,2024-01-01 16:46:00,checkout,1158,Electronics,179,Mobile,New
934,431,2024-01-01 16:50:00,purchase,1158,Electronics,179,Mobile,New
1461,432,2024-01-22 10:40:00,view,1591,Home,57,Desktop,New
1461,432,2024-01-22 10:44:00,cart,1591,Home,57,Desktop,New
1461,432,2024-01-22 10:47:00,checkout,1591,Home,57,Desktop,New
1461,432,2024-01-22 10:49:00,purchase,1591,Home,57,Desktop,New
1853,433,2024-01-04 20:57:00,view,1867,Fashion,525,Mobile,Returning
1853,433,2024-01-04 20:58:00,cart,1867,Fashion,525,Mobile,Returning
1853,433,2024-01-04 20:59:00,checkout,1867,Fashion,525,Mobile,Returning
1853,433,2024-01-04 21:03:00,purchase,1867,Fashion,525,Mobile,Returning
676,434,2024-02-01 11:07:00,view,1789,Beauty,151,Desktop,Returning
936,435,2024-01-23 06:45:00,view,1130,Fashion,52,Mobile,New
936,435,2024-01-23 06:47:00,cart,1130,Fashion,52,Mobile,New
936,435,2024-01-23 06:48:00,checkout,1130,Fashion,52,Mobile,New
936,435,2024-01-23 06:49:00,purchase,1130,Fashion,52,Mobile,New
465,436,2024-01-28 01:12:00,view,1245,Electronics,945,Mobile,Returning
286,437,2024-01-24 09:34:00,view,1998,Beauty,30,Mobile,New
265,438,2024-01-29 16:23:00,view,1921,Beauty,453,Mobile,Returning
265,438,2024-01-29 16:27:00,cart,1921,Beauty,453,Mobile,Returning
320,439,2024-01-25 11:22:00,view,1245,Electronics,557,Mobile,New
320,439,2024-01-25 11:23:00,cart,1245,Electronics,557,Mobile,New
320,439,2024-01-25 11:25:00,checkout,1245,Electronics,557,Mobile,New
320,439,2024-01-25 11:28:00,purchase,1245,Electronics,557,Mobile,New
673,440,2024-02-02 17:58:00,view,1874,Home,81,Mobile,New
673,440,2024-02-02 17:59:00,cart,1874,Home,81,Mobile,New
673,440,2024-02-02 18:01:00,checkout,1874,Home,81,Mobile,New
673,440,2024-02-02 18:03:00,purchase,1874,Home,81,Mobile,New
1400,441,2024-01-28 12:46:00,view,1792,Electronics,232,Mobile,Returning
820,442,2024-01-09 12:23:00,view,1404,Electronics,240,Mobile,New
89,443,2024-01-19 02:07:00,view,1553,Fashion,435,Mobile,Returning
1678,444,2024-01-11 13:34:00,view,1607,Home,913,Mobile,New
1227,445,2024-01-04 14:18:00,view,1076,Beauty,634,Mobile,New
1227,445,2024-01-04 14:22:00,cart,1076,Beauty,634,Mobile,New
1227,445,2024-01-04 14:26:00,checkout,1076,Beauty,634,Mobile,New
1227,445,2024-01-04 14:30:00,purchase,1076,Beauty,634,Mobile,New
821,446,2024-01-01 11:51:00,view,1159,Beauty,931,Desktop,Returning
821,446,2024-01-01 11:55:00,cart,1159,Beauty,931,Desktop,Returning
821,446,2024-01-01 11:58:00,checkout,1159,Beauty,931,Desktop,Returning
821,446,2024-01-01 12:00:00,purchase,1159,Beauty,931,Desktop,Returning
1763,447,2024-01-22 05:18:00,view,1395,Home,684,Desktop,New
1001,448,2024-01-29 13:41:00,view,1777,Electronics,744,Desktop,New
1001,448,2024-01-29 13:44:00,cart,1777,Electronics,744,Desktop,New
1001,448,2024-01-29 13:48:00,checkout,1777,Electronics,744,Desktop,New
1001,448,2024-01-29 13:49:00,purchase,1777,Electronics,744,Desktop,New
1979,449,2024-01-16 02:02:00,view,1490,Home,745,Mobile,Returning
1979,449,2024-01-16 02:03:00,cart,1490,Home,745,Mobile,Returning
1979,449,2024-01-16 02:04:00,checkout,1490,Home,745,Mobile,Returning
334,450,2024-01-26 06:08:00,view,1631,Fashion,883,Desktop,New
334,450,2024-01-26 06:10:00,cart,1631,Fashion,883,Desktop,New
334,450,2024-01-26 06:11:00,checkout,1631,Fashion,883,Desktop,New
334,450,2024-01-26 06:12:00,purchase,1631,Fashion,883,Desktop,New
222,451,2024-01-06 01:33:00,view,1765,Home,397,Desktop,New
41,452,2024-02-02 20:19:00,view,1709,Beauty,556,Desktop,New
41,452,2024-02-02 20:20:00,cart,1709,Beauty,556,Desktop,New
1732,453,2024-01-26 01:01:00,view,1877,Electronics,771,Mobile,Returning
68,454,2024-01-28 22:20:00,view,1398,Fashion,569,Desktop,Returning
68,454,2024-01-28 22:24:00,cart,1398,Fashion,569,Desktop,Returning
68,454,2024-01-28 22:26:00,checkout,1398,Fashion,569,Desktop,Returning
68,454,2024-01-28 22:30:00,purchase,1398,Fashion,569,Desktop,Returning
988,455,2024-01-28 20:47:00,view,1533,Home,132,Desktop,New
1800,456,2024-01-13 12:47:00,view,1379,Fashion,280,Mobile,New
514,457,2024-01-09 14:30:00,view,1731,Beauty,991,Desktop,Returning
1897,458,2024-01-05 04:08:00,view,1248,Beauty,773,Mobile,Returning
1661,459,2024-01-30 06:01:00,view,1584,Electronics,237,Mobile,Returning
1661,459,2024-01-30 06:05:00,cart,1584,Electronics,237,Mobile,Returning
1661,459,2024-01-30 06:08:00,checkout,1584,Electronics,237,Mobile,Returning
1661,459,2024-01-30 06:11:00,purchase,1584,Electronics,237,Mobile,Returning
1646,460,2024-01-07 02:49:00,view,1527,Fashion,770,Mobile,Returning
1646,460,2024-01-07 02:51:00,cart,1527,Fashion,770,Mobile,Returning
1622,461,2024-02-03 03:57:00,view,1017,Fashion,263,Desktop,New
1961,462,2024-01-09 13:42:00,view,1049,Fashion,52,Mobile,New
1961,462,2024-01-09 13:46:00,cart,1049,Fashion,52,Mobile,New
1961,462,2024-01-09 13:48:00,checkout,1049,Fashion,52,Mobile,New
1961,462,2024-01-09 13:51:00,purchase,1049,Fashion,52,Mobile,New
1656,463,2024-01-29 22:00:00,view,1902,Beauty,151,Mobile,Returning
1151,464,2024-01-07 19:42:00,view,1220,Beauty,424,Mobile,Returning
1151,464,2024-01-07 19:43:00,cart,1220,Beauty,424,Mobile,Returning
1151,464,2024-01-07 19:47:00,checkout,1220,Beauty,424,Mobile,Returning
1151,464,2024-01-07 19:50:00,purchase,1220,Beauty,424,Mobile,Returning
1279,465,2024-01-01 11:16:00,view,1345,Beauty,905,Mobile,New
695,466,2024-01-20 09:42:00,view,1552,Home,966,Mobile,New
695,466,2024-01-20 09:45:00,cart,1552,Home,966,Mobile,New
695,466,2024-01-20 09:48:00,checkout,1552,Home,966,Mobile,New
695,466,2024-01-20 09:49:00,purchase,1552,Home,966,Mobile,New
1040,467,2024-01-15 12:36:00,view,1601,Home,716,Desktop,New
477,468,2024-01-18 12:53:00,view,1713,Electronics,965,Desktop,New
477,468,2024-01-18 12:57:00,cart,1713,Electronics,965,Desktop,New
477,468,2024-01-18 13:00:00,checkout,1713,Electronics,965,Desktop,New
477,468,2024-01-18 13:02:00,purchase,1713,Electronics,965,Desktop,New
1086,469,2024-01-25 07:52:00,view,1786,Beauty,114,Mobile,New
881,470,2024-01-27 00:53:00,view,1961,Home,892,Mobile,New
432,471,2024-01-30 09:04:00,view,1930,Home,94,Mobile,Returning
432,471,2024-01-30 09:06:00,cart,1930,Home,94,Mobile,Returning
432,471,2024-01-30 09:07:00,checkout,1930,Home,94,Mobile,Returning
432,471,2024-01-30 09:08:00,purchase,1930,Home,94,Mobile,Returning
1694,472,2024-01-22 15:14:00,view,1944,Beauty,579,Desktop,New
268,473,2024-01-01 04:55:00,view,1349,Fashion,563,Mobile,Returning
268,473,2024-01-01 04:57:00,cart,1349,Fashion,563,Mobile,Returning
1059,474,2024-02-02 14:24:00,view,1896,Electronics,973,Mobile,New
1059,474,2024-02-02 14:25:00,cart,1896,Electronics,973,Mobile,New
779,475,2024-01-03 01:53:00,view,1674,Home,701,Mobile,Returning
779,475,2024-01-03 01:57:00,cart,1674,Home,701,Mobile,Returning
779,475,2024-01-03 01:59:00,checkout,1674,Home,701,Mobile,Returning
1600,476,2024-01-03 20:07:00,view,1284,Home,643,Desktop,Returning
1600,476,2024-01-03 20:10:00,cart,1284,Home,643,Desktop,Returning
1600,476,2024-01-03 20:11:00,checkout,1284,Home,643,Desktop,Returning
1600,476,2024-01-03 20:12:00,purchase,1284,Home,643,Desktop,Returning
494,477,2024-01-31 13:18:00,view,1820,Beauty,590,Desktop,New
494,477,2024-01-31 13:22:00,cart,1820,Beauty,590,Desktop,New
494,477,2024-01-31 13:23:00,checkout,1820,Beauty,590,Desktop,New
1586,478,2024-01-16 19:08:00,view,1656,Beauty,144,Desktop,New
1586,478,2024-01-16 19:09:00,cart,1656,Beauty,144,Desktop,New
1493,479,2024-01-18 18:06:00,view,1002,Home,196,Desktop,New
1493,479,2024-01-18 18:08:00,cart,1002,Home,196,Desktop,New
1493,479,2024-01-18 18:10:00,checkout,1002,Home,196,Desktop,New
1493,479,2024-01-18 18:12:00,purchase,1002,Home,196,Desktop,New
1791,480,2024-01-08 01:49:00,view,1836,Fashion,243,Mobile,New
661,481,2024-01-09 08:56:00,view,1375,Electronics,734,Mobile,New
1349,482,2024-02-03 08:27:00,view,1404,Electronics,312,Mobile,Returning
1349,482,2024-02-03 08:30:00,cart,1404,Electronics,312,Mobile,Returning
1349,482,2024-02-03 08:31:00,checkout,1404,Electronics,312,Mobile,Returning
1349,482,2024-02-03 08:34:00,purchase,1404,Electronics,312,Mobile,Returning
1328,483,2024-01-02 16:56:00,view,1269,Beauty,456,Mobile,Returning
1328,483,2024-01-02 16:57:00,cart,1269,Beauty,456,Mobile,Returning
1328,483,2024-01-02 16:58:00,checkout,1269,Beauty,456,Mobile,Returning
1328,483,2024-01-02 17:00:00,purchase,1269,Beauty,456,Mobile,Returning
1300,484,2024-01-26 15:23:00,view,1117,Home,638,Mobile,Returning
1893,485,2024-01-03 08:40:00,view,1972,Electronics,874,Mobile,Returning
1987,486,2024-01-16 11:52:00,view,1396,Home,650,Mobile,Returning
1987,486,2024-01-16 11:53:00,cart,1396,Home,650,Mobile,Returning
1987,486,2024-01-16 11:54:00,checkout,1396,Home,650,Mobile,Returning
1987,486,2024-01-16 11:58:00,purchase,1396,Home,650,Mobile,Returning
1708,487,2024-01-31 15:38:00,view,1684,Fashion,538,Desktop,New
1953,488,2024-01-21 02:22:00,view,1695,Electronics,195,Desktop,New
1953,488,2024-01-21 02:25:00,cart,1695,Electronics,195,Desktop,New
1953,488,2024-01-21 02:27:00,checkout,1695,Electronics,195,Desktop,New
1013,489,2024-01-08 00:10:00,view,1613,Home,292,Desktop,Returning
1225,490,2024-01-23 21:21:00,view,1113,Electronics,566,Desktop,New
1225,490,2024-01-23 21:24:00,cart,1113,Electronics,566,Desktop,New
1225,490,2024-01-23 21:28:00,checkout,1113,Electronics,566,Desktop,New
1225,490,2024-01-23 21:31:00,purchase,1113,Electronics,566,Desktop,New
1469,491,2024-01-10 10:24:00,view,1941,Home,270,Mobile,Returning
1929,492,2024-02-02 15:52:00,view,1005,Home,58,Desktop,Returning
1929,492,2024-02-02 15:53:00,cart,1005,Home,58,Desktop,Returning
1929,492,2024-02-02 15:55:00,checkout,1005,Home,58,Desktop,Returning
1929,492,2024-02-02 15:59:00,purchase,1005,Home,58,Desktop,Returning
1348,493,2024-02-02 12:55:00,view,1552,Electronics,821,Mobile,New
1059,494,2024-01-14 19:32:00,view,1725,Home,707,Desktop,New
1059,494,2024-01-14 19:35:00,cart,1725,Home,707,Desktop,New
1059,494,2024-01-14 19:39:00,checkout,1725,Home,707,Desktop,New
1059,494,2024-01-14 19:40:00,purchase,1725,Home,707,Desktop,New
977,495,2024-01-30 15:12:00,view,1629,Fashion,476,Mobile,New
482,496,2024-01-30 09:28:00,view,1555,Fashion,777,Tablet,Returning
482,496,2024-01-30 09:31:00,cart,1555,Fashion,777,Tablet,Returning
482,496,2024-01-30 09:34:00,checkout,1555,Fashion,777,Tablet,Returning
482,496,2024-01-30 09:35:00,purchase,1555,Fashion,777,Tablet,Returning
728,497,2024-01-20 18:36:00,view,1073,Electronics,581,Mobile,Returning
728,497,2024-01-20 18:40:00,cart,1073,Electronics,581,Mobile,Returning
480,498,2024-01-13 13:25:00,view,1178,Electronics,920,Mobile,New
480,498,2024-01-13 13:26:00,cart,1178,Electronics,920,Mobile,New
480,498,2024-01-13 13:29:00,checkout,1178,Electronics,920,Mobile,New
1089,499,2024-02-02 10:18:00,view,1779,Fashion,795,Desktop,Returning
1089,499,2024-02-02 10:22:00,cart,1779,Fashion,795,Desktop,Returning
1089,499,2024-02-02 10:23:00,checkout,1779,Fashion,795,Desktop,Returning
1089,499,2024-02-02 10:26:00,purchase,1779,Fashion,795,Desktop,Returning
1032,500,2024-01-26 12:09:00,view,1574,Electronics,116,Mobile,New
1032,500,2024-01-26 12:11:00,cart,1574,Electronics,116,Mobile,New
1032,500,2024-01-26 12:14:00,checkout,1574,Electronics,116,Mobile,New
1032,500,2024-01-26 12:15:00,purchase,1574,Electronics,116,Mobile,New
1325,501,2024-01-23 23:04:00,view,1657,Electronics,512,Desktop,Returning
1325,501,2024-01-23 23:05:00,cart,1657,Electronics,512,Desktop,Returning
343,502,2024-01-16 16:30:00,view,1626,Home,547,Desktop,New
343,502,2024-01-16 16:34:00,cart,1626,Home,547,Desktop,New
1455,503,2024-01-25 09:37:00,view,1988,Electronics,286,Desktop,New
1455,503,2024-01-25 09:39:00,cart,1988,Electronics,286,Desktop,New
1455,503,2024-01-25 09:42:00,checkout,1988,Electronics,286,Desktop,New
1455,503,2024-01-25 09:43:00,purchase,1988,Electronics,286,Desktop,New
1448,504,2024-01-10 08:18:00,view,1096,Electronics,962,Tablet,Returning
1448,504,2024-01-10 08:21:00,cart,1096,Electronics,962,Tablet,Returning
332,505,2024-01-27 15:11:00,view,1884,Beauty,296,Tablet,Returning
438,506,2024-01-27 10:24:00,view,1400,Beauty,85,Mobile,Returning
438,506,2024-01-27 10:26:00,cart,1400,Beauty,85,Mobile,Returning
438,506,2024-01-27 10:28:00,checkout,1400,Beauty,85,Mobile,Returning
438,506,2024-01-27 10:29:00,purchase,1400,Beauty,85,Mobile,Returning
1612,507,2024-01-21 01:31:00,view,1027,Home,472,Desktop,Returning
174,508,2024-01-02 21:31:00,view,1825,Electronics,282,Desktop,New
174,508,2024-01-02 21:33:00,cart,1825,Electronics,282,Desktop,New
174,508,2024-01-02 21:36:00,checkout,1825,Electronics,282,Desktop,New
174,508,2024-01-02 21:37:00,purchase,1825,Electronics,282,Desktop,New
559,509,2024-01-11 04:41:00,view,1457,Home,116,Desktop,Returning
559,509,2024-01-11 04:45:00,cart,1457,Home,116,Desktop,Returning
527,510,2024-01-16 04:30:00,view,1634,Beauty,741,Mobile,New
527,510,2024-01-16 04:33:00,cart,1634,Beauty,741,Mobile,New
527,510,2024-01-16 04:37:00,checkout,1634,Beauty,741,Mobile,New
1897,511,2024-01-10 01:32:00,view,1020,Electronics,403,Desktop,Returning
659,512,2024-01-22 07:38:00,view,1717,Beauty,352,Tablet,Returning
659,512,2024-01-22 07:42:00,cart,1717,Beauty,352,Tablet,Returning
26,513,2024-02-01 06:00:00,view,1388,Fashion,816,Desktop,Returning
820,514,2024-01-28 18:03:00,view,1632,Home,243,Mobile,New
820,514,2024-01-28 18:07:00,cart,1632,Home,243,Mobile,New
820,514,2024-01-28 18:11:00,checkout,1632,Home,243,Mobile,New
820,514,2024-01-28 18:12:00,purchase,1632,Home,243,Mobile,New
605,515,2024-01-25 11:08:00,view,1495,Beauty,659,Mobile,New
605,515,2024-01-25 11:11:00,cart,1495,Beauty,659,Mobile,New
406,516,2024-01-03 09:17:00,view,1059,Beauty,228,Mobile,Returning
406,516,2024-01-03 09:18:00,cart,1059,Beauty,228,Mobile,Returning
406,516,2024-01-03 09:21:00,checkout,1059,Beauty,228,Mobile,Returning
232,517,2024-01-07 16:25:00,view,1501,Electronics,950,Desktop,New
533,518,2024-02-03 08:50:00,view,1449,Electronics,62,Desktop,Returning
533,518,2024-02-03 08:54:00,cart,1449,Electronics,62,Desktop,Returning
533,518,2024-02-03 08:58:00,checkout,1449,Electronics,62,Desktop,Returning
533,518,2024-02-03 09:01:00,purchase,1449,Electronics,62,Desktop,Returning
1843,519,2024-01-03 02:34:00,view,1819,Fashion,868,Mobile,New
1574,520,2024-01-22 12:42:00,view,1173,Beauty,98,Mobile,Returning
1812,521,2024-01-29 13:50:00,view,1667,Beauty,744,Mobile,Returning
1812,521,2024-01-29 13:53:00,cart,1667,Beauty,744,Mobile,Returning
1812,521,2024-01-29 13:54:00,checkout,1667,Beauty,744,Mobile,Returning
1812,521,2024-01-29 13:56:00,purchase,1667,Beauty,744,Mobile,Returning
505,522,2024-01-02 23:15:00,view,1425,Electronics,437,Mobile,Returning
505,522,2024-01-02 23:16:00,cart,1425,Electronics,437,Mobile,Returning
1693,523,2024-01-11 21:11:00,view,1459,Electronics,568,Desktop,New
1693,523,2024-01-11 21:14:00,cart,1459,Electronics,568,Desktop,New
179,524,2024-01-13 16:44:00,view,1872,Beauty,757,Desktop,Returning
132,525,2024-01-18 03:08:00,view,1635,Electronics,43,Mobile,New
132,525,2024-01-18 03:10:00,cart,1635,Electronics,43,Mobile,New
132,525,2024-01-18 03:12:00,checkout,1635,Electronics,43,Mobile,New
132,525,2024-01-18 03:16:00,purchase,1635,Electronics,43,Mobile,New
1847,526,2024-01-12 18:11:00,view,1107,Fashion,542,Mobile,New
1847,526,2024-01-12 18:15:00,cart,1107,Fashion,542,Mobile,New
1847,526,2024-01-12 18:16:00,checkout,1107,Fashion,542,Mobile,New
1847,526,2024-01-12 18:18:00,purchase,1107,Fashion,542,Mobile,New
1479,527,2024-01-23 20:03:00,view,1307,Beauty,416,Mobile,Returning
1479,527,2024-01-23 20:07:00,cart,1307,Beauty,416,Mobile,Returning
1479,527,2024-01-23 20:11:00,checkout,1307,Beauty,416,Mobile,Returning
348,528,2024-01-12 20:58:00,view,1145,Electronics,302,Tablet,New
540,529,2024-01-05 05:25:00,view,1118,Home,11,Mobile,New
540,529,2024-01-05 05:28:00,cart,1118,Home,11,Mobile,New
540,529,2024-01-05 05:31:00,checkout,1118,Home,11,Mobile,New
772,530,2024-01-18 20:05:00,view,1256,Fashion,186,Mobile,Returning
772,530,2024-01-18 20:09:00,cart,1256,Fashion,186,Mobile,Returning
1430,531,2024-01-26 17:29:00,view,1980,Home,229,Mobile,Returning
76,532,2024-02-03 13:32:00,view,1501,Home,399,Desktop,Returning
76,532,2024-02-03 13:34:00,cart,1501,Home,399,Desktop,Returning
76,532,2024-02-03 13:37:00,checkout,1501,Home,399,Desktop,Returning
76,532,2024-02-03 13:39:00,purchase,1501,Home,399,Desktop,Returning
1965,533,2024-01-07 13:52:00,view,1019,Fashion,732,Desktop,New
1965,533,2024-01-07 13:55:00,cart,1019,Fashion,732,Desktop,New
1965,533,2024-01-07 13:57:00,checkout,1019,Fashion,732,Desktop,New
579,534,2024-01-06 23:33:00,view,1691,Home,416,Desktop,New
854,535,2024-01-17 02:21:00,view,1078,Fashion,322,Mobile,Returning
854,535,2024-01-17 02:23:00,cart,1078,Fashion,322,Mobile,Returning
1516,536,2024-01-29 18:30:00,view,1245,Beauty,868,Mobile,New
1516,536,2024-01-29 18:32:00,cart,1245,Beauty,868,Mobile,New
1516,536,2024-01-29 18:35:00,checkout,1245,Beauty,868,Mobile,New
1516,536,2024-01-29 18:39:00,purchase,1245,Beauty,868,Mobile,New
194,537,2024-01-01 07:53:00,view,1675,Electronics,269,Mobile,Returning
194,537,2024-01-01 07:55:00,cart,1675,Electronics,269,Mobile,Returning
194,537,2024-01-01 07:58:00,checkout,1675,Electronics,269,Mobile,Returning
1186,538,2024-01-12 22:39:00,view,1403,Electronics,125,Desktop,Returning
1186,538,2024-01-12 22:43:00,cart,1403,Electronics,125,Desktop,Returning
1186,538,2024-01-12 22:46:00,checkout,1403,Electronics,125,Desktop,Returning
1186,538,2024-01-12 22:49:00,purchase,1403,Electronics,125,Desktop,Returning
347,539,2024-01-17 08:43:00,view,1745,Beauty,482,Mobile,Returning
951,540,2024-01-20 02:25:00,view,1142,Fashion,978,Mobile,Returning
951,540,2024-01-20 02:27:00,cart,1142,Fashion,978,Mobile,Returning
1385,541,2024-01-16 21:32:00,view,1235,Beauty,278,Desktop,Returning
1793,542,2024-01-18 03:22:00,view,1274,Electronics,642,Desktop,New
1608,543,2024-02-01 02:45:00,view,1062,Home,95,Mobile,Returning
1608,543,2024-02-01 02:47:00,cart,1062,Home,95,Mobile,Returning
1608,543,2024-02-01 02:50:00,checkout,1062,Home,95,Mobile,Returning
1111,544,2024-01-08 08:10:00,view,1621,Fashion,880,Mobile,Returning
1958,545,2024-01-18 02:29:00,view,1597,Beauty,660,Mobile,New
1958,545,2024-01-18 02:32:00,cart,1597,Beauty,660,Mobile,New
1958,545,2024-01-18 02:33:00,checkout,1597,Beauty,660,Mobile,New
1286,546,2024-01-09 09:48:00,view,1585,Beauty,576,Desktop,New
1286,546,2024-01-09 09:49:00,cart,1585,Beauty,576,Desktop,New
1286,546,2024-01-09 09:52:00,checkout,1585,Beauty,576,Desktop,New
1286,546,2024-01-09 09:55:00,purchase,1585,Beauty,576,Desktop,New
214,547,2024-01-31 07:32:00,view,1354,Fashion,922,Desktop,New
214,547,2024-01-31 07:33:00,cart,1354,Fashion,922,Desktop,New
214,547,2024-01-31 07:37:00,checkout,1354,Fashion,922,Desktop,New
214,547,2024-01-31 07:40:00,purchase,1354,Fashion,922,Desktop,New
1689,548,2024-02-02 12:48:00,view,1947,Beauty,852,Mobile,Returning
1746,549,2024-01-28 10:37:00,view,1391,Beauty,551,Mobile,New
1746,549,2024-01-28 10:38:00,cart,1391,Beauty,551,Mobile,New
1937,550,2024-01-17 18:47:00,view,1088,Electronics,280,Desktop,New
1937,550,2024-01-17 18:49:00,cart,1088,Electronics,280,Desktop,New
573,551,2024-02-03 06:27:00,view,1025,Beauty,958,Desktop,New
780,552,2024-02-03 16:52:00,view,1890,Fashion,497,Mobile,Returning
780,552,2024-02-03 16:56:00,cart,1890,Fashion,497,Mobile,Returning
780,552,2024-02-03 16:59:00,checkout,1890,Fashion,497,Mobile,Returning
780,552,2024-02-03 17:03:00,purchase,1890,Fashion,497,Mobile,Returning
262,553,2024-01-12 11:09:00,view,1634,Electronics,560,Mobile,Returning
730,554,2024-01-18 10:35:00,view,1885,Beauty,946,Mobile,New
283,555,2024-01-15 23:56:00,view,1460,Home,200,Mobile,New
283,555,2024-01-15 23:58:00,cart,1460,Home,200,Mobile,New
1672,556,2024-01-18 06:36:00,view,1657,Beauty,414,Desktop,Returning
1491,557,2024-01-10 20:18:00,view,1170,Home,143,Desktop,New
1491,557,2024-01-10 20:22:00,cart,1170,Home,143,Desktop,New
1491,557,2024-01-10 20:23:00,checkout,1170,Home,143,Desktop,New
1491,557,2024-01-10 20:24:00,purchase,1170,Home,143,Desktop,New
1404,558,2024-01-21 16:14:00,view,1953,Beauty,865,Desktop,Returning
1404,558,2024-01-21 16:17:00,cart,1953,Beauty,865,Desktop,Returning
362,559,2024-01-27 16:07:00,view,1033,Beauty,312,Mobile,Returning
362,559,2024-01-27 16:10:00,cart,1033,Beauty,312,Mobile,Returning
362,559,2024-01-27 16:14:00,checkout,1033,Beauty,312,Mobile,Returning
362,559,2024-01-27 16:16:00,purchase,1033,Beauty,312,Mobile,Returning
1473,560,2024-01-26 17:36:00,view,1345,Home,156,Desktop,Returning
1473,560,2024-01-26 17:40:00,cart,1345,Home,156,Desktop,Returning
441,561,2024-02-03 01:04:00,view,1762,Beauty,134,Mobile,New
441,561,2024-02-03 01:06:00,cart,1762,Beauty,134,Mobile,New
441,561,2024-02-03 01:07:00,checkout,1762,Beauty,134,Mobile,New
441,561,2024-02-03 01:10:00,purchase,1762,Beauty,134,Mobile,New
93,562,2024-01-05 13:31:00,view,1845,Home,741,Mobile,Returning
93,562,2024-01-05 13:32:00,cart,1845,Home,741,Mobile,Returning
93,562,2024-01-05 13:33:00,checkout,1845,Home,741,Mobile,Returning
93,562,2024-01-05 13:37:00,purchase,1845,Home,741,Mobile,Returning
1645,563,2024-01-23 09:31:00,view,1872,Beauty,11,Mobile,New
1645,563,2024-01-23 09:32:00,cart,1872,Beauty,11,Mobile,New
753,564,2024-02-01 05:47:00,view,1876,Electronics,972,Mobile,Returning
753,564,2024-02-01 05:50:00,cart,1876,Electronics,972,Mobile,Returning
753,564,2024-02-01 05:51:00,checkout,1876,Electronics,972,Mobile,Returning
753,564,2024-02-01 05:55:00,purchase,1876,Electronics,972,Mobile,Returning
867,565,2024-02-03 23:35:00,view,1681,Home,838,Desktop,New
1448,566,2024-01-07 17:02:00,view,1034,Home,623,Mobile,Returning
142,567,2024-01-28 23:13:00,view,1076,Electronics,822,Mobile,New
142,567,2024-01-28 23:15:00,cart,1076,Electronics,822,Mobile,New
142,567,2024-01-28 23:19:00,checkout,1076,Electronics,822,Mobile,New
142,567,2024-01-28 23:20:00,purchase,1076,Electronics,822,Mobile,New
1315,568,2024-01-12 17:59:00,view,1137,Beauty,441,Mobile,New
1315,568,2024-01-12 18:03:00,cart,1137,Beauty,441,Mobile,New
1315,568,2024-01-12 18:06:00,checkout,1137,Beauty,441,Mobile,New
1315,568,2024-01-12 18:09:00,purchase,1137,Beauty,441,Mobile,New
1456,569,2024-02-02 06:25:00,view,1830,Home,832,Mobile,Returning
1456,569,2024-02-02 06:28:00,cart,1830,Home,832,Mobile,Returning
1456,569,2024-02-02 06:29:00,checkout,1830,Home,832,Mobile,Returning
749,570,2024-01-09 20:45:00,view,1230,Fashion,903,Mobile,Returning
749,570,2024-01-09 20:49:00,cart,1230,Fashion,903,Mobile,Returning
1876,571,2024-01-13 02:16:00,view,1139,Electronics,800,Mobile,New
1876,571,2024-01-13 02:18:00,cart,1139,Electronics,800,Mobile,New
1876,571,2024-01-13 02:20:00,checkout,1139,Electronics,800,Mobile,New
1876,571,2024-01-13 02:22:00,purchase,1139,Electronics,800,Mobile,New
1848,572,2024-01-05 08:01:00,view,1926,Fashion,590,Desktop,New
1713,573,2024-01-30 13:53:00,view,1453,Electronics,589,Mobile,Returning
1713,573,2024-01-30 13:56:00,cart,1453,Electronics,589,Mobile,Returning
653,574,2024-01-17 16:22:00,view,1839,Fashion,630,Mobile,New
701,575,2024-01-01 02:51:00,view,1133,Electronics,586,Mobile,New
701,575,2024-01-01 02:53:00,cart,1133,Electronics,586,Mobile,New
701,575,2024-01-01 02:55:00,checkout,1133,Electronics,586,Mobile,New
701,575,2024-01-01 02:59:00,purchase,1133,Electronics,586,Mobile,New
998,576,2024-02-02 16:41:00,view,1888,Beauty,259,Desktop,New
998,576,2024-02-02 16:44:00,cart,1888,Beauty,259,Desktop,New
998,576,2024-02-02 16:48:00,checkout,1888,Beauty,259,Desktop,New
49,577,2024-01-06 04:08:00,view,1868,Fashion,181,Mobile,New
49,577,2024-01-06 04:11:00,cart,1868,Fashion,181,Mobile,New
49,577,2024-01-06 04:13:00,checkout,1868,Fashion,181,Mobile,New
49,577,2024-01-06 04:15:00,purchase,1868,Fashion,181,Mobile,New
1326,578,2024-01-07 12:19:00,view,1901,Beauty,257,Mobile,New
881,579,2024-01-29 19:30:00,view,1440,Home,333,Mobile,New
881,579,2024-01-29 19:32:00,cart,1440,Home,333,Mobile,New
881,579,2024-01-29 19:33:00,checkout,1440,Home,333,Mobile,New
881,579,2024-01-29 19:34:00,purchase,1440,Home,333,Mobile,New
1214,580,2024-01-20 10:07:00,view,1364,Fashion,457,Mobile,Returning
1214,580,2024-01-20 10:09:00,cart,1364,Fashion,457,Mobile,Returning
1160,581,2024-01-10 08:24:00,view,1105,Beauty,613,Mobile,New
555,582,2024-01-18 02:10:00,view,1630,Electronics,487,Desktop,Returning
555,582,2024-01-18 02:12:00,cart,1630,Electronics,487,Desktop,Returning
555,582,2024-01-18 02:13:00,checkout,1630,Electronics,487,Desktop,Returning
404,583,2024-01-29 01:02:00,view,1821,Home,961,Desktop,Returning
892,584,2024-01-11 22:48:00,view,1694,Electronics,284,Mobile,Returning
892,584,2024-01-11 22:50:00,cart,1694,Electronics,284,Mobile,Returning
892,584,2024-01-11 22:51:00,checkout,1694,Electronics,284,Mobile,Returning
892,584,2024-01-11 22:52:00,purchase,1694,Electronics,284,Mobile,Returning
865,585,2024-02-03 15:47:00,view,1153,Fashion,945,Desktop,New
602,586,2024-01-07 14:46:00,view,1220,Beauty,526,Desktop,New
602,586,2024-01-07 14:48:00,cart,1220,Beauty,526,Desktop,New
602,586,2024-01-07 14:51:00,checkout,1220,Beauty,526,Desktop,New
602,586,2024-01-07 14:53:00,purchase,1220,Beauty,526,Desktop,New
1831,587,2024-01-24 23:29:00,view,1202,Home,756,Mobile,Returning
1831,587,2024-01-24 23:31:00,cart,1202,Home,756,Mobile,Returning
1831,587,2024-01-24 23:32:00,checkout,1202,Home,756,Mobile,Returning
1831,587,2024-01-24 23:33:00,purchase,1202,Home,756,Mobile,Returning
341,588,2024-01-27 02:45:00,view,1243,Electronics,793,Mobile,New
1781,589,2024-01-18 09:33:00,view,1642,Beauty,474,Mobile,New
1969,590,2024-02-04 05:50:00,view,1950,Home,730,Mobile,New
1969,590,2024-02-04 05:53:00,cart,1950,Home,730,Mobile,New
1969,590,2024-02-04 05:55:00,checkout,1950,Home,730,Mobile,New
1969,590,2024-02-04 05:58:00,purchase,1950,Home,730,Mobile,New
704,591,2024-01-16 16:05:00,view,1274,Electronics,880,Desktop,New
318,592,2024-01-23 05:11:00,view,1362,Fashion,679,Desktop,New
318,592,2024-01-23 05:13:00,cart,1362,Fashion,679,Desktop,New
618,593,2024-01-16 13:02:00,view,1088,Beauty,548,Tablet,New
1387,594,2024-01-09 15:29:00,view,1267,Beauty,313,Desktop,Returning
1387,594,2024-01-09 15:30:00,cart,1267,Beauty,313,Desktop,Returning
1387,594,2024-01-09 15:33:00,checkout,1267,Beauty,313,Desktop,Returning
1387,594,2024-01-09 15:35:00,purchase,1267,Beauty,313,Desktop,Returning
1846,595,2024-02-04 00:21:00,view,1782,Beauty,907,Mobile,New
1846,595,2024-02-04 00:23:00,cart,1782,Beauty,907,Mobile,New
1846,595,2024-02-04 00:25:00,checkout,1782,Beauty,907,Mobile,New
382,596,2024-01-05 07:12:00,view,1712,Fashion,915,Mobile,Returning
382,596,2024-01-05 07:15:00,cart,1712,Fashion,915,Mobile,Returning
382,596,2024-01-05 07:17:00,checkout,1712,Fashion,915,Mobile,Returning
382,596,2024-01-05 07:21:00,purchase,1712,Fashion,915,Mobile,Returning
233,597,2024-01-23 17:55:00,view,1662,Beauty,923,Desktop,New
1801,598,2024-01-19 01:59:00,view,1865,Home,318,Mobile,Returning
1801,598,2024-01-19 02:02:00,cart,1865,Home,318,Mobile,Returning
1368,599,2024-01-21 06:10:00,view,1289,Beauty,179,Desktop,Returning
1573,600,2024-01-22 02:08:00,view,1144,Fashion,506,Desktop,Returning
817,601,2024-01-28 22:00:00,view,1587,Home,827,Desktop,New
553,602,2024-02-03 23:30:00,view,1700,Fashion,466,Desktop,New
553,602,2024-02-03 23:34:00,cart,1700,Fashion,466,Desktop,New
553,602,2024-02-03 23:35:00,checkout,1700,Fashion,466,Desktop,New
553,602,2024-02-03 23:38:00,purchase,1700,Fashion,466,Desktop,New
1553,603,2024-01-08 00:28:00,view,1949,Electronics,240,Mobile,Returning
856,604,2024-01-12 13:25:00,view,1592,Beauty,793,Desktop,New
856,604,2024-01-12 13:28:00,cart,1592,Beauty,793,Desktop,New
856,604,2024-01-12 13:32:00,checkout,1592,Beauty,793,Desktop,New
856,604,2024-01-12 13:35:00,purchase,1592,Beauty,793,Desktop,New
1813,605,2024-02-01 05:44:00,view,1081,Electronics,376,Desktop,New
1813,605,2024-02-01 05:46:00,cart,1081,Electronics,376,Desktop,New
1813,605,2024-02-01 05:48:00,checkout,1081,Electronics,376,Desktop,New
1813,605,2024-02-01 05:52:00,purchase,1081,Electronics,376,Desktop,New
819,606,2024-01-31 13:25:00,view,1371,Home,488,Mobile,New
819,606,2024-01-31 13:27:00,cart,1371,Home,488,Mobile,New
819,606,2024-01-31 13:28:00,checkout,1371,Home,488,Mobile,New
819,606,2024-01-31 13:32:00,purchase,1371,Home,488,Mobile,New
1595,607,2024-01-04 11:49:00,view,1613,Electronics,40,Desktop,Returning
1959,608,2024-01-07 18:49:00,view,1810,Beauty,348,Mobile,Returning
183,609,2024-01-07 01:34:00,view,1813,Fashion,661,Tablet,Returning
1065,610,2024-01-18 12:53:00,view,1727,Home,987,Mobile,New
1575,611,2024-01-22 20:59:00,view,1087,Fashion,824,Mobile,New
1575,611,2024-01-22 21:02:00,cart,1087,Fashion,824,Mobile,New
397,612,2024-01-31 02:27:00,view,1817,Fashion,595,Mobile,Returning
1728,613,2024-01-29 17:27:00,view,1893,Fashion,278,Desktop,Returning
779,614,2024-01-31 04:45:00,view,1632,Electronics,982,Mobile,Returning
1518,615,2024-01-30 07:23:00,view,1659,Fashion,910,Mobile,Returning
1518,615,2024-01-30 07:27:00,cart,1659,Fashion,910,Mobile,Returning
1683,616,2024-01-13 19:00:00,view,1791,Home,406,Mobile,Returning
1683,616,2024-01-13 19:02:00,cart,1791,Home,406,Mobile,Returning
907,617,2024-01-12 19:20:00,view,1050,Fashion,251,Desktop,Returning
907,617,2024-01-12 19:22:00,cart,1050,Fashion,251,Desktop,Returning
907,617,2024-01-12 19:23:00,checkout,1050,Fashion,251,Desktop,Returning
907,617,2024-01-12 19:24:00,purchase,1050,Fashion,251,Desktop,Returning
1357,618,2024-01-09 18:32:00,view,1880,Beauty,977,Mobile,Returning
1357,618,2024-01-09 18:34:00,cart,1880,Beauty,977,Mobile,Returning
127,619,2024-01-28 23:25:00,view,1521,Fashion,542,Mobile,Returning
127,619,2024-01-28 23:26:00,cart,1521,Fashion,542,Mobile,Returning
127,619,2024-01-28 23:30:00,checkout,1521,Fashion,542,Mobile,Returning
127,619,2024-01-28 23:33:00,purchase,1521,Fashion,542,Mobile,Returning
1582,620,2024-01-24 10:44:00,view,1301,Electronics,831,Desktop,New
1581,621,2024-02-04 08:50:00,view,1961,Electronics,743,Mobile,New
1581,621,2024-02-04 08:54:00,cart,1961,Electronics,743,Mobile,New
1581,621,2024-02-04 08:58:00,checkout,1961,Electronics,743,Mobile,New
1581,621,2024-02-04 08:59:00,purchase,1961,Electronics,743,Mobile,New
1,622,2024-01-22 22:08:00,view,1084,Home,633,Desktop,New
1192,623,2024-01-03 00:18:00,view,1345,Electronics,327,Mobile,New
1192,623,2024-01-03 00:19:00,cart,1345,Electronics,327,Mobile,New
1192,623,2024-01-03 00:21:00,checkout,1345,Electronics,327,Mobile,New
1192,623,2024-01-03 00:25:00,purchase,1345,Electronics,327,Mobile,New
1644,624,2024-01-28 12:46:00,view,1553,Beauty,697,Desktop,Returning
1644,624,2024-01-28 12:50:00,cart,1553,Beauty,697,Desktop,Returning
1644,624,2024-01-28 12:52:00,checkout,1553,Beauty,697,Desktop,Returning
1644,624,2024-01-28 12:55:00,purchase,1553,Beauty,697,Desktop,Returning
19,625,2024-01-21 19:46:00,view,1066,Fashion,431,Mobile,New
19,625,2024-01-21 19:50:00,cart,1066,Fashion,431,Mobile,New
19,625,2024-01-21 19:53:00,checkout,1066,Fashion,431,Mobile,New
1356,626,2024-01-21 08:50:00,view,1198,Home,310,Mobile,Returning
584,627,2024-01-24 12:59:00,view,1400,Home,115,Desktop,New
584,627,2024-01-24 13:00:00,cart,1400,Home,115,Desktop,New
456,628,2024-01-11 04:23:00,view,1111,Fashion,321,Mobile,New
456,628,2024-01-11 04:26:00,cart,1111,Fashion,321,Mobile,New
456,628,2024-01-11 04:27:00,checkout,1111,Fashion,321,Mobile,New
456,628,2024-01-11 04:29:00,purchase,1111,Fashion,321,Mobile,New
957,629,2024-02-01 05:08:00,view,1808,Home,177,Desktop,New
1133,630,2024-01-02 03:19:00,view,1953,Beauty,181,Mobile,New
1292,631,2024-01-20 21:04:00,view,1018,Electronics,278,Mobile,New
1292,631,2024-01-20 21:06:00,cart,1018,Electronics,278,Mobile,New
1292,631,2024-01-20 21:08:00,checkout,1018,Electronics,278,Mobile,New
1292,631,2024-01-20 21:10:00,purchase,1018,Electronics,278,Mobile,New
445,632,2024-01-03 00:34:00,view,1858,Home,982,Mobile,Returning
1264,633,2024-01-14 08:43:00,view,1336,Home,317,Tablet,New
1264,633,2024-01-14 08:47:00,cart,1336,Home,317,Tablet,New
1953,634,2024-01-07 14:48:00,view,1646,Home,782,Mobile,New
1325,635,2024-01-06 23:59:00,view,1095,Beauty,852,Mobile,Returning
1325,635,2024-01-07 00:01:00,cart,1095,Beauty,852,Mobile,Returning
1325,635,2024-01-07 00:03:00,checkout,1095,Beauty,852,Mobile,Returning
1325,635,2024-01-07 00:07:00,purchase,1095,Beauty,852,Mobile,Returning
602,636,2024-02-01 13:16:00,view,1639,Home,589,Mobile,New
103,637,2024-01-24 01:04:00,view,1367,Fashion,774,Mobile,New
988,638,2024-02-02 12:25:00,view,1428,Beauty,185,Mobile,New
988,638,2024-02-02 12:26:00,cart,1428,Beauty,185,Mobile,New
988,638,2024-02-02 12:28:00,checkout,1428,Beauty,185,Mobile,New
988,638,2024-02-02 12:29:00,purchase,1428,Beauty,185,Mobile,New
1274,639,2024-01-08 05:50:00,view,1185,Fashion,273,Desktop,New
1274,639,2024-01-08 05:52:00,cart,1185,Fashion,273,Desktop,New
1477,640,2024-01-14 03:56:00,view,1348,Electronics,207,Mobile,Returning
520,641,2024-01-08 11:24:00,view,1063,Beauty,314,Desktop,New
520,641,2024-01-08 11:27:00,cart,1063,Beauty,314,Desktop,New
520,641,2024-01-08 11:31:00,checkout,1063,Beauty,314,Desktop,New
520,641,2024-01-08 11:32:00,purchase,1063,Beauty,314,Desktop,New
1177,642,2024-01-15 17:14:00,view,1140,Electronics,452,Mobile,Returning
859,643,2024-01-30 14:52:00,view,1425,Electronics,505,Desktop,New
174,644,2024-02-03 02:18:00,view,1449,Fashion,254,Desktop,New
174,644,2024-02-03 02:19:00,cart,1449,Fashion,254,Desktop,New
174,644,2024-02-03 02:23:00,checkout,1449,Fashion,254,Desktop,New
174,644,2024-02-03 02:24:00,purchase,1449,Fashion,254,Desktop,New
1367,645,2024-02-03 07:11:00,view,1530,Beauty,597,Mobile,Returning
1367,645,2024-02-03 07:15:00,cart,1530,Beauty,597,Mobile,Returning
1694,646,2024-01-29 15:37:00,view,1424,Beauty,304,Tablet,New
1694,646,2024-01-29 15:40:00,cart,1424,Beauty,304,Tablet,New
1005,647,2024-01-02 00:53:00,view,1387,Beauty,37,Mobile,Returning
431,648,2024-01-07 15:12:00,view,1249,Electronics,842,Desktop,New
431,648,2024-01-07 15:14:00,cart,1249,Electronics,842,Desktop,New
431,648,2024-01-07 15:18:00,checkout,1249,Electronics,842,Desktop,New
431,648,2024-01-07 15:21:00,purchase,1249,Electronics,842,Desktop,New
727,649,2024-01-23 22:40:00,view,1891,Electronics,618,Desktop,New
727,649,2024-01-23 22:41:00,cart,1891,Electronics,618,Desktop,New
727,649,2024-01-23 22:42:00,checkout,1891,Electronics,618,Desktop,New
727,649,2024-01-23 22:44:00,purchase,1891,Electronics,618,Desktop,New
1713,650,2024-01-04 18:31:00,view,1769,Beauty,302,Mobile,Returning
1711,651,2024-01-18 21:13:00,view,1122,Electronics,260,Mobile,New
1876,652,2024-02-01 18:49:00,view,1946,Beauty,690,Mobile,New
1876,652,2024-02-01 18:52:00,cart,1946,Beauty,690,Mobile,New
1876,652,2024-02-01 18:56:00,checkout,1946,Beauty,690,Mobile,New
1876,652,2024-02-01 18:59:00,purchase,1946,Beauty,690,Mobile,New
850,653,2024-01-09 16:07:00,view,1497,Beauty,740,Mobile,New
1682,654,2024-02-03 01:05:00,view,1235,Beauty,662,Mobile,Returning
1986,655,2024-01-12 17:14:00,view,1813,Fashion,536,Mobile,New
1986,655,2024-01-12 17:15:00,cart,1813,Fashion,536,Mobile,New
1986,655,2024-01-12 17:19:00,checkout,1813,Fashion,536,Mobile,New
1348,656,2024-01-01 18:50:00,view,1468,Home,926,Mobile,New
1348,656,2024-01-01 18:53:00,cart,1468,Home,926,Mobile,New
990,657,2024-01-05 00:55:00,view,1881,Home,945,Desktop,Returning
990,657,2024-01-05 00:56:00,cart,1881,Home,945,Desktop,Returning
1697,658,2024-01-28 11:05:00,view,1721,Electronics,556,Mobile,New
639,659,2024-01-13 22:35:00,view,1504,Beauty,292,Mobile,New
420,660,2024-02-04 10:43:00,view,1647,Home,41,Desktop,Returning
594,661,2024-01-15 02:08:00,view,1657,Fashion,350,Mobile,New
594,661,2024-01-15 02:09:00,cart,1657,Fashion,350,Mobile,New
485,662,2024-01-07 00:13:00,view,1031,Beauty,53,Mobile,New
485,662,2024-01-07 00:14:00,cart,1031,Beauty,53,Mobile,New
485,662,2024-01-07 00:17:00,checkout,1031,Beauty,53,Mobile,New
485,662,2024-01-07 00:19:00,purchase,1031,Beauty,53,Mobile,New
1683,663,2024-01-12 10:28:00,view,1581,Beauty,112,Mobile,Returning
1683,663,2024-01-12 10:32:00,cart,1581,Beauty,112,Mobile,Returning
1683,663,2024-01-12 10:36:00,checkout,1581,Beauty,112,Mobile,Returning
1775,664,2024-01-12 00:00:00,view,1546,Electronics,764,Desktop,Returning
1775,664,2024-01-12 00:03:00,cart,1546,Electronics,764,Desktop,Returning
1775,664,2024-01-12 00:07:00,checkout,1546,Electronics,764,Desktop,Returning
1775,664,2024-01-12 00:08:00,purchase,1546,Electronics,764,Desktop,Returning
412,665,2024-01-09 06:17:00,view,1225,Beauty,923,Desktop,Returning
412,665,2024-01-09 06:21:00,cart,1225,Beauty,923,Desktop,Returning
412,665,2024-01-09 06:23:00,checkout,1225,Beauty,923,Desktop,Returning
412,665,2024-01-09 06:26:00,purchase,1225,Beauty,923,Desktop,Returning
936,666,2024-01-20 14:05:00,view,1414,Beauty,214,Mobile,New
936,666,2024-01-20 14:06:00,cart,1414,Beauty,214,Mobile,New
936,666,2024-01-20 14:07:00,checkout,1414,Beauty,214,Mobile,New
936,666,2024-01-20 14:08:00,purchase,1414,Beauty,214,Mobile,New
1108,667,2024-01-24 04:25:00,view,1675,Electronics,165,Desktop,Returning
1108,667,2024-01-24 04:28:00,cart,1675,Electronics,165,Desktop,Returning
1108,667,2024-01-24 04:32:00,checkout,1675,Electronics,165,Desktop,Returning
1108,667,2024-01-24 04:35:00,purchase,1675,Electronics,165,Desktop,Returning
1137,668,2024-02-02 06:06:00,view,1589,Electronics,335,Mobile,Returning
1137,668,2024-02-02 06:09:00,cart,1589,Electronics,335,Mobile,Returning
1137,668,2024-02-02 06:11:00,checkout,1589,Electronics,335,Mobile,Returning
1137,668,2024-02-02 06:14:00,purchase,1589,Electronics,335,Mobile,Returning
1761,669,2024-02-03 17:51:00,view,1191,Electronics,767,Desktop,New
1761,669,2024-02-03 17:52:00,cart,1191,Electronics,767,Desktop,New
332,670,2024-01-04 16:39:00,view,1062,Home,955,Desktop,Returning
1402,671,2024-02-01 23:32:00,view,1392,Home,528,Desktop,New
1402,671,2024-02-01 23:36:00,cart,1392,Home,528,Desktop,New
1402,671,2024-02-01 23:37:00,checkout,1392,Home,528,Desktop,New
1402,671,2024-02-01 23:40:00,purchase,1392,Home,528,Desktop,New
1779,672,2024-02-03 07:41:00,view,1194,Beauty,137,Mobile,New
1779,672,2024-02-03 07:45:00,cart,1194,Beauty,137,Mobile,New
1779,672,2024-02-03 07:49:00,checkout,1194,Beauty,137,Mobile,New
1779,672,2024-02-03 07:51:00,purchase,1194,Beauty,137,Mobile,New
655,673,2024-01-01 12:45:00,view,1924,Electronics,631,Mobile,New
41,674,2024-01-04 06:32:00,view,1282,Home,263,Mobile,New
1959,675,2024-02-03 08:58:00,view,1555,Home,432,Desktop,Returning
1959,675,2024-02-03 09:01:00,cart,1555,Home,432,Desktop,Returning
1794,676,2024-01-25 00:59:00,view,1723,Electronics,310,Mobile,Returning
959,677,2024-01-20 15:39:00,view,1216,Fashion,743,Desktop,New
959,677,2024-01-20 15:41:00,cart,1216,Fashion,743,Desktop,New
959,677,2024-01-20 15:45:00,checkout,1216,Fashion,743,Desktop,New
1821,678,2024-01-15 19:55:00,view,1323,Electronics,585,Tablet,New
1821,678,2024-01-15 19:57:00,cart,1323,Electronics,585,Tablet,New
1821,678,2024-01-15 19:58:00,checkout,1323,Electronics,585,Tablet,New
1821,678,2024-01-15 19:59:00,purchase,1323,Electronics,585,Tablet,New
105,679,2024-01-15 06:13:00,view,1099,Electronics,432,Mobile,Returning
105,679,2024-01-15 06:17:00,cart,1099,Electronics,432,Mobile,Returning
202,680,2024-01-09 12:23:00,view,1530,Home,389,Desktop,New
202,680,2024-01-09 12:27:00,cart,1530,Home,389,Desktop,New
450,681,2024-02-01 02:55:00,view,1603,Home,98,Desktop,New
1843,682,2024-01-25 08:12:00,view,1806,Electronics,894,Tablet,New
1843,682,2024-01-25 08:15:00,cart,1806,Electronics,894,Tablet,New
1867,683,2024-01-13 00:21:00,view,1276,Home,120,Tablet,New
1997,684,2024-01-28 11:59:00,view,1505,Electronics,827,Desktop,Returning
1997,684,2024-01-28 12:01:00,cart,1505,Electronics,827,Desktop,Returning
1290,685,2024-01-02 00:52:00,view,1256,Electronics,380,Mobile,New
910,686,2024-01-13 09:20:00,view,1874,Beauty,963,Desktop,New
210,687,2024-01-22 21:52:00,view,1598,Home,57,Mobile,New
563,688,2024-01-24 20:36:00,view,1450,Electronics,55,Desktop,New
563,688,2024-01-24 20:37:00,cart,1450,Electronics,55,Desktop,New
563,688,2024-01-24 20:40:00,checkout,1450,Electronics,55,Desktop,New
563,688,2024-01-24 20:42:00,purchase,1450,Electronics,55,Desktop,New
1142,689,2024-01-05 08:53:00,view,1282,Beauty,882,Desktop,New
1142,689,2024-01-05 08:57:00,cart,1282,Beauty,882,Desktop,New
1142,689,2024-01-05 09:01:00,checkout,1282,Beauty,882,Desktop,New
1142,689,2024-01-05 09:05:00,purchase,1282,Beauty,882,Desktop,New
713,690,2024-01-22 12:58:00,view,1467,Fashion,723,Mobile,New
713,690,2024-01-22 12:59:00,cart,1467,Fashion,723,Mobile,New
1401,691,2024-01-06 22:40:00,view,1363,Home,675,Desktop,New
1401,691,2024-01-06 22:44:00,cart,1363,Home,675,Desktop,New
1401,691,2024-01-06 22:48:00,checkout,1363,Home,675,Desktop,New
1401,691,2024-01-06 22:52:00,purchase,1363,Home,675,Desktop,New
1575,692,2024-01-17 23:36:00,view,1074,Electronics,175,Mobile,New
1575,692,2024-01-17 23:39:00,cart,1074,Electronics,175,Mobile,New
1564,693,2024-01-24 16:40:00,view,1562,Fashion,804,Mobile,New
1564,693,2024-01-24 16:43:00,cart,1562,Fashion,804,Mobile,New
1564,693,2024-01-24 16:47:00,checkout,1562,Fashion,804,Mobile,New
1564,693,2024-01-24 16:50:00,purchase,1562,Fashion,804,Mobile,New
771,694,2024-01-14 08:13:00,view,1763,Beauty,139,Mobile,New
771,694,2024-01-14 08:15:00,cart,1763,Beauty,139,Mobile,New
771,694,2024-01-14 08:17:00,checkout,1763,Beauty,139,Mobile,New
1108,695,2024-01-15 02:16:00,view,1849,Home,989,Desktop,Returning
454,696,2024-01-05 12:40:00,view,1320,Home,523,Desktop,Returning
454,696,2024-01-05 12:44:00,cart,1320,Home,523,Desktop,Returning
667,697,2024-01-14 11:09:00,view,1474,Electronics,980,Desktop,New
667,697,2024-01-14 11:11:00,cart,1474,Electronics,980,Desktop,New
667,697,2024-01-14 11:14:00,checkout,1474,Electronics,980,Desktop,New
667,697,2024-01-14 11:17:00,purchase,1474,Electronics,980,Desktop,New
629,698,2024-01-05 17:30:00,view,1680,Beauty,202,Mobile,New
629,698,2024-01-05 17:31:00,cart,1680,Beauty,202,Mobile,New
629,698,2024-01-05 17:34:00,checkout,1680,Beauty,202,Mobile,New
629,698,2024-01-05 17:36:00,purchase,1680,Beauty,202,Mobile,New
1538,699,2024-01-25 18:15:00,view,1860,Fashion,572,Desktop,Returning
1538,699,2024-01-25 18:16:00,cart,1860,Fashion,572,Desktop,Returning
1538,699,2024-01-25 18:19:00,checkout,1860,Fashion,572,Desktop,Returning
1538,699,2024-01-25 18:22:00,purchase,1860,Fashion,572,Desktop,Returning
1629,700,2024-01-18 00:06:00,view,1142,Beauty,426,Desktop,New
1702,701,2024-02-01 13:50:00,view,1386,Electronics,286,Mobile,New
1702,701,2024-02-01 13:54:00,cart,1386,Electronics,286,Mobile,New
1702,701,2024-02-01 13:55:00,checkout,1386,Electronics,286,Mobile,New
387,702,2024-01-12 08:08:00,view,1826,Beauty,764,Mobile,New
1936,703,2024-01-22 10:18:00,view,1475,Beauty,277,Mobile,Returning
1936,703,2024-01-22 10:22:00,cart,1475,Beauty,277,Mobile,Returning
1374,704,2024-01-21 03:58:00,view,1020,Fashion,698,Desktop,New
1374,704,2024-01-21 04:01:00,cart,1020,Fashion,698,Desktop,New
1374,704,2024-01-21 04:03:00,checkout,1020,Fashion,698,Desktop,New
1374,704,2024-01-21 04:07:00,purchase,1020,Fashion,698,Desktop,New
296,705,2024-01-06 11:30:00,view,1213,Electronics,621,Desktop,New
258,706,2024-02-04 15:46:00,view,1967,Beauty,656,Desktop,Returning
1105,707,2024-01-29 04:58:00,view,1791,Fashion,609,Mobile,Returning
1105,707,2024-01-29 05:02:00,cart,1791,Fashion,609,Mobile,Returning
1961,708,2024-01-02 11:22:00,view,1264,Electronics,191,Desktop,New
1961,708,2024-01-02 11:26:00,cart,1264,Electronics,191,Desktop,New
1961,708,2024-01-02 11:30:00,checkout,1264,Electronics,191,Desktop,New
1961,708,2024-01-02 11:34:00,purchase,1264,Electronics,191,Desktop,New
268,709,2024-01-31 15:07:00,view,1446,Beauty,518,Mobile,Returning
419,710,2024-01-13 16:47:00,view,1729,Home,884,Mobile,Returning
419,710,2024-01-13 16:49:00,cart,1729,Home,884,Mobile,Returning
419,710,2024-01-13 16:53:00,checkout,1729,Home,884,Mobile,Returning
419,710,2024-01-13 16:56:00,purchase,1729,Home,884,Mobile,Returning
235,711,2024-01-08 16:50:00,view,1211,Beauty,756,Desktop,New
1857,712,2024-01-26 00:05:00,view,1445,Fashion,261,Mobile,Returning
1335,713,2024-01-13 19:04:00,view,1018,Home,345,Desktop,Returning
1335,713,2024-01-13 19:08:00,cart,1018,Home,345,Desktop,Returning
1335,713,2024-01-13 19:09:00,checkout,1018,Home,345,Desktop,Returning
1335,713,2024-01-13 19:11:00,purchase,1018,Home,345,Desktop,Returning
1837,714,2024-01-05 03:26:00,view,1876,Home,954,Mobile,New
1837,714,2024-01-05 03:30:00,cart,1876,Home,954,Mobile,New
1837,714,2024-01-05 03:31:00,checkout,1876,Home,954,Mobile,New
1837,714,2024-01-05 03:33:00,purchase,1876,Home,954,Mobile,New
1999,715,2024-01-17 14:00:00,view,1278,Home,825,Desktop,New
1999,715,2024-01-17 14:01:00,cart,1278,Home,825,Desktop,New
986,716,2024-01-04 18:46:00,view,1108,Electronics,703,Mobile,New
986,716,2024-01-04 18:50:00,cart,1108,Electronics,703,Mobile,New
986,716,2024-01-04 18:52:00,checkout,1108,Electronics,703,Mobile,New
986,716,2024-01-04 18:54:00,purchase,1108,Electronics,703,Mobile,New
1381,717,2024-01-29 11:19:00,view,1840,Home,416,Mobile,New
1237,718,2024-01-06 11:18:00,view,1052,Beauty,529,Mobile,Returning
1237,718,2024-01-06 11:19:00,cart,1052,Beauty,529,Mobile,Returning
1237,718,2024-01-06 11:21:00,checkout,1052,Beauty,529,Mobile,Returning
1237,718,2024-01-06 11:25:00,purchase,1052,Beauty,529,Mobile,Returning
574,719,2024-01-11 02:47:00,view,1557,Home,95,Mobile,Returning
574,719,2024-01-11 02:50:00,cart,1557,Home,95,Mobile,Returning
574,719,2024-01-11 02:52:00,checkout,1557,Home,95,Mobile,Returning
574,719,2024-01-11 02:54:00,purchase,1557,Home,95,Mobile,Returning
49,720,2024-01-03 20:59:00,view,1080,Home,852,Desktop,New
1151,721,2024-02-03 17:12:00,view,1294,Home,668,Mobile,Returning
1151,721,2024-02-03 17:15:00,cart,1294,Home,668,Mobile,Returning
223,722,2024-02-02 04:13:00,view,1375,Beauty,387,Desktop,New
223,722,2024-02-02 04:16:00,cart,1375,Beauty,387,Desktop,New
223,722,2024-02-02 04:17:00,checkout,1375,Beauty,387,Desktop,New
223,722,2024-02-02 04:18:00,purchase,1375,Beauty,387,Desktop,New
921,723,2024-02-01 07:03:00,view,1624,Fashion,165,Tablet,Returning
1303,724,2024-01-16 09:17:00,view,1333,Fashion,247,Mobile,New
1432,725,2024-01-09 05:02:00,view,1670,Beauty,708,Mobile,New
1529,726,2024-01-18 05:04:00,view,1260,Fashion,698,Desktop,Returning
1529,726,2024-01-18 05:05:00,cart,1260,Fashion,698,Desktop,Returning
1529,726,2024-01-18 05:09:00,checkout,1260,Fashion,698,Desktop,Returning
1318,727,2024-01-09 04:41:00,view,1906,Home,234,Tablet,Returning
1318,727,2024-01-09 04:44:00,cart,1906,Home,234,Tablet,Returning
1318,727,2024-01-09 04:47:00,checkout,1906,Home,234,Tablet,Returning
1318,727,2024-01-09 04:50:00,purchase,1906,Home,234,Tablet,Returning
1820,728,2024-01-01 07:12:00,view,1584,Home,223,Desktop,New
1820,728,2024-01-01 07:15:00,cart,1584,Home,223,Desktop,New
277,729,2024-01-29 10:44:00,view,1302,Fashion,247,Mobile,Returning
1462,730,2024-01-09 19:40:00,view,1520,Home,630,Desktop,Returning
1462,730,2024-01-09 19:43:00,cart,1520,Home,630,Desktop,Returning
1462,730,2024-01-09 19:47:00,checkout,1520,Home,630,Desktop,Returning
1462,730,2024-01-09 19:49:00,purchase,1520,Home,630,Desktop,Returning
1131,731,2024-02-01 10:23:00,view,1977,Fashion,868,Mobile,Returning
1131,731,2024-02-01 10:24:00,cart,1977,Fashion,868,Mobile,Returning
1131,731,2024-02-01 10:26:00,checkout,1977,Fashion,868,Mobile,Returning
1682,732,2024-01-11 04:45:00,view,1099,Beauty,877,Tablet,Returning
1682,732,2024-01-11 04:47:00,cart,1099,Beauty,877,Tablet,Returning
1682,732,2024-01-11 04:49:00,checkout,1099,Beauty,877,Tablet,Returning
1682,732,2024-01-11 04:51:00,purchase,1099,Beauty,877,Tablet,Returning
420,733,2024-01-19 02:14:00,view,1120,Fashion,983,Tablet,Returning
420,733,2024-01-19 02:17:00,cart,1120,Fashion,983,Tablet,Returning
420,733,2024-01-19 02:18:00,checkout,1120,Fashion,983,Tablet,Returning
611,734,2024-01-14 01:21:00,view,1300,Beauty,179,Mobile,New
611,734,2024-01-14 01:25:00,cart,1300,Beauty,179,Mobile,New
611,734,2024-01-14 01:27:00,checkout,1300,Beauty,179,Mobile,New
611,734,2024-01-14 01:30:00,purchase,1300,Beauty,179,Mobile,New
1453,735,2024-01-01 21:46:00,view,1790,Fashion,939,Mobile,Returning
1453,735,2024-01-01 21:50:00,cart,1790,Fashion,939,Mobile,Returning
1453,735,2024-01-01 21:53:00,checkout,1790,Fashion,939,Mobile,Returning
1453,735,2024-01-01 21:55:00,purchase,1790,Fashion,939,Mobile,Returning
375,736,2024-01-04 04:55:00,view,1691,Electronics,175,Mobile,New
375,736,2024-01-04 04:59:00,cart,1691,Electronics,175,Mobile,New
73,737,2024-01-02 20:11:00,view,1106,Beauty,873,Mobile,New
73,737,2024-01-02 20:12:00,cart,1106,Beauty,873,Mobile,New
73,737,2024-01-02 20:15:00,checkout,1106,Beauty,873,Mobile,New
73,737,2024-01-02 20:17:00,purchase,1106,Beauty,873,Mobile,New
1973,738,2024-01-08 12:43:00,view,1094,Fashion,563,Desktop,New
1658,739,2024-01-02 12:15:00,view,1384,Beauty,197,Mobile,New
1658,739,2024-01-02 12:16:00,cart,1384,Beauty,197,Mobile,New
1658,739,2024-01-02 12:19:00,checkout,1384,Beauty,197,Mobile,New
1054,740,2024-01-23 22:22:00,view,1488,Electronics,830,Mobile,Returning
1054,740,2024-01-23 22:25:00,cart,1488,Electronics,830,Mobile,Returning
1054,740,2024-01-23 22:26:00,checkout,1488,Electronics,830,Mobile,Returning
1054,740,2024-01-23 22:30:00,purchase,1488,Electronics,830,Mobile,Returning
1212,741,2024-01-26 03:41:00,view,1413,Beauty,305,Mobile,New
1388,742,2024-01-05 02:34:00,view,1524,Electronics,144,Tablet,New
1388,742,2024-01-05 02:37:00,cart,1524,Electronics,144,Tablet,New
1890,743,2024-01-22 13:05:00,view,1064,Fashion,661,Desktop,Returning
1824,744,2024-01-11 06:09:00,view,1716,Home,827,Mobile,Returning
1824,744,2024-01-11 06:11:00,cart,1716,Home,827,Mobile,Returning
1824,744,2024-01-11 06:14:00,checkout,1716,Home,827,Mobile,Returning
1824,744,2024-01-11 06:17:00,purchase,1716,Home,827,Mobile,Returning
1475,745,2024-02-02 10:46:00,view,1407,Fashion,243,Mobile,New
1475,745,2024-02-02 10:47:00,cart,1407,Fashion,243,Mobile,New
1475,745,2024-02-02 10:48:00,checkout,1407,Fashion,243,Mobile,New
1475,745,2024-02-02 10:51:00,purchase,1407,Fashion,243,Mobile,New
195,746,2024-01-28 20:21:00,view,1996,Electronics,98,Tablet,New
1180,747,2024-01-06 10:09:00,view,1826,Home,862,Desktop,New
1180,747,2024-01-06 10:10:00,cart,1826,Home,862,Desktop,New
1196,748,2024-01-19 22:47:00,view,1568,Fashion,477,Mobile,Returning
847,749,2024-01-30 21:27:00,view,1526,Electronics,121,Mobile,New
1065,750,2024-02-02 00:51:00,view,1251,Electronics,635,Mobile,New
1065,750,2024-02-02 00:53:00,cart,1251,Electronics,635,Mobile,New
1087,751,2024-01-19 11:28:00,view,1994,Electronics,811,Mobile,Returning
23,752,2024-01-06 12:22:00,view,1821,Home,377,Mobile,New
23,752,2024-01-06 12:25:00,cart,1821,Home,377,Mobile,New
23,752,2024-01-06 12:27:00,checkout,1821,Home,377,Mobile,New
23,752,2024-01-06 12:28:00,purchase,1821,Home,377,Mobile,New
360,753,2024-01-22 12:34:00,view,1367,Fashion,574,Desktop,New
360,753,2024-01-22 12:37:00,cart,1367,Fashion,574,Desktop,New
360,753,2024-01-22 12:39:00,checkout,1367,Fashion,574,Desktop,New
1099,754,2024-01-06 08:31:00,view,1594,Beauty,921,Mobile,Returning
1099,754,2024-01-06 08:35:00,cart,1594,Beauty,921,Mobile,Returning
1099,754,2024-01-06 08:39:00,checkout,1594,Beauty,921,Mobile,Returning
1099,754,2024-01-06 08:41:00,purchase,1594,Beauty,921,Mobile,Returning
560,755,2024-01-08 02:48:00,view,1236,Home,700,Desktop,Returning
672,756,2024-01-29 02:56:00,view,1413,Fashion,937,Mobile,Returning
672,756,2024-01-29 02:57:00,cart,1413,Fashion,937,Mobile,Returning
672,756,2024-01-29 03:01:00,checkout,1413,Fashion,937,Mobile,Returning
1849,757,2024-01-20 02:19:00,view,1449,Fashion,888,Desktop,Returning
1849,757,2024-01-20 02:22:00,cart,1449,Fashion,888,Desktop,Returning
1849,757,2024-01-20 02:26:00,checkout,1449,Fashion,888,Desktop,Returning
1849,757,2024-01-20 02:28:00,purchase,1449,Fashion,888,Desktop,Returning
1142,758,2024-01-04 01:06:00,view,1672,Home,552,Desktop,New
1142,758,2024-01-04 01:07:00,cart,1672,Home,552,Desktop,New
1142,758,2024-01-04 01:09:00,checkout,1672,Home,552,Desktop,New
1142,758,2024-01-04 01:12:00,purchase,1672,Home,552,Desktop,New
1636,759,2024-01-21 17:08:00,view,1282,Fashion,889,Mobile,New
1404,760,2024-01-10 11:05:00,view,1599,Beauty,988,Mobile,Returning
1953,761,2024-01-30 03:54:00,view,1459,Fashion,325,Desktop,New
1953,761,2024-01-30 03:57:00,cart,1459,Fashion,325,Desktop,New
1953,761,2024-01-30 04:00:00,checkout,1459,Fashion,325,Desktop,New
1953,761,2024-01-30 04:04:00,purchase,1459,Fashion,325,Desktop,New
1944,762,2024-01-15 22:48:00,view,1057,Home,206,Mobile,Returning
1944,762,2024-01-15 22:51:00,cart,1057,Home,206,Mobile,Returning
1944,762,2024-01-15 22:54:00,checkout,1057,Home,206,Mobile,Returning
679,763,2024-01-05 06:03:00,view,1726,Electronics,174,Mobile,Returning
679,763,2024-01-05 06:04:00,cart,1726,Electronics,174,Mobile,Returning
679,763,2024-01-05 06:05:00,checkout,1726,Electronics,174,Mobile,Returning
679,763,2024-01-05 06:09:00,purchase,1726,Electronics,174,Mobile,Returning
1314,764,2024-01-11 15:24:00,view,1167,Beauty,810,Mobile,Returning
440,765,2024-01-28 07:59:00,view,1995,Home,839,Tablet,New
440,765,2024-01-28 08:03:00,cart,1995,Home,839,Tablet,New
440,765,2024-01-28 08:05:00,checkout,1995,Home,839,Tablet,New
440,765,2024-01-28 08:09:00,purchase,1995,Home,839,Tablet,New
1692,766,2024-01-20 15:25:00,view,1246,Electronics,644,Mobile,New
1692,766,2024-01-20 15:28:00,cart,1246,Electronics,644,Mobile,New
1692,766,2024-01-20 15:32:00,checkout,1246,Electronics,644,Mobile,New
1692,766,2024-01-20 15:36:00,purchase,1246,Electronics,644,Mobile,New
933,767,2024-01-18 07:29:00,view,1716,Beauty,708,Desktop,Returning
7,768,2024-01-26 06:30:00,view,1204,Fashion,152,Mobile,New
1220,769,2024-01-08 02:15:00,view,1362,Electronics,47,Desktop,New
1220,769,2024-01-08 02:18:00,cart,1362,Electronics,47,Desktop,New
1220,769,2024-01-08 02:22:00,checkout,1362,Electronics,47,Desktop,New
421,770,2024-01-18 22:24:00,view,1213,Electronics,945,Mobile,Returning
421,770,2024-01-18 22:27:00,cart,1213,Electronics,945,Mobile,Returning
421,770,2024-01-18 22:30:00,checkout,1213,Electronics,945,Mobile,Returning
421,770,2024-01-18 22:34:00,purchase,1213,Electronics,945,Mobile,Returning
1592,771,2024-01-25 03:26:00,view,1361,Beauty,14,Desktop,Returning
833,772,2024-01-05 15:08:00,view,1421,Home,282,Mobile,New
833,772,2024-01-05 15:09:00,cart,1421,Home,282,Mobile,New
833,772,2024-01-05 15:10:00,checkout,1421,Home,282,Mobile,New
833,772,2024-01-05 15:12:00,purchase,1421,Home,282,Mobile,New
1217,773,2024-01-13 10:43:00,view,1024,Fashion,356,Desktop,New
559,774,2024-01-18 03:28:00,view,1719,Fashion,363,Desktop,Returning
1172,775,2024-02-03 11:20:00,view,1906,Fashion,224,Mobile,Returning
1172,775,2024-02-03 11:23:00,cart,1906,Fashion,224,Mobile,Returning
1811,776,2024-01-23 14:45:00,view,1732,Fashion,437,Mobile,Returning
1693,777,2024-01-16 13:54:00,view,1215,Fashion,718,Mobile,New
1226,778,2024-02-04 11:54:00,view,1601,Beauty,389,Mobile,Returning
1226,778,2024-02-04 11:58:00,cart,1601,Beauty,389,Mobile,Returning
1468,779,2024-01-10 07:21:00,view,1423,Beauty,412,Desktop,New
1468,779,2024-01-10 07:24:00,cart,1423,Beauty,412,Desktop,New
914,780,2024-01-27 18:26:00,view,1172,Beauty,959,Mobile,New
914,780,2024-01-27 18:29:00,cart,1172,Beauty,959,Mobile,New
1443,781,2024-01-27 19:49:00,view,1933,Electronics,590,Mobile,Returning
1451,782,2024-02-01 23:10:00,view,1948,Fashion,647,Desktop,New
1007,783,2024-02-03 07:05:00,view,1670,Beauty,633,Mobile,Returning
1007,783,2024-02-03 07:07:00,cart,1670,Beauty,633,Mobile,Returning
1007,783,2024-02-03 07:08:00,checkout,1670,Beauty,633,Mobile,Returning
1007,783,2024-02-03 07:10:00,purchase,1670,Beauty,633,Mobile,Returning
1503,784,2024-01-05 02:58:00,view,1991,Fashion,495,Mobile,New
1499,785,2024-01-23 14:35:00,view,1292,Fashion,552,Mobile,New
1499,785,2024-01-23 14:37:00,cart,1292,Fashion,552,Mobile,New
126,786,2024-01-09 18:25:00,view,1726,Electronics,643,Tablet,New
395,787,2024-02-01 22:20:00,view,1321,Fashion,944,Desktop,New
817,788,2024-01-22 15:12:00,view,1865,Fashion,112,Desktop,New
817,788,2024-01-22 15:16:00,cart,1865,Fashion,112,Desktop,New
817,788,2024-01-22 15:17:00,checkout,1865,Fashion,112,Desktop,New
817,788,2024-01-22 15:19:00,purchase,1865,Fashion,112,Desktop,New
881,789,2024-01-01 10:22:00,view,1570,Fashion,598,Mobile,New
881,789,2024-01-01 10:23:00,cart,1570,Fashion,598,Mobile,New
1830,790,2024-01-21 20:25:00,view,1797,Beauty,790,Desktop,New
1830,790,2024-01-21 20:29:00,cart,1797,Beauty,790,Desktop,New
576,791,2024-01-22 08:28:00,view,1967,Home,592,Mobile,Returning
576,791,2024-01-22 08:31:00,cart,1967,Home,592,Mobile,Returning
576,791,2024-01-22 08:34:00,checkout,1967,Home,592,Mobile,Returning
325,792,2024-01-02 12:44:00,view,1571,Home,676,Mobile,Returning
325,792,2024-01-02 12:48:00,cart,1571,Home,676,Mobile,Returning
1416,793,2024-01-15 20:34:00,view,1637,Electronics,426,Mobile,Returning
1416,793,2024-01-15 20:36:00,cart,1637,Electronics,426,Mobile,Returning
1416,793,2024-01-15 20:40:00,checkout,1637,Electronics,426,Mobile,Returning
1416,793,2024-01-15 20:43:00,purchase,1637,Electronics,426,Mobile,Returning
930,794,2024-01-31 03:24:00,view,1032,Home,468,Mobile,New
1712,795,2024-01-03 10:10:00,view,1615,Beauty,99,Mobile,New
1712,795,2024-01-03 10:13:00,cart,1615,Beauty,99,Mobile,New
1712,795,2024-01-03 10:16:00,checkout,1615,Beauty,99,Mobile,New
1712,795,2024-01-03 10:18:00,purchase,1615,Beauty,99,Mobile,New
1652,796,2024-01-02 21:08:00,view,1708,Fashion,100,Mobile,New
1652,796,2024-01-02 21:10:00,cart,1708,Fashion,100,Mobile,New
1652,796,2024-01-02 21:13:00,checkout,1708,Fashion,100,Mobile,New
1652,796,2024-01-02 21:17:00,purchase,1708,Fashion,100,Mobile,New
1464,797,2024-01-02 10:47:00,view,1232,Beauty,155,Mobile,Returning
1228,798,2024-01-21 11:51:00,view,1725,Electronics,243,Mobile,New
1510,799,2024-01-31 02:51:00,view,1362,Electronics,582,Desktop,Returning
833,800,2024-01-26 07:47:00,view,1841,Fashion,104,Mobile,New
833,800,2024-01-26 07:50:00,cart,1841,Fashion,104,Mobile,New
833,800,2024-01-26 07:52:00,checkout,1841,Fashion,104,Mobile,New
1055,801,2024-01-16 00:44:00,view,1984,Fashion,864,Desktop,Returning
1412,802,2024-01-30 11:01:00,view,1046,Home,400,Mobile,New
1412,802,2024-01-30 11:02:00,cart,1046,Home,400,Mobile,New
1412,802,2024-01-30 11:06:00,checkout,1046,Home,400,Mobile,New
1412,802,2024-01-30 11:08:00,purchase,1046,Home,400,Mobile,New
1649,803,2024-01-22 03:45:00,view,1398,Home,956,Desktop,Returning
1649,803,2024-01-22 03:49:00,cart,1398,Home,956,Desktop,Returning
1901,804,2024-01-08 10:58:00,view,1900,Electronics,589,Mobile,New
1901,804,2024-01-08 11:02:00,cart,1900,Electronics,589,Mobile,New
1901,804,2024-01-08 11:04:00,checkout,1900,Electronics,589,Mobile,New
1901,804,2024-01-08 11:06:00,purchase,1900,Electronics,589,Mobile,New
1458,805,2024-01-04 19:01:00,view,1194,Electronics,580,Mobile,Returning
837,806,2024-01-23 17:12:00,view,1295,Beauty,416,Mobile,Returning
926,807,2024-01-19 01:46:00,view,1638,Fashion,471,Desktop,New
926,807,2024-01-19 01:49:00,cart,1638,Fashion,471,Desktop,New
926,807,2024-01-19 01:51:00,checkout,1638,Fashion,471,Desktop,New
926,807,2024-01-19 01:52:00,purchase,1638,Fashion,471,Desktop,New
1400,808,2024-01-28 16:21:00,view,1640,Electronics,120,Desktop,Returning
1368,809,2024-01-23 05:14:00,view,1425,Beauty,306,Mobile,Returning
1368,809,2024-01-23 05:17:00,cart,1425,Beauty,306,Mobile,Returning
1368,809,2024-01-23 05:21:00,checkout,1425,Beauty,306,Mobile,Returning
1368,809,2024-01-23 05:23:00,purchase,1425,Beauty,306,Mobile,Returning
443,810,2024-02-01 09:47:00,view,1161,Electronics,807,Mobile,New
1603,811,2024-01-09 11:22:00,view,1132,Beauty,78,Desktop,New
1603,811,2024-01-09 11:23:00,cart,1132,Beauty,78,Desktop,New
1603,811,2024-01-09 11:25:00,checkout,1132,Beauty,78,Desktop,New
1603,811,2024-01-09 11:28:00,purchase,1132,Beauty,78,Desktop,New
75,812,2024-01-29 21:24:00,view,1624,Fashion,439,Desktop,Returning
75,812,2024-01-29 21:25:00,cart,1624,Fashion,439,Desktop,Returning
75,812,2024-01-29 21:26:00,checkout,1624,Fashion,439,Desktop,Returning
75,812,2024-01-29 21:29:00,purchase,1624,Fashion,439,Desktop,Returning
557,813,2024-01-12 04:17:00,view,1829,Electronics,179,Mobile,New
557,813,2024-01-12 04:21:00,cart,1829,Electronics,179,Mobile,New
557,813,2024-01-12 04:22:00,checkout,1829,Electronics,179,Mobile,New
557,813,2024-01-12 04:25:00,purchase,1829,Electronics,179,Mobile,New
1796,814,2024-01-17 17:32:00,view,1105,Electronics,311,Mobile,New
1796,814,2024-01-17 17:34:00,cart,1105,Electronics,311,Mobile,New
1796,814,2024-01-17 17:35:00,checkout,1105,Electronics,311,Mobile,New
1796,814,2024-01-17 17:37:00,purchase,1105,Electronics,311,Mobile,New
1690,815,2024-01-26 11:00:00,view,1072,Electronics,388,Mobile,Returning
1690,815,2024-01-26 11:04:00,cart,1072,Electronics,388,Mobile,Returning
1690,815,2024-01-26 11:05:00,checkout,1072,Electronics,388,Mobile,Returning
1690,815,2024-01-26 11:08:00,purchase,1072,Electronics,388,Mobile,Returning
1179,816,2024-01-31 07:49:00,view,1445,Electronics,430,Desktop,Returning
1454,817,2024-01-28 05:38:00,view,1932,Home,514,Mobile,New
1454,817,2024-01-28 05:40:00,cart,1932,Home,514,Mobile,New
1454,817,2024-01-28 05:41:00,checkout,1932,Home,514,Mobile,New
1454,817,2024-01-28 05:43:00,purchase,1932,Home,514,Mobile,New
363,818,2024-01-07 13:12:00,view,1788,Fashion,536,Tablet,New
448,819,2024-01-20 14:45:00,view,1823,Beauty,26,Mobile,Returning
1258,820,2024-01-25 04:04:00,view,1377,Electronics,639,Mobile,New
1587,821,2024-01-13 23:09:00,view,1466,Electronics,646,Mobile,Returning
1587,821,2024-01-13 23:12:00,cart,1466,Electronics,646,Mobile,Returning
1842,822,2024-02-01 02:17:00,view,1599,Home,507,Desktop,New
1842,822,2024-02-01 02:21:00,cart,1599,Home,507,Desktop,New
1842,822,2024-02-01 02:25:00,checkout,1599,Home,507,Desktop,New
1842,822,2024-02-01 02:26:00,purchase,1599,Home,507,Desktop,New
262,823,2024-01-04 11:12:00,view,1958,Fashion,821,Desktop,Returning
262,823,2024-01-04 11:14:00,cart,1958,Fashion,821,Desktop,Returning
1851,824,2024-01-09 02:13:00,view,1622,Fashion,730,Mobile,New
1851,824,2024-01-09 02:15:00,cart,1622,Fashion,730,Mobile,New
1851,824,2024-01-09 02:19:00,checkout,1622,Fashion,730,Mobile,New
1851,824,2024-01-09 02:21:00,purchase,1622,Fashion,730,Mobile,New
125,825,2024-01-17 07:41:00,view,1023,Home,586,Desktop,New
125,825,2024-01-17 07:43:00,cart,1023,Home,586,Desktop,New
911,826,2024-01-21 17:19:00,view,1683,Beauty,627,Mobile,New
911,826,2024-01-21 17:23:00,cart,1683,Beauty,627,Mobile,New
245,827,2024-01-10 01:14:00,view,1400,Home,886,Mobile,New
245,827,2024-01-10 01:15:00,cart,1400,Home,886,Mobile,New
245,827,2024-01-10 01:17:00,checkout,1400,Home,886,Mobile,New
542,828,2024-01-04 21:07:00,view,1367,Home,112,Mobile,Returning
542,828,2024-01-04 21:08:00,cart,1367,Home,112,Mobile,Returning
542,828,2024-01-04 21:12:00,checkout,1367,Home,112,Mobile,Returning
542,828,2024-01-04 21:16:00,purchase,1367,Home,112,Mobile,Returning
1962,829,2024-01-03 23:28:00,view,1776,Electronics,458,Mobile,New
485,830,2024-01-11 03:37:00,view,1908,Home,599,Mobile,New
122,831,2024-01-10 13:46:00,view,1971,Home,717,Desktop,Returning
122,831,2024-01-10 13:48:00,cart,1971,Home,717,Desktop,Returning
125,832,2024-01-31 05:08:00,view,1772,Beauty,352,Mobile,New
125,832,2024-01-31 05:09:00,cart,1772,Beauty,352,Mobile,New
125,832,2024-01-31 05:13:00,checkout,1772,Beauty,352,Mobile,New
125,832,2024-01-31 05:16:00,purchase,1772,Beauty,352,Mobile,New
1573,833,2024-01-02 13:59:00,view,1148,Home,37,Tablet,Returning
1573,833,2024-01-02 14:02:00,cart,1148,Home,37,Tablet,Returning
1573,833,2024-01-02 14:03:00,checkout,1148,Home,37,Tablet,Returning
1573,833,2024-01-02 14:05:00,purchase,1148,Home,37,Tablet,Returning
170,834,2024-01-16 16:56:00,view,1188,Beauty,851,Mobile,New
170,834,2024-01-16 16:59:00,cart,1188,Beauty,851,Mobile,New
170,834,2024-01-16 17:03:00,checkout,1188,Beauty,851,Mobile,New
170,834,2024-01-16 17:06:00,purchase,1188,Beauty,851,Mobile,New
124,835,2024-01-15 17:25:00,view,1430,Beauty,558,Desktop,New
124,835,2024-01-15 17:27:00,cart,1430,Beauty,558,Desktop,New
124,835,2024-01-15 17:28:00,checkout,1430,Beauty,558,Desktop,New
124,835,2024-01-15 17:29:00,purchase,1430,Beauty,558,Desktop,New
1893,836,2024-01-18 02:56:00,view,1932,Beauty,280,Mobile,Returning
1893,836,2024-01-18 02:58:00,cart,1932,Beauty,280,Mobile,Returning
1059,837,2024-01-20 23:05:00,view,1205,Home,986,Mobile,New
1059,837,2024-01-20 23:07:00,cart,1205,Home,986,Mobile,New
1059,837,2024-01-20 23:09:00,checkout,1205,Home,986,Mobile,New
1059,837,2024-01-20 23:13:00,purchase,1205,Home,986,Mobile,New
1111,838,2024-02-03 19:43:00,view,1591,Home,615,Mobile,Returning
1111,838,2024-02-03 19:47:00,cart,1591,Home,615,Mobile,Returning
1111,838,2024-02-03 19:49:00,checkout,1591,Home,615,Mobile,Returning
646,839,2024-01-21 00:36:00,view,1793,Fashion,399,Mobile,Returning
646,839,2024-01-21 00:40:00,cart,1793,Fashion,399,Mobile,Returning
646,839,2024-01-21 00:43:00,checkout,1793,Fashion,399,Mobile,Returning
646,839,2024-01-21 00:46:00,purchase,1793,Fashion,399,Mobile,Returning
1732,840,2024-01-17 05:59:00,view,1654,Fashion,958,Desktop,Returning
1732,840,2024-01-17 06:00:00,cart,1654,Fashion,958,Desktop,Returning
1732,840,2024-01-17 06:03:00,checkout,1654,Fashion,958,Desktop,Returning
1732,840,2024-01-17 06:07:00,purchase,1654,Fashion,958,Desktop,Returning
786,841,2024-02-01 07:41:00,view,1072,Electronics,67,Mobile,Returning
201,842,2024-01-25 02:07:00,view,1958,Electronics,787,Desktop,Returning
369,843,2024-01-23 05:31:00,view,1498,Home,280,Mobile,New
797,844,2024-01-20 16:19:00,view,1018,Electronics,328,Mobile,Returning
77,845,2024-01-24 08:54:00,view,1183,Electronics,381,Mobile,Returning
77,845,2024-01-24 08:56:00,cart,1183,Electronics,381,Mobile,Returning
77,845,2024-01-24 08:59:00,checkout,1183,Electronics,381,Mobile,Returning
59,846,2024-01-16 00:48:00,view,1042,Beauty,842,Desktop,New
59,846,2024-01-16 00:52:00,cart,1042,Beauty,842,Desktop,New
59,846,2024-01-16 00:55:00,checkout,1042,Beauty,842,Desktop,New
59,846,2024-01-16 00:59:00,purchase,1042,Beauty,842,Desktop,New
431,847,2024-01-11 01:04:00,view,1926,Beauty,429,Desktop,New
638,848,2024-01-08 00:29:00,view,1200,Fashion,252,Mobile,New
1524,849,2024-01-31 07:38:00,view,1655,Beauty,536,Mobile,New
1524,849,2024-01-31 07:39:00,cart,1655,Beauty,536,Mobile,New
1524,849,2024-01-31 07:42:00,checkout,1655,Beauty,536,Mobile,New
1524,849,2024-01-31 07:46:00,purchase,1655,Beauty,536,Mobile,New
1937,850,2024-01-11 13:49:00,view,1298,Beauty,525,Mobile,New
109,851,2024-01-03 23:57:00,view,1285,Electronics,386,Tablet,New
109,851,2024-01-04 00:01:00,cart,1285,Electronics,386,Tablet,New
1760,852,2024-01-04 02:57:00,view,1471,Beauty,428,Desktop,New
1008,853,2024-01-21 02:47:00,view,1275,Fashion,886,Mobile,Returning
1302,854,2024-01-10 05:04:00,view,1742,Beauty,580,Mobile,Returning
1302,854,2024-01-10 05:07:00,cart,1742,Beauty,580,Mobile,Returning
1302,854,2024-01-10 05:10:00,checkout,1742,Beauty,580,Mobile,Returning
68,855,2024-01-30 05:46:00,view,1203,Home,364,Mobile,Returning
68,855,2024-01-30 05:48:00,cart,1203,Home,364,Mobile,Returning
1093,856,2024-01-12 03:19:00,view,1300,Home,182,Tablet,Returning
1093,856,2024-01-12 03:21:00,cart,1300,Home,182,Tablet,Returning
1093,856,2024-01-12 03:24:00,checkout,1300,Home,182,Tablet,Returning
1093,856,2024-01-12 03:27:00,purchase,1300,Home,182,Tablet,Returning
1189,857,2024-01-31 06:37:00,view,1845,Fashion,355,Mobile,New
1513,858,2024-01-31 16:32:00,view,1506,Beauty,589,Desktop,Returning
305,859,2024-01-21 04:38:00,view,1396,Home,646,Mobile,Returning
305,859,2024-01-21 04:40:00,cart,1396,Home,646,Mobile,Returning
305,859,2024-01-21 04:41:00,checkout,1396,Home,646,Mobile,Returning
1933,860,2024-01-09 17:15:00,view,1658,Home,949,Desktop,New
1933,860,2024-01-09 17:18:00,cart,1658,Home,949,Desktop,New
1933,860,2024-01-09 17:22:00,checkout,1658,Home,949,Desktop,New
1933,860,2024-01-09 17:23:00,purchase,1658,Home,949,Desktop,New
674,861,2024-01-07 12:42:00,view,1508,Beauty,852,Desktop,New
674,861,2024-01-07 12:45:00,cart,1508,Beauty,852,Desktop,New
674,861,2024-01-07 12:48:00,checkout,1508,Beauty,852,Desktop,New
365,862,2024-01-25 17:45:00,view,1698,Home,983,Desktop,Returning
1878,863,2024-01-31 20:53:00,view,1706,Home,92,Desktop,New
821,864,2024-01-05 19:04:00,view,1424,Fashion,122,Desktop,Returning
1403,865,2024-01-29 07:13:00,view,1916,Electronics,292,Mobile,New
343,866,2024-01-23 06:46:00,view,1164,Home,164,Mobile,New
947,867,2024-02-03 12:54:00,view,1648,Fashion,248,Mobile,New
899,868,2024-01-18 19:09:00,view,1931,Beauty,521,Tablet,New
899,868,2024-01-18 19:12:00,cart,1931,Beauty,521,Tablet,New
899,868,2024-01-18 19:16:00,checkout,1931,Beauty,521,Tablet,New
899,868,2024-01-18 19:19:00,purchase,1931,Beauty,521,Tablet,New
1578,869,2024-01-23 18:14:00,view,1175,Electronics,725,Mobile,Returning
1378,870,2024-01-30 23:34:00,view,1930,Beauty,338,Desktop,New
1378,870,2024-01-30 23:36:00,cart,1930,Beauty,338,Desktop,New
1378,870,2024-01-30 23:39:00,checkout,1930,Beauty,338,Desktop,New
1378,870,2024-01-30 23:41:00,purchase,1930,Beauty,338,Desktop,New
1440,871,2024-01-23 12:06:00,view,1939,Beauty,290,Desktop,Returning
1440,871,2024-01-23 12:07:00,cart,1939,Beauty,290,Desktop,Returning
1133,872,2024-01-04 01:13:00,view,1375,Home,486,Mobile,New
1587,873,2024-01-25 00:22:00,view,1935,Home,376,Mobile,Returning
1587,873,2024-01-25 00:24:00,cart,1935,Home,376,Mobile,Returning
762,874,2024-01-16 16:38:00,view,1375,Home,331,Mobile,New
762,874,2024-01-16 16:41:00,cart,1375,Home,331,Mobile,New
762,874,2024-01-16 16:43:00,checkout,1375,Home,331,Mobile,New
1521,875,2024-01-16 02:02:00,view,1560,Fashion,429,Mobile,New
341,876,2024-01-01 14:46:00,view,1250,Fashion,352,Mobile,New
942,877,2024-01-18 07:37:00,view,1588,Beauty,740,Mobile,New
383,878,2024-01-14 07:53:00,view,1665,Home,425,Desktop,Returning
383,878,2024-01-14 07:56:00,cart,1665,Home,425,Desktop,Returning
383,878,2024-01-14 07:57:00,checkout,1665,Home,425,Desktop,Returning
383,878,2024-01-14 07:58:00,purchase,1665,Home,425,Desktop,Returning
1004,879,2024-01-07 11:40:00,view,1886,Fashion,253,Tablet,Returning
1004,879,2024-01-07 11:42:00,cart,1886,Fashion,253,Tablet,Returning
1004,879,2024-01-07 11:43:00,checkout,1886,Fashion,253,Tablet,Returning
1004,879,2024-01-07 11:44:00,purchase,1886,Fashion,253,Tablet,Returning
1557,880,2024-01-10 06:38:00,view,1499,Fashion,973,Mobile,Returning
300,881,2024-02-03 21:19:00,view,1552,Beauty,10,Mobile,New
139,882,2024-02-03 23:41:00,view,1609,Fashion,491,Mobile,New
359,883,2024-01-07 20:00:00,view,1334,Electronics,519,Desktop,Returning
836,884,2024-01-17 01:02:00,view,1136,Beauty,592,Desktop,New
836,884,2024-01-17 01:04:00,cart,1136,Beauty,592,Desktop,New
1523,885,2024-01-16 02:25:00,view,1166,Home,696,Mobile,New
1523,885,2024-01-16 02:29:00,cart,1166,Home,696,Mobile,New
1523,885,2024-01-16 02:31:00,checkout,1166,Home,696,Mobile,New
1523,885,2024-01-16 02:32:00,purchase,1166,Home,696,Mobile,New
1409,886,2024-01-09 19:18:00,view,1066,Home,590,Mobile,New
1409,886,2024-01-09 19:21:00,cart,1066,Home,590,Mobile,New
1628,887,2024-01-31 18:19:00,view,1885,Beauty,124,Desktop,New
1628,887,2024-01-31 18:20:00,cart,1885,Beauty,124,Desktop,New
1628,887,2024-01-31 18:21:00,checkout,1885,Beauty,124,Desktop,New
1628,887,2024-01-31 18:25:00,purchase,1885,Beauty,124,Desktop,New
1983,888,2024-01-02 18:21:00,view,1298,Beauty,465,Desktop,New
1983,888,2024-01-02 18:25:00,cart,1298,Beauty,465,Desktop,New
1983,888,2024-01-02 18:26:00,checkout,1298,Beauty,465,Desktop,New
1983,888,2024-01-02 18:27:00,purchase,1298,Beauty,465,Desktop,New
1304,889,2024-01-05 20:59:00,view,1559,Home,594,Mobile,New
1304,889,2024-01-05 21:02:00,cart,1559,Home,594,Mobile,New
1661,890,2024-01-07 14:08:00,view,1445,Electronics,788,Desktop,Returning
1661,890,2024-01-07 14:12:00,cart,1445,Electronics,788,Desktop,Returning
1661,890,2024-01-07 14:13:00,checkout,1445,Electronics,788,Desktop,Returning
483,891,2024-01-13 17:34:00,view,1115,Fashion,646,Mobile,New
483,891,2024-01-13 17:37:00,cart,1115,Fashion,646,Mobile,New
483,891,2024-01-13 17:39:00,checkout,1115,Fashion,646,Mobile,New
483,891,2024-01-13 17:41:00,purchase,1115,Fashion,646,Mobile,New
909,892,2024-01-18 18:04:00,view,1175,Electronics,666,Mobile,New
1135,893,2024-01-31 17:13:00,view,1693,Fashion,673,Desktop,Returning
1135,893,2024-01-31 17:17:00,cart,1693,Fashion,673,Desktop,Returning
1135,893,2024-01-31 17:20:00,checkout,1693,Fashion,673,Desktop,Returning
1135,893,2024-01-31 17:23:00,purchase,1693,Fashion,673,Desktop,Returning
866,894,2024-02-02 16:46:00,view,1640,Fashion,642,Desktop,New
866,894,2024-02-02 16:49:00,cart,1640,Fashion,642,Desktop,New
139,895,2024-01-28 06:16:00,view,1928,Home,559,Mobile,New
139,895,2024-01-28 06:20:00,cart,1928,Home,559,Mobile,New
139,895,2024-01-28 06:24:00,checkout,1928,Home,559,Mobile,New
996,896,2024-01-15 03:44:00,view,1303,Electronics,576,Desktop,New
435,897,2024-01-24 11:52:00,view,1992,Home,961,Mobile,New
509,898,2024-01-30 18:56:00,view,1307,Fashion,19,Desktop,Returning
273,899,2024-01-03 19:05:00,view,1238,Fashion,173,Mobile,Returning
1123,900,2024-01-07 06:08:00,view,1334,Electronics,665,Desktop,Returning
1788,901,2024-01-04 07:23:00,view,1853,Beauty,184,Desktop,Returning
1788,901,2024-01-04 07:26:00,cart,1853,Beauty,184,Desktop,Returning
1788,901,2024-01-04 07:27:00,checkout,1853,Beauty,184,Desktop,Returning
1874,902,2024-01-24 03:40:00,view,1779,Beauty,315,Mobile,Returning
1874,902,2024-01-24 03:41:00,cart,1779,Beauty,315,Mobile,Returning
1874,902,2024-01-24 03:44:00,checkout,1779,Beauty,315,Mobile,Returning
1874,902,2024-01-24 03:45:00,purchase,1779,Beauty,315,Mobile,Returning
104,903,2024-01-08 18:53:00,view,1127,Beauty,633,Desktop,New
1238,904,2024-01-10 17:06:00,view,1046,Electronics,831,Desktop,New
1238,904,2024-01-10 17:09:00,cart,1046,Electronics,831,Desktop,New
1785,905,2024-01-17 16:33:00,view,1635,Beauty,232,Desktop,Returning
1785,905,2024-01-17 16:34:00,cart,1635,Beauty,232,Desktop,Returning
1688,906,2024-01-14 10:38:00,view,1106,Home,105,Mobile,New
762,907,2024-01-31 06:14:00,view,1677,Home,624,Desktop,New
787,908,2024-01-20 11:59:00,view,1492,Fashion,41,Desktop,New
165,909,2024-01-18 02:21:00,view,1442,Fashion,788,Mobile,New
165,909,2024-01-18 02:24:00,cart,1442,Fashion,788,Mobile,New
165,909,2024-01-18 02:28:00,checkout,1442,Fashion,788,Mobile,New
999,910,2024-01-04 03:04:00,view,1132,Home,272,Tablet,Returning
999,910,2024-01-04 03:05:00,cart,1132,Home,272,Tablet,Returning
1877,911,2024-01-07 13:21:00,view,1010,Electronics,400,Mobile,New
520,912,2024-01-23 03:19:00,view,1808,Electronics,935,Mobile,New
1308,913,2024-02-04 06:20:00,view,1306,Home,817,Mobile,Returning
517,914,2024-01-20 07:05:00,view,1326,Electronics,569,Mobile,New
517,914,2024-01-20 07:06:00,cart,1326,Electronics,569,Mobile,New
657,915,2024-02-03 21:32:00,view,1107,Fashion,300,Desktop,New
613,916,2024-01-19 17:32:00,view,1051,Fashion,982,Mobile,Returning
164,917,2024-01-21 20:32:00,view,1188,Home,589,Tablet,New
164,917,2024-01-21 20:34:00,cart,1188,Home,589,Tablet,New
164,917,2024-01-21 20:38:00,checkout,1188,Home,589,Tablet,New
164,917,2024-01-21 20:40:00,purchase,1188,Home,589,Tablet,New
1910,918,2024-01-02 17:16:00,view,1500,Electronics,340,Mobile,New
1910,918,2024-01-02 17:18:00,cart,1500,Electronics,340,Mobile,New
1910,918,2024-01-02 17:22:00,checkout,1500,Electronics,340,Mobile,New
1910,918,2024-01-02 17:25:00,purchase,1500,Electronics,340,Mobile,New
1683,919,2024-01-24 20:04:00,view,1766,Fashion,969,Mobile,Returning
64,920,2024-01-25 15:14:00,view,1540,Beauty,509,Mobile,New
64,920,2024-01-25 15:15:00,cart,1540,Beauty,509,Mobile,New
64,920,2024-01-25 15:16:00,checkout,1540,Beauty,509,Mobile,New
64,920,2024-01-25 15:18:00,purchase,1540,Beauty,509,Mobile,New
1115,921,2024-01-05 10:57:00,view,1149,Beauty,238,Mobile,New
1141,922,2024-02-03 09:52:00,view,1456,Beauty,144,Desktop,Returning
1141,922,2024-02-03 09:54:00,cart,1456,Beauty,144,Desktop,Returning
1141,922,2024-02-03 09:55:00,checkout,1456,Beauty,144,Desktop,Returning
1141,922,2024-02-03 09:58:00,purchase,1456,Beauty,144,Desktop,Returning
1890,923,2024-01-16 15:55:00,view,1875,Electronics,70,Desktop,Returning
267,924,2024-01-21 19:50:00,view,1677,Home,828,Desktop,Returning
267,924,2024-01-21 19:52:00,cart,1677,Home,828,Desktop,Returning
267,924,2024-01-21 19:55:00,checkout,1677,Home,828,Desktop,Returning
1846,925,2024-02-04 13:26:00,view,1422,Fashion,725,Mobile,New
1709,926,2024-02-04 16:36:00,view,1104,Home,295,Mobile,Returning
1709,926,2024-02-04 16:39:00,cart,1104,Home,295,Mobile,Returning
1583,927,2024-01-10 16:04:00,view,1241,Electronics,756,Mobile,New
1583,927,2024-01-10 16:07:00,cart,1241,Electronics,756,Mobile,New
1164,928,2024-01-22 19:04:00,view,1483,Beauty,790,Mobile,Returning
1164,928,2024-01-22 19:05:00,cart,1483,Beauty,790,Mobile,Returning
246,929,2024-01-02 00:09:00,view,1868,Home,959,Mobile,Returning
1685,930,2024-01-18 19:35:00,view,1231,Beauty,483,Desktop,New
1782,931,2024-01-18 07:18:00,view,1941,Fashion,284,Mobile,Returning
1782,931,2024-01-18 07:21:00,cart,1941,Fashion,284,Mobile,Returning
1782,931,2024-01-18 07:24:00,checkout,1941,Fashion,284,Mobile,Returning
1782,931,2024-01-18 07:27:00,purchase,1941,Fashion,284,Mobile,Returning
395,932,2024-01-19 17:06:00,view,1267,Fashion,488,Desktop,New
395,932,2024-01-19 17:08:00,cart,1267,Fashion,488,Desktop,New
395,932,2024-01-19 17:10:00,checkout,1267,Fashion,488,Desktop,New
395,932,2024-01-19 17:11:00,purchase,1267,Fashion,488,Desktop,New
1511,933,2024-01-26 06:30:00,view,1981,Fashion,840,Mobile,Returning
1511,933,2024-01-26 06:32:00,cart,1981,Fashion,840,Mobile,Returning
1511,933,2024-01-26 06:35:00,checkout,1981,Fashion,840,Mobile,Returning
476,934,2024-01-10 15:41:00,view,1724,Electronics,793,Mobile,Returning
1541,935,2024-02-01 13:52:00,view,1558,Home,166,Desktop,Returning
977,936,2024-01-01 08:49:00,view,1021,Beauty,391,Mobile,New
1208,937,2024-01-19 20:10:00,view,1418,Home,604,Desktop,New
1208,937,2024-01-19 20:13:00,cart,1418,Home,604,Desktop,New
1208,937,2024-01-19 20:15:00,checkout,1418,Home,604,Desktop,New
1208,937,2024-01-19 20:16:00,purchase,1418,Home,604,Desktop,New
1044,938,2024-01-05 22:31:00,view,1001,Beauty,315,Desktop,Returning
1961,939,2024-01-25 06:51:00,view,1699,Electronics,152,Mobile,New
1961,939,2024-01-25 06:53:00,cart,1699,Electronics,152,Mobile,New
1961,939,2024-01-25 06:56:00,checkout,1699,Electronics,152,Mobile,New
1961,939,2024-01-25 07:00:00,purchase,1699,Electronics,152,Mobile,New
558,940,2024-01-11 13:18:00,view,1866,Beauty,544,Tablet,New
1018,941,2024-01-08 21:38:00,view,1740,Electronics,306,Mobile,New
1548,942,2024-01-11 09:03:00,view,1109,Beauty,290,Mobile,New
1548,942,2024-01-11 09:05:00,cart,1109,Beauty,290,Mobile,New
1548,942,2024-01-11 09:09:00,checkout,1109,Beauty,290,Mobile,New
1548,942,2024-01-11 09:11:00,purchase,1109,Beauty,290,Mobile,New
1606,943,2024-01-02 04:41:00,view,1858,Electronics,28,Desktop,New
1553,944,2024-01-23 21:43:00,view,1984,Electronics,270,Mobile,Returning
883,945,2024-01-20 23:22:00,view,1483,Fashion,679,Desktop,New
883,945,2024-01-20 23:26:00,cart,1483,Fashion,679,Desktop,New
883,945,2024-01-20 23:27:00,checkout,1483,Fashion,679,Desktop,New
883,945,2024-01-20 23:30:00,purchase,1483,Fashion,679,Desktop,New
147,946,2024-01-24 02:36:00,view,1130,Home,906,Desktop,Returning
147,946,2024-01-24 02:39:00,cart,1130,Home,906,Desktop,Returning
147,946,2024-01-24 02:42:00,checkout,1130,Home,906,Desktop,Returning
666,947,2024-02-01 04:15:00,view,1530,Fashion,145,Tablet,New
1328,948,2024-01-04 18:29:00,view,1488,Home,376,Mobile,Returning
620,949,2024-02-04 13:45:00,view,1445,Electronics,562,Mobile,Returning
620,949,2024-02-04 13:46:00,cart,1445,Electronics,562,Mobile,Returning
620,949,2024-02-04 13:49:00,checkout,1445,Electronics,562,Mobile,Returning
620,949,2024-02-04 13:52:00,purchase,1445,Electronics,562,Mobile,Returning
1772,950,2024-01-15 21:31:00,view,1772,Electronics,945,Desktop,Returning
820,951,2024-01-19 10:36:00,view,1661,Electronics,990,Mobile,New
864,952,2024-01-28 09:26:00,view,1778,Fashion,261,Mobile,New
864,952,2024-01-28 09:30:00,cart,1778,Fashion,261,Mobile,New
864,952,2024-01-28 09:31:00,checkout,1778,Fashion,261,Mobile,New
864,952,2024-01-28 09:34:00,purchase,1778,Fashion,261,Mobile,New
582,953,2024-01-17 15:27:00,view,1091,Beauty,534,Mobile,Returning
1023,954,2024-01-02 01:16:00,view,1852,Fashion,660,Mobile,Returning
1023,954,2024-01-02 01:20:00,cart,1852,Fashion,660,Mobile,Returning
695,955,2024-01-17 00:59:00,view,1702,Home,407,Mobile,New
1786,956,2024-01-20 20:35:00,view,1204,Home,340,Desktop,Returning
1786,956,2024-01-20 20:37:00,cart,1204,Home,340,Desktop,Returning
1786,956,2024-01-20 20:38:00,checkout,1204,Home,340,Desktop,Returning
1786,956,2024-01-20 20:39:00,purchase,1204,Home,340,Desktop,Returning
1252,957,2024-01-14 21:55:00,view,1814,Electronics,494,Desktop,New
1252,957,2024-01-14 21:57:00,cart,1814,Electronics,494,Desktop,New
1252,957,2024-01-14 21:59:00,checkout,1814,Electronics,494,Desktop,New
1252,957,2024-01-14 22:03:00,purchase,1814,Electronics,494,Desktop,New
1126,958,2024-01-06 20:10:00,view,1612,Beauty,508,Mobile,New
1611,959,2024-01-19 21:00:00,view,1581,Beauty,452,Mobile,Returning
1611,959,2024-01-19 21:02:00,cart,1581,Beauty,452,Mobile,Returning
1611,959,2024-01-19 21:03:00,checkout,1581,Beauty,452,Mobile,Returning
1441,960,2024-01-19 05:26:00,view,1574,Fashion,786,Mobile,Returning
1982,961,2024-01-09 12:38:00,view,1433,Home,147,Desktop,Returning
1982,961,2024-01-09 12:42:00,cart,1433,Home,147,Desktop,Returning
1982,961,2024-01-09 12:43:00,checkout,1433,Home,147,Desktop,Returning
1982,961,2024-01-09 12:47:00,purchase,1433,Home,147,Desktop,Returning
1240,962,2024-01-21 02:45:00,view,1233,Fashion,222,Mobile,New
407,963,2024-01-01 10:33:00,view,1360,Electronics,963,Desktop,New
407,963,2024-01-01 10:36:00,cart,1360,Electronics,963,Desktop,New
407,963,2024-01-01 10:39:00,checkout,1360,Electronics,963,Desktop,New
407,963,2024-01-01 10:40:00,purchase,1360,Electronics,963,Desktop,New
399,964,2024-01-20 10:54:00,view,1600,Fashion,881,Mobile,Returning
399,964,2024-01-20 10:58:00,cart,1600,Fashion,881,Mobile,Returning
399,964,2024-01-20 10:59:00,checkout,1600,Fashion,881,Mobile,Returning
1947,965,2024-01-12 06:38:00,view,1750,Fashion,943,Desktop,New
1947,965,2024-01-12 06:42:00,cart,1750,Fashion,943,Desktop,New
1947,965,2024-01-12 06:43:00,checkout,1750,Fashion,943,Desktop,New
715,966,2024-01-19 00:30:00,view,1922,Home,406,Mobile,New
715,966,2024-01-19 00:33:00,cart,1922,Home,406,Mobile,New
715,966,2024-01-19 00:36:00,checkout,1922,Home,406,Mobile,New
715,966,2024-01-19 00:38:00,purchase,1922,Home,406,Mobile,New
704,967,2024-01-23 10:03:00,view,1213,Beauty,126,Desktop,New
761,968,2024-01-27 13:46:00,view,1223,Electronics,700,Mobile,New
761,968,2024-01-27 13:48:00,cart,1223,Electronics,700,Mobile,New
499,969,2024-02-01 05:13:00,view,1440,Fashion,123,Desktop,Returning
1778,970,2024-02-02 11:12:00,view,1231,Home,374,Mobile,New
1489,971,2024-01-05 10:27:00,view,1778,Home,613,Desktop,New
1489,971,2024-01-05 10:29:00,cart,1778,Home,613,Desktop,New
1715,972,2024-01-07 07:39:00,view,1916,Fashion,452,Desktop,New
1715,972,2024-01-07 07:40:00,cart,1916,Fashion,452,Desktop,New
1715,972,2024-01-07 07:44:00,checkout,1916,Fashion,452,Desktop,New
1715,972,2024-01-07 07:45:00,purchase,1916,Fashion,452,Desktop,New
1973,973,2024-02-03 16:25:00,view,1584,Beauty,729,Mobile,New
1973,973,2024-02-03 16:29:00,cart,1584,Beauty,729,Mobile,New
974,974,2024-01-16 14:35:00,view,1559,Home,777,Desktop,New
974,974,2024-01-16 14:38:00,cart,1559,Home,777,Desktop,New
1755,975,2024-01-17 03:35:00,view,1367,Fashion,257,Mobile,Returning
1755,975,2024-01-17 03:37:00,cart,1367,Fashion,257,Mobile,Returning
82,976,2024-01-09 02:18:00,view,1059,Beauty,277,Mobile,Returning
82,976,2024-01-09 02:20:00,cart,1059,Beauty,277,Mobile,Returning
82,976,2024-01-09 02:24:00,checkout,1059,Beauty,277,Mobile,Returning
82,976,2024-01-09 02:25:00,purchase,1059,Beauty,277,Mobile,Returning
604,977,2024-01-14 06:24:00,view,1463,Fashion,337,Mobile,New
604,977,2024-01-14 06:28:00,cart,1463,Fashion,337,Mobile,New
1971,978,2024-01-07 04:31:00,view,1030,Electronics,934,Mobile,New
1971,978,2024-01-07 04:35:00,cart,1030,Electronics,934,Mobile,New
1971,978,2024-01-07 04:37:00,checkout,1030,Electronics,934,Mobile,New
1971,978,2024-01-07 04:38:00,purchase,1030,Electronics,934,Mobile,New
1711,979,2024-01-13 00:34:00,view,1314,Home,898,Desktop,New
1775,980,2024-01-28 04:15:00,view,1799,Fashion,186,Desktop,Returning
1775,980,2024-01-28 04:16:00,cart,1799,Fashion,186,Desktop,Returning
1775,980,2024-01-28 04:18:00,checkout,1799,Fashion,186,Desktop,Returning
1775,980,2024-01-28 04:22:00,purchase,1799,Fashion,186,Desktop,Returning
772,981,2024-02-01 22:16:00,view,1268,Electronics,137,Mobile,Returning
772,981,2024-02-01 22:18:00,cart,1268,Electronics,137,Mobile,Returning
772,981,2024-02-01 22:19:00,checkout,1268,Electronics,137,Mobile,Returning
772,981,2024-02-01 22:23:00,purchase,1268,Electronics,137,Mobile,Returning
903,982,2024-01-11 18:51:00,view,1441,Beauty,254,Mobile,New
903,982,2024-01-11 18:53:00,cart,1441,Beauty,254,Mobile,New
903,982,2024-01-11 18:57:00,checkout,1441,Beauty,254,Mobile,New
365,983,2024-01-14 02:29:00,view,1420,Home,414,Desktop,Returning
365,983,2024-01-14 02:30:00,cart,1420,Home,414,Desktop,Returning
365,983,2024-01-14 02:34:00,checkout,1420,Home,414,Desktop,Returning
365,983,2024-01-14 02:38:00,purchase,1420,Home,414,Desktop,Returning
163,984,2024-01-10 03:37:00,view,1149,Home,722,Desktop,Returning
163,984,2024-01-10 03:38:00,cart,1149,Home,722,Desktop,Returning
1072,985,2024-01-21 11:27:00,view,1333,Electronics,302,Mobile,New
511,986,2024-01-14 07:44:00,view,1318,Fashion,477,Tablet,Returning
511,986,2024-01-14 07:46:00,cart,1318,Fashion,477,Tablet,Returning
1353,987,2024-01-01 02:51:00,view,1320,Beauty,658,Mobile,New
1864,988,2024-01-27 02:33:00,view,1630,Electronics,541,Mobile,New
1864,988,2024-01-27 02:37:00,cart,1630,Electronics,541,Mobile,New
1864,988,2024-01-27 02:41:00,checkout,1630,Electronics,541,Mobile,New
1864,988,2024-01-27 02:43:00,purchase,1630,Electronics,541,Mobile,New
116,989,2024-01-28 02:01:00,view,1542,Beauty,92,Desktop,Returning
116,989,2024-01-28 02:05:00,cart,1542,Beauty,92,Desktop,Returning
941,990,2024-01-25 14:20:00,view,1764,Beauty,845,Mobile,New
1873,991,2024-01-12 02:23:00,view,1881,Electronics,499,Mobile,New
1873,991,2024-01-12 02:27:00,cart,1881,Electronics,499,Mobile,New
1873,991,2024-01-12 02:28:00,checkout,1881,Electronics,499,Mobile,New
1873,991,2024-01-12 02:31:00,purchase,1881,Electronics,499,Mobile,New
337,992,2024-02-04 02:09:00,view,1985,Fashion,224,Mobile,Returning
337,992,2024-02-04 02:11:00,cart,1985,Fashion,224,Mobile,Returning
337,992,2024-02-04 02:13:00,checkout,1985,Fashion,224,Mobile,Returning
337,992,2024-02-04 02:15:00,purchase,1985,Fashion,224,Mobile,Returning
881,993,2024-01-08 17:04:00,view,1918,Home,208,Desktop,New
881,993,2024-01-08 17:07:00,cart,1918,Home,208,Desktop,New
737,994,2024-01-15 03:03:00,view,1897,Electronics,961,Desktop,New
1888,995,2024-01-08 10:57:00,view,1786,Home,887,Mobile,New
1888,995,2024-01-08 11:00:00,cart,1786,Home,887,Mobile,New
840,996,2024-01-02 18:32:00,view,1132,Fashion,888,Mobile,Returning
840,996,2024-01-02 18:34:00,cart,1132,Fashion,888,Mobile,Returning
840,996,2024-01-02 18:36:00,checkout,1132,Fashion,888,Mobile,Returning
840,996,2024-01-02 18:40:00,purchase,1132,Fashion,888,Mobile,Returning
147,997,2024-01-25 15:50:00,view,1761,Beauty,337,Mobile,Returning
147,997,2024-01-25 15:52:00,cart,1761,Beauty,337,Mobile,Returning
147,997,2024-01-25 15:53:00,checkout,1761,Beauty,337,Mobile,Returning
147,997,2024-01-25 15:54:00,purchase,1761,Beauty,337,Mobile,Returning
1599,998,2024-01-26 07:35:00,view,1952,Home,202,Mobile,New
1599,998,2024-01-26 07:38:00,cart,1952,Home,202,Mobile,New
1599,998,2024-01-26 07:40:00,checkout,1952,Home,202,Mobile,New
1599,998,2024-01-26 07:42:00,purchase,1952,Home,202,Mobile,New
1830,999,2024-01-31 11:02:00,view,1636,Electronics,628,Mobile,New
1347,1000,2024-01-26 07:01:00,view,1988,Beauty,465,Desktop,New
443,1001,2024-01-21 12:37:00,view,1301,Home,865,Mobile,New
443,1001,2024-01-21 12:41:00,cart,1301,Home,865,Mobile,New
443,1001,2024-01-21 12:44:00,checkout,1301,Home,865,Mobile,New
837,1002,2024-01-15 16:39:00,view,1190,Beauty,782,Mobile,Returning
1037,1003,2024-01-26 01:52:00,view,1225,Beauty,259,Mobile,New
1037,1003,2024-01-26 01:53:00,cart,1225,Beauty,259,Mobile,New
943,1004,2024-01-09 06:02:00,view,1813,Home,189,Mobile,Returning
943,1004,2024-01-09 06:04:00,cart,1813,Home,189,Mobile,Returning
943,1004,2024-01-09 06:05:00,checkout,1813,Home,189,Mobile,Returning
943,1004,2024-01-09 06:07:00,purchase,1813,Home,189,Mobile,Returning
1518,1005,2024-01-18 17:59:00,view,1372,Electronics,169,Desktop,Returning
1518,1005,2024-01-18 18:01:00,cart,1372,Electronics,169,Desktop,Returning
1518,1005,2024-01-18 18:02:00,checkout,1372,Electronics,169,Desktop,Returning
1518,1005,2024-01-18 18:06:00,purchase,1372,Electronics,169,Desktop,Returning
1725,1006,2024-01-17 08:22:00,view,1118,Beauty,105,Mobile,Returning
1725,1006,2024-01-17 08:23:00,cart,1118,Beauty,105,Mobile,Returning
1725,1006,2024-01-17 08:24:00,checkout,1118,Beauty,105,Mobile,Returning
1725,1006,2024-01-17 08:28:00,purchase,1118,Beauty,105,Mobile,Returning
287,1007,2024-01-18 15:34:00,view,1137,Fashion,286,Mobile,New
287,1007,2024-01-18 15:35:00,cart,1137,Fashion,286,Mobile,New
287,1007,2024-01-18 15:37:00,checkout,1137,Fashion,286,Mobile,New
287,1007,2024-01-18 15:40:00,purchase,1137,Fashion,286,Mobile,New
720,1008,2024-01-17 23:15:00,view,1575,Electronics,796,Mobile,Returning
1138,1009,2024-01-06 04:36:00,view,1136,Beauty,60,Mobile,New
1138,1009,2024-01-06 04:39:00,cart,1136,Beauty,60,Mobile,New
1138,1009,2024-01-06 04:43:00,checkout,1136,Beauty,60,Mobile,New
1138,1009,2024-01-06 04:45:00,purchase,1136,Beauty,60,Mobile,New
480,1010,2024-01-11 01:15:00,view,1637,Electronics,649,Mobile,New
22,1011,2024-01-09 10:03:00,view,1376,Home,483,Mobile,New
22,1011,2024-01-09 10:05:00,cart,1376,Home,483,Mobile,New
22,1011,2024-01-09 10:07:00,checkout,1376,Home,483,Mobile,New
22,1011,2024-01-09 10:10:00,purchase,1376,Home,483,Mobile,New
1373,1012,2024-01-31 15:02:00,view,1277,Beauty,957,Mobile,Returning
1750,1013,2024-01-19 20:36:00,view,1994,Electronics,944,Mobile,New
1750,1013,2024-01-19 20:37:00,cart,1994,Electronics,944,Mobile,New
683,1014,2024-01-29 21:23:00,view,1109,Electronics,715,Mobile,New
683,1014,2024-01-29 21:26:00,cart,1109,Electronics,715,Mobile,New
683,1014,2024-01-29 21:29:00,checkout,1109,Electronics,715,Mobile,New
1859,1015,2024-01-29 06:03:00,view,1728,Fashion,805,Mobile,Returning
1590,1016,2024-01-08 07:30:00,view,1513,Beauty,549,Tablet,Returning
1590,1016,2024-01-08 07:32:00,cart,1513,Beauty,549,Tablet,Returning
1590,1016,2024-01-08 07:35:00,checkout,1513,Beauty,549,Tablet,Returning
906,1017,2024-01-25 23:23:00,view,1164,Beauty,380,Mobile,Returning
1834,1018,2024-01-16 18:15:00,view,1711,Fashion,33,Mobile,Returning
1834,1018,2024-01-16 18:17:00,cart,1711,Fashion,33,Mobile,Returning
320,1019,2024-01-09 11:38:00,view,1137,Home,470,Mobile,New
320,1019,2024-01-09 11:39:00,cart,1137,Home,470,Mobile,New
320,1019,2024-01-09 11:40:00,checkout,1137,Home,470,Mobile,New
320,1019,2024-01-09 11:44:00,purchase,1137,Home,470,Mobile,New
126,1020,2024-01-09 22:08:00,view,1819,Beauty,72,Mobile,New
277,1021,2024-01-25 19:34:00,view,1502,Fashion,180,Desktop,Returning
2000,1022,2024-01-14 16:29:00,view,1200,Fashion,308,Mobile,New
2000,1022,2024-01-14 16:30:00,cart,1200,Fashion,308,Mobile,New
2000,1022,2024-01-14 16:31:00,checkout,1200,Fashion,308,Mobile,New
2000,1022,2024-01-14 16:33:00,purchase,1200,Fashion,308,Mobile,New
1228,1023,2024-01-30 00:26:00,view,1960,Electronics,892,Desktop,New
194,1024,2024-01-02 01:47:00,view,1145,Beauty,933,Mobile,Returning
194,1024,2024-01-02 01:51:00,cart,1145,Beauty,933,Mobile,Returning
194,1024,2024-01-02 01:52:00,checkout,1145,Beauty,933,Mobile,Returning
194,1024,2024-01-02 01:54:00,purchase,1145,Beauty,933,Mobile,Returning
1705,1025,2024-01-12 18:16:00,view,1727,Fashion,25,Mobile,New
1705,1025,2024-01-12 18:18:00,cart,1727,Fashion,25,Mobile,New
1705,1025,2024-01-12 18:22:00,checkout,1727,Fashion,25,Mobile,New
1705,1025,2024-01-12 18:26:00,purchase,1727,Fashion,25,Mobile,New
1688,1026,2024-01-02 15:53:00,view,1166,Fashion,662,Desktop,New
1571,1027,2024-01-19 06:19:00,view,1783,Beauty,433,Mobile,New
696,1028,2024-01-29 05:43:00,view,1323,Home,165,Mobile,Returning
696,1028,2024-01-29 05:45:00,cart,1323,Home,165,Mobile,Returning
696,1028,2024-01-29 05:46:00,checkout,1323,Home,165,Mobile,Returning
696,1028,2024-01-29 05:50:00,purchase,1323,Home,165,Mobile,Returning
1310,1029,2024-01-31 07:19:00,view,1339,Beauty,71,Mobile,Returning
1310,1029,2024-01-31 07:20:00,cart,1339,Beauty,71,Mobile,Returning
1310,1029,2024-01-31 07:21:00,checkout,1339,Beauty,71,Mobile,Returning
57,1030,2024-01-12 08:49:00,view,1176,Electronics,986,Desktop,New
57,1030,2024-01-12 08:53:00,cart,1176,Electronics,986,Desktop,New
57,1030,2024-01-12 08:54:00,checkout,1176,Electronics,986,Desktop,New
57,1030,2024-01-12 08:58:00,purchase,1176,Electronics,986,Desktop,New
1758,1031,2024-01-16 12:16:00,view,1413,Home,487,Mobile,New
1758,1031,2024-01-16 12:19:00,cart,1413,Home,487,Mobile,New
1327,1032,2024-01-11 02:57:00,view,1495,Fashion,459,Desktop,New
1187,1033,2024-01-10 19:53:00,view,1272,Beauty,856,Mobile,Returning
19,1034,2024-02-03 16:16:00,view,1367,Electronics,272,Desktop,New
19,1034,2024-02-03 16:20:00,cart,1367,Electronics,272,Desktop,New
19,1034,2024-02-03 16:21:00,checkout,1367,Electronics,272,Desktop,New
1394,1035,2024-01-09 21:18:00,view,1762,Electronics,204,Mobile,New
1394,1035,2024-01-09 21:22:00,cart,1762,Electronics,204,Mobile,New
1394,1035,2024-01-09 21:24:00,checkout,1762,Electronics,204,Mobile,New
1394,1035,2024-01-09 21:25:00,purchase,1762,Electronics,204,Mobile,New
264,1036,2024-01-23 20:51:00,view,1455,Fashion,50,Desktop,New
264,1036,2024-01-23 20:52:00,cart,1455,Fashion,50,Desktop,New
794,1037,2024-02-01 16:52:00,view,1589,Fashion,878,Mobile,Returning
794,1037,2024-02-01 16:53:00,cart,1589,Fashion,878,Mobile,Returning
113,1038,2024-01-24 11:13:00,view,1679,Electronics,684,Desktop,Returning
113,1038,2024-01-24 11:15:00,cart,1679,Electronics,684,Desktop,Returning
113,1038,2024-01-24 11:18:00,checkout,1679,Electronics,684,Desktop,Returning
113,1038,2024-01-24 11:22:00,purchase,1679,Electronics,684,Desktop,Returning
1512,1039,2024-02-03 15:42:00,view,1753,Fashion,473,Mobile,Returning
1351,1040,2024-01-24 15:46:00,view,1018,Electronics,167,Mobile,Returning
542,1041,2024-01-30 18:24:00,view,1967,Home,736,Mobile,Returning
542,1041,2024-01-30 18:27:00,cart,1967,Home,736,Mobile,Returning
542,1041,2024-01-30 18:28:00,checkout,1967,Home,736,Mobile,Returning
542,1041,2024-01-30 18:32:00,purchase,1967,Home,736,Mobile,Returning
647,1042,2024-01-25 23:47:00,view,1284,Home,732,Mobile,New
647,1042,2024-01-25 23:49:00,cart,1284,Home,732,Mobile,New
579,1043,2024-01-04 02:46:00,view,1119,Fashion,405,Mobile,New
579,1043,2024-01-04 02:50:00,cart,1119,Fashion,405,Mobile,New
579,1043,2024-01-04 02:51:00,checkout,1119,Fashion,405,Mobile,New
579,1043,2024-01-04 02:54:00,purchase,1119,Fashion,405,Mobile,New
1089,1044,2024-01-09 01:16:00,view,1793,Beauty,513,Desktop,Returning
1316,1045,2024-01-04 23:42:00,view,1838,Fashion,229,Tablet,Returning
1316,1045,2024-01-04 23:45:00,cart,1838,Fashion,229,Tablet,Returning
25,1046,2024-01-26 20:50:00,view,1776,Home,41,Mobile,New
25,1046,2024-01-26 20:54:00,cart,1776,Home,41,Mobile,New
25,1046,2024-01-26 20:57:00,checkout,1776,Home,41,Mobile,New
25,1046,2024-01-26 20:59:00,purchase,1776,Home,41,Mobile,New
1573,1047,2024-01-20 06:41:00,view,1395,Fashion,409,Desktop,Returning
1573,1047,2024-01-20 06:43:00,cart,1395,Fashion,409,Desktop,Returning
1573,1047,2024-01-20 06:47:00,checkout,1395,Fashion,409,Desktop,Returning
1573,1047,2024-01-20 06:51:00,purchase,1395,Fashion,409,Desktop,Returning
1,1048,2024-01-03 13:32:00,view,1476,Fashion,69,Mobile,New
1,1048,2024-01-03 13:36:00,cart,1476,Fashion,69,Mobile,New
1,1048,2024-01-03 13:38:00,checkout,1476,Fashion,69,Mobile,New
1,1048,2024-01-03 13:40:00,purchase,1476,Fashion,69,Mobile,New
911,1049,2024-01-30 04:27:00,view,1416,Fashion,697,Mobile,New
911,1049,2024-01-30 04:31:00,cart,1416,Fashion,697,Mobile,New
911,1049,2024-01-30 04:33:00,checkout,1416,Fashion,697,Mobile,New
911,1049,2024-01-30 04:36:00,purchase,1416,Fashion,697,Mobile,New
1573,1050,2024-01-29 05:36:00,view,1326,Beauty,592,Desktop,Returning
141,1051,2024-01-21 04:47:00,view,1417,Electronics,928,Desktop,Returning
1768,1052,2024-01-06 19:50:00,view,1308,Fashion,618,Tablet,New
648,1053,2024-02-04 07:13:00,view,1316,Home,221,Mobile,Returning
648,1053,2024-02-04 07:17:00,cart,1316,Home,221,Mobile,Returning
648,1053,2024-02-04 07:18:00,checkout,1316,Home,221,Mobile,Returning
648,1053,2024-02-04 07:21:00,purchase,1316,Home,221,Mobile,Returning
1925,1054,2024-01-20 04:41:00,view,1982,Electronics,529,Desktop,Returning
1925,1054,2024-01-20 04:43:00,cart,1982,Electronics,529,Desktop,Returning
1925,1054,2024-01-20 04:45:00,checkout,1982,Electronics,529,Desktop,Returning
188,1055,2024-01-05 04:42:00,view,1507,Beauty,487,Mobile,New
188,1055,2024-01-05 04:44:00,cart,1507,Beauty,487,Mobile,New
188,1055,2024-01-05 04:46:00,checkout,1507,Beauty,487,Mobile,New
188,1055,2024-01-05 04:48:00,purchase,1507,Beauty,487,Mobile,New
1152,1056,2024-01-05 04:38:00,view,1460,Beauty,703,Mobile,Returning
201,1057,2024-01-15 10:07:00,view,1053,Fashion,155,Mobile,Returning
1151,1058,2024-01-20 06:04:00,view,1594,Electronics,830,Tablet,Returning
1151,1058,2024-01-20 06:08:00,cart,1594,Electronics,830,Tablet,Returning
1151,1058,2024-01-20 06:09:00,checkout,1594,Electronics,830,Tablet,Returning
1151,1058,2024-01-20 06:13:00,purchase,1594,Electronics,830,Tablet,Returning
257,1059,2024-01-31 20:42:00,view,1143,Fashion,248,Desktop,Returning
257,1059,2024-01-31 20:43:00,cart,1143,Fashion,248,Desktop,Returning
1700,1060,2024-01-23 20:05:00,view,1381,Beauty,206,Desktop,New
547,1061,2024-02-01 19:35:00,view,1716,Fashion,688,Mobile,New
547,1061,2024-02-01 19:36:00,cart,1716,Fashion,688,Mobile,New
547,1061,2024-02-01 19:39:00,checkout,1716,Fashion,688,Mobile,New
547,1061,2024-02-01 19:43:00,purchase,1716,Fashion,688,Mobile,New
194,1062,2024-01-15 13:57:00,view,1389,Home,606,Mobile,Returning
703,1063,2024-01-11 08:31:00,view,1862,Beauty,958,Mobile,New
1128,1064,2024-01-19 11:00:00,view,1077,Fashion,469,Mobile,New
1128,1064,2024-01-19 11:03:00,cart,1077,Fashion,469,Mobile,New
1128,1064,2024-01-19 11:07:00,checkout,1077,Fashion,469,Mobile,New
1128,1064,2024-01-19 11:11:00,purchase,1077,Fashion,469,Mobile,New
1559,1065,2024-01-29 14:17:00,view,1708,Home,178,Mobile,Returning
1289,1066,2024-01-25 14:37:00,view,1578,Beauty,736,Desktop,New
1289,1066,2024-01-25 14:38:00,cart,1578,Beauty,736,Desktop,New
1289,1066,2024-01-25 14:41:00,checkout,1578,Beauty,736,Desktop,New
1289,1066,2024-01-25 14:44:00,purchase,1578,Beauty,736,Desktop,New
802,1067,2024-01-06 10:30:00,view,1220,Home,666,Mobile,New
942,1068,2024-01-28 06:45:00,view,1729,Fashion,647,Mobile,New
1998,1069,2024-01-30 11:54:00,view,1908,Fashion,483,Mobile,New
1408,1070,2024-01-19 18:02:00,view,1933,Electronics,22,Mobile,Returning
1408,1070,2024-01-19 18:04:00,cart,1933,Electronics,22,Mobile,Returning
1408,1070,2024-01-19 18:07:00,checkout,1933,Electronics,22,Mobile,Returning
1408,1070,2024-01-19 18:09:00,purchase,1933,Electronics,22,Mobile,Returning
1284,1071,2024-01-18 19:00:00,view,1963,Electronics,980,Mobile,New
414,1072,2024-01-24 05:37:00,view,1328,Electronics,85,Desktop,New
1382,1073,2024-01-15 05:45:00,view,1151,Home,238,Desktop,New
1099,1074,2024-01-16 11:52:00,view,1472,Electronics,234,Desktop,Returning
1379,1075,2024-01-04 07:08:00,view,1539,Electronics,369,Mobile,New
1379,1075,2024-01-04 07:11:00,cart,1539,Electronics,369,Mobile,New
1379,1075,2024-01-04 07:13:00,checkout,1539,Electronics,369,Mobile,New
1379,1075,2024-01-04 07:16:00,purchase,1539,Electronics,369,Mobile,New
1608,1076,2024-01-06 09:55:00,view,1203,Beauty,467,Mobile,Returning
1795,1077,2024-01-06 18:27:00,view,1791,Home,491,Mobile,New
1795,1077,2024-01-06 18:31:00,cart,1791,Home,491,Mobile,New
910,1078,2024-01-03 16:56:00,view,1355,Fashion,534,Desktop,New
910,1078,2024-01-03 16:59:00,cart,1355,Fashion,534,Desktop,New
910,1078,2024-01-03 17:02:00,checkout,1355,Fashion,534,Desktop,New
910,1078,2024-01-03 17:05:00,purchase,1355,Fashion,534,Desktop,New
188,1079,2024-01-22 19:24:00,view,1696,Home,223,Desktop,New
1997,1080,2024-01-17 16:55:00,view,1544,Fashion,442,Mobile,Returning
1709,1081,2024-01-04 12:24:00,view,1498,Fashion,429,Mobile,Returning
1709,1081,2024-01-04 12:28:00,cart,1498,Fashion,429,Mobile,Returning
1709,1081,2024-01-04 12:31:00,checkout,1498,Fashion,429,Mobile,Returning
1709,1081,2024-01-04 12:32:00,purchase,1498,Fashion,429,Mobile,Returning
1314,1082,2024-01-23 03:17:00,view,1752,Home,84,Mobile,Returning
1314,1082,2024-01-23 03:18:00,cart,1752,Home,84,Mobile,Returning
1314,1082,2024-01-23 03:21:00,checkout,1752,Home,84,Mobile,Returning
1314,1082,2024-01-23 03:22:00,purchase,1752,Home,84,Mobile,Returning
45,1083,2024-01-27 05:39:00,view,1657,Electronics,619,Desktop,New
45,1083,2024-01-27 05:41:00,cart,1657,Electronics,619,Desktop,New
45,1083,2024-01-27 05:43:00,checkout,1657,Electronics,619,Desktop,New
45,1083,2024-01-27 05:47:00,purchase,1657,Electronics,619,Desktop,New
1597,1084,2024-01-03 23:44:00,view,1009,Fashion,809,Desktop,New
1597,1084,2024-01-03 23:47:00,cart,1009,Fashion,809,Desktop,New
1597,1084,2024-01-03 23:50:00,checkout,1009,Fashion,809,Desktop,New
83,1085,2024-01-10 00:53:00,view,1073,Beauty,205,Mobile,New
1147,1086,2024-02-01 03:03:00,view,1101,Fashion,644,Mobile,Returning
1147,1086,2024-02-01 03:06:00,cart,1101,Fashion,644,Mobile,Returning
1147,1086,2024-02-01 03:09:00,checkout,1101,Fashion,644,Mobile,Returning
358,1087,2024-01-25 21:30:00,view,1310,Fashion,779,Mobile,New
358,1087,2024-01-25 21:32:00,cart,1310,Fashion,779,Mobile,New
358,1087,2024-01-25 21:35:00,checkout,1310,Fashion,779,Mobile,New
358,1087,2024-01-25 21:36:00,purchase,1310,Fashion,779,Mobile,New
1552,1088,2024-01-14 11:28:00,view,1870,Electronics,738,Mobile,Returning
1552,1088,2024-01-14 11:30:00,cart,1870,Electronics,738,Mobile,Returning
1552,1088,2024-01-14 11:33:00,checkout,1870,Electronics,738,Mobile,Returning
1552,1088,2024-01-14 11:37:00,purchase,1870,Electronics,738,Mobile,Returning
1090,1089,2024-01-27 14:44:00,view,1251,Home,764,Mobile,New
1090,1089,2024-01-27 14:48:00,cart,1251,Home,764,Mobile,New
936,1090,2024-01-16 11:56:00,view,1067,Fashion,273,Mobile,New
936,1090,2024-01-16 11:57:00,cart,1067,Fashion,273,Mobile,New
936,1090,2024-01-16 11:59:00,checkout,1067,Fashion,273,Mobile,New
936,1090,2024-01-16 12:00:00,purchase,1067,Fashion,273,Mobile,New
1681,1091,2024-01-06 12:44:00,view,1114,Electronics,367,Desktop,New
1681,1091,2024-01-06 12:48:00,cart,1114,Electronics,367,Desktop,New
1681,1091,2024-01-06 12:50:00,checkout,1114,Electronics,367,Desktop,New
1681,1091,2024-01-06 12:54:00,purchase,1114,Electronics,367,Desktop,New
375,1092,2024-01-26 21:12:00,view,1544,Electronics,182,Desktop,New
162,1093,2024-01-28 01:34:00,view,1928,Home,442,Mobile,Returning
1770,1094,2024-01-21 23:58:00,view,1795,Electronics,205,Desktop,New
1770,1094,2024-01-22 00:01:00,cart,1795,Electronics,205,Desktop,New
1770,1094,2024-01-22 00:03:00,checkout,1795,Electronics,205,Desktop,New
1770,1094,2024-01-22 00:05:00,purchase,1795,Electronics,205,Desktop,New
1404,1095,2024-01-27 00:21:00,view,1035,Home,368,Mobile,Returning
1404,1095,2024-01-27 00:22:00,cart,1035,Home,368,Mobile,Returning
1680,1096,2024-01-19 01:03:00,view,1552,Electronics,430,Mobile,Returning
1382,1097,2024-01-19 02:59:00,view,1007,Home,135,Mobile,New
1382,1097,2024-01-19 03:01:00,cart,1007,Home,135,Mobile,New
1382,1097,2024-01-19 03:05:00,checkout,1007,Home,135,Mobile,New
1382,1097,2024-01-19 03:09:00,purchase,1007,Home,135,Mobile,New
1212,1098,2024-02-04 16:54:00,view,1965,Home,749,Mobile,New
1212,1098,2024-02-04 16:57:00,cart,1965,Home,749,Mobile,New
1212,1098,2024-02-04 17:00:00,checkout,1965,Home,749,Mobile,New
1212,1098,2024-02-04 17:02:00,purchase,1965,Home,749,Mobile,New
322,1099,2024-01-24 21:25:00,view,1793,Beauty,639,Mobile,Returning
322,1099,2024-01-24 21:29:00,cart,1793,Beauty,639,Mobile,Returning
322,1099,2024-01-24 21:33:00,checkout,1793,Beauty,639,Mobile,Returning
322,1099,2024-01-24 21:37:00,purchase,1793,Beauty,639,Mobile,Returning
450,1100,2024-01-24 18:17:00,view,1575,Fashion,142,Mobile,New
1498,1101,2024-01-11 09:29:00,view,1666,Electronics,351,Mobile,New
1037,1102,2024-01-19 18:52:00,view,1546,Home,310,Tablet,New
1037,1102,2024-01-19 18:55:00,cart,1546,Home,310,Tablet,New
184,1103,2024-01-10 16:30:00,view,1449,Beauty,294,Mobile,Returning
184,1103,2024-01-10 16:33:00,cart,1449,Beauty,294,Mobile,Returning
184,1103,2024-01-10 16:35:00,checkout,1449,Beauty,294,Mobile,Returning
184,1103,2024-01-10 16:37:00,purchase,1449,Beauty,294,Mobile,Returning
111,1104,2024-01-06 17:56:00,view,1720,Home,939,Mobile,New
1951,1105,2024-01-09 05:43:00,view,1993,Beauty,951,Mobile,New
1951,1105,2024-01-09 05:44:00,cart,1993,Beauty,951,Mobile,New
508,1106,2024-02-03 15:21:00,view,1969,Beauty,334,Desktop,Returning
508,1106,2024-02-03 15:23:00,cart,1969,Beauty,334,Desktop,Returning
508,1106,2024-02-03 15:25:00,checkout,1969,Beauty,334,Desktop,Returning
508,1106,2024-02-03 15:28:00,purchase,1969,Beauty,334,Desktop,Returning
1314,1107,2024-02-03 00:00:00,view,1057,Fashion,717,Mobile,Returning
295,1108,2024-01-20 02:14:00,view,1222,Electronics,777,Desktop,New
295,1108,2024-01-20 02:17:00,cart,1222,Electronics,777,Desktop,New
295,1108,2024-01-20 02:18:00,checkout,1222,Electronics,777,Desktop,New
295,1108,2024-01-20 02:22:00,purchase,1222,Electronics,777,Desktop,New
1475,1109,2024-01-14 05:11:00,view,1694,Beauty,169,Mobile,New
1475,1109,2024-01-14 05:13:00,cart,1694,Beauty,169,Mobile,New
904,1110,2024-02-02 12:30:00,view,1754,Beauty,401,Mobile,New
1239,1111,2024-02-02 15:16:00,view,1053,Home,598,Mobile,Returning
1239,1111,2024-02-02 15:19:00,cart,1053,Home,598,Mobile,Returning
1239,1111,2024-02-02 15:21:00,checkout,1053,Home,598,Mobile,Returning
1239,1111,2024-02-02 15:23:00,purchase,1053,Home,598,Mobile,Returning
974,1112,2024-01-20 17:19:00,view,1363,Fashion,198,Mobile,New
974,1112,2024-01-20 17:23:00,cart,1363,Fashion,198,Mobile,New
632,1113,2024-01-11 02:31:00,view,1391,Beauty,100,Mobile,Returning
1918,1114,2024-01-22 02:03:00,view,1011,Beauty,974,Mobile,New
1591,1115,2024-02-04 10:36:00,view,1281,Fashion,155,Mobile,Returning
1591,1115,2024-02-04 10:39:00,cart,1281,Fashion,155,Mobile,Returning
1051,1116,2024-01-16 01:25:00,view,1764,Home,179,Mobile,Returning
1051,1116,2024-01-16 01:26:00,cart,1764,Home,179,Mobile,Returning
1051,1116,2024-01-16 01:27:00,checkout,1764,Home,179,Mobile,Returning
1051,1116,2024-01-16 01:28:00,purchase,1764,Home,179,Mobile,Returning
1654,1117,2024-01-22 16:09:00,view,1732,Home,704,Mobile,New
733,1118,2024-01-30 02:09:00,view,1670,Fashion,374,Tablet,Returning
733,1118,2024-01-30 02:13:00,cart,1670,Fashion,374,Tablet,Returning
1255,1119,2024-01-19 14:35:00,view,1556,Electronics,971,Mobile,Returning
1255,1119,2024-01-19 14:39:00,cart,1556,Electronics,971,Mobile,Returning
1255,1119,2024-01-19 14:42:00,checkout,1556,Electronics,971,Mobile,Returning
1255,1119,2024-01-19 14:44:00,purchase,1556,Electronics,971,Mobile,Returning
1589,1120,2024-01-30 15:33:00,view,1165,Electronics,290,Desktop,New
1589,1120,2024-01-30 15:37:00,cart,1165,Electronics,290,Desktop,New
1831,1121,2024-01-20 12:06:00,view,1550,Home,577,Desktop,Returning
1831,1121,2024-01-20 12:09:00,cart,1550,Home,577,Desktop,Returning
321,1122,2024-01-01 02:15:00,view,1207,Home,707,Mobile,New
321,1122,2024-01-01 02:18:00,cart,1207,Home,707,Mobile,New
913,1123,2024-01-20 21:31:00,view,1223,Home,813,Mobile,Returning
913,1123,2024-01-20 21:35:00,cart,1223,Home,813,Mobile,Returning
913,1123,2024-01-20 21:37:00,checkout,1223,Home,813,Mobile,Returning
913,1123,2024-01-20 21:38:00,purchase,1223,Home,813,Mobile,Returning
1257,1124,2024-01-20 11:15:00,view,1065,Home,986,Mobile,New
1257,1124,2024-01-20 11:16:00,cart,1065,Home,986,Mobile,New
1257,1124,2024-01-20 11:19:00,checkout,1065,Home,986,Mobile,New
1257,1124,2024-01-20 11:22:00,purchase,1065,Home,986,Mobile,New
1694,1125,2024-01-15 04:52:00,view,1276,Fashion,392,Desktop,New
1694,1125,2024-01-15 04:53:00,cart,1276,Fashion,392,Desktop,New
1694,1125,2024-01-15 04:54:00,checkout,1276,Fashion,392,Desktop,New
1694,1125,2024-01-15 04:55:00,purchase,1276,Fashion,392,Desktop,New
437,1126,2024-02-03 18:08:00,view,1157,Home,908,Desktop,New
437,1126,2024-02-03 18:12:00,cart,1157,Home,908,Desktop,New
437,1126,2024-02-03 18:16:00,checkout,1157,Home,908,Desktop,New
437,1126,2024-02-03 18:18:00,purchase,1157,Home,908,Desktop,New
781,1127,2024-01-20 00:49:00,view,1433,Electronics,77,Desktop,Returning
781,1127,2024-01-20 00:50:00,cart,1433,Electronics,77,Desktop,Returning
781,1127,2024-01-20 00:51:00,checkout,1433,Electronics,77,Desktop,Returning
781,1127,2024-01-20 00:52:00,purchase,1433,Electronics,77,Desktop,Returning
1557,1128,2024-01-30 14:47:00,view,1852,Beauty,128,Desktop,Returning
1557,1128,2024-01-30 14:50:00,cart,1852,Beauty,128,Desktop,Returning
1557,1128,2024-01-30 14:54:00,checkout,1852,Beauty,128,Desktop,Returning
1557,1128,2024-01-30 14:58:00,purchase,1852,Beauty,128,Desktop,Returning
1427,1129,2024-01-14 22:14:00,view,1240,Home,916,Desktop,New
1427,1129,2024-01-14 22:18:00,cart,1240,Home,916,Desktop,New
1427,1129,2024-01-14 22:20:00,checkout,1240,Home,916,Desktop,New
1427,1129,2024-01-14 22:23:00,purchase,1240,Home,916,Desktop,New
1077,1130,2024-01-16 01:30:00,view,1803,Fashion,232,Mobile,New
1077,1130,2024-01-16 01:34:00,cart,1803,Fashion,232,Mobile,New
1811,1131,2024-01-22 16:17:00,view,1712,Electronics,71,Mobile,Returning
1337,1132,2024-01-22 14:47:00,view,1601,Beauty,80,Desktop,New
1337,1132,2024-01-22 14:49:00,cart,1601,Beauty,80,Desktop,New
1337,1132,2024-01-22 14:53:00,checkout,1601,Beauty,80,Desktop,New
1337,1132,2024-01-22 14:54:00,purchase,1601,Beauty,80,Desktop,New
1305,1133,2024-01-20 05:20:00,view,1466,Home,425,Mobile,Returning
1305,1133,2024-01-20 05:24:00,cart,1466,Home,425,Mobile,Returning
1305,1133,2024-01-20 05:27:00,checkout,1466,Home,425,Mobile,Returning
1305,1133,2024-01-20 05:31:00,purchase,1466,Home,425,Mobile,Returning
726,1134,2024-01-30 15:48:00,view,1007,Fashion,221,Mobile,Returning
726,1134,2024-01-30 15:51:00,cart,1007,Fashion,221,Mobile,Returning
726,1134,2024-01-30 15:55:00,checkout,1007,Fashion,221,Mobile,Returning
726,1134,2024-01-30 15:56:00,purchase,1007,Fashion,221,Mobile,Returning
31,1135,2024-01-31 18:16:00,view,1684,Fashion,62,Desktop,Returning
31,1135,2024-01-31 18:17:00,cart,1684,Fashion,62,Desktop,Returning
337,1136,2024-01-18 13:01:00,view,1526,Home,472,Mobile,Returning
337,1136,2024-01-18 13:03:00,cart,1526,Home,472,Mobile,Returning
337,1136,2024-01-18 13:07:00,checkout,1526,Home,472,Mobile,Returning
183,1137,2024-01-01 09:14:00,view,1106,Electronics,474,Desktop,Returning
183,1137,2024-01-01 09:17:00,cart,1106,Electronics,474,Desktop,Returning
183,1137,2024-01-01 09:18:00,checkout,1106,Electronics,474,Desktop,Returning
183,1137,2024-01-01 09:19:00,purchase,1106,Electronics,474,Desktop,Returning
1047,1138,2024-01-28 21:00:00,view,1180,Fashion,614,Desktop,New
544,1139,2024-01-21 07:56:00,view,1218,Electronics,363,Mobile,Returning
544,1139,2024-01-21 07:58:00,cart,1218,Electronics,363,Mobile,Returning
1470,1140,2024-01-07 06:57:00,view,1867,Home,268,Desktop,Returning
1098,1141,2024-01-19 08:26:00,view,1979,Home,583,Mobile,New
1098,1141,2024-01-19 08:30:00,cart,1979,Home,583,Mobile,New
1098,1141,2024-01-19 08:31:00,checkout,1979,Home,583,Mobile,New
1098,1141,2024-01-19 08:33:00,purchase,1979,Home,583,Mobile,New
1034,1142,2024-01-05 06:15:00,view,1853,Fashion,791,Mobile,New
1508,1143,2024-02-01 02:14:00,view,1274,Fashion,487,Mobile,New
1508,1143,2024-02-01 02:17:00,cart,1274,Fashion,487,Mobile,New
1508,1143,2024-02-01 02:19:00,checkout,1274,Fashion,487,Mobile,New
1480,1144,2024-01-30 08:45:00,view,1888,Electronics,107,Mobile,New
1590,1145,2024-01-16 06:00:00,view,1155,Home,794,Mobile,Returning
1590,1145,2024-01-16 06:01:00,cart,1155,Home,794,Mobile,Returning
1590,1145,2024-01-16 06:03:00,checkout,1155,Home,794,Mobile,Returning
1590,1145,2024-01-16 06:05:00,purchase,1155,Home,794,Mobile,Returning
1588,1146,2024-01-19 23:30:00,view,1476,Home,872,Mobile,New
660,1147,2024-01-06 19:27:00,view,1800,Home,404,Mobile,New
660,1147,2024-01-06 19:28:00,cart,1800,Home,404,Mobile,New
160,1148,2024-01-02 20:00:00,view,1829,Beauty,926,Mobile,Returning
160,1148,2024-01-02 20:04:00,cart,1829,Beauty,926,Mobile,Returning
1906,1149,2024-01-07 05:40:00,view,1276,Electronics,266,Desktop,New
1038,1150,2024-01-01 00:28:00,view,1576,Home,525,Desktop,Returning
1202,1151,2024-01-24 14:17:00,view,1654,Electronics,584,Mobile,New
412,1152,2024-01-07 17:08:00,view,1179,Home,806,Mobile,Returning
412,1152,2024-01-07 17:09:00,cart,1179,Home,806,Mobile,Returning
412,1152,2024-01-07 17:13:00,checkout,1179,Home,806,Mobile,Returning
412,1152,2024-01-07 17:17:00,purchase,1179,Home,806,Mobile,Returning
1902,1153,2024-01-27 12:57:00,view,1216,Fashion,877,Mobile,New
1012,1154,2024-01-25 19:25:00,view,1403,Beauty,462,Mobile,Returning
1012,1154,2024-01-25 19:29:00,cart,1403,Beauty,462,Mobile,Returning
1012,1154,2024-01-25 19:31:00,checkout,1403,Beauty,462,Mobile,Returning
53,1155,2024-01-24 21:09:00,view,1207,Home,395,Desktop,Returning
408,1156,2024-01-11 23:07:00,view,1418,Home,153,Desktop,New
408,1156,2024-01-11 23:08:00,cart,1418,Home,153,Desktop,New
408,1156,2024-01-11 23:12:00,checkout,1418,Home,153,Desktop,New
408,1156,2024-01-11 23:15:00,purchase,1418,Home,153,Desktop,New
847,1157,2024-01-29 12:54:00,view,1672,Beauty,610,Mobile,New
847,1157,2024-01-29 12:55:00,cart,1672,Beauty,610,Mobile,New
847,1157,2024-01-29 12:59:00,checkout,1672,Beauty,610,Mobile,New
847,1157,2024-01-29 13:01:00,purchase,1672,Beauty,610,Mobile,New
1046,1158,2024-01-15 07:12:00,view,1803,Home,634,Mobile,Returning
1054,1159,2024-01-14 09:40:00,view,1240,Beauty,539,Mobile,Returning
1054,1159,2024-01-14 09:41:00,cart,1240,Beauty,539,Mobile,Returning
1054,1159,2024-01-14 09:43:00,checkout,1240,Beauty,539,Mobile,Returning
1054,1159,2024-01-14 09:46:00,purchase,1240,Beauty,539,Mobile,Returning
703,1160,2024-02-04 12:17:00,view,1993,Electronics,712,Desktop,New
260,1161,2024-01-18 21:05:00,view,1544,Fashion,958,Mobile,New
1229,1162,2024-01-22 08:51:00,view,1957,Home,15,Tablet,Returning
1229,1162,2024-01-22 08:55:00,cart,1957,Home,15,Tablet,Returning
1083,1163,2024-01-22 09:12:00,view,1215,Electronics,482,Desktop,New
1083,1163,2024-01-22 09:14:00,cart,1215,Electronics,482,Desktop,New
1083,1163,2024-01-22 09:17:00,checkout,1215,Electronics,482,Desktop,New
1083,1163,2024-01-22 09:20:00,purchase,1215,Electronics,482,Desktop,New
1495,1164,2024-01-26 08:43:00,view,1954,Beauty,461,Mobile,Returning
1495,1164,2024-01-26 08:46:00,cart,1954,Beauty,461,Mobile,Returning
776,1165,2024-01-18 14:47:00,view,1710,Electronics,112,Mobile,New
776,1165,2024-01-18 14:48:00,cart,1710,Electronics,112,Mobile,New
776,1165,2024-01-18 14:50:00,checkout,1710,Electronics,112,Mobile,New
776,1165,2024-01-18 14:52:00,purchase,1710,Electronics,112,Mobile,New
1490,1166,2024-01-16 10:51:00,view,1652,Beauty,511,Desktop,New
1490,1166,2024-01-16 10:53:00,cart,1652,Beauty,511,Desktop,New
1490,1166,2024-01-16 10:54:00,checkout,1652,Beauty,511,Desktop,New
1036,1167,2024-01-19 00:24:00,view,1630,Beauty,117,Mobile,Returning
1655,1168,2024-01-03 02:04:00,view,1877,Electronics,66,Mobile,New
1655,1168,2024-01-03 02:07:00,cart,1877,Electronics,66,Mobile,New
1655,1168,2024-01-03 02:09:00,checkout,1877,Electronics,66,Mobile,New
1655,1168,2024-01-03 02:10:00,purchase,1877,Electronics,66,Mobile,New
1951,1169,2024-01-13 00:50:00,view,1258,Electronics,465,Mobile,New
1951,1169,2024-01-13 00:52:00,cart,1258,Electronics,465,Mobile,New
1998,1170,2024-01-15 08:10:00,view,1237,Home,846,Desktop,New
1314,1171,2024-01-20 23:49:00,view,1540,Fashion,625,Desktop,Returning
1314,1171,2024-01-20 23:51:00,cart,1540,Fashion,625,Desktop,Returning
850,1172,2024-01-18 08:07:00,view,1116,Electronics,856,Desktop,New
850,1172,2024-01-18 08:08:00,cart,1116,Electronics,856,Desktop,New
850,1172,2024-01-18 08:10:00,checkout,1116,Electronics,856,Desktop,New
1784,1173,2024-01-29 06:54:00,view,1675,Beauty,844,Desktop,Returning
1784,1173,2024-01-29 06:58:00,cart,1675,Beauty,844,Desktop,Returning
354,1174,2024-01-13 00:31:00,view,1888,Beauty,489,Desktop,New
1663,1175,2024-01-02 20:56:00,view,1714,Home,18,Desktop,Returning
1099,1176,2024-01-03 18:28:00,view,1602,Electronics,826,Mobile,Returning
873,1177,2024-01-15 00:01:00,view,1359,Fashion,671,Mobile,Returning
873,1177,2024-01-15 00:02:00,cart,1359,Fashion,671,Mobile,Returning
873,1177,2024-01-15 00:03:00,checkout,1359,Fashion,671,Mobile,Returning
873,1177,2024-01-15 00:07:00,purchase,1359,Fashion,671,Mobile,Returning
1740,1178,2024-01-17 17:35:00,view,1785,Home,211,Desktop,New
1585,1179,2024-02-04 11:49:00,view,1922,Home,278,Desktop,Returning
1585,1179,2024-02-04 11:50:00,cart,1922,Home,278,Desktop,Returning
1615,1180,2024-01-02 08:40:00,view,1405,Electronics,908,Desktop,New
1615,1180,2024-01-02 08:42:00,cart,1405,Electronics,908,Desktop,New
1615,1180,2024-01-02 08:44:00,checkout,1405,Electronics,908,Desktop,New
1615,1180,2024-01-02 08:47:00,purchase,1405,Electronics,908,Desktop,New
1465,1181,2024-01-05 16:46:00,view,1160,Electronics,768,Mobile,Returning
1465,1181,2024-01-05 16:49:00,cart,1160,Electronics,768,Mobile,Returning
991,1182,2024-01-05 20:21:00,view,1677,Beauty,649,Desktop,Returning
991,1182,2024-01-05 20:22:00,cart,1677,Beauty,649,Desktop,Returning
1265,1183,2024-01-04 03:43:00,view,1020,Fashion,211,Desktop,New
1265,1183,2024-01-04 03:46:00,cart,1020,Fashion,211,Desktop,New
1265,1183,2024-01-04 03:49:00,checkout,1020,Fashion,211,Desktop,New
1265,1183,2024-01-04 03:52:00,purchase,1020,Fashion,211,Desktop,New
1018,1184,2024-01-28 22:53:00,view,1005,Beauty,557,Mobile,New
1018,1184,2024-01-28 22:56:00,cart,1005,Beauty,557,Mobile,New
1018,1184,2024-01-28 22:57:00,checkout,1005,Beauty,557,Mobile,New
1018,1184,2024-01-28 22:59:00,purchase,1005,Beauty,557,Mobile,New
1885,1185,2024-02-01 02:52:00,view,1460,Home,551,Mobile,New
1885,1185,2024-02-01 02:56:00,cart,1460,Home,551,Mobile,New
1885,1185,2024-02-01 03:00:00,checkout,1460,Home,551,Mobile,New
1885,1185,2024-02-01 03:04:00,purchase,1460,Home,551,Mobile,New
1178,1186,2024-01-05 03:05:00,view,1497,Fashion,941,Mobile,New
1178,1186,2024-01-05 03:08:00,cart,1497,Fashion,941,Mobile,New
1178,1186,2024-01-05 03:09:00,checkout,1497,Fashion,941,Mobile,New
1810,1187,2024-02-04 17:18:00,view,1276,Home,914,Mobile,New
1810,1187,2024-02-04 17:22:00,cart,1276,Home,914,Mobile,New
1810,1187,2024-02-04 17:25:00,checkout,1276,Home,914,Mobile,New
1810,1187,2024-02-04 17:29:00,purchase,1276,Home,914,Mobile,New
1120,1188,2024-01-25 15:37:00,view,1056,Beauty,89,Mobile,New
1120,1188,2024-01-25 15:39:00,cart,1056,Beauty,89,Mobile,New
1120,1188,2024-01-25 15:43:00,checkout,1056,Beauty,89,Mobile,New
1120,1188,2024-01-25 15:44:00,purchase,1056,Beauty,89,Mobile,New
1750,1189,2024-01-22 06:24:00,view,1638,Beauty,569,Mobile,New
1750,1189,2024-01-22 06:26:00,cart,1638,Beauty,569,Mobile,New
1750,1189,2024-01-22 06:30:00,checkout,1638,Beauty,569,Mobile,New
1750,1189,2024-01-22 06:32:00,purchase,1638,Beauty,569,Mobile,New
294,1190,2024-01-26 23:52:00,view,1159,Electronics,164,Mobile,New
209,1191,2024-01-02 08:26:00,view,1144,Home,177,Desktop,New
209,1191,2024-01-02 08:28:00,cart,1144,Home,177,Desktop,New
209,1191,2024-01-02 08:29:00,checkout,1144,Home,177,Desktop,New
1367,1192,2024-01-04 21:52:00,view,1344,Home,849,Desktop,Returning
1367,1192,2024-01-04 21:56:00,cart,1344,Home,849,Desktop,Returning
1112,1193,2024-01-02 09:39:00,view,1935,Electronics,805,Desktop,New
818,1194,2024-01-28 14:10:00,view,1811,Home,256,Mobile,New
818,1194,2024-01-28 14:14:00,cart,1811,Home,256,Mobile,New
1800,1195,2024-01-28 11:42:00,view,1694,Electronics,739,Mobile,New
1800,1195,2024-01-28 11:43:00,cart,1694,Electronics,739,Mobile,New
1800,1195,2024-01-28 11:47:00,checkout,1694,Electronics,739,Mobile,New
1961,1196,2024-01-16 06:53:00,view,1265,Fashion,638,Desktop,New
1961,1196,2024-01-16 06:54:00,cart,1265,Fashion,638,Desktop,New
1961,1196,2024-01-16 06:56:00,checkout,1265,Fashion,638,Desktop,New
1961,1196,2024-01-16 06:59:00,purchase,1265,Fashion,638,Desktop,New
390,1197,2024-01-11 20:02:00,view,1965,Fashion,317,Mobile,Returning
390,1197,2024-01-11 20:03:00,cart,1965,Fashion,317,Mobile,Returning
325,1198,2024-01-25 18:55:00,view,1561,Fashion,533,Tablet,Returning
325,1198,2024-01-25 18:57:00,cart,1561,Fashion,533,Tablet,Returning
325,1198,2024-01-25 18:59:00,checkout,1561,Fashion,533,Tablet,Returning
325,1198,2024-01-25 19:03:00,purchase,1561,Fashion,533,Tablet,Returning
940,1199,2024-01-07 00:28:00,view,1190,Electronics,115,Desktop,New
889,1200,2024-01-29 12:35:00,view,1753,Home,129,Mobile,New
889,1200,2024-01-29 12:36:00,cart,1753,Home,129,Mobile,New
889,1200,2024-01-29 12:39:00,checkout,1753,Home,129,Mobile,New
889,1200,2024-01-29 12:40:00,purchase,1753,Home,129,Mobile,New
1856,1201,2024-01-09 18:19:00,view,1573,Home,61,Tablet,New
1856,1201,2024-01-09 18:22:00,cart,1573,Home,61,Tablet,New
1181,1202,2024-02-04 13:06:00,view,1254,Electronics,902,Mobile,Returning
668,1203,2024-01-18 08:07:00,view,1830,Beauty,758,Mobile,New
1675,1204,2024-02-04 14:23:00,view,1056,Electronics,504,Desktop,Returning
1675,1204,2024-02-04 14:24:00,cart,1056,Electronics,504,Desktop,Returning
1675,1204,2024-02-04 14:25:00,checkout,1056,Electronics,504,Desktop,Returning
633,1205,2024-01-10 08:06:00,view,1401,Home,241,Mobile,New
633,1205,2024-01-10 08:08:00,cart,1401,Home,241,Mobile,New
633,1205,2024-01-10 08:12:00,checkout,1401,Home,241,Mobile,New
633,1205,2024-01-10 08:16:00,purchase,1401,Home,241,Mobile,New
577,1206,2024-01-17 06:25:00,view,1054,Home,610,Desktop,New
1643,1207,2024-01-04 20:03:00,view,1267,Home,274,Mobile,New
1643,1207,2024-01-04 20:04:00,cart,1267,Home,274,Mobile,New
1643,1207,2024-01-04 20:07:00,checkout,1267,Home,274,Mobile,New
1643,1207,2024-01-04 20:11:00,purchase,1267,Home,274,Mobile,New
1683,1208,2024-01-04 18:23:00,view,1049,Home,902,Mobile,Returning
137,1209,2024-01-16 19:55:00,view,1699,Electronics,754,Mobile,New
1947,1210,2024-01-04 16:31:00,view,1849,Electronics,318,Desktop,New
1698,1211,2024-01-12 16:25:00,view,1739,Beauty,154,Mobile,New
1698,1211,2024-01-12 16:29:00,cart,1739,Beauty,154,Mobile,New
1698,1211,2024-01-12 16:31:00,checkout,1739,Beauty,154,Mobile,New
1698,1211,2024-01-12 16:33:00,purchase,1739,Beauty,154,Mobile,New
428,1212,2024-01-29 08:30:00,view,1710,Beauty,56,Mobile,Returning
1476,1213,2024-01-27 07:04:00,view,1275,Fashion,210,Desktop,Returning
1476,1213,2024-01-27 07:08:00,cart,1275,Fashion,210,Desktop,Returning
1476,1213,2024-01-27 07:09:00,checkout,1275,Fashion,210,Desktop,Returning
612,1214,2024-02-03 22:39:00,view,1262,Fashion,585,Mobile,Returning
612,1214,2024-02-03 22:40:00,cart,1262,Fashion,585,Mobile,Returning
612,1214,2024-02-03 22:42:00,checkout,1262,Fashion,585,Mobile,Returning
612,1214,2024-02-03 22:44:00,purchase,1262,Fashion,585,Mobile,Returning
1874,1215,2024-01-27 19:22:00,view,1539,Home,733,Desktop,Returning
911,1216,2024-02-01 10:37:00,view,1668,Beauty,394,Mobile,New
819,1217,2024-01-26 05:24:00,view,1767,Fashion,31,Desktop,New
141,1218,2024-01-15 10:59:00,view,1231,Home,985,Desktop,Returning
141,1218,2024-01-15 11:02:00,cart,1231,Home,985,Desktop,Returning
141,1218,2024-01-15 11:03:00,checkout,1231,Home,985,Desktop,Returning
141,1218,2024-01-15 11:05:00,purchase,1231,Home,985,Desktop,Returning
1107,1219,2024-01-15 13:17:00,view,1955,Home,74,Mobile,New
177,1220,2024-01-04 01:58:00,view,1016,Fashion,742,Mobile,Returning
198,1221,2024-01-31 04:44:00,view,1390,Electronics,192,Desktop,Returning
624,1222,2024-01-14 06:47:00,view,1699,Fashion,910,Mobile,New
624,1222,2024-01-14 06:49:00,cart,1699,Fashion,910,Mobile,New
1592,1223,2024-01-10 13:45:00,view,1565,Home,450,Tablet,Returning
1592,1223,2024-01-10 13:48:00,cart,1565,Home,450,Tablet,Returning
1592,1223,2024-01-10 13:51:00,checkout,1565,Home,450,Tablet,Returning
1592,1223,2024-01-10 13:53:00,purchase,1565,Home,450,Tablet,Returning
1996,1224,2024-02-01 20:23:00,view,1165,Beauty,70,Mobile,Returning
691,1225,2024-01-14 05:55:00,view,1487,Fashion,120,Mobile,New
1445,1226,2024-01-06 00:39:00,view,1012,Beauty,492,Mobile,Returning
1445,1226,2024-01-06 00:40:00,cart,1012,Beauty,492,Mobile,Returning
1445,1226,2024-01-06 00:44:00,checkout,1012,Beauty,492,Mobile,Returning
1445,1226,2024-01-06 00:46:00,purchase,1012,Beauty,492,Mobile,Returning
401,1227,2024-01-22 18:46:00,view,1218,Electronics,389,Tablet,New
401,1227,2024-01-22 18:47:00,cart,1218,Electronics,389,Tablet,New
1722,1228,2024-01-10 21:15:00,view,1745,Home,750,Mobile,New
1722,1228,2024-01-10 21:16:00,cart,1745,Home,750,Mobile,New
1722,1228,2024-01-10 21:18:00,checkout,1745,Home,750,Mobile,New
1722,1228,2024-01-10 21:22:00,purchase,1745,Home,750,Mobile,New
471,1229,2024-02-02 13:42:00,view,1144,Home,109,Desktop,New
471,1229,2024-02-02 13:44:00,cart,1144,Home,109,Desktop,New
471,1229,2024-02-02 13:45:00,checkout,1144,Home,109,Desktop,New
471,1229,2024-02-02 13:48:00,purchase,1144,Home,109,Desktop,New
218,1230,2024-01-07 06:19:00,view,1168,Fashion,502,Desktop,Returning
218,1230,2024-01-07 06:20:00,cart,1168,Fashion,502,Desktop,Returning
218,1230,2024-01-07 06:22:00,checkout,1168,Fashion,502,Desktop,Returning
218,1230,2024-01-07 06:26:00,purchase,1168,Fashion,502,Desktop,Returning
1949,1231,2024-01-08 20:42:00,view,1513,Home,548,Mobile,New
1949,1231,2024-01-08 20:45:00,cart,1513,Home,548,Mobile,New
929,1232,2024-01-23 00:49:00,view,1140,Fashion,473,Mobile,Returning
929,1232,2024-01-23 00:51:00,cart,1140,Fashion,473,Mobile,Returning
929,1232,2024-01-23 00:54:00,checkout,1140,Fashion,473,Mobile,Returning
929,1232,2024-01-23 00:55:00,purchase,1140,Fashion,473,Mobile,Returning
1852,1233,2024-01-12 01:34:00,view,1954,Beauty,482,Desktop,Returning
1852,1233,2024-01-12 01:36:00,cart,1954,Beauty,482,Desktop,Returning
1852,1233,2024-01-12 01:38:00,checkout,1954,Beauty,482,Desktop,Returning
1852,1233,2024-01-12 01:39:00,purchase,1954,Beauty,482,Desktop,Returning
1753,1234,2024-01-12 04:12:00,view,1581,Electronics,998,Mobile,New
632,1235,2024-01-23 06:22:00,view,1418,Electronics,437,Desktop,Returning
632,1235,2024-01-23 06:23:00,cart,1418,Electronics,437,Desktop,Returning
632,1235,2024-01-23 06:25:00,checkout,1418,Electronics,437,Desktop,Returning
632,1235,2024-01-23 06:29:00,purchase,1418,Electronics,437,Desktop,Returning
951,1236,2024-01-17 19:20:00,view,1905,Home,813,Mobile,Returning
906,1237,2024-02-01 12:03:00,view,1738,Fashion,510,Mobile,Returning
906,1237,2024-02-01 12:04:00,cart,1738,Fashion,510,Mobile,Returning
906,1237,2024-02-01 12:07:00,checkout,1738,Fashion,510,Mobile,Returning
906,1237,2024-02-01 12:11:00,purchase,1738,Fashion,510,Mobile,Returning
175,1238,2024-01-30 13:56:00,view,1055,Fashion,367,Desktop,Returning
175,1238,2024-01-30 13:58:00,cart,1055,Fashion,367,Desktop,Returning
23,1239,2024-01-11 12:08:00,view,1722,Electronics,46,Mobile,New
1749,1240,2024-01-06 11:04:00,view,1862,Electronics,279,Mobile,Returning
1749,1240,2024-01-06 11:06:00,cart,1862,Electronics,279,Mobile,Returning
1749,1240,2024-01-06 11:07:00,checkout,1862,Electronics,279,Mobile,Returning
1749,1240,2024-01-06 11:10:00,purchase,1862,Electronics,279,Mobile,Returning
1941,1241,2024-02-01 05:11:00,view,1447,Home,512,Mobile,New
1941,1241,2024-02-01 05:14:00,cart,1447,Home,512,Mobile,New
1941,1241,2024-02-01 05:15:00,checkout,1447,Home,512,Mobile,New
1941,1241,2024-02-01 05:16:00,purchase,1447,Home,512,Mobile,New
235,1242,2024-01-12 10:24:00,view,1626,Home,568,Mobile,New
1037,1243,2024-01-20 12:33:00,view,1773,Electronics,219,Mobile,New
1037,1243,2024-01-20 12:34:00,cart,1773,Electronics,219,Mobile,New
1037,1243,2024-01-20 12:35:00,checkout,1773,Electronics,219,Mobile,New
1037,1243,2024-01-20 12:39:00,purchase,1773,Electronics,219,Mobile,New
1125,1244,2024-01-08 18:52:00,view,1110,Beauty,816,Desktop,Returning
1125,1244,2024-01-08 18:55:00,cart,1110,Beauty,816,Desktop,Returning
1125,1244,2024-01-08 18:59:00,checkout,1110,Beauty,816,Desktop,Returning
1125,1244,2024-01-08 19:03:00,purchase,1110,Beauty,816,Desktop,Returning
929,1245,2024-01-31 13:29:00,view,1896,Electronics,870,Mobile,Returning
929,1245,2024-01-31 13:33:00,cart,1896,Electronics,870,Mobile,Returning
929,1245,2024-01-31 13:37:00,checkout,1896,Electronics,870,Mobile,Returning
929,1245,2024-01-31 13:39:00,purchase,1896,Electronics,870,Mobile,Returning
1560,1246,2024-01-21 14:25:00,view,1687,Beauty,418,Mobile,Returning
1900,1247,2024-01-21 07:50:00,view,1797,Beauty,680,Desktop,Returning
1900,1247,2024-01-21 07:52:00,cart,1797,Beauty,680,Desktop,Returning
1900,1247,2024-01-21 07:55:00,checkout,1797,Beauty,680,Desktop,Returning
1900,1247,2024-01-21 07:59:00,purchase,1797,Beauty,680,Desktop,Returning
523,1248,2024-01-11 08:20:00,view,1392,Electronics,900,Mobile,Returning
523,1248,2024-01-11 08:21:00,cart,1392,Electronics,900,Mobile,Returning
1809,1249,2024-01-24 05:19:00,view,1919,Beauty,622,Mobile,New
1476,1250,2024-01-13 23:37:00,view,1152,Fashion,913,Desktop,Returning
1476,1250,2024-01-13 23:41:00,cart,1152,Fashion,913,Desktop,Returning
431,1251,2024-01-04 20:22:00,view,1594,Home,985,Desktop,New
431,1251,2024-01-04 20:25:00,cart,1594,Home,985,Desktop,New
431,1251,2024-01-04 20:29:00,checkout,1594,Home,985,Desktop,New
793,1252,2024-01-22 09:33:00,view,1314,Home,534,Mobile,New
793,1252,2024-01-22 09:35:00,cart,1314,Home,534,Mobile,New
793,1252,2024-01-22 09:36:00,checkout,1314,Home,534,Mobile,New
793,1252,2024-01-22 09:37:00,purchase,1314,Home,534,Mobile,New
1630,1253,2024-01-14 16:11:00,view,1801,Electronics,972,Desktop,New
1630,1253,2024-01-14 16:14:00,cart,1801,Electronics,972,Desktop,New
1630,1253,2024-01-14 16:18:00,checkout,1801,Electronics,972,Desktop,New
1630,1253,2024-01-14 16:22:00,purchase,1801,Electronics,972,Desktop,New
1737,1254,2024-01-25 23:32:00,view,1538,Fashion,283,Mobile,New
1737,1254,2024-01-25 23:35:00,cart,1538,Fashion,283,Mobile,New
1737,1254,2024-01-25 23:37:00,checkout,1538,Fashion,283,Mobile,New
1737,1254,2024-01-25 23:41:00,purchase,1538,Fashion,283,Mobile,New
533,1255,2024-01-31 20:05:00,view,1569,Home,234,Desktop,Returning
533,1255,2024-01-31 20:06:00,cart,1569,Home,234,Desktop,Returning
533,1255,2024-01-31 20:08:00,checkout,1569,Home,234,Desktop,Returning
533,1255,2024-01-31 20:11:00,purchase,1569,Home,234,Desktop,Returning
1876,1256,2024-01-20 21:51:00,view,1370,Home,863,Mobile,New
1876,1256,2024-01-20 21:55:00,cart,1370,Home,863,Mobile,New
979,1257,2024-01-08 22:01:00,view,1814,Beauty,594,Mobile,New
979,1257,2024-01-08 22:05:00,cart,1814,Beauty,594,Mobile,New
1747,1258,2024-01-17 20:45:00,view,1135,Home,737,Mobile,New
1747,1258,2024-01-17 20:47:00,cart,1135,Home,737,Mobile,New
1747,1258,2024-01-17 20:49:00,checkout,1135,Home,737,Mobile,New
1747,1258,2024-01-17 20:52:00,purchase,1135,Home,737,Mobile,New
1676,1259,2024-01-26 13:28:00,view,1093,Fashion,531,Mobile,New
1676,1259,2024-01-26 13:29:00,cart,1093,Fashion,531,Mobile,New
1317,1260,2024-02-01 16:28:00,view,1446,Home,887,Mobile,New
810,1261,2024-01-03 01:08:00,view,1942,Fashion,80,Tablet,New
913,1262,2024-01-06 04:48:00,view,1238,Beauty,268,Mobile,Returning
913,1262,2024-01-06 04:50:00,cart,1238,Beauty,268,Mobile,Returning
913,1262,2024-01-06 04:54:00,checkout,1238,Beauty,268,Mobile,Returning
913,1262,2024-01-06 04:57:00,purchase,1238,Beauty,268,Mobile,Returning
1125,1263,2024-01-16 04:06:00,view,1905,Fashion,868,Mobile,Returning
1125,1263,2024-01-16 04:08:00,cart,1905,Fashion,868,Mobile,Returning
1125,1263,2024-01-16 04:12:00,checkout,1905,Fashion,868,Mobile,Returning
1125,1263,2024-01-16 04:15:00,purchase,1905,Fashion,868,Mobile,Returning
1526,1264,2024-01-02 22:24:00,view,1940,Electronics,779,Mobile,New
1526,1264,2024-01-02 22:27:00,cart,1940,Electronics,779,Mobile,New
1526,1264,2024-01-02 22:31:00,checkout,1940,Electronics,779,Mobile,New
1526,1264,2024-01-02 22:34:00,purchase,1940,Electronics,779,Mobile,New
1328,1265,2024-01-23 05:28:00,view,1670,Beauty,791,Mobile,Returning
871,1266,2024-01-11 19:18:00,view,1008,Electronics,606,Desktop,New
871,1266,2024-01-11 19:19:00,cart,1008,Electronics,606,Desktop,New
871,1266,2024-01-11 19:23:00,checkout,1008,Electronics,606,Desktop,New
871,1266,2024-01-11 19:27:00,purchase,1008,Electronics,606,Desktop,New
540,1267,2024-01-08 20:55:00,view,1391,Beauty,852,Mobile,New
540,1267,2024-01-08 20:58:00,cart,1391,Beauty,852,Mobile,New
1024,1268,2024-01-22 11:20:00,view,1984,Electronics,429,Mobile,Returning
1577,1269,2024-01-31 20:46:00,view,1562,Home,788,Mobile,New
1379,1270,2024-01-16 12:31:00,view,1309,Home,192,Desktop,New
1379,1270,2024-01-16 12:32:00,cart,1309,Home,192,Desktop,New
1327,1271,2024-01-27 12:07:00,view,1339,Electronics,825,Mobile,New
1327,1271,2024-01-27 12:09:00,cart,1339,Electronics,825,Mobile,New
1327,1271,2024-01-27 12:10:00,checkout,1339,Electronics,825,Mobile,New
1327,1271,2024-01-27 12:11:00,purchase,1339,Electronics,825,Mobile,New
1520,1272,2024-01-31 04:16:00,view,1147,Electronics,649,Mobile,Returning
1520,1272,2024-01-31 04:18:00,cart,1147,Electronics,649,Mobile,Returning
1682,1273,2024-01-03 02:41:00,view,1248,Electronics,618,Mobile,Returning
1792,1274,2024-02-01 03:50:00,view,1470,Home,33,Mobile,Returning
1998,1275,2024-01-21 10:14:00,view,1355,Electronics,643,Mobile,New
227,1276,2024-01-18 21:33:00,view,1525,Electronics,159,Desktop,Returning
1260,1277,2024-01-02 19:43:00,view,1463,Home,59,Desktop,New
873,1278,2024-01-01 19:47:00,view,1454,Home,915,Desktop,Returning
873,1278,2024-01-01 19:50:00,cart,1454,Home,915,Desktop,Returning
873,1278,2024-01-01 19:53:00,checkout,1454,Home,915,Desktop,Returning
873,1278,2024-01-01 19:57:00,purchase,1454,Home,915,Desktop,Returning
892,1279,2024-02-03 03:56:00,view,1665,Home,345,Mobile,Returning
892,1279,2024-02-03 03:58:00,cart,1665,Home,345,Mobile,Returning
1479,1280,2024-01-12 00:56:00,view,1691,Home,194,Mobile,Returning
1037,1281,2024-01-28 19:27:00,view,1095,Beauty,898,Mobile,New
1037,1281,2024-01-28 19:29:00,cart,1095,Beauty,898,Mobile,New
1037,1281,2024-01-28 19:32:00,checkout,1095,Beauty,898,Mobile,New
210,1282,2024-01-07 07:40:00,view,1356,Fashion,314,Tablet,New
741,1283,2024-01-30 11:30:00,view,1841,Fashion,666,Mobile,New
397,1284,2024-01-15 07:23:00,view,1573,Home,271,Desktop,Returning
1124,1285,2024-01-16 15:13:00,view,1701,Fashion,40,Mobile,Returning
31,1286,2024-01-13 10:18:00,view,1190,Electronics,21,Mobile,Returning
31,1286,2024-01-13 10:19:00,cart,1190,Electronics,21,Mobile,Returning
31,1286,2024-01-13 10:21:00,checkout,1190,Electronics,21,Mobile,Returning
31,1286,2024-01-13 10:22:00,purchase,1190,Electronics,21,Mobile,Returning
898,1287,2024-01-24 22:36:00,view,1079,Beauty,120,Mobile,Returning
1552,1288,2024-01-15 19:57:00,view,1416,Beauty,442,Mobile,Returning
649,1289,2024-01-20 05:17:00,view,1053,Fashion,27,Desktop,Returning
329,1290,2024-01-18 14:16:00,view,1745,Fashion,804,Tablet,New
329,1290,2024-01-18 14:18:00,cart,1745,Fashion,804,Tablet,New
329,1290,2024-01-18 14:22:00,checkout,1745,Fashion,804,Tablet,New
1190,1291,2024-01-01 10:26:00,view,1598,Fashion,575,Mobile,Returning
1190,1291,2024-01-01 10:30:00,cart,1598,Fashion,575,Mobile,Returning
1190,1291,2024-01-01 10:31:00,checkout,1598,Fashion,575,Mobile,Returning
1190,1291,2024-01-01 10:34:00,purchase,1598,Fashion,575,Mobile,Returning
1483,1292,2024-01-06 11:20:00,view,1876,Electronics,975,Mobile,New
1483,1292,2024-01-06 11:24:00,cart,1876,Electronics,975,Mobile,New
1846,1293,2024-01-10 21:06:00,view,1468,Electronics,842,Desktop,New
1846,1293,2024-01-10 21:09:00,cart,1468,Electronics,842,Desktop,New
952,1294,2024-02-03 21:41:00,view,1218,Fashion,424,Desktop,Returning
952,1294,2024-02-03 21:44:00,cart,1218,Fashion,424,Desktop,Returning
952,1294,2024-02-03 21:48:00,checkout,1218,Fashion,424,Desktop,Returning
952,1294,2024-02-03 21:50:00,purchase,1218,Fashion,424,Desktop,Returning
1124,1295,2024-01-04 20:08:00,view,1446,Home,534,Mobile,Returning
621,1296,2024-01-04 10:31:00,view,1374,Home,646,Mobile,New
621,1296,2024-01-04 10:32:00,cart,1374,Home,646,Mobile,New
621,1296,2024-01-04 10:33:00,checkout,1374,Home,646,Mobile,New
621,1296,2024-01-04 10:37:00,purchase,1374,Home,646,Mobile,New
1879,1297,2024-01-19 23:20:00,view,1204,Home,195,Mobile,New
1879,1297,2024-01-19 23:24:00,cart,1204,Home,195,Mobile,New
1879,1297,2024-01-19 23:27:00,checkout,1204,Home,195,Mobile,New
1879,1297,2024-01-19 23:31:00,purchase,1204,Home,195,Mobile,New
1197,1298,2024-02-03 05:34:00,view,1722,Electronics,491,Mobile,Returning
1197,1298,2024-02-03 05:36:00,cart,1722,Electronics,491,Mobile,Returning
1197,1298,2024-02-03 05:39:00,checkout,1722,Electronics,491,Mobile,Returning
1773,1299,2024-01-21 23:23:00,view,1457,Beauty,818,Mobile,Returning
1773,1299,2024-01-21 23:24:00,cart,1457,Beauty,818,Mobile,Returning
1773,1299,2024-01-21 23:28:00,checkout,1457,Beauty,818,Mobile,Returning
1773,1299,2024-01-21 23:32:00,purchase,1457,Beauty,818,Mobile,Returning
162,1300,2024-01-18 16:07:00,view,1315,Electronics,117,Mobile,Returning
162,1300,2024-01-18 16:10:00,cart,1315,Electronics,117,Mobile,Returning
162,1300,2024-01-18 16:12:00,checkout,1315,Electronics,117,Mobile,Returning
162,1300,2024-01-18 16:14:00,purchase,1315,Electronics,117,Mobile,Returning
1929,1301,2024-01-25 14:44:00,view,1205,Electronics,135,Mobile,Returning
1752,1302,2024-01-17 21:59:00,view,1053,Beauty,292,Mobile,New
1752,1302,2024-01-17 22:03:00,cart,1053,Beauty,292,Mobile,New
776,1303,2024-01-16 08:36:00,view,1281,Fashion,445,Mobile,New
776,1303,2024-01-16 08:39:00,cart,1281,Fashion,445,Mobile,New
776,1303,2024-01-16 08:40:00,checkout,1281,Fashion,445,Mobile,New
1287,1304,2024-02-03 20:52:00,view,1891,Fashion,880,Desktop,New
1287,1304,2024-02-03 20:53:00,cart,1891,Fashion,880,Desktop,New
1287,1304,2024-02-03 20:54:00,checkout,1891,Fashion,880,Desktop,New
1287,1304,2024-02-03 20:56:00,purchase,1891,Fashion,880,Desktop,New
1828,1305,2024-01-23 16:41:00,view,1318,Fashion,228,Desktop,Returning
1828,1305,2024-01-23 16:44:00,cart,1318,Fashion,228,Desktop,Returning
274,1306,2024-01-23 03:12:00,view,1429,Home,732,Mobile,Returning
274,1306,2024-01-23 03:13:00,cart,1429,Home,732,Mobile,Returning
274,1306,2024-01-23 03:17:00,checkout,1429,Home,732,Mobile,Returning
274,1306,2024-01-23 03:19:00,purchase,1429,Home,732,Mobile,Returning
1027,1307,2024-01-30 17:38:00,view,1606,Fashion,891,Desktop,Returning
1052,1308,2024-01-22 10:49:00,view,1255,Fashion,897,Desktop,New
1052,1308,2024-01-22 10:53:00,cart,1255,Fashion,897,Desktop,New
1052,1308,2024-01-22 10:57:00,checkout,1255,Fashion,897,Desktop,New
1052,1308,2024-01-22 10:59:00,purchase,1255,Fashion,897,Desktop,New
326,1309,2024-01-30 02:37:00,view,1825,Fashion,477,Mobile,Returning
326,1309,2024-01-30 02:40:00,cart,1825,Fashion,477,Mobile,Returning
326,1309,2024-01-30 02:41:00,checkout,1825,Fashion,477,Mobile,Returning
326,1309,2024-01-30 02:45:00,purchase,1825,Fashion,477,Mobile,Returning
940,1310,2024-01-30 20:49:00,view,1049,Home,298,Mobile,New
1173,1311,2024-01-31 02:05:00,view,1884,Fashion,861,Desktop,Returning
540,1312,2024-01-06 21:33:00,view,1869,Fashion,232,Desktop,New
540,1312,2024-01-06 21:37:00,cart,1869,Fashion,232,Desktop,New
540,1312,2024-01-06 21:38:00,checkout,1869,Fashion,232,Desktop,New
540,1312,2024-01-06 21:42:00,purchase,1869,Fashion,232,Desktop,New
488,1313,2024-02-04 02:56:00,view,1645,Home,842,Tablet,New
822,1314,2024-02-02 23:47:00,view,1690,Fashion,566,Desktop,New
822,1314,2024-02-02 23:48:00,cart,1690,Fashion,566,Desktop,New
822,1314,2024-02-02 23:49:00,checkout,1690,Fashion,566,Desktop,New
822,1314,2024-02-02 23:53:00,purchase,1690,Fashion,566,Desktop,New
1462,1315,2024-01-21 18:43:00,view,1265,Fashion,418,Desktop,Returning
1462,1315,2024-01-21 18:44:00,cart,1265,Fashion,418,Desktop,Returning
1089,1316,2024-01-29 01:48:00,view,1634,Fashion,617,Mobile,Returning
1089,1316,2024-01-29 01:51:00,cart,1634,Fashion,617,Mobile,Returning
356,1317,2024-01-12 17:02:00,view,1968,Beauty,666,Mobile,Returning
356,1317,2024-01-12 17:03:00,cart,1968,Beauty,666,Mobile,Returning
1557,1318,2024-01-14 04:15:00,view,1440,Home,349,Mobile,Returning
1557,1318,2024-01-14 04:19:00,cart,1440,Home,349,Mobile,Returning
1276,1319,2024-01-04 22:51:00,view,1276,Home,25,Mobile,New
1276,1319,2024-01-04 22:53:00,cart,1276,Home,25,Mobile,New
1276,1319,2024-01-04 22:55:00,checkout,1276,Home,25,Mobile,New
1276,1319,2024-01-04 22:57:00,purchase,1276,Home,25,Mobile,New
235,1320,2024-01-23 12:42:00,view,1165,Fashion,751,Desktop,New
227,1321,2024-01-27 05:36:00,view,1877,Beauty,214,Mobile,Returning
227,1321,2024-01-27 05:39:00,cart,1877,Beauty,214,Mobile,Returning
227,1321,2024-01-27 05:40:00,checkout,1877,Beauty,214,Mobile,Returning
227,1321,2024-01-27 05:44:00,purchase,1877,Beauty,214,Mobile,Returning
1549,1322,2024-01-10 13:22:00,view,1258,Home,130,Desktop,New
1337,1323,2024-01-02 06:25:00,view,1807,Home,319,Mobile,New
1337,1323,2024-01-02 06:27:00,cart,1807,Home,319,Mobile,New
1337,1323,2024-01-02 06:28:00,checkout,1807,Home,319,Mobile,New
1337,1323,2024-01-02 06:31:00,purchase,1807,Home,319,Mobile,New
49,1324,2024-01-27 00:02:00,view,1297,Electronics,395,Mobile,New
49,1324,2024-01-27 00:06:00,cart,1297,Electronics,395,Mobile,New
49,1324,2024-01-27 00:09:00,checkout,1297,Electronics,395,Mobile,New
49,1324,2024-01-27 00:10:00,purchase,1297,Electronics,395,Mobile,New
118,1325,2024-02-04 13:25:00,view,1769,Home,389,Mobile,New
118,1325,2024-02-04 13:27:00,cart,1769,Home,389,Mobile,New
54,1326,2024-01-12 16:26:00,view,1915,Fashion,537,Mobile,Returning
54,1326,2024-01-12 16:28:00,cart,1915,Fashion,537,Mobile,Returning
54,1326,2024-01-12 16:29:00,checkout,1915,Fashion,537,Mobile,Returning
54,1326,2024-01-12 16:33:00,purchase,1915,Fashion,537,Mobile,Returning
1674,1327,2024-01-09 17:55:00,view,1164,Home,911,Desktop,Returning
565,1328,2024-01-11 16:17:00,view,1031,Fashion,527,Desktop,New
1068,1329,2024-02-02 00:13:00,view,1292,Electronics,922,Tablet,New
1068,1329,2024-02-02 00:14:00,cart,1292,Electronics,922,Tablet,New
1839,1330,2024-01-25 02:47:00,view,1415,Fashion,598,Mobile,Returning
1839,1330,2024-01-25 02:49:00,cart,1415,Fashion,598,Mobile,Returning
53,1331,2024-01-29 03:52:00,view,1773,Home,94,Mobile,Returning
53,1331,2024-01-29 03:53:00,cart,1773,Home,94,Mobile,Returning
53,1331,2024-01-29 03:55:00,checkout,1773,Home,94,Mobile,Returning
53,1331,2024-01-29 03:57:00,purchase,1773,Home,94,Mobile,Returning
1610,1332,2024-01-21 16:10:00,view,1425,Electronics,487,Mobile,New
1610,1332,2024-01-21 16:11:00,cart,1425,Electronics,487,Mobile,New
1610,1332,2024-01-21 16:12:00,checkout,1425,Electronics,487,Mobile,New
1610,1332,2024-01-21 16:15:00,purchase,1425,Electronics,487,Mobile,New
558,1333,2024-01-03 04:24:00,view,1739,Home,140,Mobile,New
558,1333,2024-01-03 04:26:00,cart,1739,Home,140,Mobile,New
558,1333,2024-01-03 04:27:00,checkout,1739,Home,140,Mobile,New
558,1333,2024-01-03 04:31:00,purchase,1739,Home,140,Mobile,New
1549,1334,2024-02-04 14:17:00,view,1884,Beauty,40,Desktop,New
1549,1334,2024-02-04 14:19:00,cart,1884,Beauty,40,Desktop,New
1549,1334,2024-02-04 14:23:00,checkout,1884,Beauty,40,Desktop,New
1549,1334,2024-02-04 14:25:00,purchase,1884,Beauty,40,Desktop,New
1701,1335,2024-01-17 22:08:00,view,1594,Home,746,Desktop,Returning
1701,1335,2024-01-17 22:10:00,cart,1594,Home,746,Desktop,Returning
1701,1335,2024-01-17 22:11:00,checkout,1594,Home,746,Desktop,Returning
1126,1336,2024-01-08 19:39:00,view,1920,Electronics,361,Desktop,New
1816,1337,2024-01-28 01:00:00,view,1525,Fashion,346,Mobile,Returning
1794,1338,2024-02-04 02:48:00,view,1229,Beauty,520,Desktop,Returning
1794,1338,2024-02-04 02:52:00,cart,1229,Beauty,520,Desktop,Returning
1794,1338,2024-02-04 02:54:00,checkout,1229,Beauty,520,Desktop,Returning
1794,1338,2024-02-04 02:55:00,purchase,1229,Beauty,520,Desktop,Returning
1873,1339,2024-02-04 08:38:00,view,1977,Beauty,76,Mobile,New
868,1340,2024-01-26 01:37:00,view,1805,Electronics,768,Desktop,New
868,1340,2024-01-26 01:39:00,cart,1805,Electronics,768,Desktop,New
868,1340,2024-01-26 01:42:00,checkout,1805,Electronics,768,Desktop,New
868,1340,2024-01-26 01:46:00,purchase,1805,Electronics,768,Desktop,New
398,1341,2024-01-24 18:42:00,view,1111,Electronics,304,Mobile,New
398,1341,2024-01-24 18:43:00,cart,1111,Electronics,304,Mobile,New
1162,1342,2024-01-22 23:08:00,view,1207,Electronics,299,Mobile,New
675,1343,2024-01-03 15:50:00,view,1581,Electronics,795,Mobile,New
675,1343,2024-01-03 15:51:00,cart,1581,Electronics,795,Mobile,New
675,1343,2024-01-03 15:54:00,checkout,1581,Electronics,795,Mobile,New
675,1343,2024-01-03 15:58:00,purchase,1581,Electronics,795,Mobile,New
1945,1344,2024-01-17 20:33:00,view,1068,Beauty,151,Desktop,Returning
1945,1344,2024-01-17 20:36:00,cart,1068,Beauty,151,Desktop,Returning
1945,1344,2024-01-17 20:39:00,checkout,1068,Beauty,151,Desktop,Returning
387,1345,2024-01-14 16:30:00,view,1950,Beauty,669,Mobile,New
111,1346,2024-01-22 07:49:00,view,1441,Beauty,919,Mobile,New
111,1346,2024-01-22 07:50:00,cart,1441,Beauty,919,Mobile,New
111,1346,2024-01-22 07:51:00,checkout,1441,Beauty,919,Mobile,New
111,1346,2024-01-22 07:54:00,purchase,1441,Beauty,919,Mobile,New
614,1347,2024-01-04 18:29:00,view,1380,Beauty,990,Desktop,New
614,1347,2024-01-04 18:31:00,cart,1380,Beauty,990,Desktop,New
17,1348,2024-01-16 14:59:00,view,1859,Fashion,405,Mobile,New
17,1348,2024-01-16 15:01:00,cart,1859,Fashion,405,Mobile,New
17,1348,2024-01-16 15:03:00,checkout,1859,Fashion,405,Mobile,New
17,1348,2024-01-16 15:04:00,purchase,1859,Fashion,405,Mobile,New
1804,1349,2024-01-26 14:13:00,view,1440,Beauty,562,Mobile,New
1206,1350,2024-01-04 19:03:00,view,1197,Beauty,363,Mobile,Returning
1206,1350,2024-01-04 19:06:00,cart,1197,Beauty,363,Mobile,Returning
1206,1350,2024-01-04 19:09:00,checkout,1197,Beauty,363,Mobile,Returning
1206,1350,2024-01-04 19:13:00,purchase,1197,Beauty,363,Mobile,Returning
884,1351,2024-01-09 13:03:00,view,1047,Home,507,Mobile,New
1560,1352,2024-01-19 13:54:00,view,1612,Electronics,181,Desktop,Returning
1560,1352,2024-01-19 13:57:00,cart,1612,Electronics,181,Desktop,Returning
1560,1352,2024-01-19 13:58:00,checkout,1612,Electronics,181,Desktop,Returning
1560,1352,2024-01-19 14:00:00,purchase,1612,Electronics,181,Desktop,Returning
541,1353,2024-01-20 21:17:00,view,1904,Home,429,Desktop,Returning
541,1353,2024-01-20 21:18:00,cart,1904,Home,429,Desktop,Returning
541,1353,2024-01-20 21:22:00,checkout,1904,Home,429,Desktop,Returning
171,1354,2024-01-15 03:05:00,view,1100,Beauty,200,Mobile,Returning
171,1354,2024-01-15 03:07:00,cart,1100,Beauty,200,Mobile,Returning
171,1354,2024-01-15 03:11:00,checkout,1100,Beauty,200,Mobile,Returning
171,1354,2024-01-15 03:15:00,purchase,1100,Beauty,200,Mobile,Returning
409,1355,2024-01-19 10:24:00,view,1046,Beauty,563,Tablet,Returning
409,1355,2024-01-19 10:28:00,cart,1046,Beauty,563,Tablet,Returning
409,1355,2024-01-19 10:31:00,checkout,1046,Beauty,563,Tablet,Returning
409,1355,2024-01-19 10:34:00,purchase,1046,Beauty,563,Tablet,Returning
740,1356,2024-01-26 14:33:00,view,1364,Home,962,Mobile,New
740,1356,2024-01-26 14:36:00,cart,1364,Home,962,Mobile,New
740,1356,2024-01-26 14:40:00,checkout,1364,Home,962,Mobile,New
740,1356,2024-01-26 14:41:00,purchase,1364,Home,962,Mobile,New
1402,1357,2024-01-26 06:16:00,view,1285,Electronics,984,Mobile,New
1402,1357,2024-01-26 06:19:00,cart,1285,Electronics,984,Mobile,New
1402,1357,2024-01-26 06:21:00,checkout,1285,Electronics,984,Mobile,New
1402,1357,2024-01-26 06:25:00,purchase,1285,Electronics,984,Mobile,New
1212,1358,2024-01-09 12:33:00,view,1799,Electronics,375,Mobile,New
858,1359,2024-01-14 07:33:00,view,1391,Electronics,572,Mobile,New
230,1360,2024-01-06 23:52:00,view,1054,Fashion,243,Mobile,Returning
230,1360,2024-01-06 23:56:00,cart,1054,Fashion,243,Mobile,Returning
230,1360,2024-01-06 23:57:00,checkout,1054,Fashion,243,Mobile,Returning
230,1360,2024-01-06 23:59:00,purchase,1054,Fashion,243,Mobile,Returning
1857,1361,2024-01-23 11:45:00,view,1756,Home,886,Desktop,Returning
1857,1361,2024-01-23 11:46:00,cart,1756,Home,886,Desktop,Returning
1857,1361,2024-01-23 11:47:00,checkout,1756,Home,886,Desktop,Returning
1876,1362,2024-01-31 04:59:00,view,1069,Beauty,744,Desktop,New
119,1363,2024-01-13 15:39:00,view,1183,Beauty,701,Mobile,Returning
1180,1364,2024-01-24 03:46:00,view,1275,Home,753,Mobile,New
1180,1364,2024-01-24 03:48:00,cart,1275,Home,753,Mobile,New
784,1365,2024-01-03 10:02:00,view,1758,Fashion,747,Desktop,New
1711,1366,2024-01-21 00:18:00,view,1624,Electronics,444,Desktop,New
465,1367,2024-01-15 02:37:00,view,1953,Fashion,678,Desktop,Returning
465,1367,2024-01-15 02:40:00,cart,1953,Fashion,678,Desktop,Returning
465,1367,2024-01-15 02:42:00,checkout,1953,Fashion,678,Desktop,Returning
465,1367,2024-01-15 02:46:00,purchase,1953,Fashion,678,Desktop,Returning
104,1368,2024-01-22 23:27:00,view,1525,Beauty,746,Mobile,New
1628,1369,2024-01-02 14:33:00,view,1400,Electronics,939,Desktop,New
1628,1369,2024-01-02 14:37:00,cart,1400,Electronics,939,Desktop,New
1628,1369,2024-01-02 14:39:00,checkout,1400,Electronics,939,Desktop,New
1628,1369,2024-01-02 14:41:00,purchase,1400,Electronics,939,Desktop,New
698,1370,2024-02-01 22:47:00,view,1669,Beauty,585,Mobile,New
1996,1371,2024-01-10 23:10:00,view,1522,Beauty,297,Mobile,Returning
1819,1372,2024-01-10 01:24:00,view,1913,Fashion,626,Mobile,Returning
1819,1372,2024-01-10 01:28:00,cart,1913,Fashion,626,Mobile,Returning
1819,1372,2024-01-10 01:31:00,checkout,1913,Fashion,626,Mobile,Returning
1819,1372,2024-01-10 01:34:00,purchase,1913,Fashion,626,Mobile,Returning
1526,1373,2024-01-25 23:11:00,view,1050,Home,932,Mobile,New
1526,1373,2024-01-25 23:12:00,cart,1050,Home,932,Mobile,New
1526,1373,2024-01-25 23:14:00,checkout,1050,Home,932,Mobile,New
1526,1373,2024-01-25 23:18:00,purchase,1050,Home,932,Mobile,New
1717,1374,2024-01-22 09:11:00,view,1555,Fashion,873,Mobile,New
1717,1374,2024-01-22 09:13:00,cart,1555,Fashion,873,Mobile,New
1717,1374,2024-01-22 09:14:00,checkout,1555,Fashion,873,Mobile,New
1706,1375,2024-01-28 00:14:00,view,1245,Home,676,Mobile,New
1706,1375,2024-01-28 00:15:00,cart,1245,Home,676,Mobile,New
1706,1375,2024-01-28 00:19:00,checkout,1245,Home,676,Mobile,New
1706,1375,2024-01-28 00:20:00,purchase,1245,Home,676,Mobile,New
1723,1376,2024-01-08 06:45:00,view,1697,Fashion,367,Mobile,New
175,1377,2024-01-29 01:43:00,view,1005,Fashion,229,Desktop,Returning
1758,1378,2024-01-20 23:29:00,view,1227,Fashion,633,Mobile,New
745,1379,2024-01-15 12:44:00,view,1584,Home,26,Mobile,New
745,1379,2024-01-15 12:46:00,cart,1584,Home,26,Mobile,New
745,1379,2024-01-15 12:48:00,checkout,1584,Home,26,Mobile,New
745,1379,2024-01-15 12:52:00,purchase,1584,Home,26,Mobile,New
1698,1380,2024-01-18 16:53:00,view,1051,Home,210,Mobile,New
1445,1381,2024-01-11 08:21:00,view,1481,Home,268,Tablet,Returning
1158,1382,2024-01-04 10:20:00,view,1936,Beauty,312,Mobile,Returning
1415,1383,2024-01-12 02:20:00,view,1124,Fashion,564,Mobile,New
1415,1383,2024-01-12 02:21:00,cart,1124,Fashion,564,Mobile,New
1760,1384,2024-01-15 07:27:00,view,1131,Fashion,489,Mobile,New
1525,1385,2024-01-13 20:12:00,view,1980,Beauty,490,Desktop,New
1525,1385,2024-01-13 20:15:00,cart,1980,Beauty,490,Desktop,New
1525,1385,2024-01-13 20:16:00,checkout,1980,Beauty,490,Desktop,New
1525,1385,2024-01-13 20:20:00,purchase,1980,Beauty,490,Desktop,New
665,1386,2024-01-16 05:48:00,view,1833,Beauty,400,Tablet,New
665,1386,2024-01-16 05:49:00,cart,1833,Beauty,400,Tablet,New
33,1387,2024-01-11 10:41:00,view,1089,Electronics,824,Mobile,New
55,1388,2024-02-01 19:18:00,view,1946,Fashion,51,Mobile,New
55,1388,2024-02-01 19:22:00,cart,1946,Fashion,51,Mobile,New
55,1388,2024-02-01 19:23:00,checkout,1946,Fashion,51,Mobile,New
55,1388,2024-02-01 19:25:00,purchase,1946,Fashion,51,Mobile,New
1978,1389,2024-01-12 16:07:00,view,1234,Home,465,Desktop,New
1978,1389,2024-01-12 16:11:00,cart,1234,Home,465,Desktop,New
1978,1389,2024-01-12 16:15:00,checkout,1234,Home,465,Desktop,New
1978,1389,2024-01-12 16:19:00,purchase,1234,Home,465,Desktop,New
519,1390,2024-01-20 10:15:00,view,1477,Fashion,559,Mobile,Returning
756,1391,2024-01-04 02:41:00,view,1724,Fashion,14,Desktop,Returning
1849,1392,2024-02-04 01:58:00,view,1208,Electronics,890,Mobile,Returning
1849,1392,2024-02-04 02:00:00,cart,1208,Electronics,890,Mobile,Returning
1849,1392,2024-02-04 02:02:00,checkout,1208,Electronics,890,Mobile,Returning
1849,1392,2024-02-04 02:04:00,purchase,1208,Electronics,890,Mobile,Returning
1662,1393,2024-01-22 01:41:00,view,1025,Electronics,220,Mobile,New
1662,1393,2024-01-22 01:43:00,cart,1025,Electronics,220,Mobile,New
12,1394,2024-02-02 13:53:00,view,1582,Home,159,Mobile,Returning
1552,1395,2024-01-28 23:32:00,view,1870,Fashion,559,Mobile,Returning
720,1396,2024-01-17 00:03:00,view,1307,Beauty,210,Desktop,Returning
720,1396,2024-01-17 00:07:00,cart,1307,Beauty,210,Desktop,Returning
555,1397,2024-01-15 23:44:00,view,1923,Beauty,163,Desktop,Returning
373,1398,2024-01-25 05:16:00,view,1273,Electronics,595,Mobile,New
484,1399,2024-01-16 07:33:00,view,1352,Beauty,518,Desktop,Returning
484,1399,2024-01-16 07:37:00,cart,1352,Beauty,518,Desktop,Returning
484,1399,2024-01-16 07:40:00,checkout,1352,Beauty,518,Desktop,Returning
484,1399,2024-01-16 07:41:00,purchase,1352,Beauty,518,Desktop,Returning
973,1400,2024-02-01 23:23:00,view,1764,Electronics,572,Mobile,Returning
973,1400,2024-02-01 23:24:00,cart,1764,Electronics,572,Mobile,Returning
973,1400,2024-02-01 23:26:00,checkout,1764,Electronics,572,Mobile,Returning
973,1400,2024-02-01 23:27:00,purchase,1764,Electronics,572,Mobile,Returning
1671,1401,2024-01-22 21:20:00,view,1593,Fashion,974,Mobile,New
1671,1401,2024-01-22 21:21:00,cart,1593,Fashion,974,Mobile,New
1252,1402,2024-01-05 00:37:00,view,1551,Home,878,Mobile,New
1252,1402,2024-01-05 00:40:00,cart,1551,Home,878,Mobile,New
623,1403,2024-01-05 19:37:00,view,1534,Beauty,466,Desktop,New
307,1404,2024-01-10 00:18:00,view,1926,Home,253,Desktop,New
307,1404,2024-01-10 00:20:00,cart,1926,Home,253,Desktop,New
307,1404,2024-01-10 00:24:00,checkout,1926,Home,253,Desktop,New
307,1404,2024-01-10 00:25:00,purchase,1926,Home,253,Desktop,New
457,1405,2024-01-06 20:34:00,view,1615,Home,188,Desktop,New
160,1406,2024-01-06 13:53:00,view,1133,Fashion,643,Desktop,Returning
160,1406,2024-01-06 13:56:00,cart,1133,Fashion,643,Desktop,Returning
160,1406,2024-01-06 13:58:00,checkout,1133,Fashion,643,Desktop,Returning
331,1407,2024-01-03 00:00:00,view,1449,Fashion,111,Desktop,New
331,1407,2024-01-03 00:02:00,cart,1449,Fashion,111,Desktop,New
331,1407,2024-01-03 00:03:00,checkout,1449,Fashion,111,Desktop,New
776,1408,2024-02-03 23:45:00,view,1103,Electronics,743,Tablet,New
225,1409,2024-01-19 05:31:00,view,1580,Electronics,478,Desktop,New
225,1409,2024-01-19 05:33:00,cart,1580,Electronics,478,Desktop,New
225,1409,2024-01-19 05:35:00,checkout,1580,Electronics,478,Desktop,New
983,1410,2024-02-03 02:46:00,view,1931,Beauty,340,Desktop,New
729,1411,2024-01-14 04:51:00,view,1503,Electronics,463,Mobile,New
1528,1412,2024-01-08 09:49:00,view,1932,Home,120,Mobile,New
1480,1413,2024-01-21 15:48:00,view,1748,Electronics,917,Mobile,New
1069,1414,2024-01-31 18:24:00,view,1617,Fashion,653,Mobile,New
1069,1414,2024-01-31 18:27:00,cart,1617,Fashion,653,Mobile,New
1069,1414,2024-01-31 18:30:00,checkout,1617,Fashion,653,Mobile,New
1069,1414,2024-01-31 18:32:00,purchase,1617,Fashion,653,Mobile,New
1238,1415,2024-01-10 07:47:00,view,1636,Home,379,Mobile,New
1238,1415,2024-01-10 07:50:00,cart,1636,Home,379,Mobile,New
1238,1415,2024-01-10 07:53:00,checkout,1636,Home,379,Mobile,New
1238,1415,2024-01-10 07:55:00,purchase,1636,Home,379,Mobile,New
1083,1416,2024-02-04 12:47:00,view,1815,Fashion,323,Mobile,New
644,1417,2024-02-02 22:26:00,view,1100,Electronics,835,Desktop,New
616,1418,2024-02-01 12:38:00,view,1667,Electronics,944,Mobile,Returning
195,1419,2024-01-24 20:42:00,view,1368,Electronics,860,Mobile,New
195,1419,2024-01-24 20:44:00,cart,1368,Electronics,860,Mobile,New
195,1419,2024-01-24 20:47:00,checkout,1368,Electronics,860,Mobile,New
195,1419,2024-01-24 20:48:00,purchase,1368,Electronics,860,Mobile,New
1949,1420,2024-01-13 10:54:00,view,1882,Home,59,Mobile,New
489,1421,2024-01-30 19:15:00,view,1288,Electronics,419,Tablet,Returning
489,1421,2024-01-30 19:16:00,cart,1288,Electronics,419,Tablet,Returning
489,1421,2024-01-30 19:19:00,checkout,1288,Electronics,419,Tablet,Returning
157,1422,2024-01-09 01:47:00,view,1566,Fashion,847,Mobile,Returning
157,1422,2024-01-09 01:48:00,cart,1566,Fashion,847,Mobile,Returning
610,1423,2024-01-11 13:15:00,view,1776,Beauty,415,Mobile,Returning
610,1423,2024-01-11 13:19:00,cart,1776,Beauty,415,Mobile,Returning
610,1423,2024-01-11 13:20:00,checkout,1776,Beauty,415,Mobile,Returning
610,1423,2024-01-11 13:21:00,purchase,1776,Beauty,415,Mobile,Returning
1250,1424,2024-01-15 20:21:00,view,1917,Fashion,456,Desktop,Returning
1250,1424,2024-01-15 20:25:00,cart,1917,Fashion,456,Desktop,Returning
412,1425,2024-01-19 13:05:00,view,1639,Beauty,574,Desktop,Returning
412,1425,2024-01-19 13:09:00,cart,1639,Beauty,574,Desktop,Returning
412,1425,2024-01-19 13:13:00,checkout,1639,Beauty,574,Desktop,Returning
412,1425,2024-01-19 13:17:00,purchase,1639,Beauty,574,Desktop,Returning
1229,1426,2024-01-20 00:48:00,view,1573,Fashion,456,Mobile,Returning
1103,1427,2024-01-09 23:07:00,view,1369,Fashion,848,Mobile,Returning
1148,1428,2024-01-02 10:35:00,view,1892,Fashion,637,Mobile,Returning
1148,1428,2024-01-02 10:39:00,cart,1892,Fashion,637,Mobile,Returning
1148,1428,2024-01-02 10:40:00,checkout,1892,Fashion,637,Mobile,Returning
1148,1428,2024-01-02 10:43:00,purchase,1892,Fashion,637,Mobile,Returning
471,1429,2024-01-06 00:20:00,view,1331,Home,986,Tablet,New
471,1429,2024-01-06 00:24:00,cart,1331,Home,986,Tablet,New
1964,1430,2024-01-26 11:43:00,view,1326,Electronics,435,Mobile,New
1964,1430,2024-01-26 11:47:00,cart,1326,Electronics,435,Mobile,New
1964,1430,2024-01-26 11:48:00,checkout,1326,Electronics,435,Mobile,New
1964,1430,2024-01-26 11:50:00,purchase,1326,Electronics,435,Mobile,New
1242,1431,2024-01-08 12:48:00,view,1688,Fashion,533,Mobile,Returning
1242,1431,2024-01-08 12:49:00,cart,1688,Fashion,533,Mobile,Returning
1242,1431,2024-01-08 12:52:00,checkout,1688,Fashion,533,Mobile,Returning
1242,1431,2024-01-08 12:54:00,purchase,1688,Fashion,533,Mobile,Returning
516,1432,2024-02-01 09:45:00,view,1309,Electronics,89,Mobile,New
516,1432,2024-02-01 09:48:00,cart,1309,Electronics,89,Mobile,New
516,1432,2024-02-01 09:50:00,checkout,1309,Electronics,89,Mobile,New
516,1432,2024-02-01 09:51:00,purchase,1309,Electronics,89,Mobile,New
1626,1433,2024-01-11 01:17:00,view,1316,Fashion,455,Mobile,Returning
1626,1433,2024-01-11 01:18:00,cart,1316,Fashion,455,Mobile,Returning
1626,1433,2024-01-11 01:19:00,checkout,1316,Fashion,455,Mobile,Returning
1626,1433,2024-01-11 01:20:00,purchase,1316,Fashion,455,Mobile,Returning
1128,1434,2024-01-14 05:32:00,view,1396,Electronics,75,Desktop,New
1128,1434,2024-01-14 05:33:00,cart,1396,Electronics,75,Desktop,New
1128,1434,2024-01-14 05:36:00,checkout,1396,Electronics,75,Desktop,New
1128,1434,2024-01-14 05:40:00,purchase,1396,Electronics,75,Desktop,New
393,1435,2024-01-11 20:12:00,view,1179,Fashion,499,Mobile,New
393,1435,2024-01-11 20:13:00,cart,1179,Fashion,499,Mobile,New
393,1435,2024-01-11 20:15:00,checkout,1179,Fashion,499,Mobile,New
393,1435,2024-01-11 20:18:00,purchase,1179,Fashion,499,Mobile,New
631,1436,2024-01-09 22:53:00,view,1014,Home,527,Mobile,Returning
631,1436,2024-01-09 22:55:00,cart,1014,Home,527,Mobile,Returning
1669,1437,2024-02-01 17:44:00,view,1924,Beauty,298,Mobile,New
1669,1437,2024-02-01 17:45:00,cart,1924,Beauty,298,Mobile,New
1669,1437,2024-02-01 17:49:00,checkout,1924,Beauty,298,Mobile,New
1669,1437,2024-02-01 17:53:00,purchase,1924,Beauty,298,Mobile,New
1848,1438,2024-01-07 21:36:00,view,1697,Beauty,576,Mobile,New
1848,1438,2024-01-07 21:38:00,cart,1697,Beauty,576,Mobile,New
608,1439,2024-01-10 18:25:00,view,1243,Beauty,518,Mobile,New
608,1439,2024-01-10 18:28:00,cart,1243,Beauty,518,Mobile,New
980,1440,2024-01-31 23:08:00,view,1076,Fashion,753,Desktop,New
980,1440,2024-01-31 23:12:00,cart,1076,Fashion,753,Desktop,New
980,1440,2024-01-31 23:15:00,checkout,1076,Fashion,753,Desktop,New
434,1441,2024-01-22 10:33:00,view,1697,Beauty,534,Desktop,New
1355,1442,2024-01-21 12:22:00,view,1780,Electronics,276,Desktop,New
1355,1442,2024-01-21 12:25:00,cart,1780,Electronics,276,Desktop,New
1355,1442,2024-01-21 12:29:00,checkout,1780,Electronics,276,Desktop,New
1167,1443,2024-01-30 06:51:00,view,1936,Beauty,169,Desktop,Returning
1824,1444,2024-01-13 19:06:00,view,1773,Beauty,136,Desktop,Returning
1824,1444,2024-01-13 19:10:00,cart,1773,Beauty,136,Desktop,Returning
1824,1444,2024-01-13 19:11:00,checkout,1773,Beauty,136,Desktop,Returning
1824,1444,2024-01-13 19:13:00,purchase,1773,Beauty,136,Desktop,Returning
540,1445,2024-01-29 08:14:00,view,1864,Beauty,972,Mobile,New
540,1445,2024-01-29 08:15:00,cart,1864,Beauty,972,Mobile,New
540,1445,2024-01-29 08:16:00,checkout,1864,Beauty,972,Mobile,New
540,1445,2024-01-29 08:19:00,purchase,1864,Beauty,972,Mobile,New
278,1446,2024-01-11 16:47:00,view,1776,Electronics,123,Desktop,Returning
278,1446,2024-01-11 16:49:00,cart,1776,Electronics,123,Desktop,Returning
278,1446,2024-01-11 16:51:00,checkout,1776,Electronics,123,Desktop,Returning
278,1446,2024-01-11 16:53:00,purchase,1776,Electronics,123,Desktop,Returning
233,1447,2024-01-12 15:08:00,view,1059,Fashion,112,Desktop,New
1553,1448,2024-01-03 20:21:00,view,1371,Beauty,686,Desktop,Returning
1553,1448,2024-01-03 20:22:00,cart,1371,Beauty,686,Desktop,Returning
1553,1448,2024-01-03 20:26:00,checkout,1371,Beauty,686,Desktop,Returning
1595,1449,2024-01-12 14:46:00,view,1972,Home,165,Mobile,Returning
1595,1449,2024-01-12 14:49:00,cart,1972,Home,165,Mobile,Returning
1595,1449,2024-01-12 14:53:00,checkout,1972,Home,165,Mobile,Returning
1595,1449,2024-01-12 14:56:00,purchase,1972,Home,165,Mobile,Returning
1114,1450,2024-01-01 05:00:00,view,1480,Home,239,Mobile,New
1114,1450,2024-01-01 05:03:00,cart,1480,Home,239,Mobile,New
1114,1450,2024-01-01 05:06:00,checkout,1480,Home,239,Mobile,New
1114,1450,2024-01-01 05:08:00,purchase,1480,Home,239,Mobile,New
1516,1451,2024-01-21 14:17:00,view,1353,Beauty,538,Desktop,New
1223,1452,2024-02-04 10:17:00,view,1115,Beauty,339,Desktop,New
1223,1452,2024-02-04 10:21:00,cart,1115,Beauty,339,Desktop,New
1223,1452,2024-02-04 10:22:00,checkout,1115,Beauty,339,Desktop,New
1223,1452,2024-02-04 10:26:00,purchase,1115,Beauty,339,Desktop,New
362,1453,2024-01-24 12:49:00,view,1363,Fashion,775,Tablet,Returning
362,1453,2024-01-24 12:53:00,cart,1363,Fashion,775,Tablet,Returning
362,1453,2024-01-24 12:56:00,checkout,1363,Fashion,775,Tablet,Returning
362,1453,2024-01-24 12:59:00,purchase,1363,Fashion,775,Tablet,Returning
1465,1454,2024-01-25 21:47:00,view,1382,Beauty,313,Mobile,Returning
26,1455,2024-01-02 03:42:00,view,1743,Beauty,528,Mobile,Returning
26,1455,2024-01-02 03:44:00,cart,1743,Beauty,528,Mobile,Returning
1049,1456,2024-01-23 04:58:00,view,1754,Fashion,707,Mobile,Returning
1049,1456,2024-01-23 05:01:00,cart,1754,Fashion,707,Mobile,Returning
1049,1456,2024-01-23 05:04:00,checkout,1754,Fashion,707,Mobile,Returning
1049,1456,2024-01-23 05:06:00,purchase,1754,Fashion,707,Mobile,Returning
1418,1457,2024-02-04 06:44:00,view,1217,Home,399,Desktop,New
1418,1457,2024-02-04 06:48:00,cart,1217,Home,399,Desktop,New
507,1458,2024-01-20 00:08:00,view,1787,Beauty,358,Mobile,Returning
507,1458,2024-01-20 00:12:00,cart,1787,Beauty,358,Mobile,Returning
507,1458,2024-01-20 00:15:00,checkout,1787,Beauty,358,Mobile,Returning
1325,1459,2024-01-26 17:22:00,view,1883,Home,533,Mobile,Returning
1325,1459,2024-01-26 17:23:00,cart,1883,Home,533,Mobile,Returning
1325,1459,2024-01-26 17:27:00,checkout,1883,Home,533,Mobile,Returning
1325,1459,2024-01-26 17:30:00,purchase,1883,Home,533,Mobile,Returning
1363,1460,2024-01-25 16:46:00,view,1528,Home,34,Tablet,Returning
267,1461,2024-01-04 15:15:00,view,1322,Home,965,Mobile,Returning
461,1462,2024-01-12 13:36:00,view,1269,Electronics,593,Desktop,New
461,1462,2024-01-12 13:38:00,cart,1269,Electronics,593,Desktop,New
461,1462,2024-01-12 13:42:00,checkout,1269,Electronics,593,Desktop,New
461,1462,2024-01-12 13:43:00,purchase,1269,Electronics,593,Desktop,New
1717,1463,2024-01-26 02:33:00,view,1884,Beauty,695,Mobile,New
1717,1463,2024-01-26 02:35:00,cart,1884,Beauty,695,Mobile,New
1717,1463,2024-01-26 02:36:00,checkout,1884,Beauty,695,Mobile,New
1717,1463,2024-01-26 02:40:00,purchase,1884,Beauty,695,Mobile,New
456,1464,2024-01-04 03:52:00,view,1166,Home,923,Desktop,New
456,1464,2024-01-04 03:55:00,cart,1166,Home,923,Desktop,New
456,1464,2024-01-04 03:58:00,checkout,1166,Home,923,Desktop,New
456,1464,2024-01-04 04:02:00,purchase,1166,Home,923,Desktop,New
1384,1465,2024-02-03 23:12:00,view,1934,Electronics,236,Mobile,New
1384,1465,2024-02-03 23:14:00,cart,1934,Electronics,236,Mobile,New
1384,1465,2024-02-03 23:15:00,checkout,1934,Electronics,236,Mobile,New
1092,1466,2024-01-25 02:55:00,view,1012,Fashion,259,Desktop,Returning
1092,1466,2024-01-25 02:58:00,cart,1012,Fashion,259,Desktop,Returning
1007,1467,2024-01-02 22:57:00,view,1070,Home,397,Desktop,Returning
1007,1467,2024-01-02 22:59:00,cart,1070,Home,397,Desktop,Returning
863,1468,2024-02-02 04:43:00,view,1271,Home,53,Mobile,New
1436,1469,2024-01-27 15:17:00,view,1111,Home,380,Mobile,New
1995,1470,2024-02-01 23:25:00,view,1739,Fashion,424,Mobile,Returning
491,1471,2024-01-26 16:12:00,view,1802,Electronics,897,Desktop,New
491,1471,2024-01-26 16:16:00,cart,1802,Electronics,897,Desktop,New
491,1471,2024-01-26 16:19:00,checkout,1802,Electronics,897,Desktop,New
491,1471,2024-01-26 16:22:00,purchase,1802,Electronics,897,Desktop,New
1857,1472,2024-01-26 08:31:00,view,1594,Fashion,539,Desktop,Returning
1857,1472,2024-01-26 08:33:00,cart,1594,Fashion,539,Desktop,Returning
1857,1472,2024-01-26 08:34:00,checkout,1594,Fashion,539,Desktop,Returning
1857,1472,2024-01-26 08:38:00,purchase,1594,Fashion,539,Desktop,Returning
1073,1473,2024-01-08 20:51:00,view,1379,Fashion,959,Mobile,New
1711,1474,2024-01-05 19:34:00,view,1863,Beauty,903,Desktop,New
564,1475,2024-01-08 07:07:00,view,1598,Fashion,354,Mobile,New
564,1475,2024-01-08 07:08:00,cart,1598,Fashion,354,Mobile,New
564,1475,2024-01-08 07:11:00,checkout,1598,Fashion,354,Mobile,New
564,1475,2024-01-08 07:12:00,purchase,1598,Fashion,354,Mobile,New
1126,1476,2024-01-10 03:03:00,view,1902,Home,942,Desktop,New
216,1477,2024-01-31 08:00:00,view,1617,Beauty,60,Tablet,New
1462,1478,2024-01-16 11:43:00,view,1522,Home,722,Mobile,Returning
1724,1479,2024-01-09 16:24:00,view,1353,Electronics,671,Mobile,New
1724,1479,2024-01-09 16:28:00,cart,1353,Electronics,671,Mobile,New
1593,1480,2024-01-29 23:57:00,view,1654,Fashion,115,Mobile,New
559,1481,2024-01-25 04:02:00,view,1241,Beauty,567,Mobile,Returning
559,1481,2024-01-25 04:04:00,cart,1241,Beauty,567,Mobile,Returning
559,1481,2024-01-25 04:05:00,checkout,1241,Beauty,567,Mobile,Returning
159,1482,2024-01-02 00:40:00,view,1293,Fashion,425,Mobile,New
489,1483,2024-01-02 20:28:00,view,1645,Electronics,179,Mobile,Returning
489,1483,2024-01-02 20:29:00,cart,1645,Electronics,179,Mobile,Returning
489,1483,2024-01-02 20:30:00,checkout,1645,Electronics,179,Mobile,Returning
489,1483,2024-01-02 20:33:00,purchase,1645,Electronics,179,Mobile,Returning
686,1484,2024-01-21 05:56:00,view,1941,Home,66,Mobile,New
686,1484,2024-01-21 05:58:00,cart,1941,Home,66,Mobile,New
686,1484,2024-01-21 05:59:00,checkout,1941,Home,66,Mobile,New
686,1484,2024-01-21 06:01:00,purchase,1941,Home,66,Mobile,New
1266,1485,2024-01-03 01:05:00,view,1448,Home,762,Mobile,New
1266,1485,2024-01-03 01:08:00,cart,1448,Home,762,Mobile,New
1266,1485,2024-01-03 01:10:00,checkout,1448,Home,762,Mobile,New
1266,1485,2024-01-03 01:13:00,purchase,1448,Home,762,Mobile,New
794,1486,2024-01-29 10:57:00,view,1948,Electronics,858,Mobile,Returning
794,1486,2024-01-29 10:58:00,cart,1948,Electronics,858,Mobile,Returning
1777,1487,2024-01-31 22:52:00,view,1168,Beauty,164,Mobile,Returning
1777,1487,2024-01-31 22:53:00,cart,1168,Beauty,164,Mobile,Returning
1777,1487,2024-01-31 22:56:00,checkout,1168,Beauty,164,Mobile,Returning
1777,1487,2024-01-31 22:57:00,purchase,1168,Beauty,164,Mobile,Returning
1906,1488,2024-02-01 09:10:00,view,1980,Beauty,450,Mobile,New
5,1489,2024-01-26 10:50:00,view,1374,Fashion,544,Desktop,New
1620,1490,2024-01-16 02:04:00,view,1149,Home,489,Desktop,Returning
1844,1491,2024-01-04 13:45:00,view,1489,Home,601,Mobile,Returning
1844,1491,2024-01-04 13:48:00,cart,1489,Home,601,Mobile,Returning
1844,1491,2024-01-04 13:50:00,checkout,1489,Home,601,Mobile,Returning
361,1492,2024-01-29 22:51:00,view,1279,Electronics,432,Mobile,New
361,1492,2024-01-29 22:55:00,cart,1279,Electronics,432,Mobile,New
361,1492,2024-01-29 22:58:00,checkout,1279,Electronics,432,Mobile,New
361,1492,2024-01-29 23:00:00,purchase,1279,Electronics,432,Mobile,New
459,1493,2024-01-03 15:46:00,view,1123,Beauty,387,Desktop,New
459,1493,2024-01-03 15:49:00,cart,1123,Beauty,387,Desktop,New
459,1493,2024-01-03 15:53:00,checkout,1123,Beauty,387,Desktop,New
459,1493,2024-01-03 15:54:00,purchase,1123,Beauty,387,Desktop,New
248,1494,2024-01-09 00:22:00,view,1596,Home,40,Tablet,Returning
1590,1495,2024-01-12 07:49:00,view,1322,Fashion,380,Mobile,Returning
1697,1496,2024-01-11 06:55:00,view,1429,Fashion,561,Mobile,New
1697,1496,2024-01-11 06:59:00,cart,1429,Fashion,561,Mobile,New
1697,1496,2024-01-11 07:03:00,checkout,1429,Fashion,561,Mobile,New
1697,1496,2024-01-11 07:06:00,purchase,1429,Fashion,561,Mobile,New
946,1497,2024-01-15 21:09:00,view,1056,Fashion,437,Mobile,New
946,1497,2024-01-15 21:10:00,cart,1056,Fashion,437,Mobile,New
946,1497,2024-01-15 21:13:00,checkout,1056,Fashion,437,Mobile,New
946,1497,2024-01-15 21:17:00,purchase,1056,Fashion,437,Mobile,New
422,1498,2024-01-28 21:38:00,view,1053,Electronics,813,Mobile,Returning
1947,1499,2024-01-07 21:28:00,view,1003,Fashion,987,Mobile,New
1947,1499,2024-01-07 21:29:00,cart,1003,Fashion,987,Mobile,New
1762,1500,2024-01-22 04:33:00,view,1374,Beauty,329,Mobile,Returning
1762,1500,2024-01-22 04:36:00,cart,1374,Beauty,329,Mobile,Returning
1762,1500,2024-01-22 04:37:00,checkout,1374,Beauty,329,Mobile,Returning
1762,1500,2024-01-22 04:39:00,purchase,1374,Beauty,329,Mobile,Returning
15,1501,2024-02-02 23:59:00,view,1179,Beauty,565,Desktop,New
15,1501,2024-02-03 00:02:00,cart,1179,Beauty,565,Desktop,New
15,1501,2024-02-03 00:03:00,checkout,1179,Beauty,565,Desktop,New
15,1501,2024-02-03 00:06:00,purchase,1179,Beauty,565,Desktop,New
736,1502,2024-02-02 23:04:00,view,1076,Fashion,856,Mobile,Returning
736,1502,2024-02-02 23:07:00,cart,1076,Fashion,856,Mobile,Returning
736,1502,2024-02-02 23:09:00,checkout,1076,Fashion,856,Mobile,Returning
736,1502,2024-02-02 23:10:00,purchase,1076,Fashion,856,Mobile,Returning
1597,1503,2024-01-17 23:52:00,view,1042,Electronics,909,Mobile,New
1597,1503,2024-01-17 23:54:00,cart,1042,Electronics,909,Mobile,New
1597,1503,2024-01-17 23:56:00,checkout,1042,Electronics,909,Mobile,New
1597,1503,2024-01-17 23:58:00,purchase,1042,Electronics,909,Mobile,New
1146,1504,2024-01-08 08:07:00,view,1749,Fashion,316,Mobile,Returning
277,1505,2024-01-04 20:08:00,view,1991,Home,929,Mobile,Returning
1582,1506,2024-01-28 02:20:00,view,1129,Beauty,651,Mobile,New
453,1507,2024-01-05 20:02:00,view,1629,Electronics,664,Mobile,New
1414,1508,2024-01-21 19:56:00,view,1016,Home,756,Desktop,New
1318,1509,2024-01-17 21:09:00,view,1206,Electronics,90,Mobile,Returning
1318,1509,2024-01-17 21:12:00,cart,1206,Electronics,90,Mobile,Returning
1598,1510,2024-01-24 02:27:00,view,1161,Beauty,623,Desktop,New
1598,1510,2024-01-24 02:28:00,cart,1161,Beauty,623,Desktop,New
1598,1510,2024-01-24 02:32:00,checkout,1161,Beauty,623,Desktop,New
1598,1510,2024-01-24 02:35:00,purchase,1161,Beauty,623,Desktop,New
598,1511,2024-02-04 13:40:00,view,1755,Home,585,Desktop,New
446,1512,2024-01-08 10:20:00,view,1880,Beauty,461,Mobile,Returning
446,1512,2024-01-08 10:23:00,cart,1880,Beauty,461,Mobile,Returning
446,1512,2024-01-08 10:26:00,checkout,1880,Beauty,461,Mobile,Returning
210,1513,2024-01-11 14:32:00,view,1703,Fashion,439,Mobile,New
1614,1514,2024-01-31 20:35:00,view,1495,Fashion,763,Mobile,New
1614,1514,2024-01-31 20:38:00,cart,1495,Fashion,763,Mobile,New
1614,1514,2024-01-31 20:40:00,checkout,1495,Fashion,763,Mobile,New
1614,1514,2024-01-31 20:42:00,purchase,1495,Fashion,763,Mobile,New
714,1515,2024-01-15 08:44:00,view,1151,Fashion,386,Desktop,New
714,1515,2024-01-15 08:46:00,cart,1151,Fashion,386,Desktop,New
714,1515,2024-01-15 08:47:00,checkout,1151,Fashion,386,Desktop,New
714,1515,2024-01-15 08:51:00,purchase,1151,Fashion,386,Desktop,New
302,1516,2024-01-01 14:24:00,view,1104,Beauty,109,Desktop,New
302,1516,2024-01-01 14:26:00,cart,1104,Beauty,109,Desktop,New
302,1516,2024-01-01 14:28:00,checkout,1104,Beauty,109,Desktop,New
302,1516,2024-01-01 14:30:00,purchase,1104,Beauty,109,Desktop,New
1933,1517,2024-01-05 15:12:00,view,1393,Electronics,469,Desktop,New
1247,1518,2024-02-02 10:47:00,view,1429,Beauty,369,Mobile,New
1758,1519,2024-01-23 18:16:00,view,1650,Fashion,569,Desktop,New
1758,1519,2024-01-23 18:19:00,cart,1650,Fashion,569,Desktop,New
3,1520,2024-01-21 05:28:00,view,1721,Fashion,466,Mobile,Returning
3,1520,2024-01-21 05:32:00,cart,1721,Fashion,466,Mobile,Returning
3,1520,2024-01-21 05:36:00,checkout,1721,Fashion,466,Mobile,Returning
3,1520,2024-01-21 05:39:00,purchase,1721,Fashion,466,Mobile,Returning
990,1521,2024-01-08 18:40:00,view,1035,Home,671,Mobile,Returning
990,1521,2024-01-08 18:43:00,cart,1035,Home,671,Mobile,Returning
990,1521,2024-01-08 18:44:00,checkout,1035,Home,671,Mobile,Returning
990,1521,2024-01-08 18:45:00,purchase,1035,Home,671,Mobile,Returning
1542,1522,2024-01-02 06:32:00,view,1165,Electronics,447,Mobile,New
1542,1522,2024-01-02 06:36:00,cart,1165,Electronics,447,Mobile,New
1117,1523,2024-01-10 11:44:00,view,1392,Fashion,671,Mobile,New
1117,1523,2024-01-10 11:47:00,cart,1392,Fashion,671,Mobile,New
1117,1523,2024-01-10 11:49:00,checkout,1392,Fashion,671,Mobile,New
1117,1523,2024-01-10 11:52:00,purchase,1392,Fashion,671,Mobile,New
520,1524,2024-01-25 11:46:00,view,1132,Beauty,986,Desktop,New
520,1524,2024-01-25 11:48:00,cart,1132,Beauty,986,Desktop,New
1452,1525,2024-01-13 16:07:00,view,1590,Beauty,408,Mobile,Returning
1452,1525,2024-01-13 16:10:00,cart,1590,Beauty,408,Mobile,Returning
1452,1525,2024-01-13 16:14:00,checkout,1590,Beauty,408,Mobile,Returning
493,1526,2024-01-05 16:24:00,view,1245,Beauty,568,Mobile,New
493,1526,2024-01-05 16:28:00,cart,1245,Beauty,568,Mobile,New
493,1526,2024-01-05 16:29:00,checkout,1245,Beauty,568,Mobile,New
1259,1527,2024-01-25 02:46:00,view,1314,Fashion,658,Mobile,New
1259,1527,2024-01-25 02:49:00,cart,1314,Fashion,658,Mobile,New
620,1528,2024-01-14 14:40:00,view,1506,Home,252,Desktop,Returning
1185,1529,2024-01-15 04:48:00,view,1590,Beauty,800,Desktop,New
1185,1529,2024-01-15 04:51:00,cart,1590,Beauty,800,Desktop,New
1185,1529,2024-01-15 04:52:00,checkout,1590,Beauty,800,Desktop,New
1745,1530,2024-01-19 07:54:00,view,1232,Fashion,444,Mobile,New
1745,1530,2024-01-19 07:58:00,cart,1232,Fashion,444,Mobile,New
1776,1531,2024-01-01 22:42:00,view,1708,Home,759,Mobile,New
1776,1531,2024-01-01 22:46:00,cart,1708,Home,759,Mobile,New
331,1532,2024-01-24 17:33:00,view,1923,Beauty,475,Mobile,New
333,1533,2024-01-14 16:02:00,view,1768,Home,499,Desktop,New
333,1533,2024-01-14 16:05:00,cart,1768,Home,499,Desktop,New
333,1533,2024-01-14 16:08:00,checkout,1768,Home,499,Desktop,New
333,1533,2024-01-14 16:09:00,purchase,1768,Home,499,Desktop,New
50,1534,2024-01-21 17:19:00,view,1283,Home,403,Mobile,New
50,1534,2024-01-21 17:21:00,cart,1283,Home,403,Mobile,New
50,1534,2024-01-21 17:25:00,checkout,1283,Home,403,Mobile,New
50,1534,2024-01-21 17:29:00,purchase,1283,Home,403,Mobile,New
1547,1535,2024-01-02 17:53:00,view,1227,Home,631,Mobile,Returning
1547,1535,2024-01-02 17:55:00,cart,1227,Home,631,Mobile,Returning
1547,1535,2024-01-02 17:58:00,checkout,1227,Home,631,Mobile,Returning
1547,1535,2024-01-02 18:00:00,purchase,1227,Home,631,Mobile,Returning
863,1536,2024-01-31 23:21:00,view,1301,Electronics,261,Mobile,New
1692,1537,2024-01-23 13:59:00,view,1648,Fashion,102,Mobile,New
1692,1537,2024-01-23 14:03:00,cart,1648,Fashion,102,Mobile,New
1516,1538,2024-01-11 07:38:00,view,1611,Home,72,Desktop,New
1516,1538,2024-01-11 07:40:00,cart,1611,Home,72,Desktop,New
1606,1539,2024-01-09 00:54:00,view,1703,Electronics,835,Mobile,New
1606,1539,2024-01-09 00:57:00,cart,1703,Electronics,835,Mobile,New
1606,1539,2024-01-09 01:01:00,checkout,1703,Electronics,835,Mobile,New
1606,1539,2024-01-09 01:03:00,purchase,1703,Electronics,835,Mobile,New
1705,1540,2024-02-04 01:03:00,view,1117,Electronics,946,Mobile,New
1705,1540,2024-02-04 01:07:00,cart,1117,Electronics,946,Mobile,New
1705,1540,2024-02-04 01:09:00,checkout,1117,Electronics,946,Mobile,New
272,1541,2024-02-02 08:20:00,view,1392,Beauty,325,Mobile,Returning
580,1542,2024-01-27 02:50:00,view,1751,Fashion,677,Mobile,New
1891,1543,2024-01-29 06:36:00,view,1647,Beauty,956,Desktop,New
1891,1543,2024-01-29 06:38:00,cart,1647,Beauty,956,Desktop,New
1891,1543,2024-01-29 06:39:00,checkout,1647,Beauty,956,Desktop,New
1891,1543,2024-01-29 06:40:00,purchase,1647,Beauty,956,Desktop,New
1276,1544,2024-01-11 15:50:00,view,1648,Beauty,917,Mobile,New
560,1545,2024-01-01 21:18:00,view,1528,Home,348,Desktop,Returning
560,1545,2024-01-01 21:19:00,cart,1528,Home,348,Desktop,Returning
560,1545,2024-01-01 21:21:00,checkout,1528,Home,348,Desktop,Returning
560,1545,2024-01-01 21:25:00,purchase,1528,Home,348,Desktop,Returning
696,1546,2024-01-11 21:21:00,view,1523,Beauty,94,Desktop,Returning
696,1546,2024-01-11 21:22:00,cart,1523,Beauty,94,Desktop,Returning
696,1546,2024-01-11 21:26:00,checkout,1523,Beauty,94,Desktop,Returning
696,1546,2024-01-11 21:30:00,purchase,1523,Beauty,94,Desktop,Returning
1856,1547,2024-01-06 09:33:00,view,1847,Fashion,37,Mobile,New
1723,1548,2024-01-04 02:47:00,view,1643,Fashion,664,Mobile,New
1114,1549,2024-01-14 07:53:00,view,1995,Home,216,Mobile,New
446,1550,2024-01-14 05:56:00,view,1510,Beauty,884,Desktop,Returning
1017,1551,2024-01-06 23:52:00,view,1200,Home,562,Mobile,New
1017,1551,2024-01-06 23:53:00,cart,1200,Home,562,Mobile,New
1017,1551,2024-01-06 23:55:00,checkout,1200,Home,562,Mobile,New
1017,1551,2024-01-06 23:58:00,purchase,1200,Home,562,Mobile,New
1356,1552,2024-01-28 05:08:00,view,1363,Home,638,Mobile,Returning
1163,1553,2024-01-27 11:54:00,view,1539,Beauty,467,Mobile,New
1163,1553,2024-01-27 11:56:00,cart,1539,Beauty,467,Mobile,New
1163,1553,2024-01-27 12:00:00,checkout,1539,Beauty,467,Mobile,New
1163,1553,2024-01-27 12:04:00,purchase,1539,Beauty,467,Mobile,New
357,1554,2024-01-14 15:57:00,view,1208,Home,519,Desktop,New
357,1554,2024-01-14 15:58:00,cart,1208,Home,519,Desktop,New
1625,1555,2024-01-06 23:40:00,view,1983,Fashion,67,Mobile,New
274,1556,2024-01-26 05:21:00,view,1641,Electronics,354,Mobile,Returning
274,1556,2024-01-26 05:24:00,cart,1641,Electronics,354,Mobile,Returning
1043,1557,2024-01-15 06:53:00,view,1890,Beauty,154,Mobile,New
1043,1557,2024-01-15 06:54:00,cart,1890,Beauty,154,Mobile,New
1043,1557,2024-01-15 06:58:00,checkout,1890,Beauty,154,Mobile,New
1043,1557,2024-01-15 07:00:00,purchase,1890,Beauty,154,Mobile,New
311,1558,2024-02-01 00:53:00,view,1017,Home,683,Mobile,New
311,1558,2024-02-01 00:56:00,cart,1017,Home,683,Mobile,New
311,1558,2024-02-01 00:59:00,checkout,1017,Home,683,Mobile,New
870,1559,2024-01-03 06:24:00,view,1852,Electronics,496,Desktop,Returning
886,1560,2024-01-18 00:37:00,view,1358,Fashion,160,Mobile,New
154,1561,2024-01-14 12:29:00,view,1206,Electronics,56,Desktop,New
1414,1562,2024-01-07 01:55:00,view,1946,Home,492,Desktop,New
1284,1563,2024-01-02 12:27:00,view,1696,Home,649,Mobile,New
1284,1563,2024-01-02 12:31:00,cart,1696,Home,649,Mobile,New
1284,1563,2024-01-02 12:34:00,checkout,1696,Home,649,Mobile,New
1284,1563,2024-01-02 12:37:00,purchase,1696,Home,649,Mobile,New
620,1564,2024-01-19 12:17:00,view,1339,Fashion,948,Desktop,Returning
620,1564,2024-01-19 12:21:00,cart,1339,Fashion,948,Desktop,Returning
883,1565,2024-01-23 11:46:00,view,1315,Fashion,462,Mobile,New
797,1566,2024-01-31 15:46:00,view,1473,Fashion,903,Mobile,Returning
797,1566,2024-01-31 15:50:00,cart,1473,Fashion,903,Mobile,Returning
797,1566,2024-01-31 15:54:00,checkout,1473,Fashion,903,Mobile,Returning
797,1566,2024-01-31 15:56:00,purchase,1473,Fashion,903,Mobile,Returning
1595,1567,2024-01-29 06:22:00,view,1533,Electronics,40,Desktop,Returning
1595,1567,2024-01-29 06:24:00,cart,1533,Electronics,40,Desktop,Returning
1595,1567,2024-01-29 06:25:00,checkout,1533,Electronics,40,Desktop,Returning
1595,1567,2024-01-29 06:28:00,purchase,1533,Electronics,40,Desktop,Returning
125,1568,2024-01-15 04:47:00,view,1564,Home,559,Mobile,New
1378,1569,2024-02-01 21:42:00,view,1508,Electronics,934,Desktop,New
1378,1569,2024-02-01 21:43:00,cart,1508,Electronics,934,Desktop,New
1378,1569,2024-02-01 21:44:00,checkout,1508,Electronics,934,Desktop,New
1378,1569,2024-02-01 21:46:00,purchase,1508,Electronics,934,Desktop,New
1297,1570,2024-02-02 02:37:00,view,1444,Electronics,310,Mobile,New
619,1571,2024-01-26 10:20:00,view,1020,Home,358,Desktop,Returning
1835,1572,2024-01-11 10:22:00,view,1843,Home,710,Mobile,Returning
1835,1572,2024-01-11 10:26:00,cart,1843,Home,710,Mobile,Returning
245,1573,2024-01-07 01:11:00,view,1095,Electronics,452,Mobile,New
245,1573,2024-01-07 01:14:00,cart,1095,Electronics,452,Mobile,New
245,1573,2024-01-07 01:15:00,checkout,1095,Electronics,452,Mobile,New
245,1573,2024-01-07 01:19:00,purchase,1095,Electronics,452,Mobile,New
848,1574,2024-01-23 07:05:00,view,1245,Electronics,148,Mobile,Returning
450,1575,2024-01-27 05:50:00,view,1169,Electronics,724,Desktop,New
930,1576,2024-01-12 13:56:00,view,1239,Home,619,Desktop,New
1271,1577,2024-01-07 13:25:00,view,1235,Electronics,603,Mobile,Returning
520,1578,2024-01-14 19:29:00,view,1002,Fashion,803,Desktop,New
520,1578,2024-01-14 19:32:00,cart,1002,Fashion,803,Desktop,New
520,1578,2024-01-14 19:33:00,checkout,1002,Fashion,803,Desktop,New
520,1578,2024-01-14 19:34:00,purchase,1002,Fashion,803,Desktop,New
1165,1579,2024-01-14 00:52:00,view,1341,Electronics,301,Mobile,New
1165,1579,2024-01-14 00:54:00,cart,1341,Electronics,301,Mobile,New
1165,1579,2024-01-14 00:56:00,checkout,1341,Electronics,301,Mobile,New
1165,1579,2024-01-14 00:59:00,purchase,1341,Electronics,301,Mobile,New
362,1580,2024-01-26 05:54:00,view,1468,Home,651,Mobile,Returning
8,1581,2024-02-02 03:37:00,view,1454,Beauty,686,Desktop,Returning
478,1582,2024-01-05 22:05:00,view,1097,Electronics,23,Desktop,New
1376,1583,2024-01-03 20:53:00,view,1984,Fashion,499,Desktop,Returning
495,1584,2024-01-27 04:51:00,view,1623,Electronics,768,Desktop,New
1630,1585,2024-01-03 22:21:00,view,1232,Home,855,Mobile,New
833,1586,2024-01-02 16:38:00,view,1238,Fashion,704,Desktop,New
1451,1587,2024-01-12 16:01:00,view,1596,Electronics,749,Mobile,New
1063,1588,2024-01-27 16:44:00,view,1462,Home,917,Mobile,Returning
1063,1588,2024-01-27 16:47:00,cart,1462,Home,917,Mobile,Returning
593,1589,2024-02-01 19:50:00,view,1997,Fashion,48,Mobile,New
187,1590,2024-01-12 07:08:00,view,1644,Beauty,708,Mobile,Returning
1620,1591,2024-01-17 17:11:00,view,1142,Fashion,776,Mobile,Returning
1624,1592,2024-01-17 23:38:00,view,1054,Fashion,83,Mobile,Returning
1624,1592,2024-01-17 23:42:00,cart,1054,Fashion,83,Mobile,Returning
754,1593,2024-01-26 00:28:00,view,1427,Beauty,31,Mobile,New
1878,1594,2024-01-04 03:09:00,view,1946,Home,348,Mobile,New
1878,1594,2024-01-04 03:13:00,cart,1946,Home,348,Mobile,New
93,1595,2024-01-23 13:05:00,view,1087,Electronics,907,Mobile,Returning
93,1595,2024-01-23 13:08:00,cart,1087,Electronics,907,Mobile,Returning
93,1595,2024-01-23 13:11:00,checkout,1087,Electronics,907,Mobile,Returning
86,1596,2024-02-01 13:40:00,view,1818,Fashion,279,Mobile,New
86,1596,2024-02-01 13:44:00,cart,1818,Fashion,279,Mobile,New
1068,1597,2024-01-08 19:08:00,view,1635,Electronics,345,Mobile,New
137,1598,2024-02-04 10:03:00,view,1591,Electronics,130,Desktop,New
137,1598,2024-02-04 10:06:00,cart,1591,Electronics,130,Desktop,New
137,1598,2024-02-04 10:07:00,checkout,1591,Electronics,130,Desktop,New
137,1598,2024-02-04 10:09:00,purchase,1591,Electronics,130,Desktop,New
421,1599,2024-01-11 07:29:00,view,1556,Beauty,250,Desktop,Returning
421,1599,2024-01-11 07:30:00,cart,1556,Beauty,250,Desktop,Returning
421,1599,2024-01-11 07:31:00,checkout,1556,Beauty,250,Desktop,Returning
421,1599,2024-01-11 07:35:00,purchase,1556,Beauty,250,Desktop,Returning
74,1600,2024-01-05 00:35:00,view,1043,Beauty,361,Desktop,Returning
1572,1601,2024-01-20 08:23:00,view,1662,Electronics,147,Mobile,New
1572,1601,2024-01-20 08:26:00,cart,1662,Electronics,147,Mobile,New
1572,1601,2024-01-20 08:28:00,checkout,1662,Electronics,147,Mobile,New
1572,1601,2024-01-20 08:30:00,purchase,1662,Electronics,147,Mobile,New
1637,1602,2024-02-01 01:12:00,view,1672,Fashion,521,Desktop,New
1637,1602,2024-02-01 01:16:00,cart,1672,Fashion,521,Desktop,New
1536,1603,2024-01-04 21:17:00,view,1329,Home,40,Mobile,New
1536,1603,2024-01-04 21:21:00,cart,1329,Home,40,Mobile,New
1180,1604,2024-01-17 09:40:00,view,1184,Fashion,468,Mobile,New
1180,1604,2024-01-17 09:43:00,cart,1184,Fashion,468,Mobile,New
1180,1604,2024-01-17 09:47:00,checkout,1184,Fashion,468,Mobile,New
1962,1605,2024-01-17 08:48:00,view,1585,Fashion,263,Mobile,New
1279,1606,2024-01-14 05:39:00,view,1259,Beauty,175,Desktop,New
171,1607,2024-01-23 07:37:00,view,1995,Electronics,128,Mobile,Returning
171,1607,2024-01-23 07:41:00,cart,1995,Electronics,128,Mobile,Returning
171,1607,2024-01-23 07:45:00,checkout,1995,Electronics,128,Mobile,Returning
171,1607,2024-01-23 07:47:00,purchase,1995,Electronics,128,Mobile,Returning
1752,1608,2024-01-31 23:16:00,view,1864,Home,703,Mobile,New
1752,1608,2024-01-31 23:20:00,cart,1864,Home,703,Mobile,New
170,1609,2024-01-29 06:09:00,view,1196,Electronics,14,Mobile,New
170,1609,2024-01-29 06:11:00,cart,1196,Electronics,14,Mobile,New
170,1609,2024-01-29 06:12:00,checkout,1196,Electronics,14,Mobile,New
1788,1610,2024-01-14 09:42:00,view,1426,Electronics,549,Desktop,Returning
872,1611,2024-01-07 00:14:00,view,1853,Fashion,570,Desktop,New
872,1611,2024-01-07 00:15:00,cart,1853,Fashion,570,Desktop,New
872,1611,2024-01-07 00:17:00,checkout,1853,Fashion,570,Desktop,New
872,1611,2024-01-07 00:18:00,purchase,1853,Fashion,570,Desktop,New
322,1612,2024-01-14 06:33:00,view,1582,Fashion,78,Mobile,Returning
322,1612,2024-01-14 06:35:00,cart,1582,Fashion,78,Mobile,Returning
1591,1613,2024-02-03 11:11:00,view,1031,Electronics,717,Mobile,Returning
1591,1613,2024-02-03 11:12:00,cart,1031,Electronics,717,Mobile,Returning
1591,1613,2024-02-03 11:16:00,checkout,1031,Electronics,717,Mobile,Returning
456,1614,2024-01-02 17:35:00,view,1881,Beauty,629,Mobile,New
456,1614,2024-01-02 17:36:00,cart,1881,Beauty,629,Mobile,New
456,1614,2024-01-02 17:40:00,checkout,1881,Beauty,629,Mobile,New
456,1614,2024-01-02 17:44:00,purchase,1881,Beauty,629,Mobile,New
944,1615,2024-02-04 02:04:00,view,1481,Fashion,994,Desktop,Returning
944,1615,2024-02-04 02:07:00,cart,1481,Fashion,994,Desktop,Returning
944,1615,2024-02-04 02:09:00,checkout,1481,Fashion,994,Desktop,Returning
1627,1616,2024-01-21 21:56:00,view,1119,Fashion,582,Mobile,New
1627,1616,2024-01-21 21:58:00,cart,1119,Fashion,582,Mobile,New
1627,1616,2024-01-21 22:01:00,checkout,1119,Fashion,582,Mobile,New
1627,1616,2024-01-21 22:02:00,purchase,1119,Fashion,582,Mobile,New
790,1617,2024-01-17 22:31:00,view,1491,Electronics,232,Desktop,Returning
790,1617,2024-01-17 22:33:00,cart,1491,Electronics,232,Desktop,Returning
613,1618,2024-01-22 13:10:00,view,1748,Beauty,319,Mobile,Returning
613,1618,2024-01-22 13:11:00,cart,1748,Beauty,319,Mobile,Returning
613,1618,2024-01-22 13:14:00,checkout,1748,Beauty,319,Mobile,Returning
613,1618,2024-01-22 13:15:00,purchase,1748,Beauty,319,Mobile,Returning
1179,1619,2024-02-02 09:20:00,view,1627,Beauty,102,Desktop,Returning
1179,1619,2024-02-02 09:23:00,cart,1627,Beauty,102,Desktop,Returning
889,1620,2024-01-28 18:34:00,view,1804,Fashion,477,Mobile,New
349,1621,2024-01-15 09:03:00,view,1029,Electronics,921,Mobile,New
1475,1622,2024-01-16 17:14:00,view,1457,Electronics,70,Mobile,New
1900,1623,2024-01-27 09:26:00,view,1339,Fashion,967,Mobile,Returning
1677,1624,2024-02-03 12:39:00,view,1835,Fashion,962,Mobile,New
1677,1624,2024-02-03 12:42:00,cart,1835,Fashion,962,Mobile,New
1677,1624,2024-02-03 12:43:00,checkout,1835,Fashion,962,Mobile,New
1197,1625,2024-01-16 14:36:00,view,1658,Fashion,953,Desktop,Returning
10,1626,2024-02-01 19:16:00,view,1465,Beauty,794,Mobile,Returning
740,1627,2024-01-30 11:04:00,view,1039,Beauty,608,Desktop,New
1289,1628,2024-01-29 09:36:00,view,1946,Electronics,294,Desktop,New
1289,1628,2024-01-29 09:40:00,cart,1946,Electronics,294,Desktop,New
1289,1628,2024-01-29 09:41:00,checkout,1946,Electronics,294,Desktop,New
1462,1629,2024-01-13 09:19:00,view,1091,Electronics,424,Mobile,Returning
1462,1629,2024-01-13 09:22:00,cart,1091,Electronics,424,Mobile,Returning
1462,1629,2024-01-13 09:26:00,checkout,1091,Electronics,424,Mobile,Returning
1462,1629,2024-01-13 09:29:00,purchase,1091,Electronics,424,Mobile,Returning
1784,1630,2024-01-12 06:36:00,view,1399,Home,221,Desktop,Returning
1784,1630,2024-01-12 06:40:00,cart,1399,Home,221,Desktop,Returning
1784,1630,2024-01-12 06:43:00,checkout,1399,Home,221,Desktop,Returning
1784,1630,2024-01-12 06:45:00,purchase,1399,Home,221,Desktop,Returning
1271,1631,2024-01-23 07:16:00,view,1682,Beauty,265,Desktop,Returning
667,1632,2024-01-30 21:54:00,view,1316,Beauty,349,Mobile,New
667,1632,2024-01-30 21:57:00,cart,1316,Beauty,349,Mobile,New
667,1632,2024-01-30 22:00:00,checkout,1316,Beauty,349,Mobile,New
667,1632,2024-01-30 22:04:00,purchase,1316,Beauty,349,Mobile,New
546,1633,2024-01-03 14:59:00,view,1764,Beauty,817,Desktop,New
546,1633,2024-01-03 15:03:00,cart,1764,Beauty,817,Desktop,New
1523,1634,2024-01-21 18:39:00,view,1357,Beauty,289,Mobile,New
1523,1634,2024-01-21 18:43:00,cart,1357,Beauty,289,Mobile,New
1523,1634,2024-01-21 18:47:00,checkout,1357,Beauty,289,Mobile,New
1523,1634,2024-01-21 18:50:00,purchase,1357,Beauty,289,Mobile,New
129,1635,2024-01-22 08:43:00,view,1190,Electronics,89,Mobile,New
129,1635,2024-01-22 08:47:00,cart,1190,Electronics,89,Mobile,New
129,1635,2024-01-22 08:50:00,checkout,1190,Electronics,89,Mobile,New
129,1635,2024-01-22 08:51:00,purchase,1190,Electronics,89,Mobile,New
1696,1636,2024-01-20 09:09:00,view,1501,Fashion,605,Desktop,New
1696,1636,2024-01-20 09:11:00,cart,1501,Fashion,605,Desktop,New
1696,1636,2024-01-20 09:14:00,checkout,1501,Fashion,605,Desktop,New
1696,1636,2024-01-20 09:16:00,purchase,1501,Fashion,605,Desktop,New
601,1637,2024-01-11 14:52:00,view,1805,Home,940,Mobile,New
601,1637,2024-01-11 14:56:00,cart,1805,Home,940,Mobile,New
601,1637,2024-01-11 14:59:00,checkout,1805,Home,940,Mobile,New
605,1638,2024-01-13 09:11:00,view,1386,Electronics,254,Mobile,New
605,1638,2024-01-13 09:13:00,cart,1386,Electronics,254,Mobile,New
605,1638,2024-01-13 09:16:00,checkout,1386,Electronics,254,Mobile,New
605,1638,2024-01-13 09:19:00,purchase,1386,Electronics,254,Mobile,New
327,1639,2024-01-12 14:43:00,view,1658,Fashion,285,Mobile,New
1777,1640,2024-02-01 13:12:00,view,1602,Fashion,688,Desktop,Returning
1777,1640,2024-02-01 13:15:00,cart,1602,Fashion,688,Desktop,Returning
1859,1641,2024-01-25 17:05:00,view,1750,Beauty,661,Desktop,Returning
1859,1641,2024-01-25 17:07:00,cart,1750,Beauty,661,Desktop,Returning
1859,1641,2024-01-25 17:10:00,checkout,1750,Beauty,661,Desktop,Returning
1859,1641,2024-01-25 17:12:00,purchase,1750,Beauty,661,Desktop,Returning
980,1642,2024-01-25 13:20:00,view,1413,Electronics,679,Mobile,New
404,1643,2024-01-20 03:14:00,view,1894,Electronics,339,Desktop,Returning
629,1644,2024-01-23 16:58:00,view,1162,Electronics,361,Desktop,New
1630,1645,2024-01-12 22:24:00,view,1326,Beauty,336,Mobile,New
1630,1645,2024-01-12 22:26:00,cart,1326,Beauty,336,Mobile,New
1630,1645,2024-01-12 22:28:00,checkout,1326,Beauty,336,Mobile,New
1630,1645,2024-01-12 22:29:00,purchase,1326,Beauty,336,Mobile,New
1699,1646,2024-01-25 03:12:00,view,1332,Beauty,953,Mobile,Returning
1635,1647,2024-01-24 10:20:00,view,1444,Electronics,60,Desktop,Returning
1649,1648,2024-01-09 06:43:00,view,1639,Home,386,Desktop,Returning
1649,1648,2024-01-09 06:46:00,cart,1639,Home,386,Desktop,Returning
1649,1648,2024-01-09 06:48:00,checkout,1639,Home,386,Desktop,Returning
1649,1648,2024-01-09 06:51:00,purchase,1639,Home,386,Desktop,Returning
1383,1649,2024-01-13 05:55:00,view,1219,Home,143,Desktop,Returning
1383,1649,2024-01-13 05:56:00,cart,1219,Home,143,Desktop,Returning
1383,1649,2024-01-13 05:59:00,checkout,1219,Home,143,Desktop,Returning
1627,1650,2024-01-13 14:51:00,view,1471,Home,508,Mobile,New
1627,1650,2024-01-13 14:52:00,cart,1471,Home,508,Mobile,New
1627,1650,2024-01-13 14:54:00,checkout,1471,Home,508,Mobile,New
1627,1650,2024-01-13 14:57:00,purchase,1471,Home,508,Mobile,New
1882,1651,2024-01-25 03:05:00,view,1015,Fashion,742,Mobile,Returning
1882,1651,2024-01-25 03:08:00,cart,1015,Fashion,742,Mobile,Returning
1882,1651,2024-01-25 03:10:00,checkout,1015,Fashion,742,Mobile,Returning
1882,1651,2024-01-25 03:12:00,purchase,1015,Fashion,742,Mobile,Returning
718,1652,2024-01-23 19:13:00,view,1379,Beauty,982,Mobile,Returning
718,1652,2024-01-23 19:15:00,cart,1379,Beauty,982,Mobile,Returning
718,1652,2024-01-23 19:18:00,checkout,1379,Beauty,982,Mobile,Returning
718,1652,2024-01-23 19:19:00,purchase,1379,Beauty,982,Mobile,Returning
1041,1653,2024-01-27 15:22:00,view,1164,Fashion,519,Mobile,New
1041,1653,2024-01-27 15:24:00,cart,1164,Fashion,519,Mobile,New
274,1654,2024-01-04 06:24:00,view,1140,Electronics,266,Mobile,Returning
274,1654,2024-01-04 06:27:00,cart,1140,Electronics,266,Mobile,Returning
274,1654,2024-01-04 06:30:00,checkout,1140,Electronics,266,Mobile,Returning
274,1654,2024-01-04 06:33:00,purchase,1140,Electronics,266,Mobile,Returning
685,1655,2024-01-31 10:07:00,view,1177,Beauty,268,Desktop,Returning
685,1655,2024-01-31 10:09:00,cart,1177,Beauty,268,Desktop,Returning
116,1656,2024-01-05 09:38:00,view,1363,Home,972,Mobile,Returning
116,1656,2024-01-05 09:40:00,cart,1363,Home,972,Mobile,Returning
116,1656,2024-01-05 09:42:00,checkout,1363,Home,972,Mobile,Returning
116,1656,2024-01-05 09:46:00,purchase,1363,Home,972,Mobile,Returning
861,1657,2024-01-17 20:10:00,view,1356,Home,23,Desktop,Returning
861,1657,2024-01-17 20:13:00,cart,1356,Home,23,Desktop,Returning
861,1657,2024-01-17 20:15:00,checkout,1356,Home,23,Desktop,Returning
861,1657,2024-01-17 20:16:00,purchase,1356,Home,23,Desktop,Returning
693,1658,2024-01-18 21:41:00,view,1095,Home,372,Mobile,New
1115,1659,2024-01-04 07:09:00,view,1106,Beauty,406,Mobile,New
1106,1660,2024-01-29 21:24:00,view,1783,Electronics,938,Mobile,New
324,1661,2024-01-13 18:36:00,view,1725,Home,768,Mobile,New
324,1661,2024-01-13 18:38:00,cart,1725,Home,768,Mobile,New
961,1662,2024-01-14 06:10:00,view,1592,Fashion,851,Mobile,New
961,1662,2024-01-14 06:13:00,cart,1592,Fashion,851,Mobile,New
961,1662,2024-01-14 06:15:00,checkout,1592,Fashion,851,Mobile,New
961,1662,2024-01-14 06:18:00,purchase,1592,Fashion,851,Mobile,New
114,1663,2024-01-08 07:06:00,view,1093,Home,971,Tablet,Returning
114,1663,2024-01-08 07:09:00,cart,1093,Home,971,Tablet,Returning
1793,1664,2024-01-05 06:50:00,view,1929,Home,98,Desktop,New
1793,1664,2024-01-05 06:54:00,cart,1929,Home,98,Desktop,New
1793,1664,2024-01-05 06:57:00,checkout,1929,Home,98,Desktop,New
1793,1664,2024-01-05 06:59:00,purchase,1929,Home,98,Desktop,New
1082,1665,2024-01-04 20:19:00,view,1223,Fashion,651,Mobile,New
154,1666,2024-01-16 17:35:00,view,1680,Electronics,396,Mobile,New
1901,1667,2024-02-01 18:50:00,view,1202,Home,617,Desktop,New
1428,1668,2024-01-09 13:58:00,view,1846,Fashion,842,Mobile,Returning
1428,1668,2024-01-09 14:01:00,cart,1846,Fashion,842,Mobile,Returning
1652,1669,2024-01-19 19:40:00,view,1662,Beauty,187,Mobile,New
1879,1670,2024-01-29 01:00:00,view,1998,Fashion,12,Mobile,New
1879,1670,2024-01-29 01:04:00,cart,1998,Fashion,12,Mobile,New
1879,1670,2024-01-29 01:08:00,checkout,1998,Fashion,12,Mobile,New
1290,1671,2024-01-20 03:42:00,view,1258,Fashion,113,Desktop,New
315,1672,2024-01-11 23:19:00,view,1809,Home,938,Mobile,Returning
315,1672,2024-01-11 23:23:00,cart,1809,Home,938,Mobile,Returning
315,1672,2024-01-11 23:26:00,checkout,1809,Home,938,Mobile,Returning
315,1672,2024-01-11 23:29:00,purchase,1809,Home,938,Mobile,Returning
1739,1673,2024-01-21 05:13:00,view,1952,Electronics,374,Mobile,New
1739,1673,2024-01-21 05:17:00,cart,1952,Electronics,374,Mobile,New
1739,1673,2024-01-21 05:19:00,checkout,1952,Electronics,374,Mobile,New
1739,1673,2024-01-21 05:22:00,purchase,1952,Electronics,374,Mobile,New
1065,1674,2024-01-08 05:50:00,view,1125,Home,349,Desktop,New
1065,1674,2024-01-08 05:53:00,cart,1125,Home,349,Desktop,New
1065,1674,2024-01-08 05:57:00,checkout,1125,Home,349,Desktop,New
1065,1674,2024-01-08 06:01:00,purchase,1125,Home,349,Desktop,New
105,1675,2024-02-02 18:35:00,view,1839,Fashion,231,Mobile,Returning
105,1675,2024-02-02 18:37:00,cart,1839,Fashion,231,Mobile,Returning
1925,1676,2024-01-11 01:44:00,view,1527,Electronics,539,Mobile,Returning
1925,1676,2024-01-11 01:47:00,cart,1527,Electronics,539,Mobile,Returning
1925,1676,2024-01-11 01:51:00,checkout,1527,Electronics,539,Mobile,Returning
1925,1676,2024-01-11 01:53:00,purchase,1527,Electronics,539,Mobile,Returning
1914,1677,2024-01-26 01:48:00,view,1957,Home,218,Mobile,New
1217,1678,2024-01-24 02:30:00,view,1972,Beauty,699,Desktop,New
1217,1678,2024-01-24 02:32:00,cart,1972,Beauty,699,Desktop,New
1217,1678,2024-01-24 02:33:00,checkout,1972,Beauty,699,Desktop,New
1217,1678,2024-01-24 02:35:00,purchase,1972,Beauty,699,Desktop,New
1425,1679,2024-01-20 15:20:00,view,1418,Beauty,116,Mobile,Returning
1302,1680,2024-01-25 01:00:00,view,1458,Fashion,979,Tablet,Returning
354,1681,2024-02-01 23:15:00,view,1703,Beauty,207,Desktop,New
1016,1682,2024-01-19 08:37:00,view,1331,Electronics,565,Mobile,Returning
1016,1682,2024-01-19 08:38:00,cart,1331,Electronics,565,Mobile,Returning
1016,1682,2024-01-19 08:40:00,checkout,1331,Electronics,565,Mobile,Returning
1016,1682,2024-01-19 08:44:00,purchase,1331,Electronics,565,Mobile,Returning
1773,1683,2024-01-30 18:09:00,view,1370,Beauty,656,Tablet,Returning
1961,1684,2024-01-23 01:35:00,view,1649,Home,614,Mobile,New
1961,1684,2024-01-23 01:37:00,cart,1649,Home,614,Mobile,New
1961,1684,2024-01-23 01:41:00,checkout,1649,Home,614,Mobile,New
1961,1684,2024-01-23 01:43:00,purchase,1649,Home,614,Mobile,New
733,1685,2024-01-22 03:33:00,view,1133,Electronics,320,Mobile,Returning
1604,1686,2024-01-12 19:41:00,view,1970,Electronics,369,Mobile,New
1604,1686,2024-01-12 19:45:00,cart,1970,Electronics,369,Mobile,New
709,1687,2024-01-25 07:58:00,view,1143,Beauty,544,Mobile,New
1280,1688,2024-01-19 07:18:00,view,1619,Home,65,Mobile,New
1280,1688,2024-01-19 07:19:00,cart,1619,Home,65,Mobile,New
651,1689,2024-01-13 18:41:00,view,1306,Electronics,394,Mobile,New
651,1689,2024-01-13 18:44:00,cart,1306,Electronics,394,Mobile,New
651,1689,2024-01-13 18:46:00,checkout,1306,Electronics,394,Mobile,New
651,1689,2024-01-13 18:47:00,purchase,1306,Electronics,394,Mobile,New
824,1690,2024-01-07 21:36:00,view,1752,Electronics,840,Mobile,New
947,1691,2024-01-03 02:02:00,view,1509,Home,846,Desktop,New
947,1691,2024-01-03 02:04:00,cart,1509,Home,846,Desktop,New
947,1691,2024-01-03 02:07:00,checkout,1509,Home,846,Desktop,New
947,1691,2024-01-03 02:09:00,purchase,1509,Home,846,Desktop,New
661,1692,2024-01-07 07:39:00,view,1358,Home,311,Mobile,New
99,1693,2024-02-02 12:10:00,view,1051,Fashion,814,Tablet,New
99,1693,2024-02-02 12:12:00,cart,1051,Fashion,814,Tablet,New
99,1693,2024-02-02 12:13:00,checkout,1051,Fashion,814,Tablet,New
99,1693,2024-02-02 12:17:00,purchase,1051,Fashion,814,Tablet,New
588,1694,2024-01-13 18:32:00,view,1927,Beauty,825,Mobile,New
282,1695,2024-01-30 07:45:00,view,1005,Electronics,270,Mobile,New
1907,1696,2024-01-09 14:43:00,view,1221,Fashion,490,Mobile,Returning
1907,1696,2024-01-09 14:44:00,cart,1221,Fashion,490,Mobile,Returning
1907,1696,2024-01-09 14:46:00,checkout,1221,Fashion,490,Mobile,Returning
1907,1696,2024-01-09 14:47:00,purchase,1221,Fashion,490,Mobile,Returning
403,1697,2024-01-03 08:46:00,view,1227,Beauty,570,Mobile,New
1133,1698,2024-01-04 07:28:00,view,1192,Fashion,819,Mobile,New
1133,1698,2024-01-04 07:31:00,cart,1192,Fashion,819,Mobile,New
1133,1698,2024-01-04 07:33:00,checkout,1192,Fashion,819,Mobile,New
1133,1698,2024-01-04 07:35:00,purchase,1192,Fashion,819,Mobile,New
700,1699,2024-01-30 09:54:00,view,1289,Fashion,667,Desktop,New
700,1699,2024-01-30 09:56:00,cart,1289,Fashion,667,Desktop,New
700,1699,2024-01-30 10:00:00,checkout,1289,Fashion,667,Desktop,New
700,1699,2024-01-30 10:04:00,purchase,1289,Fashion,667,Desktop,New
199,1700,2024-01-25 02:53:00,view,1374,Electronics,997,Desktop,Returning
1327,1701,2024-01-18 01:58:00,view,1216,Fashion,463,Tablet,New
1327,1701,2024-01-18 02:02:00,cart,1216,Fashion,463,Tablet,New
1327,1701,2024-01-18 02:06:00,checkout,1216,Fashion,463,Tablet,New
1327,1701,2024-01-18 02:08:00,purchase,1216,Fashion,463,Tablet,New
327,1702,2024-01-16 19:19:00,view,1479,Fashion,784,Mobile,New
154,1703,2024-01-20 11:28:00,view,1264,Home,469,Desktop,New
154,1703,2024-01-20 11:31:00,cart,1264,Home,469,Desktop,New
154,1703,2024-01-20 11:32:00,checkout,1264,Home,469,Desktop,New
154,1703,2024-01-20 11:36:00,purchase,1264,Home,469,Desktop,New
552,1704,2024-01-27 12:15:00,view,1176,Electronics,351,Mobile,Returning
552,1704,2024-01-27 12:17:00,cart,1176,Electronics,351,Mobile,Returning
552,1704,2024-01-27 12:21:00,checkout,1176,Electronics,351,Mobile,Returning
552,1704,2024-01-27 12:22:00,purchase,1176,Electronics,351,Mobile,Returning
1669,1705,2024-01-24 00:23:00,view,1470,Electronics,647,Mobile,New
1669,1705,2024-01-24 00:25:00,cart,1470,Electronics,647,Mobile,New
1669,1705,2024-01-24 00:28:00,checkout,1470,Electronics,647,Mobile,New
1669,1705,2024-01-24 00:29:00,purchase,1470,Electronics,647,Mobile,New
405,1706,2024-01-19 01:40:00,view,1189,Electronics,710,Desktop,New
405,1706,2024-01-19 01:44:00,cart,1189,Electronics,710,Desktop,New
405,1706,2024-01-19 01:48:00,checkout,1189,Electronics,710,Desktop,New
405,1706,2024-01-19 01:49:00,purchase,1189,Electronics,710,Desktop,New
462,1707,2024-01-02 20:45:00,view,1553,Beauty,916,Desktop,Returning
462,1707,2024-01-02 20:48:00,cart,1553,Beauty,916,Desktop,Returning
462,1707,2024-01-02 20:52:00,checkout,1553,Beauty,916,Desktop,Returning
462,1707,2024-01-02 20:53:00,purchase,1553,Beauty,916,Desktop,Returning
132,1708,2024-01-27 03:35:00,view,1887,Fashion,448,Mobile,New
132,1708,2024-01-27 03:37:00,cart,1887,Fashion,448,Mobile,New
132,1708,2024-01-27 03:41:00,checkout,1887,Fashion,448,Mobile,New
791,1709,2024-01-07 07:28:00,view,1139,Home,27,Mobile,New
874,1710,2024-01-19 13:27:00,view,1557,Beauty,234,Mobile,New
874,1710,2024-01-19 13:31:00,cart,1557,Beauty,234,Mobile,New
874,1710,2024-01-19 13:32:00,checkout,1557,Beauty,234,Mobile,New
874,1710,2024-01-19 13:34:00,purchase,1557,Beauty,234,Mobile,New
84,1711,2024-02-02 04:57:00,view,1070,Electronics,796,Desktop,New
84,1711,2024-02-02 05:00:00,cart,1070,Electronics,796,Desktop,New
84,1711,2024-02-02 05:03:00,checkout,1070,Electronics,796,Desktop,New
1423,1712,2024-01-18 15:12:00,view,1915,Beauty,485,Mobile,New
754,1713,2024-01-27 05:20:00,view,1914,Home,617,Tablet,New
628,1714,2024-01-13 15:24:00,view,1279,Fashion,156,Mobile,Returning
628,1714,2024-01-13 15:28:00,cart,1279,Fashion,156,Mobile,Returning
628,1714,2024-01-13 15:29:00,checkout,1279,Fashion,156,Mobile,Returning
1133,1715,2024-01-26 07:09:00,view,1943,Beauty,864,Mobile,New
1133,1715,2024-01-26 07:11:00,cart,1943,Beauty,864,Mobile,New
1133,1715,2024-01-26 07:14:00,checkout,1943,Beauty,864,Mobile,New
1133,1715,2024-01-26 07:15:00,purchase,1943,Beauty,864,Mobile,New
221,1716,2024-01-19 00:05:00,view,1060,Electronics,33,Mobile,Returning
221,1716,2024-01-19 00:07:00,cart,1060,Electronics,33,Mobile,Returning
221,1716,2024-01-19 00:10:00,checkout,1060,Electronics,33,Mobile,Returning
221,1716,2024-01-19 00:14:00,purchase,1060,Electronics,33,Mobile,Returning
1928,1717,2024-01-22 04:50:00,view,1896,Home,83,Mobile,New
553,1718,2024-01-25 03:07:00,view,1564,Beauty,105,Mobile,New
553,1718,2024-01-25 03:08:00,cart,1564,Beauty,105,Mobile,New
553,1718,2024-01-25 03:09:00,checkout,1564,Beauty,105,Mobile,New
553,1718,2024-01-25 03:13:00,purchase,1564,Beauty,105,Mobile,New
1392,1719,2024-02-02 20:08:00,view,1211,Home,82,Desktop,New
1392,1719,2024-02-02 20:11:00,cart,1211,Home,82,Desktop,New
1171,1720,2024-01-26 21:05:00,view,1980,Home,340,Desktop,Returning
1171,1720,2024-01-26 21:08:00,cart,1980,Home,340,Desktop,Returning
112,1721,2024-01-18 04:44:00,view,1444,Home,591,Desktop,New
112,1721,2024-01-18 04:47:00,cart,1444,Home,591,Desktop,New
112,1721,2024-01-18 04:48:00,checkout,1444,Home,591,Desktop,New
615,1722,2024-01-31 05:35:00,view,1327,Beauty,812,Desktop,Returning
615,1722,2024-01-31 05:36:00,cart,1327,Beauty,812,Desktop,Returning
615,1722,2024-01-31 05:37:00,checkout,1327,Beauty,812,Desktop,Returning
615,1722,2024-01-31 05:39:00,purchase,1327,Beauty,812,Desktop,Returning
1582,1723,2024-01-06 03:07:00,view,1514,Fashion,824,Desktop,New
924,1724,2024-01-07 13:35:00,view,1213,Beauty,605,Mobile,Returning
924,1724,2024-01-07 13:38:00,cart,1213,Beauty,605,Mobile,Returning
1518,1725,2024-01-01 02:53:00,view,1387,Home,267,Desktop,Returning
1518,1725,2024-01-01 02:54:00,cart,1387,Home,267,Desktop,Returning
1529,1726,2024-02-02 23:46:00,view,1997,Electronics,49,Mobile,Returning
475,1727,2024-01-24 23:27:00,view,1135,Fashion,281,Mobile,New
836,1728,2024-01-03 20:25:00,view,1675,Fashion,519,Mobile,New
836,1728,2024-01-03 20:27:00,cart,1675,Fashion,519,Mobile,New
836,1728,2024-01-03 20:30:00,checkout,1675,Fashion,519,Mobile,New
836,1728,2024-01-03 20:33:00,purchase,1675,Fashion,519,Mobile,New
1914,1729,2024-01-08 13:23:00,view,1669,Fashion,140,Mobile,New
271,1730,2024-02-03 11:36:00,view,1881,Electronics,26,Mobile,Returning
421,1731,2024-01-08 04:33:00,view,1184,Beauty,887,Tablet,Returning
1921,1732,2024-01-06 07:03:00,view,1441,Beauty,855,Mobile,Returning
1921,1732,2024-01-06 07:04:00,cart,1441,Beauty,855,Mobile,Returning
1921,1732,2024-01-06 07:06:00,checkout,1441,Beauty,855,Mobile,Returning
1921,1732,2024-01-06 07:08:00,purchase,1441,Beauty,855,Mobile,Returning
707,1733,2024-01-09 04:25:00,view,1247,Fashion,225,Mobile,New
1391,1734,2024-01-06 17:30:00,view,1004,Fashion,142,Mobile,New
1391,1734,2024-01-06 17:33:00,cart,1004,Fashion,142,Mobile,New
1391,1734,2024-01-06 17:34:00,checkout,1004,Fashion,142,Mobile,New
1391,1734,2024-01-06 17:37:00,purchase,1004,Fashion,142,Mobile,New
1304,1735,2024-01-23 01:06:00,view,1344,Electronics,314,Mobile,New
1304,1735,2024-01-23 01:08:00,cart,1344,Electronics,314,Mobile,New
1304,1735,2024-01-23 01:12:00,checkout,1344,Electronics,314,Mobile,New
1304,1735,2024-01-23 01:14:00,purchase,1344,Electronics,314,Mobile,New
1307,1736,2024-01-21 04:52:00,view,1174,Home,80,Mobile,Returning
40,1737,2024-01-26 10:07:00,view,1848,Beauty,472,Mobile,New
1983,1738,2024-02-04 10:31:00,view,1468,Fashion,100,Mobile,New
189,1739,2024-01-14 16:24:00,view,1643,Electronics,258,Mobile,New
1188,1740,2024-01-05 18:57:00,view,1880,Electronics,581,Desktop,New
994,1741,2024-01-02 18:55:00,view,1495,Fashion,711,Desktop,New
994,1741,2024-01-02 18:58:00,cart,1495,Fashion,711,Desktop,New
994,1741,2024-01-02 18:59:00,checkout,1495,Fashion,711,Desktop,New
994,1741,2024-01-02 19:02:00,purchase,1495,Fashion,711,Desktop,New
1560,1742,2024-01-25 07:46:00,view,1964,Beauty,50,Mobile,Returning
1560,1742,2024-01-25 07:50:00,cart,1964,Beauty,50,Mobile,Returning
536,1743,2024-01-08 16:18:00,view,1938,Home,799,Mobile,Returning
536,1743,2024-01-08 16:19:00,cart,1938,Home,799,Mobile,Returning
536,1743,2024-01-08 16:20:00,checkout,1938,Home,799,Mobile,Returning
536,1743,2024-01-08 16:21:00,purchase,1938,Home,799,Mobile,Returning
1028,1744,2024-01-15 09:23:00,view,1730,Fashion,618,Mobile,Returning
1028,1744,2024-01-15 09:25:00,cart,1730,Fashion,618,Mobile,Returning
1028,1744,2024-01-15 09:27:00,checkout,1730,Fashion,618,Mobile,Returning
1028,1744,2024-01-15 09:30:00,purchase,1730,Fashion,618,Mobile,Returning
1859,1745,2024-01-09 06:04:00,view,1297,Home,214,Desktop,Returning
1859,1745,2024-01-09 06:05:00,cart,1297,Home,214,Desktop,Returning
290,1746,2024-01-18 03:02:00,view,1679,Electronics,203,Mobile,New
1977,1747,2024-01-16 18:02:00,view,1147,Electronics,188,Mobile,New
433,1748,2024-01-02 21:49:00,view,1004,Beauty,578,Desktop,Returning
471,1749,2024-01-24 12:36:00,view,1835,Electronics,508,Mobile,New
471,1749,2024-01-24 12:40:00,cart,1835,Electronics,508,Mobile,New
1205,1750,2024-01-26 16:53:00,view,1514,Electronics,978,Mobile,New
1272,1751,2024-01-25 12:53:00,view,1611,Beauty,987,Mobile,Returning
628,1752,2024-01-22 23:30:00,view,1392,Electronics,141,Desktop,Returning
628,1752,2024-01-22 23:34:00,cart,1392,Electronics,141,Desktop,Returning
628,1752,2024-01-22 23:36:00,checkout,1392,Electronics,141,Desktop,Returning
628,1752,2024-01-22 23:38:00,purchase,1392,Electronics,141,Desktop,Returning
279,1753,2024-01-01 15:56:00,view,1201,Fashion,787,Desktop,Returning
877,1754,2024-01-10 23:32:00,view,1221,Beauty,906,Desktop,Returning
877,1754,2024-01-10 23:36:00,cart,1221,Beauty,906,Desktop,Returning
877,1754,2024-01-10 23:37:00,checkout,1221,Beauty,906,Desktop,Returning
581,1755,2024-01-31 17:46:00,view,1701,Fashion,152,Mobile,New
863,1756,2024-01-12 19:12:00,view,1051,Fashion,383,Mobile,New
863,1756,2024-01-12 19:13:00,cart,1051,Fashion,383,Mobile,New
254,1757,2024-01-22 00:58:00,view,1111,Fashion,479,Tablet,New
254,1757,2024-01-22 00:59:00,cart,1111,Fashion,479,Tablet,New
181,1758,2024-01-21 15:03:00,view,1584,Home,995,Tablet,New
181,1758,2024-01-21 15:07:00,cart,1584,Home,995,Tablet,New
1854,1759,2024-01-25 00:20:00,view,1579,Beauty,419,Mobile,Returning
1854,1759,2024-01-25 00:22:00,cart,1579,Beauty,419,Mobile,Returning
681,1760,2024-01-28 04:18:00,view,1950,Beauty,195,Desktop,Returning
681,1760,2024-01-28 04:19:00,cart,1950,Beauty,195,Desktop,Returning
825,1761,2024-01-26 19:34:00,view,1753,Home,27,Mobile,New
825,1761,2024-01-26 19:37:00,cart,1753,Home,27,Mobile,New
825,1761,2024-01-26 19:40:00,checkout,1753,Home,27,Mobile,New
825,1761,2024-01-26 19:44:00,purchase,1753,Home,27,Mobile,New
1533,1762,2024-01-16 21:34:00,view,1908,Home,20,Mobile,Returning
1785,1763,2024-01-20 20:02:00,view,1871,Electronics,738,Desktop,Returning
700,1764,2024-01-05 18:40:00,view,1044,Beauty,866,Mobile,New
700,1764,2024-01-05 18:42:00,cart,1044,Beauty,866,Mobile,New
700,1764,2024-01-05 18:44:00,checkout,1044,Beauty,866,Mobile,New
566,1765,2024-02-01 07:24:00,view,1041,Fashion,612,Desktop,New
1350,1766,2024-01-22 09:45:00,view,1383,Fashion,795,Mobile,New
1350,1766,2024-01-22 09:46:00,cart,1383,Fashion,795,Mobile,New
1381,1767,2024-01-03 20:07:00,view,1773,Beauty,742,Mobile,New
1381,1767,2024-01-03 20:09:00,cart,1773,Beauty,742,Mobile,New
1381,1767,2024-01-03 20:12:00,checkout,1773,Beauty,742,Mobile,New
1381,1767,2024-01-03 20:16:00,purchase,1773,Beauty,742,Mobile,New
1849,1768,2024-01-19 02:37:00,view,1292,Fashion,67,Desktop,Returning
1849,1768,2024-01-19 02:38:00,cart,1292,Fashion,67,Desktop,Returning
1849,1768,2024-01-19 02:39:00,checkout,1292,Fashion,67,Desktop,Returning
1849,1768,2024-01-19 02:40:00,purchase,1292,Fashion,67,Desktop,Returning
1674,1769,2024-01-06 19:06:00,view,1655,Home,736,Desktop,Returning
1674,1769,2024-01-06 19:10:00,cart,1655,Home,736,Desktop,Returning
1674,1769,2024-01-06 19:12:00,checkout,1655,Home,736,Desktop,Returning
1674,1769,2024-01-06 19:14:00,purchase,1655,Home,736,Desktop,Returning
680,1770,2024-01-14 16:08:00,view,1805,Beauty,540,Mobile,Returning
680,1770,2024-01-14 16:09:00,cart,1805,Beauty,540,Mobile,Returning
680,1770,2024-01-14 16:11:00,checkout,1805,Beauty,540,Mobile,Returning
680,1770,2024-01-14 16:13:00,purchase,1805,Beauty,540,Mobile,Returning
391,1771,2024-01-06 00:58:00,view,1864,Electronics,53,Mobile,Returning
391,1771,2024-01-06 01:02:00,cart,1864,Electronics,53,Mobile,Returning
1639,1772,2024-01-02 19:51:00,view,1518,Fashion,871,Desktop,Returning
1958,1773,2024-02-04 15:53:00,view,1623,Fashion,720,Mobile,New
1109,1774,2024-02-02 22:19:00,view,1017,Fashion,239,Tablet,Returning
1109,1774,2024-02-02 22:21:00,cart,1017,Fashion,239,Tablet,Returning
1109,1774,2024-02-02 22:23:00,checkout,1017,Fashion,239,Tablet,Returning
1341,1775,2024-01-22 09:25:00,view,1875,Home,781,Desktop,New
1341,1775,2024-01-22 09:27:00,cart,1875,Home,781,Desktop,New
1341,1775,2024-01-22 09:30:00,checkout,1875,Home,781,Desktop,New
212,1776,2024-01-14 12:13:00,view,1320,Fashion,226,Mobile,Returning
212,1776,2024-01-14 12:14:00,cart,1320,Fashion,226,Mobile,Returning
1539,1777,2024-01-24 05:15:00,view,1784,Home,221,Mobile,New
1539,1777,2024-01-24 05:16:00,cart,1784,Home,221,Mobile,New
1539,1777,2024-01-24 05:18:00,checkout,1784,Home,221,Mobile,New
1539,1777,2024-01-24 05:19:00,purchase,1784,Home,221,Mobile,New
384,1778,2024-01-03 01:10:00,view,1286,Electronics,762,Mobile,Returning
1715,1779,2024-01-26 22:23:00,view,1591,Beauty,445,Desktop,New
1715,1779,2024-01-26 22:25:00,cart,1591,Beauty,445,Desktop,New
1715,1779,2024-01-26 22:27:00,checkout,1591,Beauty,445,Desktop,New
342,1780,2024-02-02 00:40:00,view,1028,Home,948,Mobile,New
1839,1781,2024-01-23 06:58:00,view,1074,Electronics,938,Mobile,Returning
1839,1781,2024-01-23 07:01:00,cart,1074,Electronics,938,Mobile,Returning
1839,1781,2024-01-23 07:05:00,checkout,1074,Electronics,938,Mobile,Returning
1988,1782,2024-01-31 03:59:00,view,1703,Beauty,317,Mobile,New
844,1783,2024-01-31 21:24:00,view,1252,Fashion,250,Mobile,Returning
844,1783,2024-01-31 21:26:00,cart,1252,Fashion,250,Mobile,Returning
844,1783,2024-01-31 21:27:00,checkout,1252,Fashion,250,Mobile,Returning
844,1783,2024-01-31 21:29:00,purchase,1252,Fashion,250,Mobile,Returning
1062,1784,2024-02-03 23:50:00,view,1997,Electronics,968,Mobile,Returning
1062,1784,2024-02-03 23:53:00,cart,1997,Electronics,968,Mobile,Returning
1062,1784,2024-02-03 23:54:00,checkout,1997,Electronics,968,Mobile,Returning
1062,1784,2024-02-03 23:55:00,purchase,1997,Electronics,968,Mobile,Returning
1535,1785,2024-01-06 07:57:00,view,1926,Home,993,Mobile,New
1535,1785,2024-01-06 07:59:00,cart,1926,Home,993,Mobile,New
1535,1785,2024-01-06 08:02:00,checkout,1926,Home,993,Mobile,New
1535,1785,2024-01-06 08:03:00,purchase,1926,Home,993,Mobile,New
420,1786,2024-02-01 14:04:00,view,1858,Electronics,40,Desktop,Returning
751,1787,2024-01-19 21:18:00,view,1430,Electronics,113,Desktop,New
751,1787,2024-01-19 21:20:00,cart,1430,Electronics,113,Desktop,New
1193,1788,2024-01-08 13:28:00,view,1206,Beauty,955,Desktop,New
1989,1789,2024-01-15 01:14:00,view,1088,Beauty,792,Mobile,New
1933,1790,2024-01-15 04:12:00,view,1461,Home,131,Mobile,New
1933,1790,2024-01-15 04:15:00,cart,1461,Home,131,Mobile,New
1933,1790,2024-01-15 04:18:00,checkout,1461,Home,131,Mobile,New
1933,1790,2024-01-15 04:22:00,purchase,1461,Home,131,Mobile,New
1367,1791,2024-01-20 03:34:00,view,1321,Beauty,739,Desktop,Returning
1850,1792,2024-01-16 17:49:00,view,1649,Fashion,69,Mobile,Returning
1850,1792,2024-01-16 17:50:00,cart,1649,Fashion,69,Mobile,Returning
1850,1792,2024-01-16 17:54:00,checkout,1649,Fashion,69,Mobile,Returning
1850,1792,2024-01-16 17:56:00,purchase,1649,Fashion,69,Mobile,Returning
306,1793,2024-01-20 03:56:00,view,1288,Home,897,Desktop,Returning
306,1793,2024-01-20 03:59:00,cart,1288,Home,897,Desktop,Returning
306,1793,2024-01-20 04:00:00,checkout,1288,Home,897,Desktop,Returning
306,1793,2024-01-20 04:03:00,purchase,1288,Home,897,Desktop,Returning
1566,1794,2024-01-28 07:52:00,view,1910,Beauty,483,Desktop,New
1566,1794,2024-01-28 07:56:00,cart,1910,Beauty,483,Desktop,New
1566,1794,2024-01-28 08:00:00,checkout,1910,Beauty,483,Desktop,New
1566,1794,2024-01-28 08:02:00,purchase,1910,Beauty,483,Desktop,New
702,1795,2024-02-04 11:26:00,view,1211,Home,45,Mobile,New
702,1795,2024-02-04 11:28:00,cart,1211,Home,45,Mobile,New
702,1795,2024-02-04 11:30:00,checkout,1211,Home,45,Mobile,New
702,1795,2024-02-04 11:32:00,purchase,1211,Home,45,Mobile,New
869,1796,2024-02-04 06:50:00,view,1848,Electronics,500,Desktop,Returning
537,1797,2024-01-21 16:07:00,view,1838,Electronics,447,Tablet,Returning
1136,1798,2024-01-23 15:19:00,view,1487,Electronics,410,Mobile,New
1136,1798,2024-01-23 15:20:00,cart,1487,Electronics,410,Mobile,New
1136,1798,2024-01-23 15:21:00,checkout,1487,Electronics,410,Mobile,New
1435,1799,2024-02-02 01:40:00,view,1965,Beauty,471,Mobile,New
1435,1799,2024-02-02 01:43:00,cart,1965,Beauty,471,Mobile,New
1435,1799,2024-02-02 01:45:00,checkout,1965,Beauty,471,Mobile,New
1435,1799,2024-02-02 01:46:00,purchase,1965,Beauty,471,Mobile,New
1971,1800,2024-01-02 15:53:00,view,1954,Beauty,978,Mobile,New
1971,1800,2024-01-02 15:57:00,cart,1954,Beauty,978,Mobile,New
1971,1800,2024-01-02 16:01:00,checkout,1954,Beauty,978,Mobile,New
206,1801,2024-01-02 11:58:00,view,1527,Electronics,275,Mobile,New
206,1801,2024-01-02 12:00:00,cart,1527,Electronics,275,Mobile,New
206,1801,2024-01-02 12:03:00,checkout,1527,Electronics,275,Mobile,New
206,1801,2024-01-02 12:06:00,purchase,1527,Electronics,275,Mobile,New
1209,1802,2024-01-16 20:35:00,view,1794,Home,439,Mobile,New
1209,1802,2024-01-16 20:37:00,cart,1794,Home,439,Mobile,New
1209,1802,2024-01-16 20:40:00,checkout,1794,Home,439,Mobile,New
1209,1802,2024-01-16 20:44:00,purchase,1794,Home,439,Mobile,New
1406,1803,2024-01-30 18:54:00,view,1400,Electronics,926,Mobile,New
496,1804,2024-01-07 02:47:00,view,1517,Home,872,Tablet,New
496,1804,2024-01-07 02:51:00,cart,1517,Home,872,Tablet,New
496,1804,2024-01-07 02:54:00,checkout,1517,Home,872,Tablet,New
496,1804,2024-01-07 02:55:00,purchase,1517,Home,872,Tablet,New
1403,1805,2024-01-15 20:51:00,view,1633,Electronics,826,Mobile,New
1071,1806,2024-01-24 03:09:00,view,1308,Electronics,604,Mobile,New
1910,1807,2024-01-25 09:52:00,view,1615,Electronics,597,Desktop,New
1764,1808,2024-01-18 08:56:00,view,1403,Beauty,52,Mobile,New
1764,1808,2024-01-18 08:58:00,cart,1403,Beauty,52,Mobile,New
1764,1808,2024-01-18 08:59:00,checkout,1403,Beauty,52,Mobile,New
1575,1809,2024-01-20 05:35:00,view,1213,Fashion,301,Desktop,New
1575,1809,2024-01-20 05:36:00,cart,1213,Fashion,301,Desktop,New
1575,1809,2024-01-20 05:37:00,checkout,1213,Fashion,301,Desktop,New
1575,1809,2024-01-20 05:40:00,purchase,1213,Fashion,301,Desktop,New
1552,1810,2024-01-22 02:19:00,view,1714,Fashion,491,Mobile,Returning
504,1811,2024-01-11 13:41:00,view,1346,Home,184,Mobile,Returning
1046,1812,2024-01-13 18:42:00,view,1638,Beauty,655,Mobile,Returning
1046,1812,2024-01-13 18:46:00,cart,1638,Beauty,655,Mobile,Returning
213,1813,2024-01-10 06:50:00,view,1589,Beauty,579,Desktop,Returning
310,1814,2024-01-24 04:33:00,view,1061,Fashion,298,Mobile,New
661,1815,2024-01-07 17:20:00,view,1991,Electronics,135,Desktop,New
1992,1816,2024-01-07 00:34:00,view,1772,Home,855,Mobile,New
1992,1816,2024-01-07 00:35:00,cart,1772,Home,855,Mobile,New
1992,1816,2024-01-07 00:39:00,checkout,1772,Home,855,Mobile,New
1992,1816,2024-01-07 00:41:00,purchase,1772,Home,855,Mobile,New
753,1817,2024-02-01 21:36:00,view,1760,Home,973,Mobile,Returning
753,1817,2024-02-01 21:37:00,cart,1760,Home,973,Mobile,Returning
272,1818,2024-01-28 20:26:00,view,1623,Electronics,373,Mobile,Returning
272,1818,2024-01-28 20:29:00,cart,1623,Electronics,373,Mobile,Returning
272,1818,2024-01-28 20:31:00,checkout,1623,Electronics,373,Mobile,Returning
272,1818,2024-01-28 20:35:00,purchase,1623,Electronics,373,Mobile,Returning
1595,1819,2024-01-04 02:19:00,view,1358,Beauty,346,Desktop,Returning
1595,1819,2024-01-04 02:22:00,cart,1358,Beauty,346,Desktop,Returning
1595,1819,2024-01-04 02:26:00,checkout,1358,Beauty,346,Desktop,Returning
1595,1819,2024-01-04 02:30:00,purchase,1358,Beauty,346,Desktop,Returning
1823,1820,2024-01-17 09:27:00,view,1537,Beauty,662,Desktop,Returning
938,1821,2024-01-24 17:56:00,view,1421,Beauty,916,Mobile,Returning
938,1821,2024-01-24 18:00:00,cart,1421,Beauty,916,Mobile,Returning
938,1821,2024-01-24 18:01:00,checkout,1421,Beauty,916,Mobile,Returning
938,1821,2024-01-24 18:05:00,purchase,1421,Beauty,916,Mobile,Returning
1226,1822,2024-01-02 18:07:00,view,1284,Home,475,Mobile,Returning
1226,1822,2024-01-02 18:09:00,cart,1284,Home,475,Mobile,Returning
32,1823,2024-02-03 07:38:00,view,1476,Home,268,Mobile,New
32,1823,2024-02-03 07:39:00,cart,1476,Home,268,Mobile,New
32,1823,2024-02-03 07:43:00,checkout,1476,Home,268,Mobile,New
32,1823,2024-02-03 07:44:00,purchase,1476,Home,268,Mobile,New
443,1824,2024-02-04 00:52:00,view,1015,Beauty,193,Mobile,New
162,1825,2024-02-04 14:48:00,view,1505,Electronics,765,Mobile,Returning
767,1826,2024-01-22 02:50:00,view,1476,Fashion,19,Desktop,Returning
767,1826,2024-01-22 02:52:00,cart,1476,Fashion,19,Desktop,Returning
254,1827,2024-01-15 03:46:00,view,1461,Fashion,471,Desktop,New
254,1827,2024-01-15 03:49:00,cart,1461,Fashion,471,Desktop,New
254,1827,2024-01-15 03:53:00,checkout,1461,Fashion,471,Desktop,New
521,1828,2024-02-03 13:22:00,view,1498,Fashion,739,Mobile,New
977,1829,2024-01-02 05:47:00,view,1338,Home,725,Mobile,New
1675,1830,2024-01-04 11:04:00,view,1991,Electronics,171,Desktop,Returning
1675,1830,2024-01-04 11:08:00,cart,1991,Electronics,171,Desktop,Returning
1675,1830,2024-01-04 11:09:00,checkout,1991,Electronics,171,Desktop,Returning
1675,1830,2024-01-04 11:12:00,purchase,1991,Electronics,171,Desktop,Returning
1504,1831,2024-01-26 22:25:00,view,1641,Fashion,690,Desktop,New
10,1832,2024-01-16 01:20:00,view,1811,Home,367,Mobile,Returning
726,1833,2024-01-28 16:48:00,view,1317,Home,172,Mobile,Returning
726,1833,2024-01-28 16:49:00,cart,1317,Home,172,Mobile,Returning
726,1833,2024-01-28 16:53:00,checkout,1317,Home,172,Mobile,Returning
726,1833,2024-01-28 16:57:00,purchase,1317,Home,172,Mobile,Returning
505,1834,2024-01-18 07:32:00,view,1119,Fashion,247,Mobile,Returning
785,1835,2024-02-03 15:33:00,view,1880,Electronics,904,Mobile,New
785,1835,2024-02-03 15:37:00,cart,1880,Electronics,904,Mobile,New
785,1835,2024-02-03 15:41:00,checkout,1880,Electronics,904,Mobile,New
785,1835,2024-02-03 15:44:00,purchase,1880,Electronics,904,Mobile,New
1860,1836,2024-01-21 07:32:00,view,1150,Beauty,947,Mobile,Returning
1584,1837,2024-01-14 22:17:00,view,1215,Beauty,229,Mobile,New
436,1838,2024-02-03 19:32:00,view,1334,Fashion,225,Desktop,Returning
1135,1839,2024-01-19 23:49:00,view,1814,Electronics,170,Mobile,Returning
153,1840,2024-01-07 15:32:00,view,1156,Electronics,927,Mobile,New
1659,1841,2024-01-11 16:29:00,view,1302,Beauty,189,Mobile,New
1659,1841,2024-01-11 16:31:00,cart,1302,Beauty,189,Mobile,New
1659,1841,2024-01-11 16:35:00,checkout,1302,Beauty,189,Mobile,New
1659,1841,2024-01-11 16:38:00,purchase,1302,Beauty,189,Mobile,New
917,1842,2024-01-24 05:06:00,view,1660,Home,683,Desktop,New
869,1843,2024-02-01 21:56:00,view,1920,Electronics,191,Desktop,Returning
869,1843,2024-02-01 21:57:00,cart,1920,Electronics,191,Desktop,Returning
869,1843,2024-02-01 21:59:00,checkout,1920,Electronics,191,Desktop,Returning
869,1843,2024-02-01 22:02:00,purchase,1920,Electronics,191,Desktop,Returning
1126,1844,2024-01-03 01:38:00,view,1492,Beauty,278,Mobile,New
1126,1844,2024-01-03 01:42:00,cart,1492,Beauty,278,Mobile,New
1126,1844,2024-01-03 01:43:00,checkout,1492,Beauty,278,Mobile,New
1126,1844,2024-01-03 01:45:00,purchase,1492,Beauty,278,Mobile,New
753,1845,2024-01-09 02:43:00,view,1394,Fashion,805,Mobile,Returning
753,1845,2024-01-09 02:47:00,cart,1394,Fashion,805,Mobile,Returning
1857,1846,2024-01-02 03:46:00,view,1104,Home,216,Tablet,Returning
1215,1847,2024-01-20 11:53:00,view,1880,Electronics,802,Mobile,Returning
1215,1847,2024-01-20 11:55:00,cart,1880,Electronics,802,Mobile,Returning
1215,1847,2024-01-20 11:58:00,checkout,1880,Electronics,802,Mobile,Returning
1215,1847,2024-01-20 12:01:00,purchase,1880,Electronics,802,Mobile,Returning
1753,1848,2024-01-05 23:45:00,view,1000,Fashion,312,Mobile,New
563,1849,2024-01-14 16:41:00,view,1647,Fashion,659,Mobile,New
563,1849,2024-01-14 16:45:00,cart,1647,Fashion,659,Mobile,New
563,1849,2024-01-14 16:48:00,checkout,1647,Fashion,659,Mobile,New
563,1849,2024-01-14 16:49:00,purchase,1647,Fashion,659,Mobile,New
1828,1850,2024-01-22 11:16:00,view,1408,Home,185,Mobile,Returning
1105,1851,2024-01-26 00:19:00,view,1375,Home,93,Mobile,Returning
489,1852,2024-02-02 21:44:00,view,1415,Home,460,Desktop,Returning
895,1853,2024-01-29 06:12:00,view,1324,Beauty,627,Desktop,Returning
895,1853,2024-01-29 06:15:00,cart,1324,Beauty,627,Desktop,Returning
1112,1854,2024-01-07 07:20:00,view,1237,Home,880,Mobile,New
1112,1854,2024-01-07 07:22:00,cart,1237,Home,880,Mobile,New
1112,1854,2024-01-07 07:24:00,checkout,1237,Home,880,Mobile,New
1112,1854,2024-01-07 07:28:00,purchase,1237,Home,880,Mobile,New
1218,1855,2024-01-04 14:01:00,view,1224,Fashion,374,Desktop,Returning
104,1856,2024-01-15 03:26:00,view,1399,Fashion,205,Mobile,New
104,1856,2024-01-15 03:27:00,cart,1399,Fashion,205,Mobile,New
1807,1857,2024-01-13 00:12:00,view,1755,Beauty,288,Mobile,Returning
1120,1858,2024-01-29 11:04:00,view,1450,Fashion,907,Mobile,New
1447,1859,2024-01-26 07:08:00,view,1366,Fashion,902,Desktop,Returning
1447,1859,2024-01-26 07:12:00,cart,1366,Fashion,902,Desktop,Returning
1447,1859,2024-01-26 07:16:00,checkout,1366,Fashion,902,Desktop,Returning
1447,1859,2024-01-26 07:18:00,purchase,1366,Fashion,902,Desktop,Returning
1915,1860,2024-02-03 10:01:00,view,1920,Home,32,Mobile,New
1915,1860,2024-02-03 10:05:00,cart,1920,Home,32,Mobile,New
1222,1861,2024-01-05 17:54:00,view,1969,Home,478,Mobile,New
1222,1861,2024-01-05 17:57:00,cart,1969,Home,478,Mobile,New
1222,1861,2024-01-05 18:00:00,checkout,1969,Home,478,Mobile,New
1222,1861,2024-01-05 18:01:00,purchase,1969,Home,478,Mobile,New
1025,1862,2024-02-04 16:23:00,view,1406,Beauty,601,Desktop,Returning
1025,1862,2024-02-04 16:27:00,cart,1406,Beauty,601,Desktop,Returning
1025,1862,2024-02-04 16:29:00,checkout,1406,Beauty,601,Desktop,Returning
1025,1862,2024-02-04 16:33:00,purchase,1406,Beauty,601,Desktop,Returning
1007,1863,2024-02-03 14:58:00,view,1753,Electronics,993,Desktop,Returning
1007,1863,2024-02-03 14:59:00,cart,1753,Electronics,993,Desktop,Returning
407,1864,2024-01-06 13:11:00,view,1734,Fashion,765,Desktop,New
407,1864,2024-01-06 13:12:00,cart,1734,Fashion,765,Desktop,New
407,1864,2024-01-06 13:16:00,checkout,1734,Fashion,765,Desktop,New
407,1864,2024-01-06 13:17:00,purchase,1734,Fashion,765,Desktop,New
1402,1865,2024-01-06 21:24:00,view,1362,Home,924,Mobile,New
1402,1865,2024-01-06 21:27:00,cart,1362,Home,924,Mobile,New
167,1866,2024-01-31 23:08:00,view,1713,Electronics,724,Mobile,New
509,1867,2024-01-14 23:36:00,view,1470,Home,974,Mobile,Returning
1662,1868,2024-01-30 01:29:00,view,1231,Fashion,358,Mobile,New
1662,1868,2024-01-30 01:33:00,cart,1231,Fashion,358,Mobile,New
1662,1868,2024-01-30 01:34:00,checkout,1231,Fashion,358,Mobile,New
1662,1868,2024-01-30 01:37:00,purchase,1231,Fashion,358,Mobile,New
313,1869,2024-01-09 02:33:00,view,1946,Fashion,294,Desktop,New
1617,1870,2024-01-13 22:03:00,view,1544,Home,928,Mobile,Returning
1617,1870,2024-01-13 22:05:00,cart,1544,Home,928,Mobile,Returning
1617,1870,2024-01-13 22:08:00,checkout,1544,Home,928,Mobile,Returning
1442,1871,2024-01-03 16:36:00,view,1215,Home,279,Mobile,New
763,1872,2024-01-06 01:35:00,view,1509,Home,695,Desktop,New
681,1873,2024-01-21 14:43:00,view,1495,Electronics,62,Mobile,Returning
681,1873,2024-01-21 14:45:00,cart,1495,Electronics,62,Mobile,Returning
477,1874,2024-01-13 18:10:00,view,1720,Home,400,Mobile,New
477,1874,2024-01-13 18:11:00,cart,1720,Home,400,Mobile,New
73,1875,2024-01-03 07:49:00,view,1983,Home,964,Desktop,New
73,1875,2024-01-03 07:50:00,cart,1983,Home,964,Desktop,New
1165,1876,2024-01-18 02:58:00,view,1566,Beauty,660,Desktop,New
582,1877,2024-01-21 04:02:00,view,1980,Home,432,Desktop,Returning
262,1878,2024-01-16 11:26:00,view,1266,Fashion,463,Mobile,Returning
1364,1879,2024-01-06 18:13:00,view,1675,Home,325,Mobile,Returning
1332,1880,2024-02-04 02:53:00,view,1897,Home,306,Desktop,Returning
1332,1880,2024-02-04 02:55:00,cart,1897,Home,306,Desktop,Returning
245,1881,2024-01-27 22:50:00,view,1125,Home,393,Mobile,New
1539,1882,2024-01-19 04:26:00,view,1732,Beauty,961,Mobile,New
1539,1882,2024-01-19 04:28:00,cart,1732,Beauty,961,Mobile,New
1539,1882,2024-01-19 04:32:00,checkout,1732,Beauty,961,Mobile,New
1539,1882,2024-01-19 04:35:00,purchase,1732,Beauty,961,Mobile,New
1361,1883,2024-01-27 04:32:00,view,1996,Home,393,Desktop,Returning
1599,1884,2024-01-02 01:41:00,view,1874,Fashion,369,Mobile,New
561,1885,2024-01-15 18:01:00,view,1595,Home,88,Desktop,Returning
561,1885,2024-01-15 18:02:00,cart,1595,Home,88,Desktop,Returning
1100,1886,2024-02-02 17:35:00,view,1009,Fashion,158,Mobile,New
1100,1886,2024-02-02 17:39:00,cart,1009,Fashion,158,Mobile,New
1100,1886,2024-02-02 17:43:00,checkout,1009,Fashion,158,Mobile,New
1904,1887,2024-01-16 15:37:00,view,1421,Home,390,Mobile,New
1904,1887,2024-01-16 15:38:00,cart,1421,Home,390,Mobile,New
1904,1887,2024-01-16 15:41:00,checkout,1421,Home,390,Mobile,New
1904,1887,2024-01-16 15:45:00,purchase,1421,Home,390,Mobile,New
175,1888,2024-01-09 04:47:00,view,1953,Home,442,Mobile,Returning
109,1889,2024-01-07 16:05:00,view,1765,Beauty,49,Desktop,New
109,1889,2024-01-07 16:07:00,cart,1765,Beauty,49,Desktop,New
183,1890,2024-01-27 23:42:00,view,1815,Home,734,Mobile,Returning
183,1890,2024-01-27 23:43:00,cart,1815,Home,734,Mobile,Returning
192,1891,2024-01-13 10:44:00,view,1789,Electronics,262,Mobile,Returning
65,1892,2024-01-22 02:21:00,view,1706,Home,733,Desktop,New
1873,1893,2024-01-20 13:18:00,view,1039,Electronics,28,Desktop,New
963,1894,2024-02-01 00:03:00,view,1810,Home,42,Tablet,New
963,1894,2024-02-01 00:05:00,cart,1810,Home,42,Tablet,New
963,1894,2024-02-01 00:06:00,checkout,1810,Home,42,Tablet,New
963,1894,2024-02-01 00:10:00,purchase,1810,Home,42,Tablet,New
1498,1895,2024-02-03 00:51:00,view,1318,Home,616,Mobile,New
1807,1896,2024-01-10 23:04:00,view,1371,Home,133,Mobile,Returning
1807,1896,2024-01-10 23:05:00,cart,1371,Home,133,Mobile,Returning
1124,1897,2024-02-02 02:08:00,view,1954,Electronics,125,Tablet,Returning
1124,1897,2024-02-02 02:12:00,cart,1954,Electronics,125,Tablet,Returning
1124,1897,2024-02-02 02:16:00,checkout,1954,Electronics,125,Tablet,Returning
1568,1898,2024-02-02 17:36:00,view,1683,Beauty,577,Desktop,New
1568,1898,2024-02-02 17:37:00,cart,1683,Beauty,577,Desktop,New
1568,1898,2024-02-02 17:38:00,checkout,1683,Beauty,577,Desktop,New
1568,1898,2024-02-02 17:39:00,purchase,1683,Beauty,577,Desktop,New
864,1899,2024-01-18 15:23:00,view,1344,Home,417,Mobile,New
864,1899,2024-01-18 15:25:00,cart,1344,Home,417,Mobile,New
864,1899,2024-01-18 15:28:00,checkout,1344,Home,417,Mobile,New
864,1899,2024-01-18 15:32:00,purchase,1344,Home,417,Mobile,New
1152,1900,2024-01-02 01:36:00,view,1620,Home,472,Mobile,Returning
1152,1900,2024-01-02 01:40:00,cart,1620,Home,472,Mobile,Returning
1152,1900,2024-01-02 01:41:00,checkout,1620,Home,472,Mobile,Returning
1152,1900,2024-01-02 01:44:00,purchase,1620,Home,472,Mobile,Returning
1476,1901,2024-01-19 21:50:00,view,1153,Fashion,96,Desktop,Returning
1476,1901,2024-01-19 21:52:00,cart,1153,Fashion,96,Desktop,Returning
1938,1902,2024-01-07 03:42:00,view,1957,Beauty,732,Mobile,Returning
1938,1902,2024-01-07 03:44:00,cart,1957,Beauty,732,Mobile,Returning
1938,1902,2024-01-07 03:47:00,checkout,1957,Beauty,732,Mobile,Returning
1938,1902,2024-01-07 03:49:00,purchase,1957,Beauty,732,Mobile,Returning
369,1903,2024-01-25 17:58:00,view,1261,Home,452,Desktop,New
851,1904,2024-01-18 19:02:00,view,1823,Fashion,359,Mobile,New
43,1905,2024-01-19 04:21:00,view,1747,Beauty,178,Mobile,New
1908,1906,2024-01-02 21:24:00,view,1022,Beauty,239,Desktop,New
1908,1906,2024-01-02 21:28:00,cart,1022,Beauty,239,Desktop,New
1908,1906,2024-01-02 21:29:00,checkout,1022,Beauty,239,Desktop,New
1443,1907,2024-01-16 14:25:00,view,1617,Electronics,283,Mobile,Returning
1443,1907,2024-01-16 14:26:00,cart,1617,Electronics,283,Mobile,Returning
1443,1907,2024-01-16 14:29:00,checkout,1617,Electronics,283,Mobile,Returning
1443,1907,2024-01-16 14:30:00,purchase,1617,Electronics,283,Mobile,Returning
488,1908,2024-01-18 16:45:00,view,1966,Beauty,337,Mobile,New
488,1908,2024-01-18 16:47:00,cart,1966,Beauty,337,Mobile,New
488,1908,2024-01-18 16:49:00,checkout,1966,Beauty,337,Mobile,New
78,1909,2024-02-02 22:18:00,view,1705,Fashion,556,Mobile,New
78,1909,2024-02-02 22:19:00,cart,1705,Fashion,556,Mobile,New
78,1909,2024-02-02 22:20:00,checkout,1705,Fashion,556,Mobile,New
826,1910,2024-01-30 20:30:00,view,1540,Beauty,694,Mobile,Returning
826,1910,2024-01-30 20:34:00,cart,1540,Beauty,694,Mobile,Returning
1825,1911,2024-01-16 09:54:00,view,1957,Home,75,Desktop,Returning
1294,1912,2024-01-23 09:12:00,view,1471,Electronics,921,Desktop,Returning
674,1913,2024-01-24 17:57:00,view,1701,Fashion,32,Desktop,New
674,1913,2024-01-24 18:01:00,cart,1701,Fashion,32,Desktop,New
674,1913,2024-01-24 18:02:00,checkout,1701,Fashion,32,Desktop,New
674,1913,2024-01-24 18:03:00,purchase,1701,Fashion,32,Desktop,New
701,1914,2024-01-16 07:09:00,view,1921,Beauty,204,Mobile,New
759,1915,2024-01-20 03:06:00,view,1149,Home,175,Mobile,Returning
1924,1916,2024-01-24 11:34:00,view,1173,Home,566,Mobile,New
1924,1916,2024-01-24 11:37:00,cart,1173,Home,566,Mobile,New
1924,1916,2024-01-24 11:41:00,checkout,1173,Home,566,Mobile,New
1924,1916,2024-01-24 11:42:00,purchase,1173,Home,566,Mobile,New
728,1917,2024-01-11 15:01:00,view,1707,Home,246,Desktop,Returning
728,1917,2024-01-11 15:04:00,cart,1707,Home,246,Desktop,Returning
728,1917,2024-01-11 15:08:00,checkout,1707,Home,246,Desktop,Returning
728,1917,2024-01-11 15:10:00,purchase,1707,Home,246,Desktop,Returning
1339,1918,2024-01-25 11:44:00,view,1765,Fashion,257,Desktop,New
925,1919,2024-01-24 04:53:00,view,1745,Home,79,Desktop,New
925,1919,2024-01-24 04:55:00,cart,1745,Home,79,Desktop,New
925,1919,2024-01-24 04:56:00,checkout,1745,Home,79,Desktop,New
925,1919,2024-01-24 04:58:00,purchase,1745,Home,79,Desktop,New
1875,1920,2024-01-16 15:33:00,view,1821,Home,533,Mobile,Returning
1875,1920,2024-01-16 15:36:00,cart,1821,Home,533,Mobile,Returning
1875,1920,2024-01-16 15:40:00,checkout,1821,Home,533,Mobile,Returning
902,1921,2024-01-27 18:02:00,view,1640,Beauty,798,Mobile,New
902,1921,2024-01-27 18:03:00,cart,1640,Beauty,798,Mobile,New
902,1921,2024-01-27 18:06:00,checkout,1640,Beauty,798,Mobile,New
902,1921,2024-01-27 18:10:00,purchase,1640,Beauty,798,Mobile,New
889,1922,2024-01-29 05:13:00,view,1697,Beauty,680,Mobile,New
889,1922,2024-01-29 05:15:00,cart,1697,Beauty,680,Mobile,New
889,1922,2024-01-29 05:16:00,checkout,1697,Beauty,680,Mobile,New
889,1922,2024-01-29 05:17:00,purchase,1697,Beauty,680,Mobile,New
993,1923,2024-01-18 01:35:00,view,1396,Electronics,384,Mobile,New
993,1923,2024-01-18 01:37:00,cart,1396,Electronics,384,Mobile,New
1969,1924,2024-01-29 13:07:00,view,1795,Beauty,557,Mobile,New
1192,1925,2024-01-10 07:49:00,view,1485,Fashion,515,Desktop,New
339,1926,2024-01-18 18:17:00,view,1936,Fashion,866,Mobile,New
339,1926,2024-01-18 18:21:00,cart,1936,Fashion,866,Mobile,New
339,1926,2024-01-18 18:22:00,checkout,1936,Fashion,866,Mobile,New
339,1926,2024-01-18 18:23:00,purchase,1936,Fashion,866,Mobile,New
193,1927,2024-01-30 07:54:00,view,1760,Electronics,597,Mobile,Returning
193,1927,2024-01-30 07:58:00,cart,1760,Electronics,597,Mobile,Returning
193,1927,2024-01-30 07:59:00,checkout,1760,Electronics,597,Mobile,Returning
193,1927,2024-01-30 08:02:00,purchase,1760,Electronics,597,Mobile,Returning
1477,1928,2024-01-10 05:33:00,view,1734,Home,86,Mobile,Returning
283,1929,2024-02-02 10:08:00,view,1326,Home,319,Desktop,New
283,1929,2024-02-02 10:09:00,cart,1326,Home,319,Desktop,New
1360,1930,2024-01-10 11:05:00,view,1027,Home,444,Mobile,New
1360,1930,2024-01-10 11:08:00,cart,1027,Home,444,Mobile,New
1360,1930,2024-01-10 11:11:00,checkout,1027,Home,444,Mobile,New
1360,1930,2024-01-10 11:12:00,purchase,1027,Home,444,Mobile,New
390,1931,2024-01-16 15:18:00,view,1412,Electronics,827,Desktop,Returning
1000,1932,2024-01-19 09:38:00,view,1987,Fashion,640,Desktop,New
1000,1932,2024-01-19 09:40:00,cart,1987,Fashion,640,Desktop,New
1000,1932,2024-01-19 09:44:00,checkout,1987,Fashion,640,Desktop,New
1000,1932,2024-01-19 09:47:00,purchase,1987,Fashion,640,Desktop,New
525,1933,2024-01-21 04:59:00,view,1259,Beauty,234,Mobile,Returning
525,1933,2024-01-21 05:03:00,cart,1259,Beauty,234,Mobile,Returning
525,1933,2024-01-21 05:04:00,checkout,1259,Beauty,234,Mobile,Returning
525,1933,2024-01-21 05:06:00,purchase,1259,Beauty,234,Mobile,Returning
1264,1934,2024-01-01 02:54:00,view,1442,Fashion,389,Desktop,New
1264,1934,2024-01-01 02:56:00,cart,1442,Fashion,389,Desktop,New
1264,1934,2024-01-01 02:58:00,checkout,1442,Fashion,389,Desktop,New
1264,1934,2024-01-01 02:59:00,purchase,1442,Fashion,389,Desktop,New
1856,1935,2024-01-17 00:19:00,view,1134,Home,571,Mobile,New
1982,1936,2024-01-17 23:15:00,view,1310,Beauty,273,Mobile,Returning
1982,1936,2024-01-17 23:19:00,cart,1310,Beauty,273,Mobile,Returning
1982,1936,2024-01-17 23:23:00,checkout,1310,Beauty,273,Mobile,Returning
1982,1936,2024-01-17 23:26:00,purchase,1310,Beauty,273,Mobile,Returning
1507,1937,2024-01-30 11:31:00,view,1906,Fashion,346,Desktop,New
1507,1937,2024-01-30 11:33:00,cart,1906,Fashion,346,Desktop,New
659,1938,2024-01-06 03:00:00,view,1956,Electronics,799,Desktop,Returning
659,1938,2024-01-06 03:02:00,cart,1956,Electronics,799,Desktop,Returning
659,1938,2024-01-06 03:05:00,checkout,1956,Electronics,799,Desktop,Returning
659,1938,2024-01-06 03:06:00,purchase,1956,Electronics,799,Desktop,Returning
716,1939,2024-01-06 19:07:00,view,1407,Electronics,42,Mobile,Returning
716,1939,2024-01-06 19:09:00,cart,1407,Electronics,42,Mobile,Returning
1616,1940,2024-02-01 12:57:00,view,1906,Electronics,246,Mobile,Returning
1616,1940,2024-02-01 12:59:00,cart,1906,Electronics,246,Mobile,Returning
1616,1940,2024-02-01 13:03:00,checkout,1906,Electronics,246,Mobile,Returning
891,1941,2024-01-27 20:21:00,view,1532,Electronics,587,Mobile,Returning
891,1941,2024-01-27 20:24:00,cart,1532,Electronics,587,Mobile,Returning
891,1941,2024-01-27 20:27:00,checkout,1532,Electronics,587,Mobile,Returning
891,1941,2024-01-27 20:30:00,purchase,1532,Electronics,587,Mobile,Returning
1579,1942,2024-02-03 05:13:00,view,1610,Home,793,Mobile,Returning
1579,1942,2024-02-03 05:16:00,cart,1610,Home,793,Mobile,Returning
1579,1942,2024-02-03 05:18:00,checkout,1610,Home,793,Mobile,Returning
1579,1942,2024-02-03 05:20:00,purchase,1610,Home,793,Mobile,Returning
1482,1943,2024-01-31 16:51:00,view,1256,Home,925,Mobile,New
1482,1943,2024-01-31 16:52:00,cart,1256,Home,925,Mobile,New
1482,1943,2024-01-31 16:55:00,checkout,1256,Home,925,Mobile,New
1482,1943,2024-01-31 16:59:00,purchase,1256,Home,925,Mobile,New
1113,1944,2024-01-21 06:20:00,view,1034,Home,598,Mobile,New
1684,1945,2024-01-11 08:13:00,view,1490,Electronics,671,Mobile,Returning
1684,1945,2024-01-11 08:14:00,cart,1490,Electronics,671,Mobile,Returning
1119,1946,2024-01-22 05:22:00,view,1255,Electronics,834,Desktop,New
1119,1946,2024-01-22 05:24:00,cart,1255,Electronics,834,Desktop,New
1119,1946,2024-01-22 05:27:00,checkout,1255,Electronics,834,Desktop,New
452,1947,2024-01-16 12:11:00,view,1891,Fashion,506,Mobile,New
452,1947,2024-01-16 12:13:00,cart,1891,Fashion,506,Mobile,New
452,1947,2024-01-16 12:15:00,checkout,1891,Fashion,506,Mobile,New
452,1947,2024-01-16 12:19:00,purchase,1891,Fashion,506,Mobile,New
428,1948,2024-01-25 16:08:00,view,1218,Electronics,252,Mobile,Returning
1175,1949,2024-01-04 04:29:00,view,1350,Fashion,118,Mobile,Returning
1538,1950,2024-01-20 18:28:00,view,1201,Fashion,19,Desktop,Returning
1400,1951,2024-01-13 09:40:00,view,1067,Fashion,223,Mobile,Returning
1400,1951,2024-01-13 09:41:00,cart,1067,Fashion,223,Mobile,Returning
1400,1951,2024-01-13 09:43:00,checkout,1067,Fashion,223,Mobile,Returning
1046,1952,2024-01-11 07:23:00,view,1987,Home,401,Mobile,Returning
883,1953,2024-01-04 15:01:00,view,1224,Fashion,513,Mobile,New
883,1953,2024-01-04 15:05:00,cart,1224,Fashion,513,Mobile,New
313,1954,2024-01-20 14:17:00,view,1857,Beauty,900,Desktop,New
840,1955,2024-01-15 18:58:00,view,1868,Electronics,492,Mobile,Returning
840,1955,2024-01-15 19:02:00,cart,1868,Electronics,492,Mobile,Returning
840,1955,2024-01-15 19:05:00,checkout,1868,Electronics,492,Mobile,Returning
840,1955,2024-01-15 19:08:00,purchase,1868,Electronics,492,Mobile,Returning
519,1956,2024-01-26 00:39:00,view,1863,Home,847,Desktop,Returning
519,1956,2024-01-26 00:40:00,cart,1863,Home,847,Desktop,Returning
519,1956,2024-01-26 00:44:00,checkout,1863,Home,847,Desktop,Returning
519,1956,2024-01-26 00:48:00,purchase,1863,Home,847,Desktop,Returning
1230,1957,2024-01-23 09:54:00,view,1293,Beauty,364,Tablet,New
1230,1957,2024-01-23 09:58:00,cart,1293,Beauty,364,Tablet,New
1230,1957,2024-01-23 10:01:00,checkout,1293,Beauty,364,Tablet,New
1976,1958,2024-01-16 01:29:00,view,1129,Beauty,48,Desktop,Returning
1976,1958,2024-01-16 01:33:00,cart,1129,Beauty,48,Desktop,Returning
1976,1958,2024-01-16 01:37:00,checkout,1129,Beauty,48,Desktop,Returning
1976,1958,2024-01-16 01:40:00,purchase,1129,Beauty,48,Desktop,Returning
375,1959,2024-01-23 23:21:00,view,1264,Fashion,698,Desktop,New
375,1959,2024-01-23 23:23:00,cart,1264,Fashion,698,Desktop,New
451,1960,2024-01-27 00:54:00,view,1984,Fashion,310,Mobile,Returning
1650,1961,2024-01-10 02:41:00,view,1354,Home,415,Mobile,Returning
1650,1961,2024-01-10 02:44:00,cart,1354,Home,415,Mobile,Returning
1650,1961,2024-01-10 02:45:00,checkout,1354,Home,415,Mobile,Returning
1650,1961,2024-01-10 02:47:00,purchase,1354,Home,415,Mobile,Returning
1808,1962,2024-02-02 17:25:00,view,1834,Beauty,79,Tablet,New
1015,1963,2024-01-19 03:17:00,view,1524,Home,204,Mobile,Returning
1015,1963,2024-01-19 03:18:00,cart,1524,Home,204,Mobile,Returning
1015,1963,2024-01-19 03:22:00,checkout,1524,Home,204,Mobile,Returning
1015,1963,2024-01-19 03:23:00,purchase,1524,Home,204,Mobile,Returning
595,1964,2024-01-14 03:52:00,view,1528,Home,40,Mobile,Returning
595,1964,2024-01-14 03:54:00,cart,1528,Home,40,Mobile,Returning
595,1964,2024-01-14 03:57:00,checkout,1528,Home,40,Mobile,Returning
595,1964,2024-01-14 03:58:00,purchase,1528,Home,40,Mobile,Returning
1203,1965,2024-01-08 20:17:00,view,1633,Beauty,232,Desktop,New
1203,1965,2024-01-08 20:19:00,cart,1633,Beauty,232,Desktop,New
1203,1965,2024-01-08 20:21:00,checkout,1633,Beauty,232,Desktop,New
1203,1965,2024-01-08 20:24:00,purchase,1633,Beauty,232,Desktop,New
1234,1966,2024-01-13 17:23:00,view,1427,Home,893,Mobile,New
1234,1966,2024-01-13 17:25:00,cart,1427,Home,893,Mobile,New
500,1967,2024-01-14 04:59:00,view,1089,Fashion,632,Mobile,Returning
464,1968,2024-02-02 04:35:00,view,1996,Home,148,Mobile,New
464,1968,2024-02-02 04:38:00,cart,1996,Home,148,Mobile,New
464,1968,2024-02-02 04:40:00,checkout,1996,Home,148,Mobile,New
464,1968,2024-02-02 04:42:00,purchase,1996,Home,148,Mobile,New
1864,1969,2024-01-17 01:22:00,view,1985,Beauty,62,Mobile,New
1148,1970,2024-01-05 23:19:00,view,1867,Home,937,Desktop,Returning
1148,1970,2024-01-05 23:22:00,cart,1867,Home,937,Desktop,Returning
113,1971,2024-01-25 01:14:00,view,1913,Electronics,63,Mobile,Returning
1036,1972,2024-01-09 21:14:00,view,1795,Fashion,158,Mobile,Returning
1150,1973,2024-02-04 00:53:00,view,1539,Electronics,185,Mobile,Returning
1150,1973,2024-02-04 00:57:00,cart,1539,Electronics,185,Mobile,Returning
1150,1973,2024-02-04 00:59:00,checkout,1539,Electronics,185,Mobile,Returning
1150,1973,2024-02-04 01:01:00,purchase,1539,Electronics,185,Mobile,Returning
1589,1974,2024-01-06 07:37:00,view,1743,Beauty,759,Desktop,New
331,1975,2024-01-17 00:24:00,view,1478,Beauty,12,Desktop,New
1925,1976,2024-02-03 01:20:00,view,1154,Fashion,53,Mobile,Returning
1925,1976,2024-02-03 01:24:00,cart,1154,Fashion,53,Mobile,Returning
1925,1976,2024-02-03 01:27:00,checkout,1154,Fashion,53,Mobile,Returning
1307,1977,2024-01-31 13:56:00,view,1122,Home,157,Desktop,Returning
140,1978,2024-01-14 22:52:00,view,1067,Beauty,139,Mobile,Returning
140,1978,2024-01-14 22:56:00,cart,1067,Beauty,139,Mobile,Returning
1425,1979,2024-01-19 11:59:00,view,1656,Home,617,Desktop,Returning
902,1980,2024-01-18 04:40:00,view,1004,Home,295,Mobile,New
1121,1981,2024-01-26 17:08:00,view,1159,Electronics,239,Desktop,Returning
517,1982,2024-02-03 08:03:00,view,1185,Fashion,794,Mobile,New
517,1982,2024-02-03 08:06:00,cart,1185,Fashion,794,Mobile,New
517,1982,2024-02-03 08:10:00,checkout,1185,Fashion,794,Mobile,New
517,1982,2024-02-03 08:13:00,purchase,1185,Fashion,794,Mobile,New
569,1983,2024-01-09 22:51:00,view,1284,Fashion,156,Mobile,Returning
569,1983,2024-01-09 22:52:00,cart,1284,Fashion,156,Mobile,Returning
569,1983,2024-01-09 22:54:00,checkout,1284,Fashion,156,Mobile,Returning
569,1983,2024-01-09 22:58:00,purchase,1284,Fashion,156,Mobile,Returning
1948,1984,2024-01-18 07:59:00,view,1842,Home,619,Mobile,New
1948,1984,2024-01-18 08:01:00,cart,1842,Home,619,Mobile,New
846,1985,2024-01-20 02:07:00,view,1614,Electronics,504,Desktop,New
846,1985,2024-01-20 02:09:00,cart,1614,Electronics,504,Desktop,New
846,1985,2024-01-20 02:12:00,checkout,1614,Electronics,504,Desktop,New
846,1985,2024-01-20 02:16:00,purchase,1614,Electronics,504,Desktop,New
1093,1986,2024-01-05 03:54:00,view,1711,Beauty,607,Mobile,Returning
1093,1986,2024-01-05 03:58:00,cart,1711,Beauty,607,Mobile,Returning
118,1987,2024-01-14 00:51:00,view,1744,Beauty,185,Desktop,New
118,1987,2024-01-14 00:54:00,cart,1744,Beauty,185,Desktop,New
888,1988,2024-01-01 23:37:00,view,1044,Fashion,190,Mobile,New
888,1988,2024-01-01 23:41:00,cart,1044,Fashion,190,Mobile,New
888,1988,2024-01-01 23:45:00,checkout,1044,Fashion,190,Mobile,New
888,1988,2024-01-01 23:46:00,purchase,1044,Fashion,190,Mobile,New
1083,1989,2024-01-25 04:59:00,view,1381,Electronics,768,Mobile,New
1057,1990,2024-02-03 22:29:00,view,1155,Beauty,286,Mobile,Returning
1342,1991,2024-01-04 23:06:00,view,1274,Fashion,209,Desktop,New
50,1992,2024-01-19 01:31:00,view,1969,Electronics,59,Mobile,New
1904,1993,2024-02-02 20:36:00,view,1627,Electronics,541,Desktop,New
1513,1994,2024-01-07 22:28:00,view,1338,Fashion,465,Desktop,Returning
1513,1994,2024-01-07 22:30:00,cart,1338,Fashion,465,Desktop,Returning
19,1995,2024-01-29 17:26:00,view,1003,Electronics,786,Desktop,New
19,1995,2024-01-29 17:30:00,cart,1003,Electronics,786,Desktop,New
19,1995,2024-01-29 17:33:00,checkout,1003,Electronics,786,Desktop,New
19,1995,2024-01-29 17:34:00,purchase,1003,Electronics,786,Desktop,New
726,1996,2024-01-16 05:35:00,view,1207,Home,402,Mobile,Returning
197,1997,2024-01-05 01:10:00,view,1782,Beauty,272,Desktop,Returning
1915,1998,2024-01-26 04:40:00,view,1735,Electronics,212,Desktop,New
1474,1999,2024-01-24 11:47:00,view,1592,Beauty,61,Mobile,New
1474,1999,2024-01-24 11:48:00,cart,1592,Beauty,61,Mobile,New
559,2000,2024-01-11 02:05:00,view,1377,Fashion,836,Desktop,Returning
1703,2001,2024-01-18 18:37:00,view,1141,Beauty,780,Mobile,New
1703,2001,2024-01-18 18:41:00,cart,1141,Beauty,780,Mobile,New
1703,2001,2024-01-18 18:45:00,checkout,1141,Beauty,780,Mobile,New
1703,2001,2024-01-18 18:47:00,purchase,1141,Beauty,780,Mobile,New
452,2002,2024-01-16 00:06:00,view,1564,Home,661,Mobile,New
289,2003,2024-01-21 08:25:00,view,1268,Electronics,795,Mobile,New
289,2003,2024-01-21 08:26:00,cart,1268,Electronics,795,Mobile,New
289,2003,2024-01-21 08:28:00,checkout,1268,Electronics,795,Mobile,New
289,2003,2024-01-21 08:32:00,purchase,1268,Electronics,795,Mobile,New
1165,2004,2024-01-22 01:57:00,view,1763,Home,791,Mobile,New
1165,2004,2024-01-22 02:00:00,cart,1763,Home,791,Mobile,New
1165,2004,2024-01-22 02:01:00,checkout,1763,Home,791,Mobile,New
1165,2004,2024-01-22 02:05:00,purchase,1763,Home,791,Mobile,New
1108,2005,2024-01-25 12:25:00,view,1614,Home,70,Mobile,Returning
1718,2006,2024-01-01 15:38:00,view,1528,Fashion,640,Mobile,Returning
1718,2006,2024-01-01 15:40:00,cart,1528,Fashion,640,Mobile,Returning
391,2007,2024-02-03 21:15:00,view,1888,Home,614,Desktop,Returning
391,2007,2024-02-03 21:17:00,cart,1888,Home,614,Desktop,Returning
391,2007,2024-02-03 21:19:00,checkout,1888,Home,614,Desktop,Returning
391,2007,2024-02-03 21:22:00,purchase,1888,Home,614,Desktop,Returning
1615,2008,2024-01-17 21:51:00,view,1379,Electronics,77,Mobile,New
1615,2008,2024-01-17 21:52:00,cart,1379,Electronics,77,Mobile,New
215,2009,2024-01-16 01:55:00,view,1283,Home,977,Mobile,Returning
215,2009,2024-01-16 01:56:00,cart,1283,Home,977,Mobile,Returning
1550,2010,2024-02-04 03:42:00,view,1117,Electronics,760,Mobile,Returning
1550,2010,2024-02-04 03:43:00,cart,1117,Electronics,760,Mobile,Returning
215,2011,2024-01-27 20:01:00,view,1018,Beauty,500,Mobile,Returning
215,2011,2024-01-27 20:03:00,cart,1018,Beauty,500,Mobile,Returning
215,2011,2024-01-27 20:06:00,checkout,1018,Beauty,500,Mobile,Returning
215,2011,2024-01-27 20:07:00,purchase,1018,Beauty,500,Mobile,Returning
1427,2012,2024-01-07 01:10:00,view,1469,Beauty,307,Desktop,New
1427,2012,2024-01-07 01:14:00,cart,1469,Beauty,307,Desktop,New
1427,2012,2024-01-07 01:17:00,checkout,1469,Beauty,307,Desktop,New
128,2013,2024-01-18 15:42:00,view,1843,Home,447,Mobile,Returning
1846,2014,2024-01-17 10:35:00,view,1455,Electronics,452,Desktop,New
1846,2014,2024-01-17 10:36:00,cart,1455,Electronics,452,Desktop,New
1846,2014,2024-01-17 10:38:00,checkout,1455,Electronics,452,Desktop,New
1501,2015,2024-01-26 15:40:00,view,1363,Electronics,193,Mobile,New
760,2016,2024-01-19 20:39:00,view,1112,Fashion,197,Desktop,Returning
404,2017,2024-01-27 22:19:00,view,1069,Home,911,Mobile,Returning
404,2017,2024-01-27 22:22:00,cart,1069,Home,911,Mobile,Returning
404,2017,2024-01-27 22:23:00,checkout,1069,Home,911,Mobile,Returning
404,2017,2024-01-27 22:25:00,purchase,1069,Home,911,Mobile,Returning
1053,2018,2024-01-26 08:53:00,view,1477,Beauty,12,Mobile,Returning
1053,2018,2024-01-26 08:57:00,cart,1477,Beauty,12,Mobile,Returning
1053,2018,2024-01-26 08:59:00,checkout,1477,Beauty,12,Mobile,Returning
1816,2019,2024-01-17 06:11:00,view,1056,Home,107,Desktop,Returning
338,2020,2024-01-27 16:02:00,view,1971,Home,97,Mobile,Returning
831,2021,2024-01-19 00:48:00,view,1370,Beauty,921,Desktop,New
831,2021,2024-01-19 00:51:00,cart,1370,Beauty,921,Desktop,New
831,2021,2024-01-19 00:54:00,checkout,1370,Beauty,921,Desktop,New
831,2021,2024-01-19 00:55:00,purchase,1370,Beauty,921,Desktop,New
714,2022,2024-01-12 17:34:00,view,1607,Beauty,909,Desktop,New
714,2022,2024-01-12 17:37:00,cart,1607,Beauty,909,Desktop,New
361,2023,2024-01-26 16:21:00,view,1599,Home,218,Mobile,New
361,2023,2024-01-26 16:23:00,cart,1599,Home,218,Mobile,New
361,2023,2024-01-26 16:27:00,checkout,1599,Home,218,Mobile,New
361,2023,2024-01-26 16:28:00,purchase,1599,Home,218,Mobile,New
569,2024,2024-01-02 22:19:00,view,1552,Fashion,418,Mobile,Returning
569,2024,2024-01-02 22:21:00,cart,1552,Fashion,418,Mobile,Returning
569,2024,2024-01-02 22:22:00,checkout,1552,Fashion,418,Mobile,Returning
569,2024,2024-01-02 22:25:00,purchase,1552,Fashion,418,Mobile,Returning
1416,2025,2024-01-25 01:46:00,view,1464,Fashion,171,Mobile,Returning
1416,2025,2024-01-25 01:48:00,cart,1464,Fashion,171,Mobile,Returning
218,2026,2024-01-13 10:25:00,view,1881,Electronics,196,Desktop,Returning
218,2026,2024-01-13 10:28:00,cart,1881,Electronics,196,Desktop,Returning
218,2026,2024-01-13 10:32:00,checkout,1881,Electronics,196,Desktop,Returning
218,2026,2024-01-13 10:33:00,purchase,1881,Electronics,196,Desktop,Returning
1598,2027,2024-01-06 19:49:00,view,1610,Home,741,Desktop,New
1598,2027,2024-01-06 19:52:00,cart,1610,Home,741,Desktop,New
1598,2027,2024-01-06 19:55:00,checkout,1610,Home,741,Desktop,New
1598,2027,2024-01-06 19:59:00,purchase,1610,Home,741,Desktop,New
1693,2028,2024-02-01 21:30:00,view,1216,Beauty,273,Mobile,New
1693,2028,2024-02-01 21:34:00,cart,1216,Beauty,273,Mobile,New
202,2029,2024-01-28 06:38:00,view,1502,Fashion,710,Mobile,New
202,2029,2024-01-28 06:42:00,cart,1502,Fashion,710,Mobile,New
202,2029,2024-01-28 06:43:00,checkout,1502,Fashion,710,Mobile,New
202,2029,2024-01-28 06:46:00,purchase,1502,Fashion,710,Mobile,New
17,2030,2024-01-07 17:25:00,view,1580,Electronics,633,Mobile,New
17,2030,2024-01-07 17:26:00,cart,1580,Electronics,633,Mobile,New
17,2030,2024-01-07 17:30:00,checkout,1580,Electronics,633,Mobile,New
17,2030,2024-01-07 17:33:00,purchase,1580,Electronics,633,Mobile,New
322,2031,2024-01-08 18:53:00,view,1074,Beauty,636,Desktop,Returning
322,2031,2024-01-08 18:57:00,cart,1074,Beauty,636,Desktop,Returning
322,2031,2024-01-08 18:59:00,checkout,1074,Beauty,636,Desktop,Returning
322,2031,2024-01-08 19:00:00,purchase,1074,Beauty,636,Desktop,Returning
518,2032,2024-01-21 02:48:00,view,1175,Fashion,638,Mobile,Returning
518,2032,2024-01-21 02:50:00,cart,1175,Fashion,638,Mobile,Returning
1594,2033,2024-01-06 00:09:00,view,1961,Fashion,905,Mobile,New
1349,2034,2024-01-30 03:43:00,view,1349,Beauty,697,Desktop,Returning
1349,2034,2024-01-30 03:44:00,cart,1349,Beauty,697,Desktop,Returning
1349,2034,2024-01-30 03:45:00,checkout,1349,Beauty,697,Desktop,Returning
1349,2034,2024-01-30 03:49:00,purchase,1349,Beauty,697,Desktop,Returning
1436,2035,2024-01-28 23:07:00,view,1086,Fashion,17,Mobile,New
1342,2036,2024-01-31 21:08:00,view,1073,Fashion,408,Mobile,New
681,2037,2024-01-06 12:43:00,view,1805,Beauty,386,Tablet,Returning
1989,2038,2024-01-12 07:34:00,view,1447,Home,439,Desktop,New
1989,2038,2024-01-12 07:36:00,cart,1447,Home,439,Desktop,New
1989,2038,2024-01-12 07:37:00,checkout,1447,Home,439,Desktop,New
1989,2038,2024-01-12 07:39:00,purchase,1447,Home,439,Desktop,New
1106,2039,2024-01-04 23:24:00,view,1973,Electronics,424,Mobile,New
1106,2039,2024-01-04 23:27:00,cart,1973,Electronics,424,Mobile,New
1106,2039,2024-01-04 23:29:00,checkout,1973,Electronics,424,Mobile,New
1106,2039,2024-01-04 23:31:00,purchase,1973,Electronics,424,Mobile,New
1498,2040,2024-01-19 22:59:00,view,1419,Beauty,877,Mobile,New
1498,2040,2024-01-19 23:02:00,cart,1419,Beauty,877,Mobile,New
1498,2040,2024-01-19 23:05:00,checkout,1419,Beauty,877,Mobile,New
1498,2040,2024-01-19 23:06:00,purchase,1419,Beauty,877,Mobile,New
1492,2041,2024-01-12 05:58:00,view,1575,Home,616,Mobile,New
1492,2041,2024-01-12 05:59:00,cart,1575,Home,616,Mobile,New
425,2042,2024-01-25 15:07:00,view,1782,Home,812,Mobile,New
425,2042,2024-01-25 15:08:00,cart,1782,Home,812,Mobile,New
425,2042,2024-01-25 15:11:00,checkout,1782,Home,812,Mobile,New
425,2042,2024-01-25 15:14:00,purchase,1782,Home,812,Mobile,New
1969,2043,2024-01-11 11:33:00,view,1678,Fashion,953,Desktop,New
1969,2043,2024-01-11 11:37:00,cart,1678,Fashion,953,Desktop,New
1755,2044,2024-01-08 13:47:00,view,1536,Home,139,Mobile,Returning
1755,2044,2024-01-08 13:48:00,cart,1536,Home,139,Mobile,Returning
1755,2044,2024-01-08 13:50:00,checkout,1536,Home,139,Mobile,Returning
1755,2044,2024-01-08 13:53:00,purchase,1536,Home,139,Mobile,Returning
1713,2045,2024-01-27 01:59:00,view,1018,Home,891,Desktop,Returning
1228,2046,2024-01-06 09:47:00,view,1033,Fashion,514,Desktop,New
1228,2046,2024-01-06 09:50:00,cart,1033,Fashion,514,Desktop,New
1228,2046,2024-01-06 09:52:00,checkout,1033,Fashion,514,Desktop,New
1228,2046,2024-01-06 09:55:00,purchase,1033,Fashion,514,Desktop,New
1607,2047,2024-02-03 22:57:00,view,1486,Home,406,Mobile,New
1019,2048,2024-01-24 02:46:00,view,1646,Home,969,Mobile,Returning
387,2049,2024-01-02 17:48:00,view,1832,Electronics,222,Mobile,New
778,2050,2024-01-26 15:24:00,view,1814,Home,128,Desktop,Returning
98,2051,2024-01-21 22:41:00,view,1506,Home,236,Desktop,New
1369,2052,2024-01-01 22:52:00,view,1700,Electronics,365,Mobile,New
1369,2052,2024-01-01 22:56:00,cart,1700,Electronics,365,Mobile,New
1827,2053,2024-01-19 02:14:00,view,1562,Home,769,Desktop,New
208,2054,2024-01-20 07:32:00,view,1494,Home,509,Mobile,Returning
208,2054,2024-01-20 07:33:00,cart,1494,Home,509,Mobile,Returning
208,2054,2024-01-20 07:37:00,checkout,1494,Home,509,Mobile,Returning
208,2054,2024-01-20 07:41:00,purchase,1494,Home,509,Mobile,Returning
1538,2055,2024-01-01 14:39:00,view,1127,Home,528,Desktop,Returning
1538,2055,2024-01-01 14:41:00,cart,1127,Home,528,Desktop,Returning
1660,2056,2024-01-14 01:16:00,view,1797,Fashion,631,Mobile,New
1660,2056,2024-01-14 01:18:00,cart,1797,Fashion,631,Mobile,New
1816,2057,2024-02-01 14:19:00,view,1958,Beauty,684,Mobile,Returning
586,2058,2024-02-03 00:45:00,view,1920,Fashion,933,Desktop,New
166,2059,2024-01-21 05:02:00,view,1181,Electronics,296,Mobile,Returning
22,2060,2024-01-31 13:53:00,view,1313,Home,572,Mobile,New
22,2060,2024-01-31 13:54:00,cart,1313,Home,572,Mobile,New
22,2060,2024-01-31 13:57:00,checkout,1313,Home,572,Mobile,New
154,2061,2024-01-21 15:59:00,view,1612,Beauty,133,Mobile,New
154,2061,2024-01-21 16:00:00,cart,1612,Beauty,133,Mobile,New
154,2061,2024-01-21 16:03:00,checkout,1612,Beauty,133,Mobile,New
154,2061,2024-01-21 16:07:00,purchase,1612,Beauty,133,Mobile,New
1963,2062,2024-01-17 02:55:00,view,1839,Beauty,711,Mobile,Returning
1463,2063,2024-01-09 15:58:00,view,1786,Electronics,887,Mobile,New
1463,2063,2024-01-09 16:01:00,cart,1786,Electronics,887,Mobile,New
1463,2063,2024-01-09 16:02:00,checkout,1786,Electronics,887,Mobile,New
1463,2063,2024-01-09 16:03:00,purchase,1786,Electronics,887,Mobile,New
1319,2064,2024-01-01 19:21:00,view,1669,Electronics,327,Desktop,New
1319,2064,2024-01-01 19:24:00,cart,1669,Electronics,327,Desktop,New
219,2065,2024-01-07 07:06:00,view,1977,Home,955,Mobile,Returning
669,2066,2024-01-03 07:54:00,view,1611,Fashion,455,Mobile,New
1519,2067,2024-01-29 00:48:00,view,1373,Home,772,Desktop,New
1519,2067,2024-01-29 00:49:00,cart,1373,Home,772,Desktop,New
230,2068,2024-01-03 21:53:00,view,1865,Electronics,683,Mobile,Returning
20,2069,2024-01-12 07:40:00,view,1592,Electronics,413,Mobile,New
553,2070,2024-01-03 07:37:00,view,1504,Fashion,606,Desktop,New
950,2071,2024-01-08 19:16:00,view,1413,Beauty,76,Desktop,New
950,2071,2024-01-08 19:20:00,cart,1413,Beauty,76,Desktop,New
950,2071,2024-01-08 19:24:00,checkout,1413,Beauty,76,Desktop,New
950,2071,2024-01-08 19:25:00,purchase,1413,Beauty,76,Desktop,New
148,2072,2024-01-29 17:39:00,view,1882,Fashion,507,Desktop,New
1132,2073,2024-01-11 03:56:00,view,1206,Beauty,301,Desktop,New
403,2074,2024-01-22 13:59:00,view,1849,Fashion,949,Mobile,New
596,2075,2024-01-11 06:32:00,view,1178,Fashion,38,Desktop,New
1507,2076,2024-01-29 10:09:00,view,1343,Fashion,201,Mobile,New
367,2077,2024-01-15 13:19:00,view,1736,Home,982,Desktop,Returning
367,2077,2024-01-15 13:20:00,cart,1736,Home,982,Desktop,Returning
367,2077,2024-01-15 13:21:00,checkout,1736,Home,982,Desktop,Returning
1858,2078,2024-01-10 16:50:00,view,1692,Beauty,911,Mobile,New
1858,2078,2024-01-10 16:52:00,cart,1692,Beauty,911,Mobile,New
1858,2078,2024-01-10 16:54:00,checkout,1692,Beauty,911,Mobile,New
1858,2078,2024-01-10 16:58:00,purchase,1692,Beauty,911,Mobile,New
1438,2079,2024-01-03 17:48:00,view,1815,Home,942,Desktop,Returning
1438,2079,2024-01-03 17:52:00,cart,1815,Home,942,Desktop,Returning
1438,2079,2024-01-03 17:55:00,checkout,1815,Home,942,Desktop,Returning
1438,2079,2024-01-03 17:59:00,purchase,1815,Home,942,Desktop,Returning
1333,2080,2024-01-14 11:30:00,view,1446,Home,510,Desktop,New
1333,2080,2024-01-14 11:31:00,cart,1446,Home,510,Desktop,New
802,2081,2024-01-01 10:53:00,view,1312,Fashion,892,Desktop,New
802,2081,2024-01-01 10:55:00,cart,1312,Fashion,892,Desktop,New
918,2082,2024-01-25 20:06:00,view,1943,Beauty,887,Mobile,Returning
1859,2083,2024-01-22 12:50:00,view,1928,Home,209,Mobile,Returning
1859,2083,2024-01-22 12:54:00,cart,1928,Home,209,Mobile,Returning
1859,2083,2024-01-22 12:57:00,checkout,1928,Home,209,Mobile,Returning
1859,2083,2024-01-22 13:01:00,purchase,1928,Home,209,Mobile,Returning
1158,2084,2024-01-26 15:31:00,view,1403,Beauty,666,Desktop,Returning
1743,2085,2024-02-02 23:39:00,view,1595,Home,627,Desktop,Returning
1743,2085,2024-02-02 23:41:00,cart,1595,Home,627,Desktop,Returning
1743,2085,2024-02-02 23:45:00,checkout,1595,Home,627,Desktop,Returning
1307,2086,2024-01-18 12:32:00,view,1711,Beauty,489,Mobile,Returning
1802,2087,2024-01-15 08:19:00,view,1397,Home,724,Tablet,Returning
1802,2087,2024-01-15 08:23:00,cart,1397,Home,724,Tablet,Returning
1802,2087,2024-01-15 08:26:00,checkout,1397,Home,724,Tablet,Returning
73,2088,2024-01-13 17:13:00,view,1151,Electronics,404,Desktop,New
73,2088,2024-01-13 17:17:00,cart,1151,Electronics,404,Desktop,New
73,2088,2024-01-13 17:18:00,checkout,1151,Electronics,404,Desktop,New
73,2088,2024-01-13 17:19:00,purchase,1151,Electronics,404,Desktop,New
481,2089,2024-01-10 13:43:00,view,1447,Fashion,976,Mobile,Returning
481,2089,2024-01-10 13:46:00,cart,1447,Fashion,976,Mobile,Returning
481,2089,2024-01-10 13:48:00,checkout,1447,Fashion,976,Mobile,Returning
481,2089,2024-01-10 13:50:00,purchase,1447,Fashion,976,Mobile,Returning
1376,2090,2024-01-13 04:31:00,view,1507,Home,358,Desktop,Returning
560,2091,2024-02-04 04:43:00,view,1751,Fashion,917,Mobile,Returning
1350,2092,2024-01-01 19:59:00,view,1447,Electronics,938,Mobile,New
1350,2092,2024-01-01 20:01:00,cart,1447,Electronics,938,Mobile,New
1350,2092,2024-01-01 20:02:00,checkout,1447,Electronics,938,Mobile,New
1350,2092,2024-01-01 20:03:00,purchase,1447,Electronics,938,Mobile,New
745,2093,2024-01-31 11:41:00,view,1432,Home,547,Mobile,New
1467,2094,2024-02-01 16:23:00,view,1067,Beauty,154,Mobile,Returning
1467,2094,2024-02-01 16:24:00,cart,1067,Beauty,154,Mobile,Returning
100,2095,2024-01-10 03:37:00,view,1788,Home,290,Desktop,New
100,2095,2024-01-10 03:38:00,cart,1788,Home,290,Desktop,New
1083,2096,2024-01-31 13:51:00,view,1941,Home,694,Mobile,New
1083,2096,2024-01-31 13:54:00,cart,1941,Home,694,Mobile,New
1083,2096,2024-01-31 13:58:00,checkout,1941,Home,694,Mobile,New
1083,2096,2024-01-31 14:00:00,purchase,1941,Home,694,Mobile,New
508,2097,2024-01-21 09:32:00,view,1854,Fashion,54,Desktop,Returning
508,2097,2024-01-21 09:35:00,cart,1854,Fashion,54,Desktop,Returning
508,2097,2024-01-21 09:36:00,checkout,1854,Fashion,54,Desktop,Returning
258,2098,2024-01-29 08:56:00,view,1156,Home,149,Desktop,Returning
413,2099,2024-01-14 11:16:00,view,1030,Beauty,285,Desktop,Returning
1476,2100,2024-01-15 23:59:00,view,1934,Fashion,724,Mobile,Returning
1476,2100,2024-01-16 00:02:00,cart,1934,Fashion,724,Mobile,Returning
1476,2100,2024-01-16 00:04:00,checkout,1934,Fashion,724,Mobile,Returning
1476,2100,2024-01-16 00:05:00,purchase,1934,Fashion,724,Mobile,Returning
1089,2101,2024-01-11 06:18:00,view,1946,Electronics,668,Desktop,Returning
1089,2101,2024-01-11 06:19:00,cart,1946,Electronics,668,Desktop,Returning
595,2102,2024-01-24 05:20:00,view,1820,Electronics,221,Mobile,Returning
595,2102,2024-01-24 05:24:00,cart,1820,Electronics,221,Mobile,Returning
595,2102,2024-01-24 05:28:00,checkout,1820,Electronics,221,Mobile,Returning
595,2102,2024-01-24 05:32:00,purchase,1820,Electronics,221,Mobile,Returning
1178,2103,2024-01-28 00:08:00,view,1222,Electronics,955,Mobile,New
1178,2103,2024-01-28 00:12:00,cart,1222,Electronics,955,Mobile,New
1178,2103,2024-01-28 00:14:00,checkout,1222,Electronics,955,Mobile,New
1178,2103,2024-01-28 00:17:00,purchase,1222,Electronics,955,Mobile,New
266,2104,2024-01-02 19:26:00,view,1366,Home,683,Mobile,Returning
821,2105,2024-01-24 06:05:00,view,1178,Electronics,581,Mobile,Returning
1103,2106,2024-02-04 12:52:00,view,1968,Fashion,504,Desktop,Returning
1103,2106,2024-02-04 12:54:00,cart,1968,Fashion,504,Desktop,Returning
1339,2107,2024-01-20 16:00:00,view,1170,Fashion,303,Mobile,New
1339,2107,2024-01-20 16:02:00,cart,1170,Fashion,303,Mobile,New
1339,2107,2024-01-20 16:05:00,checkout,1170,Fashion,303,Mobile,New
1339,2107,2024-01-20 16:07:00,purchase,1170,Fashion,303,Mobile,New
662,2108,2024-02-04 02:11:00,view,1599,Home,817,Desktop,Returning
662,2108,2024-02-04 02:13:00,cart,1599,Home,817,Desktop,Returning
662,2108,2024-02-04 02:15:00,checkout,1599,Home,817,Desktop,Returning
662,2108,2024-02-04 02:17:00,purchase,1599,Home,817,Desktop,Returning
947,2109,2024-01-18 06:26:00,view,1601,Home,83,Mobile,New
947,2109,2024-01-18 06:27:00,cart,1601,Home,83,Mobile,New
947,2109,2024-01-18 06:29:00,checkout,1601,Home,83,Mobile,New
947,2109,2024-01-18 06:33:00,purchase,1601,Home,83,Mobile,New
560,2110,2024-01-01 16:30:00,view,1539,Beauty,616,Mobile,Returning
560,2110,2024-01-01 16:32:00,cart,1539,Beauty,616,Mobile,Returning
917,2111,2024-01-03 21:43:00,view,1429,Electronics,352,Tablet,New
917,2111,2024-01-03 21:44:00,cart,1429,Electronics,352,Tablet,New
917,2111,2024-01-03 21:45:00,checkout,1429,Electronics,352,Tablet,New
891,2112,2024-01-12 14:39:00,view,1281,Beauty,738,Desktop,Returning
891,2112,2024-01-12 14:43:00,cart,1281,Beauty,738,Desktop,Returning
1272,2113,2024-01-12 18:31:00,view,1041,Home,472,Mobile,Returning
1272,2113,2024-01-12 18:32:00,cart,1041,Home,472,Mobile,Returning
1272,2113,2024-01-12 18:34:00,checkout,1041,Home,472,Mobile,Returning
1272,2113,2024-01-12 18:37:00,purchase,1041,Home,472,Mobile,Returning
1814,2114,2024-01-03 03:10:00,view,1741,Home,759,Mobile,New
868,2115,2024-01-16 00:50:00,view,1690,Electronics,99,Mobile,New
868,2115,2024-01-16 00:54:00,cart,1690,Electronics,99,Mobile,New
610,2116,2024-01-16 07:10:00,view,1818,Beauty,759,Mobile,Returning
610,2116,2024-01-16 07:13:00,cart,1818,Beauty,759,Mobile,Returning
414,2117,2024-01-25 21:56:00,view,1008,Home,228,Desktop,New
414,2117,2024-01-25 21:58:00,cart,1008,Home,228,Desktop,New
414,2117,2024-01-25 21:59:00,checkout,1008,Home,228,Desktop,New
414,2117,2024-01-25 22:02:00,purchase,1008,Home,228,Desktop,New
25,2118,2024-01-01 06:14:00,view,1758,Beauty,699,Desktop,New
284,2119,2024-02-04 13:37:00,view,1676,Electronics,678,Mobile,New
284,2119,2024-02-04 13:39:00,cart,1676,Electronics,678,Mobile,New
284,2119,2024-02-04 13:42:00,checkout,1676,Electronics,678,Mobile,New
284,2119,2024-02-04 13:43:00,purchase,1676,Electronics,678,Mobile,New
1473,2120,2024-01-02 08:31:00,view,1974,Electronics,464,Desktop,Returning
881,2121,2024-02-04 15:20:00,view,1658,Home,539,Mobile,New
881,2121,2024-02-04 15:21:00,cart,1658,Home,539,Mobile,New
881,2121,2024-02-04 15:25:00,checkout,1658,Home,539,Mobile,New
881,2121,2024-02-04 15:27:00,purchase,1658,Home,539,Mobile,New
301,2122,2024-01-26 01:36:00,view,1283,Electronics,570,Mobile,New
301,2122,2024-01-26 01:37:00,cart,1283,Electronics,570,Mobile,New
1092,2123,2024-01-04 15:49:00,view,1614,Fashion,301,Mobile,Returning
1031,2124,2024-02-04 09:53:00,view,1381,Electronics,767,Desktop,New
1031,2124,2024-02-04 09:57:00,cart,1381,Electronics,767,Desktop,New
817,2125,2024-01-09 01:52:00,view,1604,Beauty,344,Mobile,New
1161,2126,2024-01-09 05:57:00,view,1993,Electronics,287,Mobile,Returning
1188,2127,2024-01-27 21:35:00,view,1390,Beauty,408,Mobile,New
83,2128,2024-01-28 02:20:00,view,1009,Electronics,571,Mobile,New
1921,2129,2024-01-18 21:16:00,view,1087,Electronics,68,Desktop,Returning
1921,2129,2024-01-18 21:18:00,cart,1087,Electronics,68,Desktop,Returning
1921,2129,2024-01-18 21:21:00,checkout,1087,Electronics,68,Desktop,Returning
1921,2129,2024-01-18 21:24:00,purchase,1087,Electronics,68,Desktop,Returning
1674,2130,2024-02-03 10:33:00,view,1300,Beauty,558,Mobile,Returning
1674,2130,2024-02-03 10:37:00,cart,1300,Beauty,558,Mobile,Returning
1444,2131,2024-01-08 16:09:00,view,1928,Beauty,93,Mobile,New
1444,2131,2024-01-08 16:12:00,cart,1928,Beauty,93,Mobile,New
1444,2131,2024-01-08 16:15:00,checkout,1928,Beauty,93,Mobile,New
1444,2131,2024-01-08 16:16:00,purchase,1928,Beauty,93,Mobile,New
1097,2132,2024-02-01 01:29:00,view,1254,Fashion,105,Desktop,New
1097,2132,2024-02-01 01:33:00,cart,1254,Fashion,105,Desktop,New
1261,2133,2024-01-02 16:32:00,view,1485,Home,967,Desktop,New
1261,2133,2024-01-02 16:36:00,cart,1485,Home,967,Desktop,New
46,2134,2024-02-02 11:17:00,view,1246,Beauty,457,Desktop,Returning
46,2134,2024-02-02 11:18:00,cart,1246,Beauty,457,Desktop,Returning
46,2134,2024-02-02 11:19:00,checkout,1246,Beauty,457,Desktop,Returning
46,2134,2024-02-02 11:22:00,purchase,1246,Beauty,457,Desktop,Returning
618,2135,2024-01-29 14:35:00,view,1598,Fashion,299,Mobile,New
618,2135,2024-01-29 14:37:00,cart,1598,Fashion,299,Mobile,New
618,2135,2024-01-29 14:40:00,checkout,1598,Fashion,299,Mobile,New
618,2135,2024-01-29 14:43:00,purchase,1598,Fashion,299,Mobile,New
928,2136,2024-01-27 13:30:00,view,1737,Home,174,Mobile,New
1824,2137,2024-01-11 15:19:00,view,1534,Electronics,686,Mobile,Returning
262,2138,2024-01-11 10:47:00,view,1555,Beauty,392,Mobile,Returning
176,2139,2024-02-02 21:26:00,view,1650,Home,305,Desktop,New
176,2139,2024-02-02 21:27:00,cart,1650,Home,305,Desktop,New
176,2139,2024-02-02 21:28:00,checkout,1650,Home,305,Desktop,New
176,2139,2024-02-02 21:31:00,purchase,1650,Home,305,Desktop,New
1190,2140,2024-01-15 04:40:00,view,1617,Electronics,44,Mobile,Returning
1190,2140,2024-01-15 04:41:00,cart,1617,Electronics,44,Mobile,Returning
657,2141,2024-01-06 01:14:00,view,1326,Home,646,Mobile,New
657,2141,2024-01-06 01:18:00,cart,1326,Home,646,Mobile,New
842,2142,2024-01-20 19:42:00,view,1848,Fashion,521,Mobile,Returning
842,2142,2024-01-20 19:44:00,cart,1848,Fashion,521,Mobile,Returning
842,2142,2024-01-20 19:48:00,checkout,1848,Fashion,521,Mobile,Returning
842,2142,2024-01-20 19:50:00,purchase,1848,Fashion,521,Mobile,Returning
370,2143,2024-01-26 03:19:00,view,1535,Electronics,36,Mobile,New
370,2143,2024-01-26 03:23:00,cart,1535,Electronics,36,Mobile,New
370,2143,2024-01-26 03:24:00,checkout,1535,Electronics,36,Mobile,New
370,2143,2024-01-26 03:28:00,purchase,1535,Electronics,36,Mobile,New
1819,2144,2024-01-13 11:49:00,view,1717,Electronics,298,Desktop,Returning
54,2145,2024-01-04 08:20:00,view,1159,Electronics,51,Mobile,Returning
690,2146,2024-01-21 19:30:00,view,1259,Beauty,134,Mobile,New
1443,2147,2024-01-11 14:42:00,view,1472,Home,972,Mobile,Returning
1443,2147,2024-01-11 14:45:00,cart,1472,Home,972,Mobile,Returning
1780,2148,2024-01-29 22:52:00,view,1954,Electronics,89,Mobile,Returning
1531,2149,2024-01-11 14:32:00,view,1423,Home,104,Mobile,New
1531,2149,2024-01-11 14:33:00,cart,1423,Home,104,Mobile,New
1531,2149,2024-01-11 14:37:00,checkout,1423,Home,104,Mobile,New
1531,2149,2024-01-11 14:38:00,purchase,1423,Home,104,Mobile,New
1365,2150,2024-01-14 11:52:00,view,1041,Fashion,902,Desktop,Returning
1151,2151,2024-01-16 16:05:00,view,1754,Fashion,412,Mobile,Returning
1151,2151,2024-01-16 16:09:00,cart,1754,Fashion,412,Mobile,Returning
1433,2152,2024-01-12 01:53:00,view,1880,Beauty,910,Desktop,New
1433,2152,2024-01-12 01:55:00,cart,1880,Beauty,910,Desktop,New
1433,2152,2024-01-12 01:57:00,checkout,1880,Beauty,910,Desktop,New
1433,2152,2024-01-12 02:00:00,purchase,1880,Beauty,910,Desktop,New
1948,2153,2024-01-11 11:52:00,view,1574,Beauty,526,Desktop,New
1948,2153,2024-01-11 11:54:00,cart,1574,Beauty,526,Desktop,New
367,2154,2024-01-01 23:16:00,view,1252,Home,763,Desktop,Returning
1295,2155,2024-01-17 17:11:00,view,1464,Beauty,48,Desktop,Returning
1295,2155,2024-01-17 17:13:00,cart,1464,Beauty,48,Desktop,Returning
1295,2155,2024-01-17 17:16:00,checkout,1464,Beauty,48,Desktop,Returning
1295,2155,2024-01-17 17:19:00,purchase,1464,Beauty,48,Desktop,Returning
644,2156,2024-01-22 10:54:00,view,1071,Beauty,958,Mobile,New
644,2156,2024-01-22 10:56:00,cart,1071,Beauty,958,Mobile,New
644,2156,2024-01-22 11:00:00,checkout,1071,Beauty,958,Mobile,New
644,2156,2024-01-22 11:02:00,purchase,1071,Beauty,958,Mobile,New
1629,2157,2024-02-02 17:28:00,view,1354,Beauty,813,Mobile,New
1629,2157,2024-02-02 17:32:00,cart,1354,Beauty,813,Mobile,New
379,2158,2024-01-11 05:25:00,view,1702,Home,408,Mobile,Returning
379,2158,2024-01-11 05:29:00,cart,1702,Home,408,Mobile,Returning
379,2158,2024-01-11 05:31:00,checkout,1702,Home,408,Mobile,Returning
379,2158,2024-01-11 05:35:00,purchase,1702,Home,408,Mobile,Returning
73,2159,2024-02-04 02:04:00,view,1236,Fashion,986,Desktop,New
1947,2160,2024-01-22 16:58:00,view,1754,Home,567,Tablet,New
1947,2160,2024-01-22 17:00:00,cart,1754,Home,567,Tablet,New
1946,2161,2024-01-14 07:50:00,view,1125,Electronics,635,Desktop,New
915,2162,2024-02-01 05:16:00,view,1499,Home,974,Mobile,New
915,2162,2024-02-01 05:20:00,cart,1499,Home,974,Mobile,New
1272,2163,2024-02-04 02:57:00,view,1694,Electronics,101,Desktop,Returning
1272,2163,2024-02-04 02:58:00,cart,1694,Electronics,101,Desktop,Returning
1272,2163,2024-02-04 03:00:00,checkout,1694,Electronics,101,Desktop,Returning
860,2164,2024-01-27 09:52:00,view,1980,Home,25,Mobile,New
860,2164,2024-01-27 09:55:00,cart,1980,Home,25,Mobile,New
860,2164,2024-01-27 09:58:00,checkout,1980,Home,25,Mobile,New
860,2164,2024-01-27 10:02:00,purchase,1980,Home,25,Mobile,New
1809,2165,2024-01-22 15:30:00,view,1075,Beauty,601,Mobile,New
43,2166,2024-01-27 21:54:00,view,1779,Home,959,Mobile,New
43,2166,2024-01-27 21:58:00,cart,1779,Home,959,Mobile,New
43,2166,2024-01-27 22:00:00,checkout,1779,Home,959,Mobile,New
43,2166,2024-01-27 22:02:00,purchase,1779,Home,959,Mobile,New
377,2167,2024-02-04 03:12:00,view,1677,Beauty,662,Mobile,Returning
1065,2168,2024-01-20 04:32:00,view,1027,Home,813,Mobile,New
1065,2168,2024-01-20 04:35:00,cart,1027,Home,813,Mobile,New
1065,2168,2024-01-20 04:38:00,checkout,1027,Home,813,Mobile,New
1065,2168,2024-01-20 04:40:00,purchase,1027,Home,813,Mobile,New
170,2169,2024-01-02 17:03:00,view,1849,Beauty,382,Mobile,New
1970,2170,2024-01-07 03:23:00,view,1030,Electronics,307,Mobile,New
1970,2170,2024-01-07 03:27:00,cart,1030,Electronics,307,Mobile,New
1970,2170,2024-01-07 03:29:00,checkout,1030,Electronics,307,Mobile,New
1970,2170,2024-01-07 03:31:00,purchase,1030,Electronics,307,Mobile,New
212,2171,2024-01-03 17:23:00,view,1412,Electronics,507,Desktop,Returning
1517,2172,2024-01-10 08:24:00,view,1190,Beauty,315,Desktop,Returning
1517,2172,2024-01-10 08:26:00,cart,1190,Beauty,315,Desktop,Returning
1704,2173,2024-01-02 05:22:00,view,1778,Home,848,Desktop,New
1704,2173,2024-01-02 05:26:00,cart,1778,Home,848,Desktop,New
1704,2173,2024-01-02 05:27:00,checkout,1778,Home,848,Desktop,New
1704,2173,2024-01-02 05:29:00,purchase,1778,Home,848,Desktop,New
39,2174,2024-01-18 19:11:00,view,1243,Fashion,494,Mobile,Returning
39,2174,2024-01-18 19:15:00,cart,1243,Fashion,494,Mobile,Returning
39,2174,2024-01-18 19:17:00,checkout,1243,Fashion,494,Mobile,Returning
39,2174,2024-01-18 19:18:00,purchase,1243,Fashion,494,Mobile,Returning
369,2175,2024-01-30 09:19:00,view,1101,Home,566,Desktop,New
369,2175,2024-01-30 09:22:00,cart,1101,Home,566,Desktop,New
757,2176,2024-01-19 13:36:00,view,1102,Fashion,170,Desktop,Returning
757,2176,2024-01-19 13:38:00,cart,1102,Fashion,170,Desktop,Returning
757,2176,2024-01-19 13:41:00,checkout,1102,Fashion,170,Desktop,Returning
757,2176,2024-01-19 13:44:00,purchase,1102,Fashion,170,Desktop,Returning
151,2177,2024-02-03 03:09:00,view,1778,Home,966,Mobile,Returning
1135,2178,2024-01-11 04:15:00,view,1317,Home,446,Mobile,Returning
1135,2178,2024-01-11 04:18:00,cart,1317,Home,446,Mobile,Returning
1135,2178,2024-01-11 04:21:00,checkout,1317,Home,446,Mobile,Returning
1135,2178,2024-01-11 04:23:00,purchase,1317,Home,446,Mobile,Returning
1504,2179,2024-02-03 20:57:00,view,1239,Electronics,837,Mobile,New
1460,2180,2024-01-12 21:18:00,view,1202,Fashion,806,Mobile,Returning
1460,2180,2024-01-12 21:21:00,cart,1202,Fashion,806,Mobile,Returning
1460,2180,2024-01-12 21:22:00,checkout,1202,Fashion,806,Mobile,Returning
1460,2180,2024-01-12 21:23:00,purchase,1202,Fashion,806,Mobile,Returning
1071,2181,2024-02-01 02:12:00,view,1202,Beauty,327,Desktop,New
1024,2182,2024-01-12 01:39:00,view,1056,Electronics,572,Desktop,Returning
1024,2182,2024-01-12 01:41:00,cart,1056,Electronics,572,Desktop,Returning
1024,2182,2024-01-12 01:42:00,checkout,1056,Electronics,572,Desktop,Returning
1024,2182,2024-01-12 01:44:00,purchase,1056,Electronics,572,Desktop,Returning
1599,2183,2024-01-24 15:45:00,view,1265,Electronics,813,Mobile,New
737,2184,2024-02-01 22:49:00,view,1651,Beauty,656,Desktop,New
1390,2185,2024-01-22 22:09:00,view,1175,Home,484,Desktop,New
1390,2185,2024-01-22 22:11:00,cart,1175,Home,484,Desktop,New
1390,2185,2024-01-22 22:15:00,checkout,1175,Home,484,Desktop,New
1390,2185,2024-01-22 22:18:00,purchase,1175,Home,484,Desktop,New
69,2186,2024-01-12 07:59:00,view,1170,Beauty,116,Desktop,New
69,2186,2024-01-12 08:01:00,cart,1170,Beauty,116,Desktop,New
299,2187,2024-01-08 23:52:00,view,1116,Beauty,93,Mobile,Returning
944,2188,2024-01-08 00:27:00,view,1737,Fashion,228,Desktop,Returning
944,2188,2024-01-08 00:30:00,cart,1737,Fashion,228,Desktop,Returning
944,2188,2024-01-08 00:31:00,checkout,1737,Fashion,228,Desktop,Returning
944,2188,2024-01-08 00:34:00,purchase,1737,Fashion,228,Desktop,Returning
802,2189,2024-01-31 04:32:00,view,1525,Home,860,Mobile,New
802,2189,2024-01-31 04:35:00,cart,1525,Home,860,Mobile,New
802,2189,2024-01-31 04:37:00,checkout,1525,Home,860,Mobile,New
802,2189,2024-01-31 04:40:00,purchase,1525,Home,860,Mobile,New
296,2190,2024-01-14 21:51:00,view,1354,Beauty,180,Mobile,New
203,2191,2024-02-01 07:35:00,view,1290,Home,941,Mobile,New
203,2191,2024-02-01 07:38:00,cart,1290,Home,941,Mobile,New
203,2191,2024-02-01 07:40:00,checkout,1290,Home,941,Mobile,New
61,2192,2024-01-20 09:30:00,view,1923,Home,896,Mobile,New
946,2193,2024-01-19 12:35:00,view,1107,Beauty,590,Desktop,New
963,2194,2024-01-03 07:15:00,view,1043,Fashion,880,Mobile,New
1854,2195,2024-02-02 07:09:00,view,1997,Electronics,999,Mobile,Returning
1338,2196,2024-01-29 14:29:00,view,1446,Beauty,294,Mobile,Returning
1338,2196,2024-01-29 14:30:00,cart,1446,Beauty,294,Mobile,Returning
1338,2196,2024-01-29 14:34:00,checkout,1446,Beauty,294,Mobile,Returning
1338,2196,2024-01-29 14:38:00,purchase,1446,Beauty,294,Mobile,Returning
1185,2197,2024-01-31 01:38:00,view,1847,Home,319,Desktop,New
1185,2197,2024-01-31 01:39:00,cart,1847,Home,319,Desktop,New
1185,2197,2024-01-31 01:41:00,checkout,1847,Home,319,Desktop,New
1185,2197,2024-01-31 01:43:00,purchase,1847,Home,319,Desktop,New
331,2198,2024-01-21 06:41:00,view,1600,Fashion,473,Mobile,New
331,2198,2024-01-21 06:45:00,cart,1600,Fashion,473,Mobile,New
331,2198,2024-01-21 06:49:00,checkout,1600,Fashion,473,Mobile,New
331,2198,2024-01-21 06:51:00,purchase,1600,Fashion,473,Mobile,New
1552,2199,2024-01-14 05:01:00,view,1798,Home,213,Desktop,Returning
338,2200,2024-01-04 12:03:00,view,1441,Home,506,Mobile,Returning
1630,2201,2024-01-15 00:24:00,view,1965,Fashion,301,Mobile,New
1630,2201,2024-01-15 00:27:00,cart,1965,Fashion,301,Mobile,New
1328,2202,2024-01-16 15:27:00,view,1883,Fashion,184,Mobile,Returning
1328,2202,2024-01-16 15:30:00,cart,1883,Fashion,184,Mobile,Returning
1527,2203,2024-01-03 21:22:00,view,1914,Home,821,Mobile,New
1527,2203,2024-01-03 21:24:00,cart,1914,Home,821,Mobile,New
1527,2203,2024-01-03 21:25:00,checkout,1914,Home,821,Mobile,New
1527,2203,2024-01-03 21:27:00,purchase,1914,Home,821,Mobile,New
1674,2204,2024-01-15 12:57:00,view,1235,Fashion,643,Mobile,Returning
1674,2204,2024-01-15 12:58:00,cart,1235,Fashion,643,Mobile,Returning
1362,2205,2024-01-07 02:01:00,view,1844,Fashion,544,Mobile,New
1574,2206,2024-01-04 17:57:00,view,1605,Electronics,624,Tablet,Returning
1574,2206,2024-01-04 18:00:00,cart,1605,Electronics,624,Tablet,Returning
1574,2206,2024-01-04 18:03:00,checkout,1605,Electronics,624,Tablet,Returning
1574,2206,2024-01-04 18:04:00,purchase,1605,Electronics,624,Tablet,Returning
639,2207,2024-01-12 10:20:00,view,1918,Beauty,534,Desktop,New
639,2207,2024-01-12 10:23:00,cart,1918,Beauty,534,Desktop,New
639,2207,2024-01-12 10:24:00,checkout,1918,Beauty,534,Desktop,New
639,2207,2024-01-12 10:25:00,purchase,1918,Beauty,534,Desktop,New
275,2208,2024-01-15 01:57:00,view,1983,Fashion,888,Mobile,New
275,2208,2024-01-15 02:01:00,cart,1983,Fashion,888,Mobile,New
1188,2209,2024-02-03 14:04:00,view,1949,Electronics,602,Mobile,New
1188,2209,2024-02-03 14:07:00,cart,1949,Electronics,602,Mobile,New
1188,2209,2024-02-03 14:10:00,checkout,1949,Electronics,602,Mobile,New
1188,2209,2024-02-03 14:11:00,purchase,1949,Electronics,602,Mobile,New
1467,2210,2024-01-06 04:06:00,view,1725,Electronics,869,Desktop,Returning
1467,2210,2024-01-06 04:10:00,cart,1725,Electronics,869,Desktop,Returning
1467,2210,2024-01-06 04:12:00,checkout,1725,Electronics,869,Desktop,Returning
1467,2210,2024-01-06 04:13:00,purchase,1725,Electronics,869,Desktop,Returning
319,2211,2024-01-08 15:53:00,view,1564,Fashion,296,Mobile,New
319,2211,2024-01-08 15:57:00,cart,1564,Fashion,296,Mobile,New
319,2211,2024-01-08 15:59:00,checkout,1564,Fashion,296,Mobile,New
319,2211,2024-01-08 16:02:00,purchase,1564,Fashion,296,Mobile,New
589,2212,2024-01-25 20:46:00,view,1560,Fashion,784,Mobile,New
504,2213,2024-01-02 18:07:00,view,1544,Home,69,Desktop,Returning
1710,2214,2024-01-02 09:49:00,view,1683,Fashion,253,Desktop,Returning
1710,2214,2024-01-02 09:51:00,cart,1683,Fashion,253,Desktop,Returning
387,2215,2024-01-09 23:30:00,view,1348,Fashion,568,Mobile,New
1994,2216,2024-01-02 17:42:00,view,1257,Home,679,Mobile,New
1994,2216,2024-01-02 17:43:00,cart,1257,Home,679,Mobile,New
1994,2216,2024-01-02 17:46:00,checkout,1257,Home,679,Mobile,New
1994,2216,2024-01-02 17:47:00,purchase,1257,Home,679,Mobile,New
870,2217,2024-01-18 19:04:00,view,1698,Fashion,596,Mobile,Returning
870,2217,2024-01-18 19:05:00,cart,1698,Fashion,596,Mobile,Returning
833,2218,2024-01-11 15:46:00,view,1775,Home,391,Desktop,New
833,2218,2024-01-11 15:48:00,cart,1775,Home,391,Desktop,New
833,2218,2024-01-11 15:52:00,checkout,1775,Home,391,Desktop,New
833,2218,2024-01-11 15:55:00,purchase,1775,Home,391,Desktop,New
1015,2219,2024-01-30 01:35:00,view,1083,Electronics,784,Mobile,Returning
1015,2219,2024-01-30 01:37:00,cart,1083,Electronics,784,Mobile,Returning
1912,2220,2024-01-24 20:36:00,view,1308,Beauty,433,Mobile,Returning
1912,2220,2024-01-24 20:37:00,cart,1308,Beauty,433,Mobile,Returning
603,2221,2024-01-03 20:29:00,view,1301,Electronics,356,Mobile,New
603,2221,2024-01-03 20:31:00,cart,1301,Electronics,356,Mobile,New
1774,2222,2024-01-15 21:15:00,view,1987,Beauty,623,Mobile,Returning
1774,2222,2024-01-15 21:17:00,cart,1987,Beauty,623,Mobile,Returning
1774,2222,2024-01-15 21:19:00,checkout,1987,Beauty,623,Mobile,Returning
1800,2223,2024-01-27 13:22:00,view,1243,Fashion,503,Desktop,New
1800,2223,2024-01-27 13:23:00,cart,1243,Fashion,503,Desktop,New
1800,2223,2024-01-27 13:25:00,checkout,1243,Fashion,503,Desktop,New
1800,2223,2024-01-27 13:26:00,purchase,1243,Fashion,503,Desktop,New
691,2224,2024-01-09 15:48:00,view,1328,Fashion,424,Desktop,New
691,2224,2024-01-09 15:49:00,cart,1328,Fashion,424,Desktop,New
691,2224,2024-01-09 15:53:00,checkout,1328,Fashion,424,Desktop,New
691,2224,2024-01-09 15:57:00,purchase,1328,Fashion,424,Desktop,New
494,2225,2024-01-08 20:06:00,view,1797,Home,893,Desktop,New
494,2225,2024-01-08 20:07:00,cart,1797,Home,893,Desktop,New
494,2225,2024-01-08 20:11:00,checkout,1797,Home,893,Desktop,New
490,2226,2024-01-17 01:04:00,view,1384,Home,387,Mobile,Returning
490,2226,2024-01-17 01:08:00,cart,1384,Home,387,Mobile,Returning
490,2226,2024-01-17 01:12:00,checkout,1384,Home,387,Mobile,Returning
490,2226,2024-01-17 01:16:00,purchase,1384,Home,387,Mobile,Returning
721,2227,2024-01-29 10:33:00,view,1126,Beauty,423,Mobile,Returning
721,2227,2024-01-29 10:37:00,cart,1126,Beauty,423,Mobile,Returning
721,2227,2024-01-29 10:40:00,checkout,1126,Beauty,423,Mobile,Returning
721,2227,2024-01-29 10:42:00,purchase,1126,Beauty,423,Mobile,Returning
1097,2228,2024-01-04 11:28:00,view,1063,Electronics,83,Mobile,New
1097,2228,2024-01-04 11:31:00,cart,1063,Electronics,83,Mobile,New
509,2229,2024-01-22 16:46:00,view,1336,Beauty,406,Mobile,Returning
509,2229,2024-01-22 16:50:00,cart,1336,Beauty,406,Mobile,Returning
390,2230,2024-02-02 13:31:00,view,1461,Electronics,472,Tablet,Returning
1643,2231,2024-01-29 04:43:00,view,1797,Beauty,302,Mobile,New
1643,2231,2024-01-29 04:46:00,cart,1797,Beauty,302,Mobile,New
1643,2231,2024-01-29 04:47:00,checkout,1797,Beauty,302,Mobile,New
1643,2231,2024-01-29 04:48:00,purchase,1797,Beauty,302,Mobile,New
1881,2232,2024-02-01 13:14:00,view,1833,Home,141,Mobile,Returning
1881,2232,2024-02-01 13:18:00,cart,1833,Home,141,Mobile,Returning
1881,2232,2024-02-01 13:19:00,checkout,1833,Home,141,Mobile,Returning
1881,2232,2024-02-01 13:21:00,purchase,1833,Home,141,Mobile,Returning
295,2233,2024-01-16 18:18:00,view,1986,Home,302,Mobile,New
295,2233,2024-01-16 18:22:00,cart,1986,Home,302,Mobile,New
1393,2234,2024-01-14 01:32:00,view,1255,Beauty,570,Desktop,New
1393,2234,2024-01-14 01:33:00,cart,1255,Beauty,570,Desktop,New
1393,2234,2024-01-14 01:34:00,checkout,1255,Beauty,570,Desktop,New
1393,2234,2024-01-14 01:35:00,purchase,1255,Beauty,570,Desktop,New
1980,2235,2024-01-05 12:56:00,view,1876,Beauty,122,Mobile,Returning
796,2236,2024-01-02 04:28:00,view,1853,Home,513,Mobile,Returning
796,2236,2024-01-02 04:32:00,cart,1853,Home,513,Mobile,Returning
865,2237,2024-01-03 11:11:00,view,1832,Home,411,Mobile,New
865,2237,2024-01-03 11:13:00,cart,1832,Home,411,Mobile,New
1718,2238,2024-01-24 03:29:00,view,1955,Beauty,382,Desktop,Returning
1718,2238,2024-01-24 03:30:00,cart,1955,Beauty,382,Desktop,Returning
1718,2238,2024-01-24 03:34:00,checkout,1955,Beauty,382,Desktop,Returning
549,2239,2024-01-31 21:08:00,view,1646,Home,162,Mobile,New
649,2240,2024-02-04 03:26:00,view,1720,Beauty,225,Desktop,Returning
649,2240,2024-02-04 03:29:00,cart,1720,Beauty,225,Desktop,Returning
1874,2241,2024-02-03 17:47:00,view,1193,Fashion,834,Desktop,Returning
1874,2241,2024-02-03 17:49:00,cart,1193,Fashion,834,Desktop,Returning
1874,2241,2024-02-03 17:50:00,checkout,1193,Fashion,834,Desktop,Returning
1874,2241,2024-02-03 17:51:00,purchase,1193,Fashion,834,Desktop,Returning
568,2242,2024-01-24 05:50:00,view,1960,Electronics,621,Mobile,New
1211,2243,2024-01-27 03:58:00,view,1606,Home,103,Desktop,New
1211,2243,2024-01-27 04:00:00,cart,1606,Home,103,Desktop,New
1211,2243,2024-01-27 04:04:00,checkout,1606,Home,103,Desktop,New
1211,2243,2024-01-27 04:08:00,purchase,1606,Home,103,Desktop,New
853,2244,2024-01-13 15:28:00,view,1540,Beauty,390,Mobile,New
853,2244,2024-01-13 15:32:00,cart,1540,Beauty,390,Mobile,New
853,2244,2024-01-13 15:34:00,checkout,1540,Beauty,390,Mobile,New
853,2244,2024-01-13 15:36:00,purchase,1540,Beauty,390,Mobile,New
770,2245,2024-01-26 06:25:00,view,1341,Home,628,Tablet,Returning
445,2246,2024-01-11 05:33:00,view,1148,Beauty,541,Mobile,Returning
1594,2247,2024-01-27 13:42:00,view,1475,Beauty,21,Mobile,New
1594,2247,2024-01-27 13:43:00,cart,1475,Beauty,21,Mobile,New
363,2248,2024-01-28 17:10:00,view,1205,Beauty,445,Mobile,New
123,2249,2024-01-08 13:32:00,view,1744,Beauty,924,Mobile,New
1212,2250,2024-01-16 11:45:00,view,1489,Fashion,589,Tablet,New
1212,2250,2024-01-16 11:46:00,cart,1489,Fashion,589,Tablet,New
742,2251,2024-01-04 05:15:00,view,1702,Electronics,536,Mobile,New
742,2251,2024-01-04 05:18:00,cart,1702,Electronics,536,Mobile,New
742,2251,2024-01-04 05:19:00,checkout,1702,Electronics,536,Mobile,New
742,2251,2024-01-04 05:22:00,purchase,1702,Electronics,536,Mobile,New
680,2252,2024-01-25 18:37:00,view,1473,Beauty,398,Desktop,Returning
680,2252,2024-01-25 18:41:00,cart,1473,Beauty,398,Desktop,Returning
680,2252,2024-01-25 18:43:00,checkout,1473,Beauty,398,Desktop,Returning
420,2253,2024-01-20 05:55:00,view,1283,Fashion,177,Mobile,Returning
420,2253,2024-01-20 05:59:00,cart,1283,Fashion,177,Mobile,Returning
420,2253,2024-01-20 06:02:00,checkout,1283,Fashion,177,Mobile,Returning
1650,2254,2024-01-07 03:00:00,view,1219,Electronics,948,Desktop,Returning
1650,2254,2024-01-07 03:01:00,cart,1219,Electronics,948,Desktop,Returning
1650,2254,2024-01-07 03:04:00,checkout,1219,Electronics,948,Desktop,Returning
1650,2254,2024-01-07 03:06:00,purchase,1219,Electronics,948,Desktop,Returning
1276,2255,2024-01-14 08:58:00,view,1420,Electronics,979,Mobile,New
1643,2256,2024-01-17 17:37:00,view,1288,Electronics,608,Mobile,New
1573,2257,2024-01-29 23:26:00,view,1347,Beauty,214,Mobile,Returning
1573,2257,2024-01-29 23:30:00,cart,1347,Beauty,214,Mobile,Returning
1359,2258,2024-01-25 11:28:00,view,1217,Home,259,Desktop,New
92,2259,2024-01-18 23:09:00,view,1735,Fashion,192,Mobile,Returning
1554,2260,2024-01-22 16:22:00,view,1704,Home,386,Mobile,Returning
1890,2261,2024-01-01 14:51:00,view,1754,Beauty,470,Mobile,Returning
1890,2261,2024-01-01 14:53:00,cart,1754,Beauty,470,Mobile,Returning
1890,2261,2024-01-01 14:56:00,checkout,1754,Beauty,470,Mobile,Returning
1890,2261,2024-01-01 14:59:00,purchase,1754,Beauty,470,Mobile,Returning
63,2262,2024-01-09 03:53:00,view,1355,Fashion,421,Desktop,Returning
63,2262,2024-01-09 03:55:00,cart,1355,Fashion,421,Desktop,Returning
63,2262,2024-01-09 03:58:00,checkout,1355,Fashion,421,Desktop,Returning
1686,2263,2024-01-01 06:27:00,view,1351,Fashion,570,Mobile,Returning
512,2264,2024-01-15 14:02:00,view,1814,Electronics,468,Mobile,New
1163,2265,2024-01-27 10:59:00,view,1369,Electronics,950,Mobile,New
1722,2266,2024-01-13 08:17:00,view,1351,Fashion,620,Desktop,New
1722,2266,2024-01-13 08:18:00,cart,1351,Fashion,620,Desktop,New
1209,2267,2024-01-03 20:00:00,view,1219,Fashion,869,Desktop,New
1229,2268,2024-01-04 20:49:00,view,1318,Home,729,Mobile,Returning
1229,2268,2024-01-04 20:53:00,cart,1318,Home,729,Mobile,Returning
1229,2268,2024-01-04 20:54:00,checkout,1318,Home,729,Mobile,Returning
772,2269,2024-01-02 00:56:00,view,1727,Home,107,Mobile,Returning
772,2269,2024-01-02 00:58:00,cart,1727,Home,107,Mobile,Returning
772,2269,2024-01-02 01:01:00,checkout,1727,Home,107,Mobile,Returning
772,2269,2024-01-02 01:04:00,purchase,1727,Home,107,Mobile,Returning
1238,2270,2024-01-02 08:34:00,view,1010,Fashion,365,Mobile,New
1238,2270,2024-01-02 08:36:00,cart,1010,Fashion,365,Mobile,New
1238,2270,2024-01-02 08:40:00,checkout,1010,Fashion,365,Mobile,New
1238,2270,2024-01-02 08:41:00,purchase,1010,Fashion,365,Mobile,New
256,2271,2024-01-19 15:49:00,view,1301,Electronics,667,Mobile,New
256,2271,2024-01-19 15:51:00,cart,1301,Electronics,667,Mobile,New
135,2272,2024-01-22 14:21:00,view,1449,Electronics,882,Mobile,Returning
135,2272,2024-01-22 14:24:00,cart,1449,Electronics,882,Mobile,Returning
135,2272,2024-01-22 14:26:00,checkout,1449,Electronics,882,Mobile,Returning
1597,2273,2024-01-15 09:26:00,view,1728,Beauty,272,Desktop,New
875,2274,2024-01-08 05:23:00,view,1602,Beauty,702,Mobile,New
875,2274,2024-01-08 05:25:00,cart,1602,Beauty,702,Mobile,New
822,2275,2024-02-04 06:51:00,view,1488,Home,364,Desktop,New
88,2276,2024-01-22 08:18:00,view,1418,Fashion,189,Mobile,Returning
88,2276,2024-01-22 08:22:00,cart,1418,Fashion,189,Mobile,Returning
1860,2277,2024-01-06 09:04:00,view,1788,Fashion,693,Desktop,Returning
1860,2277,2024-01-06 09:05:00,cart,1788,Fashion,693,Desktop,Returning
988,2278,2024-01-27 21:14:00,view,1282,Fashion,257,Mobile,New
1231,2279,2024-01-28 04:05:00,view,1499,Beauty,41,Mobile,Returning
1231,2279,2024-01-28 04:09:00,cart,1499,Beauty,41,Mobile,Returning
1153,2280,2024-01-22 03:03:00,view,1162,Home,537,Mobile,Returning
1153,2280,2024-01-22 03:04:00,cart,1162,Home,537,Mobile,Returning
1153,2280,2024-01-22 03:07:00,checkout,1162,Home,537,Mobile,Returning
1153,2280,2024-01-22 03:09:00,purchase,1162,Home,537,Mobile,Returning
823,2281,2024-01-04 07:59:00,view,1395,Home,701,Mobile,New
823,2281,2024-01-04 08:03:00,cart,1395,Home,701,Mobile,New
823,2281,2024-01-04 08:05:00,checkout,1395,Home,701,Mobile,New
823,2281,2024-01-04 08:06:00,purchase,1395,Home,701,Mobile,New
1027,2282,2024-01-01 11:14:00,view,1918,Home,387,Mobile,Returning
1027,2282,2024-01-01 11:17:00,cart,1918,Home,387,Mobile,Returning
1027,2282,2024-01-01 11:19:00,checkout,1918,Home,387,Mobile,Returning
1027,2282,2024-01-01 11:22:00,purchase,1918,Home,387,Mobile,Returning
974,2283,2024-01-14 04:02:00,view,1582,Electronics,583,Desktop,New
934,2284,2024-01-02 21:08:00,view,1999,Fashion,582,Desktop,New
1778,2285,2024-01-07 08:52:00,view,1523,Fashion,278,Mobile,New
121,2286,2024-01-04 07:23:00,view,1562,Fashion,447,Mobile,Returning
1409,2287,2024-01-22 07:57:00,view,1321,Home,120,Mobile,New
1409,2287,2024-01-22 07:58:00,cart,1321,Home,120,Mobile,New
1409,2287,2024-01-22 08:02:00,checkout,1321,Home,120,Mobile,New
1409,2287,2024-01-22 08:03:00,purchase,1321,Home,120,Mobile,New
1638,2288,2024-01-03 04:45:00,view,1993,Electronics,572,Mobile,New
1638,2288,2024-01-03 04:47:00,cart,1993,Electronics,572,Mobile,New
1638,2288,2024-01-03 04:51:00,checkout,1993,Electronics,572,Mobile,New
1638,2288,2024-01-03 04:52:00,purchase,1993,Electronics,572,Mobile,New
1062,2289,2024-01-13 12:26:00,view,1657,Electronics,334,Mobile,Returning
1365,2290,2024-01-09 10:19:00,view,1561,Electronics,650,Desktop,Returning
1365,2290,2024-01-09 10:21:00,cart,1561,Electronics,650,Desktop,Returning
1008,2291,2024-01-17 14:19:00,view,1537,Home,804,Tablet,Returning
1008,2291,2024-01-17 14:21:00,cart,1537,Home,804,Tablet,Returning
1008,2291,2024-01-17 14:25:00,checkout,1537,Home,804,Tablet,Returning
1008,2291,2024-01-17 14:29:00,purchase,1537,Home,804,Tablet,Returning
925,2292,2024-01-08 06:27:00,view,1434,Home,382,Desktop,New
645,2293,2024-02-01 00:44:00,view,1903,Electronics,738,Mobile,New
645,2293,2024-02-01 00:48:00,cart,1903,Electronics,738,Mobile,New
714,2294,2024-01-18 20:16:00,view,1659,Fashion,281,Desktop,New
714,2294,2024-01-18 20:18:00,cart,1659,Fashion,281,Desktop,New
714,2294,2024-01-18 20:22:00,checkout,1659,Fashion,281,Desktop,New
714,2294,2024-01-18 20:25:00,purchase,1659,Fashion,281,Desktop,New
860,2295,2024-01-14 04:00:00,view,1196,Electronics,503,Desktop,New
860,2295,2024-01-14 04:03:00,cart,1196,Electronics,503,Desktop,New
860,2295,2024-01-14 04:04:00,checkout,1196,Electronics,503,Desktop,New
860,2295,2024-01-14 04:06:00,purchase,1196,Electronics,503,Desktop,New
21,2296,2024-01-04 22:44:00,view,1193,Electronics,686,Mobile,Returning
21,2296,2024-01-04 22:48:00,cart,1193,Electronics,686,Mobile,Returning
21,2296,2024-01-04 22:49:00,checkout,1193,Electronics,686,Mobile,Returning
21,2296,2024-01-04 22:53:00,purchase,1193,Electronics,686,Mobile,Returning
242,2297,2024-01-01 02:33:00,view,1671,Electronics,577,Mobile,Returning
455,2298,2024-01-12 08:30:00,view,1768,Beauty,808,Desktop,New
963,2299,2024-01-17 04:28:00,view,1835,Electronics,870,Mobile,New
621,2300,2024-01-20 01:36:00,view,1834,Fashion,708,Mobile,New
621,2300,2024-01-20 01:39:00,cart,1834,Fashion,708,Mobile,New
621,2300,2024-01-20 01:41:00,checkout,1834,Fashion,708,Mobile,New
621,2300,2024-01-20 01:45:00,purchase,1834,Fashion,708,Mobile,New
303,2301,2024-01-23 19:43:00,view,1656,Electronics,433,Mobile,New
303,2301,2024-01-23 19:44:00,cart,1656,Electronics,433,Mobile,New
1620,2302,2024-01-05 01:58:00,view,1955,Beauty,371,Mobile,Returning
1619,2303,2024-01-03 12:59:00,view,1384,Fashion,209,Mobile,New
1619,2303,2024-01-03 13:02:00,cart,1384,Fashion,209,Mobile,New
1619,2303,2024-01-03 13:06:00,checkout,1384,Fashion,209,Mobile,New
803,2304,2024-01-01 19:20:00,view,1874,Beauty,888,Desktop,New
803,2304,2024-01-01 19:23:00,cart,1874,Beauty,888,Desktop,New
803,2304,2024-01-01 19:27:00,checkout,1874,Beauty,888,Desktop,New
803,2304,2024-01-01 19:30:00,purchase,1874,Beauty,888,Desktop,New
964,2305,2024-01-21 18:34:00,view,1648,Electronics,751,Desktop,New
69,2306,2024-01-22 00:59:00,view,1026,Home,436,Desktop,New
69,2306,2024-01-22 01:01:00,cart,1026,Home,436,Desktop,New
69,2306,2024-01-22 01:03:00,checkout,1026,Home,436,Desktop,New
69,2306,2024-01-22 01:05:00,purchase,1026,Home,436,Desktop,New
1153,2307,2024-01-02 18:29:00,view,1602,Fashion,42,Mobile,Returning
1153,2307,2024-01-02 18:30:00,cart,1602,Fashion,42,Mobile,Returning
1153,2307,2024-01-02 18:32:00,checkout,1602,Fashion,42,Mobile,Returning
196,2308,2024-01-06 10:08:00,view,1854,Fashion,256,Desktop,New
140,2309,2024-01-14 16:20:00,view,1938,Fashion,58,Mobile,Returning
140,2309,2024-01-14 16:24:00,cart,1938,Fashion,58,Mobile,Returning
1468,2310,2024-01-20 08:06:00,view,1944,Fashion,747,Mobile,New
283,2311,2024-01-30 14:59:00,view,1430,Fashion,505,Mobile,New
283,2311,2024-01-30 15:00:00,cart,1430,Fashion,505,Mobile,New
312,2312,2024-02-02 07:00:00,view,1309,Home,373,Mobile,New
746,2313,2024-02-03 09:10:00,view,1226,Fashion,161,Mobile,Returning
1559,2314,2024-01-22 01:32:00,view,1391,Fashion,838,Mobile,Returning
1559,2314,2024-01-22 01:34:00,cart,1391,Fashion,838,Mobile,Returning
1689,2315,2024-01-08 13:00:00,view,1854,Electronics,166,Mobile,Returning
277,2316,2024-01-31 16:22:00,view,1677,Fashion,829,Mobile,Returning
61,2317,2024-01-12 16:34:00,view,1528,Beauty,273,Tablet,New
61,2317,2024-01-12 16:37:00,cart,1528,Beauty,273,Tablet,New
61,2317,2024-01-12 16:39:00,checkout,1528,Beauty,273,Tablet,New
1343,2318,2024-01-18 01:27:00,view,1739,Fashion,347,Mobile,Returning
1914,2319,2024-01-15 15:32:00,view,1910,Electronics,559,Desktop,New
1914,2319,2024-01-15 15:34:00,cart,1910,Electronics,559,Desktop,New
1914,2319,2024-01-15 15:36:00,checkout,1910,Electronics,559,Desktop,New
1914,2319,2024-01-15 15:40:00,purchase,1910,Electronics,559,Desktop,New
52,2320,2024-01-21 19:20:00,view,1128,Beauty,573,Mobile,Returning
52,2320,2024-01-21 19:24:00,cart,1128,Beauty,573,Mobile,Returning
52,2320,2024-01-21 19:25:00,checkout,1128,Beauty,573,Mobile,Returning
1880,2321,2024-01-21 04:31:00,view,1367,Fashion,121,Mobile,New
153,2322,2024-01-24 11:53:00,view,1981,Electronics,415,Tablet,New
153,2322,2024-01-24 11:57:00,cart,1981,Electronics,415,Tablet,New
1773,2323,2024-01-30 17:09:00,view,1547,Beauty,676,Mobile,Returning
1773,2323,2024-01-30 17:10:00,cart,1547,Beauty,676,Mobile,Returning
1773,2323,2024-01-30 17:13:00,checkout,1547,Beauty,676,Mobile,Returning
1773,2323,2024-01-30 17:15:00,purchase,1547,Beauty,676,Mobile,Returning
1335,2324,2024-01-13 08:21:00,view,1942,Home,935,Mobile,Returning
1838,2325,2024-02-02 11:38:00,view,1940,Electronics,292,Desktop,New
544,2326,2024-01-19 14:27:00,view,1413,Beauty,832,Mobile,Returning
544,2326,2024-01-19 14:30:00,cart,1413,Beauty,832,Mobile,Returning
544,2326,2024-01-19 14:34:00,checkout,1413,Beauty,832,Mobile,Returning
544,2326,2024-01-19 14:36:00,purchase,1413,Beauty,832,Mobile,Returning
567,2327,2024-01-17 08:50:00,view,1291,Electronics,974,Desktop,New
567,2327,2024-01-17 08:54:00,cart,1291,Electronics,974,Desktop,New
567,2327,2024-01-17 08:56:00,checkout,1291,Electronics,974,Desktop,New
567,2327,2024-01-17 09:00:00,purchase,1291,Electronics,974,Desktop,New
1888,2328,2024-01-28 04:33:00,view,1789,Electronics,206,Mobile,New
1888,2328,2024-01-28 04:34:00,cart,1789,Electronics,206,Mobile,New
1888,2328,2024-01-28 04:38:00,checkout,1789,Electronics,206,Mobile,New
1888,2328,2024-01-28 04:42:00,purchase,1789,Electronics,206,Mobile,New
1413,2329,2024-01-12 09:15:00,view,1291,Beauty,886,Mobile,New
1413,2329,2024-01-12 09:18:00,cart,1291,Beauty,886,Mobile,New
1572,2330,2024-01-31 08:28:00,view,1628,Fashion,171,Mobile,New
1572,2330,2024-01-31 08:32:00,cart,1628,Fashion,171,Mobile,New
1572,2330,2024-01-31 08:35:00,checkout,1628,Fashion,171,Mobile,New
1572,2330,2024-01-31 08:37:00,purchase,1628,Fashion,171,Mobile,New
622,2331,2024-01-12 13:20:00,view,1308,Fashion,952,Mobile,New
1201,2332,2024-01-28 02:09:00,view,1202,Electronics,562,Desktop,Returning
1201,2332,2024-01-28 02:13:00,cart,1202,Electronics,562,Desktop,Returning
1386,2333,2024-01-07 21:47:00,view,1106,Electronics,624,Desktop,New
314,2334,2024-01-18 16:38:00,view,1575,Electronics,546,Mobile,Returning
314,2334,2024-01-18 16:39:00,cart,1575,Electronics,546,Mobile,Returning
314,2334,2024-01-18 16:42:00,checkout,1575,Electronics,546,Mobile,Returning
314,2334,2024-01-18 16:43:00,purchase,1575,Electronics,546,Mobile,Returning
807,2335,2024-01-11 07:27:00,view,1384,Fashion,677,Mobile,Returning
848,2336,2024-01-01 22:23:00,view,1368,Electronics,192,Desktop,Returning
848,2336,2024-01-01 22:24:00,cart,1368,Electronics,192,Desktop,Returning
848,2336,2024-01-01 22:27:00,checkout,1368,Electronics,192,Desktop,Returning
848,2336,2024-01-01 22:31:00,purchase,1368,Electronics,192,Desktop,Returning
97,2337,2024-01-26 20:04:00,view,1891,Beauty,81,Mobile,New
97,2337,2024-01-26 20:07:00,cart,1891,Beauty,81,Mobile,New
97,2337,2024-01-26 20:08:00,checkout,1891,Beauty,81,Mobile,New
881,2338,2024-01-01 18:20:00,view,1195,Fashion,758,Mobile,New
881,2338,2024-01-01 18:21:00,cart,1195,Fashion,758,Mobile,New
881,2338,2024-01-01 18:25:00,checkout,1195,Fashion,758,Mobile,New
881,2338,2024-01-01 18:26:00,purchase,1195,Fashion,758,Mobile,New
1237,2339,2024-01-19 18:55:00,view,1784,Beauty,375,Mobile,Returning
1237,2339,2024-01-19 18:56:00,cart,1784,Beauty,375,Mobile,Returning
1237,2339,2024-01-19 18:57:00,checkout,1784,Beauty,375,Mobile,Returning
1237,2339,2024-01-19 18:59:00,purchase,1784,Beauty,375,Mobile,Returning
829,2340,2024-01-18 20:40:00,view,1692,Beauty,203,Mobile,Returning
137,2341,2024-01-02 19:46:00,view,1714,Electronics,408,Desktop,New
137,2341,2024-01-02 19:49:00,cart,1714,Electronics,408,Desktop,New
137,2341,2024-01-02 19:53:00,checkout,1714,Electronics,408,Desktop,New
137,2341,2024-01-02 19:55:00,purchase,1714,Electronics,408,Desktop,New
1030,2342,2024-01-30 19:04:00,view,1065,Electronics,830,Tablet,Returning
1030,2342,2024-01-30 19:08:00,cart,1065,Electronics,830,Tablet,Returning
1011,2343,2024-01-01 14:03:00,view,1342,Fashion,163,Mobile,New
109,2344,2024-01-03 09:28:00,view,1183,Electronics,674,Mobile,New
547,2345,2024-01-30 03:04:00,view,1214,Home,11,Mobile,New
547,2345,2024-01-30 03:07:00,cart,1214,Home,11,Mobile,New
547,2345,2024-01-30 03:08:00,checkout,1214,Home,11,Mobile,New
1063,2346,2024-01-09 02:26:00,view,1031,Fashion,978,Mobile,Returning
1063,2346,2024-01-09 02:28:00,cart,1031,Fashion,978,Mobile,Returning
1063,2346,2024-01-09 02:32:00,checkout,1031,Fashion,978,Mobile,Returning
1063,2346,2024-01-09 02:34:00,purchase,1031,Fashion,978,Mobile,Returning
662,2347,2024-02-01 15:57:00,view,1655,Fashion,90,Mobile,Returning
662,2347,2024-02-01 16:00:00,cart,1655,Fashion,90,Mobile,Returning
425,2348,2024-01-20 16:59:00,view,1779,Home,296,Desktop,New
425,2348,2024-01-20 17:01:00,cart,1779,Home,296,Desktop,New
425,2348,2024-01-20 17:04:00,checkout,1779,Home,296,Desktop,New
425,2348,2024-01-20 17:07:00,purchase,1779,Home,296,Desktop,New
630,2349,2024-01-15 08:52:00,view,1636,Beauty,652,Mobile,New
261,2350,2024-01-27 07:54:00,view,1050,Beauty,428,Mobile,Returning
1450,2351,2024-01-10 12:20:00,view,1911,Home,990,Mobile,Returning
1450,2351,2024-01-10 12:21:00,cart,1911,Home,990,Mobile,Returning
87,2352,2024-01-14 16:38:00,view,1285,Fashion,180,Mobile,Returning
87,2352,2024-01-14 16:42:00,cart,1285,Fashion,180,Mobile,Returning
465,2353,2024-01-03 05:03:00,view,1501,Fashion,914,Mobile,Returning
465,2353,2024-01-03 05:07:00,cart,1501,Fashion,914,Mobile,Returning
465,2353,2024-01-03 05:11:00,checkout,1501,Fashion,914,Mobile,Returning
76,2354,2024-01-14 04:09:00,view,1940,Fashion,230,Desktop,Returning
76,2354,2024-01-14 04:12:00,cart,1940,Fashion,230,Desktop,Returning
76,2354,2024-01-14 04:15:00,checkout,1940,Fashion,230,Desktop,Returning
76,2354,2024-01-14 04:17:00,purchase,1940,Fashion,230,Desktop,Returning
471,2355,2024-01-11 20:14:00,view,1261,Home,891,Mobile,New
471,2355,2024-01-11 20:18:00,cart,1261,Home,891,Mobile,New
471,2355,2024-01-11 20:22:00,checkout,1261,Home,891,Mobile,New
471,2355,2024-01-11 20:23:00,purchase,1261,Home,891,Mobile,New
2000,2356,2024-02-03 07:28:00,view,1052,Electronics,426,Desktop,New
2000,2356,2024-02-03 07:29:00,cart,1052,Electronics,426,Desktop,New
2000,2356,2024-02-03 07:31:00,checkout,1052,Electronics,426,Desktop,New
2000,2356,2024-02-03 07:33:00,purchase,1052,Electronics,426,Desktop,New
1987,2357,2024-01-16 11:09:00,view,1460,Home,461,Mobile,Returning
1987,2357,2024-01-16 11:11:00,cart,1460,Home,461,Mobile,Returning
414,2358,2024-01-22 09:28:00,view,1958,Fashion,381,Mobile,New
825,2359,2024-01-16 06:34:00,view,1653,Home,46,Mobile,New
825,2359,2024-01-16 06:37:00,cart,1653,Home,46,Mobile,New
825,2359,2024-01-16 06:40:00,checkout,1653,Home,46,Mobile,New
825,2359,2024-01-16 06:44:00,purchase,1653,Home,46,Mobile,New
895,2360,2024-01-29 04:57:00,view,1258,Fashion,448,Mobile,Returning
895,2360,2024-01-29 05:01:00,cart,1258,Fashion,448,Mobile,Returning
895,2360,2024-01-29 05:05:00,checkout,1258,Fashion,448,Mobile,Returning
895,2360,2024-01-29 05:08:00,purchase,1258,Fashion,448,Mobile,Returning
726,2361,2024-02-03 13:13:00,view,1314,Beauty,934,Mobile,Returning
726,2361,2024-02-03 13:15:00,cart,1314,Beauty,934,Mobile,Returning
726,2361,2024-02-03 13:16:00,checkout,1314,Beauty,934,Mobile,Returning
726,2361,2024-02-03 13:18:00,purchase,1314,Beauty,934,Mobile,Returning
457,2362,2024-01-31 19:37:00,view,1764,Beauty,259,Mobile,New
457,2362,2024-01-31 19:38:00,cart,1764,Beauty,259,Mobile,New
457,2362,2024-01-31 19:39:00,checkout,1764,Beauty,259,Mobile,New
457,2362,2024-01-31 19:42:00,purchase,1764,Beauty,259,Mobile,New
1309,2363,2024-01-19 16:24:00,view,1577,Home,526,Desktop,New
1263,2364,2024-01-16 06:57:00,view,1169,Beauty,789,Desktop,New
1263,2364,2024-01-16 06:59:00,cart,1169,Beauty,789,Desktop,New
1263,2364,2024-01-16 07:00:00,checkout,1169,Beauty,789,Desktop,New
1263,2364,2024-01-16 07:01:00,purchase,1169,Beauty,789,Desktop,New
1701,2365,2024-01-19 01:25:00,view,1562,Electronics,326,Mobile,Returning
1623,2366,2024-01-07 23:06:00,view,1640,Home,699,Mobile,New
1623,2366,2024-01-07 23:09:00,cart,1640,Home,699,Mobile,New
1623,2366,2024-01-07 23:12:00,checkout,1640,Home,699,Mobile,New
1623,2366,2024-01-07 23:15:00,purchase,1640,Home,699,Mobile,New
653,2367,2024-01-26 15:58:00,view,1664,Fashion,998,Mobile,New
672,2368,2024-02-02 23:48:00,view,1528,Electronics,532,Mobile,Returning
672,2368,2024-02-02 23:50:00,cart,1528,Electronics,532,Mobile,Returning
672,2368,2024-02-02 23:52:00,checkout,1528,Electronics,532,Mobile,Returning
672,2368,2024-02-02 23:53:00,purchase,1528,Electronics,532,Mobile,Returning
1582,2369,2024-01-08 15:41:00,view,1767,Beauty,340,Mobile,New
1396,2370,2024-01-07 04:49:00,view,1993,Home,140,Desktop,Returning
495,2371,2024-01-09 10:30:00,view,1437,Electronics,610,Mobile,New
1648,2372,2024-01-30 00:17:00,view,1349,Fashion,472,Mobile,Returning
1943,2373,2024-01-02 17:08:00,view,1881,Electronics,744,Mobile,Returning
1943,2373,2024-01-02 17:09:00,cart,1881,Electronics,744,Mobile,Returning
1069,2374,2024-01-09 14:14:00,view,1781,Electronics,840,Mobile,New
1069,2374,2024-01-09 14:16:00,cart,1781,Electronics,840,Mobile,New
1425,2375,2024-01-18 17:04:00,view,1043,Home,802,Desktop,Returning
1271,2376,2024-01-23 01:52:00,view,1103,Beauty,405,Mobile,Returning
1640,2377,2024-01-20 22:19:00,view,1820,Electronics,574,Mobile,Returning
1640,2377,2024-01-20 22:21:00,cart,1820,Electronics,574,Mobile,Returning
1640,2377,2024-01-20 22:24:00,checkout,1820,Electronics,574,Mobile,Returning
1640,2377,2024-01-20 22:25:00,purchase,1820,Electronics,574,Mobile,Returning
597,2378,2024-02-04 08:44:00,view,1790,Fashion,45,Desktop,Returning
450,2379,2024-01-24 03:36:00,view,1566,Beauty,315,Mobile,New
450,2379,2024-01-24 03:38:00,cart,1566,Beauty,315,Mobile,New
450,2379,2024-01-24 03:41:00,checkout,1566,Beauty,315,Mobile,New
450,2379,2024-01-24 03:45:00,purchase,1566,Beauty,315,Mobile,New
485,2380,2024-01-17 00:35:00,view,1956,Beauty,420,Desktop,New
646,2381,2024-01-25 23:48:00,view,1831,Electronics,572,Mobile,Returning
646,2381,2024-01-25 23:52:00,cart,1831,Electronics,572,Mobile,Returning
646,2381,2024-01-25 23:55:00,checkout,1831,Electronics,572,Mobile,Returning
646,2381,2024-01-25 23:57:00,purchase,1831,Electronics,572,Mobile,Returning
620,2382,2024-01-12 12:08:00,view,1451,Beauty,717,Mobile,Returning
620,2382,2024-01-12 12:11:00,cart,1451,Beauty,717,Mobile,Returning
620,2382,2024-01-12 12:13:00,checkout,1451,Beauty,717,Mobile,Returning
620,2382,2024-01-12 12:16:00,purchase,1451,Beauty,717,Mobile,Returning
1042,2383,2024-01-05 08:53:00,view,1679,Beauty,870,Desktop,Returning
1042,2383,2024-01-05 08:57:00,cart,1679,Beauty,870,Desktop,Returning
1630,2384,2024-01-18 09:30:00,view,1676,Home,632,Mobile,New
662,2385,2024-01-27 14:48:00,view,1516,Fashion,228,Mobile,Returning
758,2386,2024-02-01 19:30:00,view,1465,Electronics,716,Mobile,New
758,2386,2024-02-01 19:34:00,cart,1465,Electronics,716,Mobile,New
289,2387,2024-01-20 17:37:00,view,1057,Electronics,511,Mobile,New
1438,2388,2024-01-12 08:23:00,view,1613,Home,823,Desktop,Returning
1438,2388,2024-01-12 08:26:00,cart,1613,Home,823,Desktop,Returning
1438,2388,2024-01-12 08:29:00,checkout,1613,Home,823,Desktop,Returning
1438,2388,2024-01-12 08:33:00,purchase,1613,Home,823,Desktop,Returning
721,2389,2024-02-02 02:08:00,view,1962,Fashion,441,Desktop,Returning
721,2389,2024-02-02 02:12:00,cart,1962,Fashion,441,Desktop,Returning
721,2389,2024-02-02 02:15:00,checkout,1962,Fashion,441,Desktop,Returning
721,2389,2024-02-02 02:16:00,purchase,1962,Fashion,441,Desktop,Returning
638,2390,2024-01-16 02:27:00,view,1065,Electronics,501,Tablet,New
638,2390,2024-01-16 02:28:00,cart,1065,Electronics,501,Tablet,New
235,2391,2024-01-25 11:34:00,view,1228,Electronics,786,Desktop,New
235,2391,2024-01-25 11:35:00,cart,1228,Electronics,786,Desktop,New
416,2392,2024-01-28 07:37:00,view,1184,Home,661,Mobile,New
938,2393,2024-01-03 03:46:00,view,1522,Home,897,Mobile,Returning
938,2393,2024-01-03 03:49:00,cart,1522,Home,897,Mobile,Returning
938,2393,2024-01-03 03:51:00,checkout,1522,Home,897,Mobile,Returning
938,2393,2024-01-03 03:53:00,purchase,1522,Home,897,Mobile,Returning
499,2394,2024-01-24 13:00:00,view,1980,Beauty,157,Mobile,Returning
974,2395,2024-01-05 14:15:00,view,1537,Home,428,Mobile,New
974,2395,2024-01-05 14:17:00,cart,1537,Home,428,Mobile,New
974,2395,2024-01-05 14:20:00,checkout,1537,Home,428,Mobile,New
634,2396,2024-01-13 18:10:00,view,1241,Beauty,613,Mobile,New
1674,2397,2024-01-24 19:24:00,view,1718,Home,209,Desktop,Returning
1674,2397,2024-01-24 19:26:00,cart,1718,Home,209,Desktop,Returning
1674,2397,2024-01-24 19:27:00,checkout,1718,Home,209,Desktop,Returning
1020,2398,2024-01-23 22:50:00,view,1683,Electronics,838,Mobile,New
1020,2398,2024-01-23 22:52:00,cart,1683,Electronics,838,Mobile,New
1020,2398,2024-01-23 22:55:00,checkout,1683,Electronics,838,Mobile,New
1020,2398,2024-01-23 22:58:00,purchase,1683,Electronics,838,Mobile,New
115,2399,2024-01-09 16:25:00,view,1412,Electronics,137,Mobile,Returning
932,2400,2024-01-17 01:51:00,view,1387,Fashion,557,Mobile,Returning
674,2401,2024-01-19 19:04:00,view,1123,Electronics,430,Desktop,New
1737,2402,2024-01-11 21:58:00,view,1915,Beauty,150,Desktop,New
1737,2402,2024-01-11 21:59:00,cart,1915,Beauty,150,Desktop,New
1258,2403,2024-02-01 19:52:00,view,1336,Home,414,Desktop,New
1564,2404,2024-01-06 18:08:00,view,1730,Fashion,972,Mobile,New
1564,2404,2024-01-06 18:10:00,cart,1730,Fashion,972,Mobile,New
1564,2404,2024-01-06 18:12:00,checkout,1730,Fashion,972,Mobile,New
1564,2404,2024-01-06 18:16:00,purchase,1730,Fashion,972,Mobile,New
1035,2405,2024-01-24 03:53:00,view,1268,Fashion,54,Desktop,New
1035,2405,2024-01-24 03:56:00,cart,1268,Fashion,54,Desktop,New
1035,2405,2024-01-24 03:57:00,checkout,1268,Fashion,54,Desktop,New
1035,2405,2024-01-24 03:59:00,purchase,1268,Fashion,54,Desktop,New
206,2406,2024-01-12 17:40:00,view,1690,Electronics,244,Mobile,New
1703,2407,2024-01-12 00:21:00,view,1352,Fashion,454,Desktop,New
1703,2407,2024-01-12 00:24:00,cart,1352,Fashion,454,Desktop,New
1703,2407,2024-01-12 00:25:00,checkout,1352,Fashion,454,Desktop,New
1703,2407,2024-01-12 00:29:00,purchase,1352,Fashion,454,Desktop,New
247,2408,2024-01-03 05:09:00,view,1872,Electronics,72,Mobile,New
1583,2409,2024-01-05 02:54:00,view,1942,Fashion,660,Mobile,New
1583,2409,2024-01-05 02:55:00,cart,1942,Fashion,660,Mobile,New
1583,2409,2024-01-05 02:58:00,checkout,1942,Fashion,660,Mobile,New
758,2410,2024-01-09 16:55:00,view,1461,Fashion,219,Mobile,New
1151,2411,2024-01-27 20:34:00,view,1850,Home,424,Desktop,Returning
1151,2411,2024-01-27 20:36:00,cart,1850,Home,424,Desktop,Returning
1151,2411,2024-01-27 20:37:00,checkout,1850,Home,424,Desktop,Returning
1151,2411,2024-01-27 20:40:00,purchase,1850,Home,424,Desktop,Returning
147,2412,2024-01-24 01:02:00,view,1167,Beauty,772,Mobile,Returning
118,2413,2024-01-08 14:55:00,view,1549,Home,673,Desktop,New
1935,2414,2024-01-11 20:03:00,view,1274,Electronics,818,Mobile,Returning
1406,2415,2024-01-12 05:50:00,view,1863,Home,869,Mobile,New
1406,2415,2024-01-12 05:54:00,cart,1863,Home,869,Mobile,New
1406,2415,2024-01-12 05:58:00,checkout,1863,Home,869,Mobile,New
1406,2415,2024-01-12 05:59:00,purchase,1863,Home,869,Mobile,New
412,2416,2024-01-14 04:48:00,view,1309,Fashion,438,Mobile,Returning
1688,2417,2024-01-25 20:13:00,view,1160,Electronics,439,Mobile,New
1608,2418,2024-01-20 13:31:00,view,1277,Fashion,370,Mobile,Returning
1608,2418,2024-01-20 13:34:00,cart,1277,Fashion,370,Mobile,Returning
363,2419,2024-01-29 20:06:00,view,1006,Home,589,Mobile,New
363,2419,2024-01-29 20:08:00,cart,1006,Home,589,Mobile,New
1533,2420,2024-01-09 03:49:00,view,1954,Fashion,356,Desktop,Returning
137,2421,2024-01-25 17:19:00,view,1252,Beauty,744,Mobile,New
1199,2422,2024-01-28 21:45:00,view,1712,Fashion,364,Tablet,Returning
1313,2423,2024-02-03 10:17:00,view,1583,Home,377,Mobile,New
1313,2423,2024-02-03 10:21:00,cart,1583,Home,377,Mobile,New
958,2424,2024-01-23 20:44:00,view,1174,Fashion,411,Desktop,New
1505,2425,2024-01-19 04:47:00,view,1077,Home,859,Mobile,New
1505,2425,2024-01-19 04:48:00,cart,1077,Home,859,Mobile,New
1505,2425,2024-01-19 04:52:00,checkout,1077,Home,859,Mobile,New
1505,2425,2024-01-19 04:53:00,purchase,1077,Home,859,Mobile,New
19,2426,2024-01-09 02:14:00,view,1125,Electronics,276,Mobile,New
195,2427,2024-01-14 20:09:00,view,1543,Fashion,391,Mobile,New
195,2427,2024-01-14 20:11:00,cart,1543,Fashion,391,Mobile,New
195,2427,2024-01-14 20:14:00,checkout,1543,Fashion,391,Mobile,New
195,2427,2024-01-14 20:16:00,purchase,1543,Fashion,391,Mobile,New
330,2428,2024-01-18 18:54:00,view,1099,Fashion,337,Mobile,New
1960,2429,2024-01-13 03:17:00,view,1024,Beauty,324,Desktop,Returning
175,2430,2024-01-25 18:06:00,view,1868,Beauty,362,Mobile,Returning
175,2430,2024-01-25 18:09:00,cart,1868,Beauty,362,Mobile,Returning
1002,2431,2024-01-27 02:29:00,view,1423,Fashion,88,Mobile,New
1002,2431,2024-01-27 02:31:00,cart,1423,Fashion,88,Mobile,New
1002,2431,2024-01-27 02:34:00,checkout,1423,Fashion,88,Mobile,New
1002,2431,2024-01-27 02:37:00,purchase,1423,Fashion,88,Mobile,New
449,2432,2024-01-28 18:07:00,view,1523,Home,269,Desktop,New
1949,2433,2024-01-05 15:57:00,view,1595,Electronics,781,Mobile,New
1949,2433,2024-01-05 16:00:00,cart,1595,Electronics,781,Mobile,New
1949,2433,2024-01-05 16:02:00,checkout,1595,Electronics,781,Mobile,New
1949,2433,2024-01-05 16:03:00,purchase,1595,Electronics,781,Mobile,New
946,2434,2024-01-02 02:33:00,view,1568,Beauty,156,Desktop,New
1378,2435,2024-01-15 23:13:00,view,1529,Fashion,913,Mobile,New
1523,2436,2024-01-27 15:20:00,view,1113,Electronics,864,Desktop,New
1523,2436,2024-01-27 15:22:00,cart,1113,Electronics,864,Desktop,New
1523,2436,2024-01-27 15:24:00,checkout,1113,Electronics,864,Desktop,New
1523,2436,2024-01-27 15:25:00,purchase,1113,Electronics,864,Desktop,New
141,2437,2024-01-18 18:24:00,view,1483,Beauty,520,Mobile,Returning
758,2438,2024-01-16 17:08:00,view,1902,Fashion,987,Mobile,New
1921,2439,2024-01-07 22:19:00,view,1391,Home,622,Mobile,Returning
1921,2439,2024-01-07 22:21:00,cart,1391,Home,622,Mobile,Returning
930,2440,2024-02-02 20:07:00,view,1508,Fashion,125,Desktop,New
930,2440,2024-02-02 20:11:00,cart,1508,Fashion,125,Desktop,New
930,2440,2024-02-02 20:14:00,checkout,1508,Fashion,125,Desktop,New
930,2440,2024-02-02 20:16:00,purchase,1508,Fashion,125,Desktop,New
93,2441,2024-01-29 21:18:00,view,1168,Home,349,Mobile,Returning
1968,2442,2024-01-29 02:59:00,view,1471,Fashion,701,Mobile,New
1968,2442,2024-01-29 03:00:00,cart,1471,Fashion,701,Mobile,New
1968,2442,2024-01-29 03:03:00,checkout,1471,Fashion,701,Mobile,New
1968,2442,2024-01-29 03:06:00,purchase,1471,Fashion,701,Mobile,New
239,2443,2024-02-01 08:35:00,view,1310,Home,954,Desktop,Returning
205,2444,2024-01-22 09:59:00,view,1028,Beauty,962,Desktop,Returning
560,2445,2024-01-14 03:00:00,view,1393,Beauty,82,Desktop,Returning
560,2445,2024-01-14 03:02:00,cart,1393,Beauty,82,Desktop,Returning
560,2445,2024-01-14 03:06:00,checkout,1393,Beauty,82,Desktop,Returning
1457,2446,2024-01-14 19:43:00,view,1964,Beauty,333,Tablet,Returning
245,2447,2024-01-20 16:42:00,view,1196,Electronics,704,Mobile,New
832,2448,2024-01-29 00:02:00,view,1384,Fashion,986,Mobile,New
832,2448,2024-01-29 00:06:00,cart,1384,Fashion,986,Mobile,New
832,2448,2024-01-29 00:08:00,checkout,1384,Fashion,986,Mobile,New
832,2448,2024-01-29 00:10:00,purchase,1384,Fashion,986,Mobile,New
1341,2449,2024-01-14 12:26:00,view,1974,Fashion,256,Desktop,New
1341,2449,2024-01-14 12:27:00,cart,1974,Fashion,256,Desktop,New
925,2450,2024-01-14 14:40:00,view,1271,Beauty,162,Desktop,New
925,2450,2024-01-14 14:41:00,cart,1271,Beauty,162,Desktop,New
925,2450,2024-01-14 14:45:00,checkout,1271,Beauty,162,Desktop,New
925,2450,2024-01-14 14:48:00,purchase,1271,Beauty,162,Desktop,New
295,2451,2024-02-02 05:16:00,view,1394,Electronics,261,Mobile,New
295,2451,2024-02-02 05:20:00,cart,1394,Electronics,261,Mobile,New
295,2451,2024-02-02 05:24:00,checkout,1394,Electronics,261,Mobile,New
295,2451,2024-02-02 05:26:00,purchase,1394,Electronics,261,Mobile,New
640,2452,2024-01-24 23:45:00,view,1574,Electronics,487,Mobile,New
856,2453,2024-02-01 04:28:00,view,1032,Fashion,246,Desktop,New
856,2453,2024-02-01 04:29:00,cart,1032,Fashion,246,Desktop,New
856,2453,2024-02-01 04:32:00,checkout,1032,Fashion,246,Desktop,New
856,2453,2024-02-01 04:33:00,purchase,1032,Fashion,246,Desktop,New
1306,2454,2024-01-18 21:10:00,view,1649,Beauty,808,Mobile,Returning
17,2455,2024-01-31 22:19:00,view,1284,Beauty,760,Mobile,New
17,2455,2024-01-31 22:22:00,cart,1284,Beauty,760,Mobile,New
17,2455,2024-01-31 22:25:00,checkout,1284,Beauty,760,Mobile,New
17,2455,2024-01-31 22:28:00,purchase,1284,Beauty,760,Mobile,New
71,2456,2024-01-04 11:09:00,view,1437,Fashion,651,Mobile,Returning
71,2456,2024-01-04 11:13:00,cart,1437,Fashion,651,Mobile,Returning
1293,2457,2024-01-04 23:32:00,view,1021,Electronics,139,Mobile,New
1349,2458,2024-01-25 17:59:00,view,1531,Electronics,144,Desktop,Returning
1818,2459,2024-01-03 00:50:00,view,1031,Fashion,139,Mobile,Returning
1818,2459,2024-01-03 00:51:00,cart,1031,Fashion,139,Mobile,Returning
1818,2459,2024-01-03 00:52:00,checkout,1031,Fashion,139,Mobile,Returning
1818,2459,2024-01-03 00:53:00,purchase,1031,Fashion,139,Mobile,Returning
305,2460,2024-01-27 00:09:00,view,1982,Electronics,366,Desktop,Returning
305,2460,2024-01-27 00:10:00,cart,1982,Electronics,366,Desktop,Returning
305,2460,2024-01-27 00:14:00,checkout,1982,Electronics,366,Desktop,Returning
305,2460,2024-01-27 00:17:00,purchase,1982,Electronics,366,Desktop,Returning
1475,2461,2024-02-03 12:02:00,view,1033,Electronics,900,Mobile,New
1475,2461,2024-02-03 12:05:00,cart,1033,Electronics,900,Mobile,New
1475,2461,2024-02-03 12:07:00,checkout,1033,Electronics,900,Mobile,New
1475,2461,2024-02-03 12:10:00,purchase,1033,Electronics,900,Mobile,New
1031,2462,2024-02-01 05:17:00,view,1495,Electronics,156,Mobile,New
1031,2462,2024-02-01 05:20:00,cart,1495,Electronics,156,Mobile,New
1338,2463,2024-01-09 12:37:00,view,1375,Fashion,137,Desktop,Returning
1338,2463,2024-01-09 12:40:00,cart,1375,Fashion,137,Desktop,Returning
817,2464,2024-01-16 22:10:00,view,1082,Beauty,965,Mobile,New
817,2464,2024-01-16 22:13:00,cart,1082,Beauty,965,Mobile,New
817,2464,2024-01-16 22:16:00,checkout,1082,Beauty,965,Mobile,New
817,2464,2024-01-16 22:19:00,purchase,1082,Beauty,965,Mobile,New
1127,2465,2024-01-31 14:40:00,view,1683,Home,371,Mobile,New
821,2466,2024-02-01 15:14:00,view,1191,Beauty,996,Mobile,Returning
821,2466,2024-02-01 15:15:00,cart,1191,Beauty,996,Mobile,Returning
821,2466,2024-02-01 15:19:00,checkout,1191,Beauty,996,Mobile,Returning
821,2466,2024-02-01 15:23:00,purchase,1191,Beauty,996,Mobile,Returning
193,2467,2024-01-29 22:48:00,view,1194,Electronics,878,Mobile,Returning
1777,2468,2024-01-29 00:47:00,view,1870,Beauty,591,Mobile,Returning
1598,2469,2024-01-21 10:48:00,view,1023,Home,117,Desktop,New
1598,2469,2024-01-21 10:52:00,cart,1023,Home,117,Desktop,New
1598,2469,2024-01-21 10:56:00,checkout,1023,Home,117,Desktop,New
1598,2469,2024-01-21 11:00:00,purchase,1023,Home,117,Desktop,New
529,2470,2024-01-28 02:34:00,view,1734,Fashion,510,Desktop,New
171,2471,2024-01-30 23:59:00,view,1702,Electronics,339,Desktop,Returning
171,2471,2024-01-31 00:03:00,cart,1702,Electronics,339,Desktop,Returning
171,2471,2024-01-31 00:05:00,checkout,1702,Electronics,339,Desktop,Returning
171,2471,2024-01-31 00:09:00,purchase,1702,Electronics,339,Desktop,Returning
1561,2472,2024-01-19 13:17:00,view,1963,Fashion,694,Mobile,New
1561,2472,2024-01-19 13:19:00,cart,1963,Fashion,694,Mobile,New
1561,2472,2024-01-19 13:22:00,checkout,1963,Fashion,694,Mobile,New
1561,2472,2024-01-19 13:26:00,purchase,1963,Fashion,694,Mobile,New
251,2473,2024-01-08 07:32:00,view,1095,Electronics,715,Mobile,New
251,2473,2024-01-08 07:35:00,cart,1095,Electronics,715,Mobile,New
251,2473,2024-01-08 07:37:00,checkout,1095,Electronics,715,Mobile,New
251,2473,2024-01-08 07:38:00,purchase,1095,Electronics,715,Mobile,New
1789,2474,2024-01-16 19:34:00,view,1888,Fashion,401,Mobile,New
1411,2475,2024-02-02 06:57:00,view,1565,Fashion,101,Mobile,New
1231,2476,2024-01-20 16:43:00,view,1472,Beauty,237,Mobile,Returning
1231,2476,2024-01-20 16:46:00,cart,1472,Beauty,237,Mobile,Returning
1231,2476,2024-01-20 16:50:00,checkout,1472,Beauty,237,Mobile,Returning
1231,2476,2024-01-20 16:51:00,purchase,1472,Beauty,237,Mobile,Returning
541,2477,2024-01-28 18:28:00,view,1542,Beauty,110,Mobile,Returning
1653,2478,2024-01-19 16:51:00,view,1089,Electronics,667,Tablet,New
1653,2478,2024-01-19 16:54:00,cart,1089,Electronics,667,Tablet,New
416,2479,2024-01-06 02:47:00,view,1631,Beauty,887,Mobile,New
416,2479,2024-01-06 02:49:00,cart,1631,Beauty,887,Mobile,New
416,2479,2024-01-06 02:50:00,checkout,1631,Beauty,887,Mobile,New
416,2479,2024-01-06 02:52:00,purchase,1631,Beauty,887,Mobile,New
794,2480,2024-01-25 15:34:00,view,1995,Electronics,416,Mobile,Returning
1404,2481,2024-02-02 19:44:00,view,1638,Fashion,833,Desktop,Returning
1404,2481,2024-02-02 19:47:00,cart,1638,Fashion,833,Desktop,Returning
1404,2481,2024-02-02 19:48:00,checkout,1638,Fashion,833,Desktop,Returning
1404,2481,2024-02-02 19:51:00,purchase,1638,Fashion,833,Desktop,Returning
1168,2482,2024-01-16 12:54:00,view,1468,Electronics,476,Mobile,New
25,2483,2024-01-11 23:31:00,view,1269,Home,728,Desktop,New
25,2483,2024-01-11 23:32:00,cart,1269,Home,728,Desktop,New
25,2483,2024-01-11 23:33:00,checkout,1269,Home,728,Desktop,New
1846,2484,2024-01-08 11:26:00,view,1575,Beauty,36,Desktop,New
668,2485,2024-01-28 04:32:00,view,1680,Beauty,226,Desktop,New
668,2485,2024-01-28 04:36:00,cart,1680,Beauty,226,Desktop,New
1097,2486,2024-01-18 15:22:00,view,1084,Beauty,613,Mobile,New
632,2487,2024-02-04 03:32:00,view,1449,Fashion,641,Desktop,Returning
1848,2488,2024-01-11 05:37:00,view,1088,Home,896,Mobile,New
1848,2488,2024-01-11 05:41:00,cart,1088,Home,896,Mobile,New
1857,2489,2024-01-17 15:30:00,view,1523,Fashion,280,Desktop,Returning
1857,2489,2024-01-17 15:32:00,cart,1523,Fashion,280,Desktop,Returning
1857,2489,2024-01-17 15:33:00,checkout,1523,Fashion,280,Desktop,Returning
1857,2489,2024-01-17 15:37:00,purchase,1523,Fashion,280,Desktop,Returning
1117,2490,2024-01-02 06:20:00,view,1811,Beauty,337,Mobile,New
505,2491,2024-01-11 15:00:00,view,1622,Fashion,542,Mobile,Returning
505,2491,2024-01-11 15:04:00,cart,1622,Fashion,542,Mobile,Returning
505,2491,2024-01-11 15:08:00,checkout,1622,Fashion,542,Mobile,Returning
505,2491,2024-01-11 15:10:00,purchase,1622,Fashion,542,Mobile,Returning
1622,2492,2024-01-09 06:07:00,view,1750,Home,155,Mobile,New
1622,2492,2024-01-09 06:10:00,cart,1750,Home,155,Mobile,New
336,2493,2024-02-04 07:22:00,view,1271,Beauty,536,Mobile,New
425,2494,2024-01-25 01:40:00,view,1094,Fashion,890,Desktop,New
425,2494,2024-01-25 01:41:00,cart,1094,Fashion,890,Desktop,New
425,2494,2024-01-25 01:45:00,checkout,1094,Fashion,890,Desktop,New
425,2494,2024-01-25 01:49:00,purchase,1094,Fashion,890,Desktop,New
499,2495,2024-01-29 14:37:00,view,1569,Fashion,839,Desktop,Returning
1388,2496,2024-01-29 20:44:00,view,1364,Home,28,Desktop,New
1388,2496,2024-01-29 20:46:00,cart,1364,Home,28,Desktop,New
1388,2496,2024-01-29 20:47:00,checkout,1364,Home,28,Desktop,New
1388,2496,2024-01-29 20:48:00,purchase,1364,Home,28,Desktop,New
947,2497,2024-01-14 16:33:00,view,1414,Electronics,808,Mobile,New
630,2498,2024-01-27 19:22:00,view,1446,Fashion,668,Desktop,New
1769,2499,2024-01-15 02:41:00,view,1554,Beauty,617,Mobile,New
1769,2499,2024-01-15 02:45:00,cart,1554,Beauty,617,Mobile,New
1769,2499,2024-01-15 02:48:00,checkout,1554,Beauty,617,Mobile,New
1223,2500,2024-01-18 01:43:00,view,1136,Beauty,810,Desktop,New
1223,2500,2024-01-18 01:47:00,cart,1136,Beauty,810,Desktop,New
718,2501,2024-01-16 22:09:00,view,1502,Electronics,626,Desktop,Returning
1437,2502,2024-01-27 03:56:00,view,1470,Home,200,Mobile,New
1437,2502,2024-01-27 03:59:00,cart,1470,Home,200,Mobile,New
1437,2502,2024-01-27 04:02:00,checkout,1470,Home,200,Mobile,New
1437,2502,2024-01-27 04:04:00,purchase,1470,Home,200,Mobile,New
339,2503,2024-02-03 05:39:00,view,1063,Fashion,755,Desktop,New
339,2503,2024-02-03 05:43:00,cart,1063,Fashion,755,Desktop,New
339,2503,2024-02-03 05:45:00,checkout,1063,Fashion,755,Desktop,New
339,2503,2024-02-03 05:47:00,purchase,1063,Fashion,755,Desktop,New
659,2504,2024-01-05 08:17:00,view,1356,Home,82,Mobile,Returning
659,2504,2024-01-05 08:21:00,cart,1356,Home,82,Mobile,Returning
659,2504,2024-01-05 08:23:00,checkout,1356,Home,82,Mobile,Returning
659,2504,2024-01-05 08:27:00,purchase,1356,Home,82,Mobile,Returning
962,2505,2024-01-06 06:46:00,view,1996,Electronics,868,Mobile,Returning
962,2505,2024-01-06 06:50:00,cart,1996,Electronics,868,Mobile,Returning
1961,2506,2024-01-31 03:15:00,view,1742,Beauty,564,Mobile,New
429,2507,2024-01-23 07:03:00,view,1805,Home,419,Mobile,New
429,2507,2024-01-23 07:06:00,cart,1805,Home,419,Mobile,New
429,2507,2024-01-23 07:07:00,checkout,1805,Home,419,Mobile,New
429,2507,2024-01-23 07:11:00,purchase,1805,Home,419,Mobile,New
1807,2508,2024-01-29 07:22:00,view,1185,Fashion,457,Desktop,Returning
1807,2508,2024-01-29 07:25:00,cart,1185,Fashion,457,Desktop,Returning
1807,2508,2024-01-29 07:29:00,checkout,1185,Fashion,457,Desktop,Returning
1807,2508,2024-01-29 07:33:00,purchase,1185,Fashion,457,Desktop,Returning
899,2509,2024-01-21 05:51:00,view,1464,Beauty,335,Mobile,New
899,2509,2024-01-21 05:54:00,cart,1464,Beauty,335,Mobile,New
899,2509,2024-01-21 05:58:00,checkout,1464,Beauty,335,Mobile,New
139,2510,2024-01-06 05:21:00,view,1563,Fashion,249,Mobile,New
139,2510,2024-01-06 05:24:00,cart,1563,Fashion,249,Mobile,New
139,2510,2024-01-06 05:28:00,checkout,1563,Fashion,249,Mobile,New
139,2510,2024-01-06 05:31:00,purchase,1563,Fashion,249,Mobile,New
1717,2511,2024-01-24 20:02:00,view,1234,Beauty,890,Mobile,New
1717,2511,2024-01-24 20:06:00,cart,1234,Beauty,890,Mobile,New
1717,2511,2024-01-24 20:08:00,checkout,1234,Beauty,890,Mobile,New
1717,2511,2024-01-24 20:12:00,purchase,1234,Beauty,890,Mobile,New
942,2512,2024-01-30 09:13:00,view,1269,Beauty,225,Desktop,New
542,2513,2024-01-11 20:48:00,view,1063,Beauty,937,Desktop,Returning
542,2513,2024-01-11 20:52:00,cart,1063,Beauty,937,Desktop,Returning
542,2513,2024-01-11 20:53:00,checkout,1063,Beauty,937,Desktop,Returning
542,2513,2024-01-11 20:54:00,purchase,1063,Beauty,937,Desktop,Returning
57,2514,2024-01-07 16:20:00,view,1016,Home,819,Desktop,New
1256,2515,2024-01-09 06:35:00,view,1487,Fashion,881,Desktop,New
1256,2515,2024-01-09 06:36:00,cart,1487,Fashion,881,Desktop,New
1256,2515,2024-01-09 06:40:00,checkout,1487,Fashion,881,Desktop,New
1256,2515,2024-01-09 06:42:00,purchase,1487,Fashion,881,Desktop,New
658,2516,2024-01-16 04:52:00,view,1918,Beauty,524,Mobile,New
658,2516,2024-01-16 04:53:00,cart,1918,Beauty,524,Mobile,New
435,2517,2024-01-06 06:37:00,view,1451,Electronics,493,Mobile,New
435,2517,2024-01-06 06:41:00,cart,1451,Electronics,493,Mobile,New
384,2518,2024-01-19 17:34:00,view,1551,Electronics,311,Mobile,Returning
560,2519,2024-01-04 03:55:00,view,1998,Beauty,512,Mobile,Returning
560,2519,2024-01-04 03:56:00,cart,1998,Beauty,512,Mobile,Returning
560,2519,2024-01-04 04:00:00,checkout,1998,Beauty,512,Mobile,Returning
194,2520,2024-01-29 05:47:00,view,1779,Fashion,755,Desktop,Returning
1760,2521,2024-01-03 21:00:00,view,1343,Fashion,655,Mobile,New
1760,2521,2024-01-03 21:04:00,cart,1343,Fashion,655,Mobile,New
1760,2521,2024-01-03 21:07:00,checkout,1343,Fashion,655,Mobile,New
1760,2521,2024-01-03 21:08:00,purchase,1343,Fashion,655,Mobile,New
1672,2522,2024-01-04 09:23:00,view,1820,Home,750,Desktop,Returning
534,2523,2024-01-08 16:21:00,view,1869,Beauty,465,Mobile,New
534,2523,2024-01-08 16:25:00,cart,1869,Beauty,465,Mobile,New
534,2523,2024-01-08 16:29:00,checkout,1869,Beauty,465,Mobile,New
534,2523,2024-01-08 16:30:00,purchase,1869,Beauty,465,Mobile,New
518,2524,2024-01-05 12:50:00,view,1370,Fashion,331,Mobile,Returning
518,2524,2024-01-05 12:54:00,cart,1370,Fashion,331,Mobile,Returning
518,2524,2024-01-05 12:56:00,checkout,1370,Fashion,331,Mobile,Returning
518,2524,2024-01-05 12:59:00,purchase,1370,Fashion,331,Mobile,Returning
716,2525,2024-01-14 16:36:00,view,1547,Beauty,539,Mobile,Returning
716,2525,2024-01-14 16:40:00,cart,1547,Beauty,539,Mobile,Returning
716,2525,2024-01-14 16:43:00,checkout,1547,Beauty,539,Mobile,Returning
716,2525,2024-01-14 16:45:00,purchase,1547,Beauty,539,Mobile,Returning
751,2526,2024-01-10 13:27:00,view,1016,Electronics,281,Desktop,New
185,2527,2024-01-27 18:13:00,view,1738,Fashion,461,Desktop,New
1896,2528,2024-02-01 00:14:00,view,1478,Home,252,Desktop,Returning
292,2529,2024-01-19 19:31:00,view,1472,Fashion,958,Mobile,New
292,2529,2024-01-19 19:33:00,cart,1472,Fashion,958,Mobile,New
292,2529,2024-01-19 19:34:00,checkout,1472,Fashion,958,Mobile,New
1359,2530,2024-02-04 07:40:00,view,1337,Beauty,587,Tablet,New
1359,2530,2024-02-04 07:44:00,cart,1337,Beauty,587,Tablet,New
1359,2530,2024-02-04 07:47:00,checkout,1337,Beauty,587,Tablet,New
732,2531,2024-01-10 08:23:00,view,1048,Beauty,366,Mobile,Returning
116,2532,2024-01-24 08:24:00,view,1292,Electronics,711,Mobile,Returning
116,2532,2024-01-24 08:28:00,cart,1292,Electronics,711,Mobile,Returning
116,2532,2024-01-24 08:32:00,checkout,1292,Electronics,711,Mobile,Returning
116,2532,2024-01-24 08:34:00,purchase,1292,Electronics,711,Mobile,Returning
825,2533,2024-01-27 08:39:00,view,1321,Beauty,269,Tablet,New
1073,2534,2024-01-20 04:22:00,view,1895,Electronics,826,Mobile,New
685,2535,2024-01-09 11:16:00,view,1393,Fashion,432,Desktop,Returning
82,2536,2024-01-06 12:42:00,view,1324,Fashion,721,Mobile,Returning
834,2537,2024-01-21 21:08:00,view,1878,Electronics,645,Mobile,New
834,2537,2024-01-21 21:12:00,cart,1878,Electronics,645,Mobile,New
333,2538,2024-02-03 22:46:00,view,1367,Fashion,933,Desktop,New
333,2538,2024-02-03 22:50:00,cart,1367,Fashion,933,Desktop,New
557,2539,2024-01-02 22:57:00,view,1367,Fashion,606,Mobile,New
335,2540,2024-01-30 11:32:00,view,1257,Beauty,181,Desktop,New
335,2540,2024-01-30 11:34:00,cart,1257,Beauty,181,Desktop,New
335,2540,2024-01-30 11:37:00,checkout,1257,Beauty,181,Desktop,New
335,2540,2024-01-30 11:38:00,purchase,1257,Beauty,181,Desktop,New
532,2541,2024-01-27 23:25:00,view,1336,Home,902,Mobile,Returning
1984,2542,2024-01-07 18:25:00,view,1083,Electronics,181,Desktop,New
1984,2542,2024-01-07 18:28:00,cart,1083,Electronics,181,Desktop,New
1984,2542,2024-01-07 18:29:00,checkout,1083,Electronics,181,Desktop,New
1984,2542,2024-01-07 18:33:00,purchase,1083,Electronics,181,Desktop,New
221,2543,2024-01-09 19:38:00,view,1271,Home,313,Mobile,Returning
221,2543,2024-01-09 19:42:00,cart,1271,Home,313,Mobile,Returning
221,2543,2024-01-09 19:43:00,checkout,1271,Home,313,Mobile,Returning
635,2544,2024-01-08 07:04:00,view,1264,Fashion,558,Mobile,New
1770,2545,2024-01-11 11:35:00,view,1315,Fashion,505,Mobile,New
1757,2546,2024-01-20 06:00:00,view,1383,Fashion,857,Mobile,Returning
323,2547,2024-01-26 05:23:00,view,1255,Electronics,325,Desktop,Returning
1875,2548,2024-01-01 08:18:00,view,1914,Electronics,308,Mobile,Returning
1875,2548,2024-01-01 08:21:00,cart,1914,Electronics,308,Mobile,Returning
3,2549,2024-02-03 22:42:00,view,1830,Fashion,738,Mobile,Returning
1718,2550,2024-01-04 04:48:00,view,1122,Beauty,359,Mobile,Returning
206,2551,2024-01-06 04:38:00,view,1152,Electronics,64,Mobile,New
206,2551,2024-01-06 04:41:00,cart,1152,Electronics,64,Mobile,New
206,2551,2024-01-06 04:42:00,checkout,1152,Electronics,64,Mobile,New
206,2551,2024-01-06 04:46:00,purchase,1152,Electronics,64,Mobile,New
1856,2552,2024-01-20 03:13:00,view,1547,Fashion,187,Desktop,New
1856,2552,2024-01-20 03:14:00,cart,1547,Fashion,187,Desktop,New
1856,2552,2024-01-20 03:17:00,checkout,1547,Fashion,187,Desktop,New
1856,2552,2024-01-20 03:21:00,purchase,1547,Fashion,187,Desktop,New
40,2553,2024-01-27 02:33:00,view,1177,Home,993,Tablet,New
59,2554,2024-01-26 08:04:00,view,1970,Fashion,46,Mobile,New
59,2554,2024-01-26 08:08:00,cart,1970,Fashion,46,Mobile,New
59,2554,2024-01-26 08:11:00,checkout,1970,Fashion,46,Mobile,New
59,2554,2024-01-26 08:15:00,purchase,1970,Fashion,46,Mobile,New
951,2555,2024-01-14 07:25:00,view,1761,Electronics,163,Desktop,Returning
574,2556,2024-01-23 03:05:00,view,1503,Home,316,Mobile,Returning
644,2557,2024-01-11 08:51:00,view,1605,Electronics,529,Mobile,New
644,2557,2024-01-11 08:53:00,cart,1605,Electronics,529,Mobile,New
644,2557,2024-01-11 08:55:00,checkout,1605,Electronics,529,Mobile,New
644,2557,2024-01-11 08:56:00,purchase,1605,Electronics,529,Mobile,New
1531,2558,2024-01-21 15:32:00,view,1006,Electronics,926,Desktop,New
1531,2558,2024-01-21 15:33:00,cart,1006,Electronics,926,Desktop,New
1596,2559,2024-01-11 12:36:00,view,1585,Home,599,Mobile,New
1596,2559,2024-01-11 12:40:00,cart,1585,Home,599,Mobile,New
1596,2559,2024-01-11 12:44:00,checkout,1585,Home,599,Mobile,New
1596,2559,2024-01-11 12:46:00,purchase,1585,Home,599,Mobile,New
1908,2560,2024-01-17 15:15:00,view,1146,Electronics,924,Desktop,New
843,2561,2024-01-29 04:14:00,view,1698,Beauty,262,Desktop,New
843,2561,2024-01-29 04:18:00,cart,1698,Beauty,262,Desktop,New
843,2561,2024-01-29 04:19:00,checkout,1698,Beauty,262,Desktop,New
843,2561,2024-01-29 04:23:00,purchase,1698,Beauty,262,Desktop,New
1146,2562,2024-01-23 16:29:00,view,1652,Beauty,714,Mobile,Returning
1146,2562,2024-01-23 16:32:00,cart,1652,Beauty,714,Mobile,Returning
1146,2562,2024-01-23 16:33:00,checkout,1652,Beauty,714,Mobile,Returning
1503,2563,2024-01-10 23:21:00,view,1513,Fashion,429,Desktop,New
619,2564,2024-02-01 09:41:00,view,1350,Electronics,562,Desktop,Returning
96,2565,2024-01-04 03:19:00,view,1269,Beauty,246,Mobile,New
96,2565,2024-01-04 03:23:00,cart,1269,Beauty,246,Mobile,New
96,2565,2024-01-04 03:26:00,checkout,1269,Beauty,246,Mobile,New
96,2565,2024-01-04 03:30:00,purchase,1269,Beauty,246,Mobile,New
1883,2566,2024-01-15 16:12:00,view,1521,Electronics,484,Desktop,Returning
1438,2567,2024-02-02 03:25:00,view,1736,Beauty,694,Mobile,Returning
1438,2567,2024-02-02 03:28:00,cart,1736,Beauty,694,Mobile,Returning
1259,2568,2024-01-26 16:06:00,view,1594,Home,939,Tablet,New
1259,2568,2024-01-26 16:07:00,cart,1594,Home,939,Tablet,New
1259,2568,2024-01-26 16:10:00,checkout,1594,Home,939,Tablet,New
1259,2568,2024-01-26 16:13:00,purchase,1594,Home,939,Tablet,New
898,2569,2024-01-31 23:43:00,view,1484,Beauty,610,Desktop,Returning
898,2569,2024-01-31 23:44:00,cart,1484,Beauty,610,Desktop,Returning
898,2569,2024-01-31 23:45:00,checkout,1484,Beauty,610,Desktop,Returning
1086,2570,2024-01-09 05:31:00,view,1719,Electronics,542,Mobile,New
1280,2571,2024-01-27 02:48:00,view,1362,Home,843,Mobile,New
1280,2571,2024-01-27 02:50:00,cart,1362,Home,843,Mobile,New
1280,2571,2024-01-27 02:54:00,checkout,1362,Home,843,Mobile,New
1280,2571,2024-01-27 02:56:00,purchase,1362,Home,843,Mobile,New
561,2572,2024-01-14 01:27:00,view,1740,Fashion,87,Desktop,Returning
561,2572,2024-01-14 01:29:00,cart,1740,Fashion,87,Desktop,Returning
561,2572,2024-01-14 01:33:00,checkout,1740,Fashion,87,Desktop,Returning
905,2573,2024-01-14 17:24:00,view,1576,Fashion,154,Mobile,New
905,2573,2024-01-14 17:27:00,cart,1576,Fashion,154,Mobile,New
905,2573,2024-01-14 17:30:00,checkout,1576,Fashion,154,Mobile,New
905,2573,2024-01-14 17:33:00,purchase,1576,Fashion,154,Mobile,New
348,2574,2024-01-07 22:16:00,view,1667,Fashion,763,Mobile,New
671,2575,2024-01-09 12:03:00,view,1123,Electronics,866,Mobile,New
1148,2576,2024-01-23 17:36:00,view,1236,Fashion,803,Mobile,Returning
1148,2576,2024-01-23 17:39:00,cart,1236,Fashion,803,Mobile,Returning
1506,2577,2024-01-27 11:32:00,view,1458,Fashion,940,Mobile,New
1506,2577,2024-01-27 11:33:00,cart,1458,Fashion,940,Mobile,New
317,2578,2024-01-31 22:45:00,view,1402,Beauty,974,Mobile,New
1528,2579,2024-02-03 12:57:00,view,1497,Fashion,492,Mobile,New
1528,2579,2024-02-03 12:59:00,cart,1497,Fashion,492,Mobile,New
1528,2579,2024-02-03 13:03:00,checkout,1497,Fashion,492,Mobile,New
719,2580,2024-01-19 05:11:00,view,1851,Home,86,Desktop,New
719,2580,2024-01-19 05:12:00,cart,1851,Home,86,Desktop,New
719,2580,2024-01-19 05:14:00,checkout,1851,Home,86,Desktop,New
719,2580,2024-01-19 05:15:00,purchase,1851,Home,86,Desktop,New
1072,2581,2024-01-25 16:20:00,view,1617,Fashion,97,Mobile,New
1433,2582,2024-01-09 08:32:00,view,1252,Fashion,104,Mobile,New
1433,2582,2024-01-09 08:34:00,cart,1252,Fashion,104,Mobile,New
1433,2582,2024-01-09 08:36:00,checkout,1252,Fashion,104,Mobile,New
1433,2582,2024-01-09 08:40:00,purchase,1252,Fashion,104,Mobile,New
1956,2583,2024-02-02 03:46:00,view,1700,Beauty,695,Mobile,Returning
1956,2583,2024-02-02 03:48:00,cart,1700,Beauty,695,Mobile,Returning
1956,2583,2024-02-02 03:49:00,checkout,1700,Beauty,695,Mobile,Returning
1956,2583,2024-02-02 03:51:00,purchase,1700,Beauty,695,Mobile,Returning
1160,2584,2024-01-13 04:27:00,view,1622,Beauty,838,Mobile,New
1225,2585,2024-01-13 05:54:00,view,1274,Home,530,Mobile,New
250,2586,2024-01-30 10:55:00,view,1155,Home,114,Mobile,Returning
250,2586,2024-01-30 10:57:00,cart,1155,Home,114,Mobile,Returning
250,2586,2024-01-30 10:58:00,checkout,1155,Home,114,Mobile,Returning
250,2586,2024-01-30 11:01:00,purchase,1155,Home,114,Mobile,Returning
314,2587,2024-01-09 16:35:00,view,1856,Beauty,160,Mobile,Returning
314,2587,2024-01-09 16:39:00,cart,1856,Beauty,160,Mobile,Returning
314,2587,2024-01-09 16:43:00,checkout,1856,Beauty,160,Mobile,Returning
314,2587,2024-01-09 16:46:00,purchase,1856,Beauty,160,Mobile,Returning
1893,2588,2024-01-05 03:34:00,view,1864,Beauty,471,Desktop,Returning
1893,2588,2024-01-05 03:35:00,cart,1864,Beauty,471,Desktop,Returning
1893,2588,2024-01-05 03:37:00,checkout,1864,Beauty,471,Desktop,Returning
1893,2588,2024-01-05 03:38:00,purchase,1864,Beauty,471,Desktop,Returning
1392,2589,2024-01-13 02:27:00,view,1026,Electronics,986,Desktop,New
1392,2589,2024-01-13 02:29:00,cart,1026,Electronics,986,Desktop,New
1392,2589,2024-01-13 02:30:00,checkout,1026,Electronics,986,Desktop,New
1392,2589,2024-01-13 02:34:00,purchase,1026,Electronics,986,Desktop,New
1453,2590,2024-01-27 06:15:00,view,1825,Fashion,277,Desktop,Returning
1854,2591,2024-01-18 12:57:00,view,1363,Beauty,878,Desktop,Returning
1854,2591,2024-01-18 12:59:00,cart,1363,Beauty,878,Desktop,Returning
807,2592,2024-01-29 11:21:00,view,1305,Home,586,Desktop,Returning
807,2592,2024-01-29 11:23:00,cart,1305,Home,586,Desktop,Returning
807,2592,2024-01-29 11:27:00,checkout,1305,Home,586,Desktop,Returning
1504,2593,2024-01-11 20:27:00,view,1298,Beauty,261,Mobile,New
1338,2594,2024-01-26 01:28:00,view,1003,Beauty,439,Desktop,Returning
1338,2594,2024-01-26 01:29:00,cart,1003,Beauty,439,Desktop,Returning
1524,2595,2024-02-01 06:59:00,view,1566,Home,588,Mobile,New
1745,2596,2024-01-14 11:58:00,view,1330,Beauty,842,Desktop,New
1745,2596,2024-01-14 12:00:00,cart,1330,Beauty,842,Desktop,New
1379,2597,2024-01-07 19:36:00,view,1252,Home,183,Desktop,New
1379,2597,2024-01-07 19:39:00,cart,1252,Home,183,Desktop,New
485,2598,2024-02-03 22:39:00,view,1741,Electronics,748,Mobile,New
1235,2599,2024-01-26 05:50:00,view,1940,Beauty,135,Mobile,Returning
1235,2599,2024-01-26 05:51:00,cart,1940,Beauty,135,Mobile,Returning
1235,2599,2024-01-26 05:55:00,checkout,1940,Beauty,135,Mobile,Returning
1235,2599,2024-01-26 05:59:00,purchase,1940,Beauty,135,Mobile,Returning
1728,2600,2024-02-04 01:04:00,view,1646,Fashion,63,Mobile,Returning
1728,2600,2024-02-04 01:08:00,cart,1646,Fashion,63,Mobile,Returning
1728,2600,2024-02-04 01:10:00,checkout,1646,Fashion,63,Mobile,Returning
1728,2600,2024-02-04 01:11:00,purchase,1646,Fashion,63,Mobile,Returning
44,2601,2024-01-16 21:01:00,view,1541,Beauty,205,Desktop,Returning
1565,2602,2024-01-17 03:50:00,view,1644,Fashion,304,Desktop,Returning
1565,2602,2024-01-17 03:54:00,cart,1644,Fashion,304,Desktop,Returning
571,2603,2024-01-25 19:41:00,view,1737,Beauty,735,Desktop,New
571,2603,2024-01-25 19:44:00,cart,1737,Beauty,735,Desktop,New
571,2603,2024-01-25 19:46:00,checkout,1737,Beauty,735,Desktop,New
571,2603,2024-01-25 19:50:00,purchase,1737,Beauty,735,Desktop,New
583,2604,2024-01-16 06:54:00,view,1186,Fashion,461,Mobile,New
583,2604,2024-01-16 06:55:00,cart,1186,Fashion,461,Mobile,New
583,2604,2024-01-16 06:59:00,checkout,1186,Fashion,461,Mobile,New
583,2604,2024-01-16 07:00:00,purchase,1186,Fashion,461,Mobile,New
1116,2605,2024-02-02 15:23:00,view,1550,Fashion,552,Desktop,New
1116,2605,2024-02-02 15:24:00,cart,1550,Fashion,552,Desktop,New
1116,2605,2024-02-02 15:28:00,checkout,1550,Fashion,552,Desktop,New
1116,2605,2024-02-02 15:32:00,purchase,1550,Fashion,552,Desktop,New
1289,2606,2024-01-01 16:56:00,view,1050,Home,280,Mobile,New
895,2607,2024-01-04 07:51:00,view,1664,Beauty,32,Desktop,Returning
895,2607,2024-01-04 07:52:00,cart,1664,Beauty,32,Desktop,Returning
895,2607,2024-01-04 07:53:00,checkout,1664,Beauty,32,Desktop,Returning
895,2607,2024-01-04 07:57:00,purchase,1664,Beauty,32,Desktop,Returning
220,2608,2024-02-04 04:11:00,view,1434,Electronics,890,Mobile,Returning
220,2608,2024-02-04 04:12:00,cart,1434,Electronics,890,Mobile,Returning
1926,2609,2024-01-13 10:25:00,view,1017,Electronics,945,Mobile,New
1926,2609,2024-01-13 10:29:00,cart,1017,Electronics,945,Mobile,New
1926,2609,2024-01-13 10:33:00,checkout,1017,Electronics,945,Mobile,New
925,2610,2024-01-24 22:10:00,view,1008,Electronics,450,Mobile,New
925,2610,2024-01-24 22:14:00,cart,1008,Electronics,450,Mobile,New
925,2610,2024-01-24 22:17:00,checkout,1008,Electronics,450,Mobile,New
925,2610,2024-01-24 22:20:00,purchase,1008,Electronics,450,Mobile,New
1466,2611,2024-01-07 22:26:00,view,1565,Beauty,139,Desktop,New
401,2612,2024-02-01 05:36:00,view,1352,Beauty,936,Tablet,New
401,2612,2024-02-01 05:37:00,cart,1352,Beauty,936,Tablet,New
401,2612,2024-02-01 05:41:00,checkout,1352,Beauty,936,Tablet,New
401,2612,2024-02-01 05:43:00,purchase,1352,Beauty,936,Tablet,New
1424,2613,2024-01-30 19:41:00,view,1651,Fashion,599,Mobile,New
1424,2613,2024-01-30 19:45:00,cart,1651,Fashion,599,Mobile,New
727,2614,2024-01-05 02:27:00,view,1688,Beauty,442,Mobile,New
727,2614,2024-01-05 02:31:00,cart,1688,Beauty,442,Mobile,New
727,2614,2024-01-05 02:35:00,checkout,1688,Beauty,442,Mobile,New
727,2614,2024-01-05 02:37:00,purchase,1688,Beauty,442,Mobile,New
991,2615,2024-02-03 01:09:00,view,1502,Beauty,664,Desktop,Returning
991,2615,2024-02-03 01:10:00,cart,1502,Beauty,664,Desktop,Returning
899,2616,2024-01-07 23:27:00,view,1316,Home,118,Mobile,New
899,2616,2024-01-07 23:30:00,cart,1316,Home,118,Mobile,New
899,2616,2024-01-07 23:32:00,checkout,1316,Home,118,Mobile,New
899,2616,2024-01-07 23:35:00,purchase,1316,Home,118,Mobile,New
1813,2617,2024-01-06 23:32:00,view,1422,Fashion,750,Desktop,New
1600,2618,2024-01-25 20:31:00,view,1111,Beauty,706,Mobile,Returning
1600,2618,2024-01-25 20:35:00,cart,1111,Beauty,706,Mobile,Returning
858,2619,2024-01-11 18:54:00,view,1209,Fashion,111,Mobile,New
858,2619,2024-01-11 18:57:00,cart,1209,Fashion,111,Mobile,New
804,2620,2024-01-28 16:10:00,view,1740,Beauty,900,Desktop,Returning
804,2620,2024-01-28 16:13:00,cart,1740,Beauty,900,Desktop,Returning
490,2621,2024-01-27 22:51:00,view,1849,Fashion,152,Desktop,Returning
1509,2622,2024-01-13 03:11:00,view,1140,Home,545,Mobile,Returning
1509,2622,2024-01-13 03:12:00,cart,1140,Home,545,Mobile,Returning
1509,2622,2024-01-13 03:14:00,checkout,1140,Home,545,Mobile,Returning
1509,2622,2024-01-13 03:17:00,purchase,1140,Home,545,Mobile,Returning
1781,2623,2024-02-03 05:03:00,view,1976,Electronics,783,Mobile,New
1781,2623,2024-02-03 05:05:00,cart,1976,Electronics,783,Mobile,New
1781,2623,2024-02-03 05:07:00,checkout,1976,Electronics,783,Mobile,New
1781,2623,2024-02-03 05:08:00,purchase,1976,Electronics,783,Mobile,New
1494,2624,2024-01-28 23:31:00,view,1713,Beauty,909,Desktop,New
1494,2624,2024-01-28 23:34:00,cart,1713,Beauty,909,Desktop,New
1598,2625,2024-02-04 13:37:00,view,1255,Beauty,505,Mobile,New
938,2626,2024-01-22 05:14:00,view,1099,Electronics,664,Desktop,Returning
844,2627,2024-01-08 09:04:00,view,1476,Fashion,228,Mobile,Returning
1706,2628,2024-01-19 19:24:00,view,1021,Fashion,989,Mobile,New
1469,2629,2024-01-08 16:18:00,view,1328,Beauty,638,Desktop,Returning
1293,2630,2024-01-16 21:33:00,view,1784,Home,489,Desktop,New
1293,2630,2024-01-16 21:35:00,cart,1784,Home,489,Desktop,New
1293,2630,2024-01-16 21:38:00,checkout,1784,Home,489,Desktop,New
1293,2630,2024-01-16 21:39:00,purchase,1784,Home,489,Desktop,New
267,2631,2024-01-14 23:08:00,view,1905,Fashion,836,Mobile,Returning
267,2631,2024-01-14 23:09:00,cart,1905,Fashion,836,Mobile,Returning
267,2631,2024-01-14 23:11:00,checkout,1905,Fashion,836,Mobile,Returning
267,2631,2024-01-14 23:13:00,purchase,1905,Fashion,836,Mobile,Returning
54,2632,2024-01-28 11:06:00,view,1686,Electronics,597,Desktop,Returning
528,2633,2024-01-10 05:55:00,view,1133,Home,861,Mobile,New
1544,2634,2024-01-20 00:38:00,view,1739,Home,374,Mobile,New
616,2635,2024-01-22 05:17:00,view,1414,Home,434,Tablet,Returning
616,2635,2024-01-22 05:21:00,cart,1414,Home,434,Tablet,Returning
1083,2636,2024-01-02 19:40:00,view,1448,Home,824,Desktop,New
1083,2636,2024-01-02 19:42:00,cart,1448,Home,824,Desktop,New
1083,2636,2024-01-02 19:45:00,checkout,1448,Home,824,Desktop,New
1083,2636,2024-01-02 19:49:00,purchase,1448,Home,824,Desktop,New
1849,2637,2024-01-03 00:12:00,view,1326,Fashion,449,Desktop,Returning
1849,2637,2024-01-03 00:14:00,cart,1326,Fashion,449,Desktop,Returning
1064,2638,2024-01-15 00:31:00,view,1113,Beauty,821,Mobile,New
1261,2639,2024-02-04 10:09:00,view,1723,Electronics,565,Mobile,New
955,2640,2024-01-11 10:51:00,view,1269,Fashion,555,Mobile,New
955,2640,2024-01-11 10:54:00,cart,1269,Fashion,555,Mobile,New
955,2640,2024-01-11 10:56:00,checkout,1269,Fashion,555,Mobile,New
386,2641,2024-02-01 11:45:00,view,1538,Electronics,146,Mobile,Returning
1630,2642,2024-01-11 11:52:00,view,1923,Beauty,942,Desktop,New
1630,2642,2024-01-11 11:55:00,cart,1923,Beauty,942,Desktop,New
1630,2642,2024-01-11 11:58:00,checkout,1923,Beauty,942,Desktop,New
1630,2642,2024-01-11 11:59:00,purchase,1923,Beauty,942,Desktop,New
734,2643,2024-01-25 08:45:00,view,1387,Beauty,515,Mobile,New
734,2643,2024-01-25 08:49:00,cart,1387,Beauty,515,Mobile,New
716,2644,2024-01-21 12:23:00,view,1680,Home,533,Desktop,Returning
716,2644,2024-01-21 12:24:00,cart,1680,Home,533,Desktop,Returning
716,2644,2024-01-21 12:28:00,checkout,1680,Home,533,Desktop,Returning
650,2645,2024-01-20 22:46:00,view,1569,Home,512,Mobile,New
300,2646,2024-01-09 10:29:00,view,1584,Fashion,269,Mobile,New
395,2647,2024-02-02 16:57:00,view,1045,Beauty,508,Mobile,New
395,2647,2024-02-02 17:01:00,cart,1045,Beauty,508,Mobile,New
395,2647,2024-02-02 17:05:00,checkout,1045,Beauty,508,Mobile,New
395,2647,2024-02-02 17:08:00,purchase,1045,Beauty,508,Mobile,New
1231,2648,2024-01-22 10:47:00,view,1448,Fashion,602,Mobile,Returning
1231,2648,2024-01-22 10:49:00,cart,1448,Fashion,602,Mobile,Returning
1360,2649,2024-01-23 17:04:00,view,1090,Beauty,419,Mobile,New
593,2650,2024-01-04 11:04:00,view,1109,Fashion,537,Tablet,New
1754,2651,2024-01-08 09:44:00,view,1088,Home,774,Mobile,New
1754,2651,2024-01-08 09:46:00,cart,1088,Home,774,Mobile,New
1754,2651,2024-01-08 09:47:00,checkout,1088,Home,774,Mobile,New
1754,2651,2024-01-08 09:49:00,purchase,1088,Home,774,Mobile,New
514,2652,2024-01-21 07:15:00,view,1759,Fashion,807,Desktop,Returning
514,2652,2024-01-21 07:18:00,cart,1759,Fashion,807,Desktop,Returning
514,2652,2024-01-21 07:19:00,checkout,1759,Fashion,807,Desktop,Returning
514,2652,2024-01-21 07:22:00,purchase,1759,Fashion,807,Desktop,Returning
1202,2653,2024-01-09 12:14:00,view,1443,Home,822,Mobile,New
1202,2653,2024-01-09 12:18:00,cart,1443,Home,822,Mobile,New
396,2654,2024-01-18 06:16:00,view,1112,Fashion,273,Tablet,Returning
371,2655,2024-01-08 07:18:00,view,1275,Fashion,468,Mobile,New
371,2655,2024-01-08 07:22:00,cart,1275,Fashion,468,Mobile,New
858,2656,2024-01-17 04:58:00,view,1107,Electronics,503,Desktop,New
791,2657,2024-02-03 07:43:00,view,1938,Beauty,80,Mobile,New
791,2657,2024-02-03 07:47:00,cart,1938,Beauty,80,Mobile,New
791,2657,2024-02-03 07:51:00,checkout,1938,Beauty,80,Mobile,New
791,2657,2024-02-03 07:53:00,purchase,1938,Beauty,80,Mobile,New
658,2658,2024-01-20 10:21:00,view,1679,Beauty,641,Desktop,New
1342,2659,2024-01-04 20:58:00,view,1973,Home,910,Desktop,New
736,2660,2024-02-03 16:49:00,view,1728,Home,843,Mobile,Returning
736,2660,2024-02-03 16:50:00,cart,1728,Home,843,Mobile,Returning
736,2660,2024-02-03 16:53:00,checkout,1728,Home,843,Mobile,Returning
736,2660,2024-02-03 16:56:00,purchase,1728,Home,843,Mobile,Returning
1393,2661,2024-01-03 11:52:00,view,1516,Electronics,64,Mobile,New
384,2662,2024-01-29 12:14:00,view,1118,Beauty,870,Mobile,Returning
62,2663,2024-01-12 00:10:00,view,1773,Electronics,780,Desktop,New
1830,2664,2024-01-22 18:45:00,view,1513,Home,833,Mobile,New
505,2665,2024-01-10 07:23:00,view,1951,Fashion,431,Mobile,Returning
505,2665,2024-01-10 07:24:00,cart,1951,Fashion,431,Mobile,Returning
505,2665,2024-01-10 07:28:00,checkout,1951,Fashion,431,Mobile,Returning
239,2666,2024-01-11 09:03:00,view,1857,Fashion,53,Mobile,Returning
195,2667,2024-01-30 09:49:00,view,1753,Beauty,577,Mobile,New
678,2668,2024-01-10 12:22:00,view,1960,Beauty,522,Desktop,New
1987,2669,2024-01-08 11:06:00,view,1469,Beauty,298,Mobile,Returning
1987,2669,2024-01-08 11:10:00,cart,1469,Beauty,298,Mobile,Returning
1246,2670,2024-01-03 05:31:00,view,1025,Fashion,941,Desktop,Returning
1246,2670,2024-01-03 05:33:00,cart,1025,Fashion,941,Desktop,Returning
61,2671,2024-02-01 04:55:00,view,1301,Fashion,355,Desktop,New
1153,2672,2024-01-28 12:35:00,view,1055,Home,64,Mobile,Returning
990,2673,2024-01-07 12:21:00,view,1830,Home,597,Desktop,Returning
685,2674,2024-01-20 04:08:00,view,1354,Electronics,466,Mobile,Returning
685,2674,2024-01-20 04:10:00,cart,1354,Electronics,466,Mobile,Returning
156,2675,2024-01-25 23:52:00,view,1795,Beauty,591,Desktop,New
156,2675,2024-01-25 23:53:00,cart,1795,Beauty,591,Desktop,New
1941,2676,2024-02-04 05:02:00,view,1885,Beauty,819,Mobile,New
1941,2676,2024-02-04 05:03:00,cart,1885,Beauty,819,Mobile,New
1402,2677,2024-01-26 18:55:00,view,1923,Fashion,192,Desktop,New
1402,2677,2024-01-26 18:57:00,cart,1923,Fashion,192,Desktop,New
1402,2677,2024-01-26 18:59:00,checkout,1923,Fashion,192,Desktop,New
1402,2677,2024-01-26 19:03:00,purchase,1923,Fashion,192,Desktop,New
1646,2678,2024-01-06 09:55:00,view,1125,Fashion,113,Mobile,Returning
1805,2679,2024-01-28 20:38:00,view,1809,Home,954,Mobile,New
923,2680,2024-01-16 20:07:00,view,1117,Beauty,810,Mobile,Returning
868,2681,2024-01-20 06:01:00,view,1484,Home,621,Mobile,New
868,2681,2024-01-20 06:04:00,cart,1484,Home,621,Mobile,New
903,2682,2024-01-17 13:11:00,view,1356,Beauty,41,Desktop,New
1814,2683,2024-01-31 02:31:00,view,1093,Beauty,560,Mobile,New
1610,2684,2024-01-18 14:06:00,view,1099,Beauty,417,Desktop,New
1610,2684,2024-01-18 14:09:00,cart,1099,Beauty,417,Desktop,New
999,2685,2024-01-04 02:38:00,view,1018,Electronics,329,Mobile,Returning
1461,2686,2024-01-04 02:00:00,view,1838,Home,145,Desktop,New
1461,2686,2024-01-04 02:04:00,cart,1838,Home,145,Desktop,New
1461,2686,2024-01-04 02:05:00,checkout,1838,Home,145,Desktop,New
1461,2686,2024-01-04 02:07:00,purchase,1838,Home,145,Desktop,New
975,2687,2024-01-31 01:05:00,view,1525,Home,793,Mobile,New
975,2687,2024-01-31 01:06:00,cart,1525,Home,793,Mobile,New
975,2687,2024-01-31 01:08:00,checkout,1525,Home,793,Mobile,New
975,2687,2024-01-31 01:12:00,purchase,1525,Home,793,Mobile,New
1231,2688,2024-01-22 00:21:00,view,1063,Home,369,Mobile,Returning
388,2689,2024-01-26 13:43:00,view,1955,Beauty,783,Mobile,New
1504,2690,2024-02-03 07:17:00,view,1276,Beauty,570,Desktop,New
1504,2690,2024-02-03 07:21:00,cart,1276,Beauty,570,Desktop,New
1815,2691,2024-01-02 04:01:00,view,1794,Beauty,166,Mobile,New
1815,2691,2024-01-02 04:02:00,cart,1794,Beauty,166,Mobile,New
887,2692,2024-01-14 12:01:00,view,1644,Home,473,Desktop,Returning
887,2692,2024-01-14 12:02:00,cart,1644,Home,473,Desktop,Returning
838,2693,2024-01-20 13:32:00,view,1034,Home,656,Desktop,New
1364,2694,2024-01-25 18:54:00,view,1219,Beauty,408,Mobile,Returning
1893,2695,2024-01-15 05:44:00,view,1516,Fashion,706,Desktop,Returning
340,2696,2024-01-19 06:45:00,view,1862,Beauty,762,Mobile,New
204,2697,2024-01-30 03:28:00,view,1937,Home,306,Mobile,Returning
204,2697,2024-01-30 03:31:00,cart,1937,Home,306,Mobile,Returning
161,2698,2024-01-20 19:53:00,view,1805,Fashion,757,Desktop,New
1564,2699,2024-01-22 00:33:00,view,1311,Fashion,686,Desktop,New
392,2700,2024-01-24 01:17:00,view,1984,Electronics,64,Desktop,New
392,2700,2024-01-24 01:21:00,cart,1984,Electronics,64,Desktop,New
392,2700,2024-01-24 01:24:00,checkout,1984,Electronics,64,Desktop,New
392,2700,2024-01-24 01:27:00,purchase,1984,Electronics,64,Desktop,New
769,2701,2024-01-05 00:57:00,view,1449,Fashion,384,Mobile,New
1701,2702,2024-01-22 06:46:00,view,1811,Electronics,401,Mobile,Returning
1701,2702,2024-01-22 06:47:00,cart,1811,Electronics,401,Mobile,Returning
575,2703,2024-01-20 04:14:00,view,1239,Electronics,544,Mobile,Returning
575,2703,2024-01-20 04:18:00,cart,1239,Electronics,544,Mobile,Returning
575,2703,2024-01-20 04:20:00,checkout,1239,Electronics,544,Mobile,Returning
575,2703,2024-01-20 04:24:00,purchase,1239,Electronics,544,Mobile,Returning
534,2704,2024-01-14 21:29:00,view,1892,Beauty,162,Desktop,New
534,2704,2024-01-14 21:30:00,cart,1892,Beauty,162,Desktop,New
1094,2705,2024-02-03 07:37:00,view,1842,Home,305,Mobile,New
893,2706,2024-01-27 08:13:00,view,1281,Home,606,Desktop,Returning
893,2706,2024-01-27 08:17:00,cart,1281,Home,606,Desktop,Returning
893,2706,2024-01-27 08:19:00,checkout,1281,Home,606,Desktop,Returning
893,2706,2024-01-27 08:21:00,purchase,1281,Home,606,Desktop,Returning
405,2707,2024-01-27 09:41:00,view,1647,Home,382,Mobile,New
405,2707,2024-01-27 09:42:00,cart,1647,Home,382,Mobile,New
608,2708,2024-01-07 22:13:00,view,1709,Beauty,402,Mobile,New
1699,2709,2024-01-08 00:06:00,view,1358,Beauty,110,Mobile,Returning
1699,2709,2024-01-08 00:08:00,cart,1358,Beauty,110,Mobile,Returning
1615,2710,2024-01-21 14:47:00,view,1034,Beauty,404,Mobile,New
1615,2710,2024-01-21 14:50:00,cart,1034,Beauty,404,Mobile,New
1615,2710,2024-01-21 14:51:00,checkout,1034,Beauty,404,Mobile,New
1541,2711,2024-02-01 00:39:00,view,1620,Fashion,614,Mobile,Returning
1541,2711,2024-02-01 00:42:00,cart,1620,Fashion,614,Mobile,Returning
1541,2711,2024-02-01 00:45:00,checkout,1620,Fashion,614,Mobile,Returning
1541,2711,2024-02-01 00:46:00,purchase,1620,Fashion,614,Mobile,Returning
828,2712,2024-01-17 14:20:00,view,1566,Beauty,964,Desktop,New
1144,2713,2024-01-28 09:54:00,view,1502,Electronics,844,Desktop,New
1144,2713,2024-01-28 09:57:00,cart,1502,Electronics,844,Desktop,New
1144,2713,2024-01-28 09:59:00,checkout,1502,Electronics,844,Desktop,New
1144,2713,2024-01-28 10:03:00,purchase,1502,Electronics,844,Desktop,New
1838,2714,2024-01-28 08:05:00,view,1985,Home,651,Mobile,New
690,2715,2024-01-15 06:26:00,view,1668,Electronics,165,Mobile,New
690,2715,2024-01-15 06:28:00,cart,1668,Electronics,165,Mobile,New
690,2715,2024-01-15 06:31:00,checkout,1668,Electronics,165,Mobile,New
690,2715,2024-01-15 06:32:00,purchase,1668,Electronics,165,Mobile,New
1712,2716,2024-01-13 20:30:00,view,1621,Home,280,Mobile,New
1712,2716,2024-01-13 20:31:00,cart,1621,Home,280,Mobile,New
1712,2716,2024-01-13 20:35:00,checkout,1621,Home,280,Mobile,New
1712,2716,2024-01-13 20:36:00,purchase,1621,Home,280,Mobile,New
902,2717,2024-01-09 05:09:00,view,1995,Fashion,446,Desktop,New
902,2717,2024-01-09 05:12:00,cart,1995,Fashion,446,Desktop,New
902,2717,2024-01-09 05:15:00,checkout,1995,Fashion,446,Desktop,New
902,2717,2024-01-09 05:17:00,purchase,1995,Fashion,446,Desktop,New
1241,2718,2024-01-30 22:03:00,view,1784,Home,808,Mobile,Returning
1241,2718,2024-01-30 22:06:00,cart,1784,Home,808,Mobile,Returning
56,2719,2024-01-20 14:23:00,view,1265,Beauty,37,Desktop,Returning
56,2719,2024-01-20 14:27:00,cart,1265,Beauty,37,Desktop,Returning
56,2719,2024-01-20 14:30:00,checkout,1265,Beauty,37,Desktop,Returning
56,2719,2024-01-20 14:33:00,purchase,1265,Beauty,37,Desktop,Returning
366,2720,2024-01-06 08:58:00,view,1318,Home,590,Mobile,New
366,2720,2024-01-06 09:02:00,cart,1318,Home,590,Mobile,New
366,2720,2024-01-06 09:05:00,checkout,1318,Home,590,Mobile,New
366,2720,2024-01-06 09:06:00,purchase,1318,Home,590,Mobile,New
1723,2721,2024-01-27 03:46:00,view,1202,Fashion,664,Mobile,New
1723,2721,2024-01-27 03:49:00,cart,1202,Fashion,664,Mobile,New
1528,2722,2024-01-06 07:05:00,view,1889,Home,655,Desktop,New
1768,2723,2024-01-15 18:27:00,view,1017,Beauty,965,Mobile,New
1768,2723,2024-01-15 18:30:00,cart,1017,Beauty,965,Mobile,New
1768,2723,2024-01-15 18:31:00,checkout,1017,Beauty,965,Mobile,New
1768,2723,2024-01-15 18:32:00,purchase,1017,Beauty,965,Mobile,New
1791,2724,2024-01-26 21:55:00,view,1299,Fashion,945,Mobile,New
1791,2724,2024-01-26 21:58:00,cart,1299,Fashion,945,Mobile,New
1791,2724,2024-01-26 21:59:00,checkout,1299,Fashion,945,Mobile,New
1791,2724,2024-01-26 22:03:00,purchase,1299,Fashion,945,Mobile,New
1949,2725,2024-01-02 18:38:00,view,1211,Electronics,336,Mobile,New
455,2726,2024-01-15 01:45:00,view,1426,Home,186,Mobile,New
455,2726,2024-01-15 01:49:00,cart,1426,Home,186,Mobile,New
455,2726,2024-01-15 01:50:00,checkout,1426,Home,186,Mobile,New
455,2726,2024-01-15 01:52:00,purchase,1426,Home,186,Mobile,New
104,2727,2024-01-15 21:10:00,view,1617,Beauty,778,Mobile,New
104,2727,2024-01-15 21:11:00,cart,1617,Beauty,778,Mobile,New
104,2727,2024-01-15 21:14:00,checkout,1617,Beauty,778,Mobile,New
104,2727,2024-01-15 21:15:00,purchase,1617,Beauty,778,Mobile,New
77,2728,2024-01-04 19:47:00,view,1941,Electronics,75,Desktop,Returning
77,2728,2024-01-04 19:48:00,cart,1941,Electronics,75,Desktop,Returning
77,2728,2024-01-04 19:49:00,checkout,1941,Electronics,75,Desktop,Returning
230,2729,2024-01-09 00:10:00,view,1353,Electronics,593,Desktop,Returning
230,2729,2024-01-09 00:14:00,cart,1353,Electronics,593,Desktop,Returning
230,2729,2024-01-09 00:18:00,checkout,1353,Electronics,593,Desktop,Returning
230,2729,2024-01-09 00:20:00,purchase,1353,Electronics,593,Desktop,Returning
1938,2730,2024-01-22 16:50:00,view,1513,Beauty,61,Mobile,Returning
1282,2731,2024-01-21 02:33:00,view,1131,Beauty,70,Desktop,Returning
1282,2731,2024-01-21 02:36:00,cart,1131,Beauty,70,Desktop,Returning
1282,2731,2024-01-21 02:37:00,checkout,1131,Beauty,70,Desktop,Returning
1288,2732,2024-01-28 11:23:00,view,1993,Electronics,60,Mobile,New
331,2733,2024-01-07 07:10:00,view,1903,Electronics,532,Mobile,New
331,2733,2024-01-07 07:11:00,cart,1903,Electronics,532,Mobile,New
1206,2734,2024-01-27 19:28:00,view,1839,Fashion,740,Mobile,Returning
1206,2734,2024-01-27 19:30:00,cart,1839,Fashion,740,Mobile,Returning
1206,2734,2024-01-27 19:31:00,checkout,1839,Fashion,740,Mobile,Returning
1206,2734,2024-01-27 19:35:00,purchase,1839,Fashion,740,Mobile,Returning
893,2735,2024-01-31 19:29:00,view,1070,Beauty,204,Mobile,Returning
893,2735,2024-01-31 19:33:00,cart,1070,Beauty,204,Mobile,Returning
893,2735,2024-01-31 19:36:00,checkout,1070,Beauty,204,Mobile,Returning
893,2735,2024-01-31 19:39:00,purchase,1070,Beauty,204,Mobile,Returning
1792,2736,2024-01-17 07:30:00,view,1524,Beauty,667,Mobile,Returning
1792,2736,2024-01-17 07:32:00,cart,1524,Beauty,667,Mobile,Returning
1574,2737,2024-01-25 05:58:00,view,1876,Fashion,406,Tablet,Returning
1574,2737,2024-01-25 05:59:00,cart,1876,Fashion,406,Tablet,Returning
1574,2737,2024-01-25 06:03:00,checkout,1876,Fashion,406,Tablet,Returning
1574,2737,2024-01-25 06:06:00,purchase,1876,Fashion,406,Tablet,Returning
688,2738,2024-01-03 22:21:00,view,1199,Electronics,809,Mobile,New
688,2738,2024-01-03 22:25:00,cart,1199,Electronics,809,Mobile,New
688,2738,2024-01-03 22:28:00,checkout,1199,Electronics,809,Mobile,New
688,2738,2024-01-03 22:30:00,purchase,1199,Electronics,809,Mobile,New
27,2739,2024-01-27 17:11:00,view,1922,Beauty,663,Mobile,New
1300,2740,2024-01-28 04:33:00,view,1093,Home,12,Mobile,Returning
1676,2741,2024-01-18 01:59:00,view,1017,Electronics,416,Desktop,New
1676,2741,2024-01-18 02:01:00,cart,1017,Electronics,416,Desktop,New
299,2742,2024-01-26 19:55:00,view,1331,Fashion,897,Desktop,Returning
299,2742,2024-01-26 19:56:00,cart,1331,Fashion,897,Desktop,Returning
299,2742,2024-01-26 19:58:00,checkout,1331,Fashion,897,Desktop,Returning
299,2742,2024-01-26 20:00:00,purchase,1331,Fashion,897,Desktop,Returning
957,2743,2024-01-13 09:02:00,view,1520,Home,878,Mobile,New
799,2744,2024-01-31 10:48:00,view,1303,Fashion,355,Mobile,Returning
799,2744,2024-01-31 10:51:00,cart,1303,Fashion,355,Mobile,Returning
1115,2745,2024-01-02 01:32:00,view,1697,Home,437,Mobile,New
480,2746,2024-02-01 22:08:00,view,1975,Home,795,Mobile,New
480,2746,2024-02-01 22:10:00,cart,1975,Home,795,Mobile,New
480,2746,2024-02-01 22:11:00,checkout,1975,Home,795,Mobile,New
480,2746,2024-02-01 22:13:00,purchase,1975,Home,795,Mobile,New
573,2747,2024-01-02 12:50:00,view,1456,Fashion,688,Mobile,New
573,2747,2024-01-02 12:53:00,cart,1456,Fashion,688,Mobile,New
573,2747,2024-01-02 12:54:00,checkout,1456,Fashion,688,Mobile,New
573,2747,2024-01-02 12:57:00,purchase,1456,Fashion,688,Mobile,New
458,2748,2024-02-02 07:30:00,view,1721,Electronics,31,Mobile,New
458,2748,2024-02-02 07:34:00,cart,1721,Electronics,31,Mobile,New
458,2748,2024-02-02 07:36:00,checkout,1721,Electronics,31,Mobile,New
1475,2749,2024-01-23 19:15:00,view,1852,Electronics,660,Mobile,New
1475,2749,2024-01-23 19:16:00,cart,1852,Electronics,660,Mobile,New
1475,2749,2024-01-23 19:19:00,checkout,1852,Electronics,660,Mobile,New
1475,2749,2024-01-23 19:20:00,purchase,1852,Electronics,660,Mobile,New
365,2750,2024-01-09 09:42:00,view,1328,Home,43,Mobile,Returning
365,2750,2024-01-09 09:44:00,cart,1328,Home,43,Mobile,Returning
859,2751,2024-01-14 05:54:00,view,1124,Fashion,485,Mobile,New
859,2751,2024-01-14 05:55:00,cart,1124,Fashion,485,Mobile,New
859,2751,2024-01-14 05:58:00,checkout,1124,Fashion,485,Mobile,New
859,2751,2024-01-14 06:01:00,purchase,1124,Fashion,485,Mobile,New
1699,2752,2024-01-30 04:29:00,view,1124,Fashion,21,Desktop,Returning
351,2753,2024-01-13 17:28:00,view,1579,Fashion,86,Desktop,New
351,2753,2024-01-13 17:30:00,cart,1579,Fashion,86,Desktop,New
351,2753,2024-01-13 17:33:00,checkout,1579,Fashion,86,Desktop,New
351,2753,2024-01-13 17:34:00,purchase,1579,Fashion,86,Desktop,New
1679,2754,2024-01-26 22:05:00,view,1468,Beauty,286,Mobile,New
1679,2754,2024-01-26 22:07:00,cart,1468,Beauty,286,Mobile,New
1679,2754,2024-01-26 22:10:00,checkout,1468,Beauty,286,Mobile,New
1424,2755,2024-01-25 04:26:00,view,1330,Home,596,Mobile,New
253,2756,2024-01-16 00:18:00,view,1751,Electronics,348,Mobile,Returning
253,2756,2024-01-16 00:19:00,cart,1751,Electronics,348,Mobile,Returning
253,2756,2024-01-16 00:23:00,checkout,1751,Electronics,348,Mobile,Returning
253,2756,2024-01-16 00:25:00,purchase,1751,Electronics,348,Mobile,Returning
781,2757,2024-01-09 22:43:00,view,1375,Electronics,754,Mobile,Returning
781,2757,2024-01-09 22:46:00,cart,1375,Electronics,754,Mobile,Returning
781,2757,2024-01-09 22:49:00,checkout,1375,Electronics,754,Mobile,Returning
781,2757,2024-01-09 22:50:00,purchase,1375,Electronics,754,Mobile,Returning
1905,2758,2024-01-26 16:08:00,view,1954,Beauty,662,Desktop,Returning
1905,2758,2024-01-26 16:12:00,cart,1954,Beauty,662,Desktop,Returning
1905,2758,2024-01-26 16:14:00,checkout,1954,Beauty,662,Desktop,Returning
1905,2758,2024-01-26 16:17:00,purchase,1954,Beauty,662,Desktop,Returning
803,2759,2024-01-10 14:05:00,view,1287,Beauty,962,Mobile,New
803,2759,2024-01-10 14:09:00,cart,1287,Beauty,962,Mobile,New
803,2759,2024-01-10 14:13:00,checkout,1287,Beauty,962,Mobile,New
803,2759,2024-01-10 14:14:00,purchase,1287,Beauty,962,Mobile,New
1012,2760,2024-01-22 09:48:00,view,1330,Beauty,809,Desktop,Returning
1012,2760,2024-01-22 09:50:00,cart,1330,Beauty,809,Desktop,Returning
1012,2760,2024-01-22 09:52:00,checkout,1330,Beauty,809,Desktop,Returning
459,2761,2024-01-01 08:43:00,view,1675,Home,910,Desktop,New
459,2761,2024-01-01 08:46:00,cart,1675,Home,910,Desktop,New
1723,2762,2024-01-12 13:45:00,view,1250,Electronics,83,Mobile,New
917,2763,2024-01-14 22:40:00,view,1532,Fashion,364,Mobile,New
499,2764,2024-01-09 09:54:00,view,1301,Beauty,337,Mobile,Returning
499,2764,2024-01-09 09:55:00,cart,1301,Beauty,337,Mobile,Returning
950,2765,2024-01-04 11:39:00,view,1131,Electronics,103,Mobile,New
950,2765,2024-01-04 11:43:00,cart,1131,Electronics,103,Mobile,New
1995,2766,2024-01-25 18:02:00,view,1639,Home,238,Mobile,Returning
1950,2767,2024-02-03 10:09:00,view,1503,Fashion,800,Mobile,New
508,2768,2024-01-02 13:49:00,view,1863,Electronics,680,Desktop,Returning
508,2768,2024-01-02 13:52:00,cart,1863,Electronics,680,Desktop,Returning
1328,2769,2024-01-31 02:19:00,view,1331,Fashion,17,Mobile,Returning
1328,2769,2024-01-31 02:20:00,cart,1331,Fashion,17,Mobile,Returning
1328,2769,2024-01-31 02:21:00,checkout,1331,Fashion,17,Mobile,Returning
501,2770,2024-01-26 15:52:00,view,1173,Home,360,Mobile,Returning
501,2770,2024-01-26 15:56:00,cart,1173,Home,360,Mobile,Returning
501,2770,2024-01-26 16:00:00,checkout,1173,Home,360,Mobile,Returning
501,2770,2024-01-26 16:03:00,purchase,1173,Home,360,Mobile,Returning
803,2771,2024-01-04 07:09:00,view,1269,Electronics,942,Desktop,New
803,2771,2024-01-04 07:13:00,cart,1269,Electronics,942,Desktop,New
803,2771,2024-01-04 07:15:00,checkout,1269,Electronics,942,Desktop,New
803,2771,2024-01-04 07:19:00,purchase,1269,Electronics,942,Desktop,New
598,2772,2024-02-03 18:49:00,view,1278,Home,23,Desktop,New
598,2772,2024-02-03 18:53:00,cart,1278,Home,23,Desktop,New
598,2772,2024-02-03 18:57:00,checkout,1278,Home,23,Desktop,New
166,2773,2024-01-12 22:55:00,view,1012,Electronics,367,Mobile,Returning
1439,2774,2024-01-17 11:31:00,view,1475,Home,241,Desktop,New
1439,2774,2024-01-17 11:33:00,cart,1475,Home,241,Desktop,New
1439,2774,2024-01-17 11:35:00,checkout,1475,Home,241,Desktop,New
1439,2774,2024-01-17 11:38:00,purchase,1475,Home,241,Desktop,New
462,2775,2024-01-01 15:18:00,view,1601,Home,264,Mobile,Returning
462,2775,2024-01-01 15:21:00,cart,1601,Home,264,Mobile,Returning
462,2775,2024-01-01 15:23:00,checkout,1601,Home,264,Mobile,Returning
462,2775,2024-01-01 15:25:00,purchase,1601,Home,264,Mobile,Returning
920,2776,2024-01-29 14:04:00,view,1296,Electronics,925,Mobile,New
114,2777,2024-01-15 12:45:00,view,1517,Electronics,669,Mobile,Returning
114,2777,2024-01-15 12:46:00,cart,1517,Electronics,669,Mobile,Returning
114,2777,2024-01-15 12:49:00,checkout,1517,Electronics,669,Mobile,Returning
114,2777,2024-01-15 12:53:00,purchase,1517,Electronics,669,Mobile,Returning
1457,2778,2024-01-31 17:43:00,view,1429,Home,692,Mobile,Returning
1457,2778,2024-01-31 17:44:00,cart,1429,Home,692,Mobile,Returning
1457,2778,2024-01-31 17:45:00,checkout,1429,Home,692,Mobile,Returning
1457,2778,2024-01-31 17:48:00,purchase,1429,Home,692,Mobile,Returning
992,2779,2024-01-15 11:18:00,view,1093,Beauty,353,Desktop,Returning
992,2779,2024-01-15 11:20:00,cart,1093,Beauty,353,Desktop,Returning
1380,2780,2024-01-08 11:00:00,view,1677,Electronics,88,Desktop,New
1380,2780,2024-01-08 11:01:00,cart,1677,Electronics,88,Desktop,New
1380,2780,2024-01-08 11:03:00,checkout,1677,Electronics,88,Desktop,New
1380,2780,2024-01-08 11:06:00,purchase,1677,Electronics,88,Desktop,New
1952,2781,2024-02-02 05:22:00,view,1738,Fashion,843,Desktop,New
1952,2781,2024-02-02 05:24:00,cart,1738,Fashion,843,Desktop,New
1952,2781,2024-02-02 05:26:00,checkout,1738,Fashion,843,Desktop,New
1952,2781,2024-02-02 05:27:00,purchase,1738,Fashion,843,Desktop,New
1719,2782,2024-01-06 06:53:00,view,1578,Fashion,794,Mobile,Returning
1719,2782,2024-01-06 06:57:00,cart,1578,Fashion,794,Mobile,Returning
207,2783,2024-01-06 02:06:00,view,1761,Fashion,588,Mobile,New
207,2783,2024-01-06 02:10:00,cart,1761,Fashion,588,Mobile,New
1792,2784,2024-01-10 05:55:00,view,1221,Electronics,976,Mobile,Returning
1259,2785,2024-01-06 09:59:00,view,1928,Home,211,Mobile,New
1466,2786,2024-01-04 07:17:00,view,1156,Fashion,230,Desktop,New
1379,2787,2024-01-18 16:53:00,view,1242,Fashion,138,Desktop,New
515,2788,2024-01-07 07:29:00,view,1479,Home,512,Mobile,New
515,2788,2024-01-07 07:30:00,cart,1479,Home,512,Mobile,New
515,2788,2024-01-07 07:31:00,checkout,1479,Home,512,Mobile,New
515,2788,2024-01-07 07:33:00,purchase,1479,Home,512,Mobile,New
1232,2789,2024-01-05 13:31:00,view,1496,Home,399,Mobile,New
1232,2789,2024-01-05 13:35:00,cart,1496,Home,399,Mobile,New
1232,2789,2024-01-05 13:36:00,checkout,1496,Home,399,Mobile,New
1232,2789,2024-01-05 13:37:00,purchase,1496,Home,399,Mobile,New
709,2790,2024-02-02 11:35:00,view,1949,Home,774,Mobile,New
709,2790,2024-02-02 11:36:00,cart,1949,Home,774,Mobile,New
709,2790,2024-02-02 11:39:00,checkout,1949,Home,774,Mobile,New
709,2790,2024-02-02 11:41:00,purchase,1949,Home,774,Mobile,New
1877,2791,2024-01-12 05:44:00,view,1060,Fashion,483,Mobile,New
1149,2792,2024-01-05 18:28:00,view,1828,Electronics,120,Mobile,Returning
1149,2792,2024-01-05 18:31:00,cart,1828,Electronics,120,Mobile,Returning
1149,2792,2024-01-05 18:35:00,checkout,1828,Electronics,120,Mobile,Returning
1149,2792,2024-01-05 18:36:00,purchase,1828,Electronics,120,Mobile,Returning
138,2793,2024-01-23 13:00:00,view,1629,Home,980,Mobile,Returning
339,2794,2024-01-14 04:29:00,view,1370,Fashion,921,Mobile,New
537,2795,2024-01-05 22:48:00,view,1230,Fashion,132,Mobile,Returning
68,2796,2024-02-03 13:14:00,view,1701,Beauty,13,Mobile,Returning
1597,2797,2024-02-03 06:26:00,view,1655,Beauty,259,Mobile,New
1597,2797,2024-02-03 06:27:00,cart,1655,Beauty,259,Mobile,New
1597,2797,2024-02-03 06:28:00,checkout,1655,Beauty,259,Mobile,New
1565,2798,2024-01-24 19:02:00,view,1586,Fashion,279,Desktop,Returning
383,2799,2024-02-01 09:19:00,view,1977,Home,38,Mobile,Returning
19,2800,2024-02-04 09:29:00,view,1605,Electronics,162,Tablet,New
683,2801,2024-01-25 23:59:00,view,1807,Beauty,124,Mobile,New
683,2801,2024-01-26 00:03:00,cart,1807,Beauty,124,Mobile,New
1474,2802,2024-01-22 09:50:00,view,1052,Electronics,541,Mobile,New
1474,2802,2024-01-22 09:51:00,cart,1052,Electronics,541,Mobile,New
1474,2802,2024-01-22 09:53:00,checkout,1052,Electronics,541,Mobile,New
1474,2802,2024-01-22 09:54:00,purchase,1052,Electronics,541,Mobile,New
74,2803,2024-01-04 21:40:00,view,1316,Fashion,176,Mobile,Returning
573,2804,2024-01-16 15:12:00,view,1861,Electronics,907,Mobile,New
573,2804,2024-01-16 15:16:00,cart,1861,Electronics,907,Mobile,New
573,2804,2024-01-16 15:17:00,checkout,1861,Electronics,907,Mobile,New
939,2805,2024-01-02 18:54:00,view,1505,Fashion,308,Desktop,New
1689,2806,2024-01-24 22:24:00,view,1195,Beauty,315,Mobile,Returning
1689,2806,2024-01-24 22:28:00,cart,1195,Beauty,315,Mobile,Returning
1689,2806,2024-01-24 22:29:00,checkout,1195,Beauty,315,Mobile,Returning
1689,2806,2024-01-24 22:31:00,purchase,1195,Beauty,315,Mobile,Returning
1300,2807,2024-01-17 09:34:00,view,1333,Fashion,92,Desktop,Returning
1072,2808,2024-01-12 18:36:00,view,1765,Fashion,933,Desktop,New
1072,2808,2024-01-12 18:37:00,cart,1765,Fashion,933,Desktop,New
1072,2808,2024-01-12 18:38:00,checkout,1765,Fashion,933,Desktop,New
1072,2808,2024-01-12 18:42:00,purchase,1765,Fashion,933,Desktop,New
211,2809,2024-01-13 07:25:00,view,1949,Home,30,Mobile,New
855,2810,2024-01-17 19:07:00,view,1021,Beauty,372,Mobile,New
1944,2811,2024-01-03 22:01:00,view,1249,Fashion,557,Desktop,Returning
1944,2811,2024-01-03 22:05:00,cart,1249,Fashion,557,Desktop,Returning
651,2812,2024-01-18 08:56:00,view,1203,Electronics,135,Mobile,New
1646,2813,2024-01-31 19:02:00,view,1270,Home,620,Desktop,Returning
1646,2813,2024-01-31 19:03:00,cart,1270,Home,620,Desktop,Returning
994,2814,2024-01-06 21:01:00,view,1167,Home,557,Mobile,New
994,2814,2024-01-06 21:02:00,cart,1167,Home,557,Mobile,New
695,2815,2024-02-03 23:30:00,view,1490,Electronics,366,Mobile,New
695,2815,2024-02-03 23:31:00,cart,1490,Electronics,366,Mobile,New
695,2815,2024-02-03 23:32:00,checkout,1490,Electronics,366,Mobile,New
540,2816,2024-01-01 16:19:00,view,1381,Home,875,Mobile,New
540,2816,2024-01-01 16:21:00,cart,1381,Home,875,Mobile,New
540,2816,2024-01-01 16:24:00,checkout,1381,Home,875,Mobile,New
540,2816,2024-01-01 16:27:00,purchase,1381,Home,875,Mobile,New
1733,2817,2024-01-06 07:15:00,view,1684,Home,303,Mobile,New
1733,2817,2024-01-06 07:18:00,cart,1684,Home,303,Mobile,New
1215,2818,2024-01-24 07:07:00,view,1947,Electronics,936,Desktop,Returning
1215,2818,2024-01-24 07:10:00,cart,1947,Electronics,936,Desktop,Returning
1339,2819,2024-01-20 00:45:00,view,1823,Beauty,130,Mobile,New
1339,2819,2024-01-20 00:46:00,cart,1823,Beauty,130,Mobile,New
1339,2819,2024-01-20 00:50:00,checkout,1823,Beauty,130,Mobile,New
901,2820,2024-01-07 20:01:00,view,1181,Electronics,858,Desktop,New
901,2820,2024-01-07 20:05:00,cart,1181,Electronics,858,Desktop,New
901,2820,2024-01-07 20:08:00,checkout,1181,Electronics,858,Desktop,New
901,2820,2024-01-07 20:10:00,purchase,1181,Electronics,858,Desktop,New
1587,2821,2024-01-14 01:32:00,view,1750,Electronics,227,Mobile,Returning
1685,2822,2024-01-01 03:23:00,view,1086,Home,858,Mobile,New
780,2823,2024-01-28 13:49:00,view,1207,Fashion,101,Mobile,Returning
780,2823,2024-01-28 13:50:00,cart,1207,Fashion,101,Mobile,Returning
780,2823,2024-01-28 13:51:00,checkout,1207,Fashion,101,Mobile,Returning
780,2823,2024-01-28 13:52:00,purchase,1207,Fashion,101,Mobile,Returning
1586,2824,2024-01-21 08:06:00,view,1484,Fashion,395,Mobile,New
1586,2824,2024-01-21 08:10:00,cart,1484,Fashion,395,Mobile,New
1586,2824,2024-01-21 08:12:00,checkout,1484,Fashion,395,Mobile,New
1924,2825,2024-01-18 13:33:00,view,1223,Electronics,44,Mobile,New
1782,2826,2024-02-03 06:15:00,view,1702,Beauty,417,Mobile,Returning
1137,2827,2024-01-14 19:48:00,view,1296,Fashion,758,Desktop,Returning
170,2828,2024-01-14 03:33:00,view,1487,Fashion,863,Mobile,New
170,2828,2024-01-14 03:37:00,cart,1487,Fashion,863,Mobile,New
170,2828,2024-01-14 03:41:00,checkout,1487,Fashion,863,Mobile,New
170,2828,2024-01-14 03:42:00,purchase,1487,Fashion,863,Mobile,New
1492,2829,2024-01-23 23:38:00,view,1881,Beauty,351,Mobile,New
1702,2830,2024-01-20 22:28:00,view,1851,Fashion,454,Desktop,New
1702,2830,2024-01-20 22:31:00,cart,1851,Fashion,454,Desktop,New
1702,2830,2024-01-20 22:32:00,checkout,1851,Fashion,454,Desktop,New
1945,2831,2024-01-06 05:33:00,view,1297,Beauty,745,Desktop,Returning
1945,2831,2024-01-06 05:36:00,cart,1297,Beauty,745,Desktop,Returning
1945,2831,2024-01-06 05:38:00,checkout,1297,Beauty,745,Desktop,Returning
1945,2831,2024-01-06 05:41:00,purchase,1297,Beauty,745,Desktop,Returning
1038,2832,2024-02-03 14:49:00,view,1423,Fashion,978,Mobile,Returning
1038,2832,2024-02-03 14:51:00,cart,1423,Fashion,978,Mobile,Returning
1038,2832,2024-02-03 14:52:00,checkout,1423,Fashion,978,Mobile,Returning
1038,2832,2024-02-03 14:54:00,purchase,1423,Fashion,978,Mobile,Returning
1739,2833,2024-01-03 15:20:00,view,1789,Fashion,872,Mobile,New
288,2834,2024-02-04 13:07:00,view,1912,Fashion,748,Desktop,New
1931,2835,2024-02-01 22:01:00,view,1116,Electronics,816,Mobile,New
1931,2835,2024-02-01 22:05:00,cart,1116,Electronics,816,Mobile,New
1931,2835,2024-02-01 22:09:00,checkout,1116,Electronics,816,Mobile,New
1931,2835,2024-02-01 22:10:00,purchase,1116,Electronics,816,Mobile,New
189,2836,2024-01-26 21:06:00,view,1015,Electronics,610,Mobile,New
914,2837,2024-02-02 13:49:00,view,1961,Home,107,Mobile,New
1179,2838,2024-01-05 13:19:00,view,1421,Beauty,756,Desktop,Returning
1591,2839,2024-01-19 00:32:00,view,1260,Fashion,283,Mobile,Returning
694,2840,2024-01-22 18:57:00,view,1331,Home,783,Tablet,New
1746,2841,2024-01-28 13:20:00,view,1072,Beauty,21,Mobile,New
1746,2841,2024-01-28 13:22:00,cart,1072,Beauty,21,Mobile,New
888,2842,2024-01-20 13:29:00,view,1771,Beauty,985,Desktop,New
471,2843,2024-01-25 21:54:00,view,1269,Beauty,409,Mobile,New
1099,2844,2024-01-01 06:49:00,view,1485,Beauty,690,Mobile,Returning
277,2845,2024-01-17 09:08:00,view,1886,Home,651,Desktop,Returning
940,2846,2024-01-26 10:59:00,view,1504,Beauty,99,Mobile,New
940,2846,2024-01-26 11:01:00,cart,1504,Beauty,99,Mobile,New
940,2846,2024-01-26 11:03:00,checkout,1504,Beauty,99,Mobile,New
1669,2847,2024-01-25 03:48:00,view,1379,Home,153,Mobile,New
1669,2847,2024-01-25 03:49:00,cart,1379,Home,153,Mobile,New
1669,2847,2024-01-25 03:51:00,checkout,1379,Home,153,Mobile,New
1367,2848,2024-01-10 09:32:00,view,1248,Home,558,Mobile,Returning
1367,2848,2024-01-10 09:36:00,cart,1248,Home,558,Mobile,Returning
1367,2848,2024-01-10 09:39:00,checkout,1248,Home,558,Mobile,Returning
1367,2848,2024-01-10 09:41:00,purchase,1248,Home,558,Mobile,Returning
1449,2849,2024-01-04 11:42:00,view,1445,Electronics,965,Mobile,Returning
1449,2849,2024-01-04 11:44:00,cart,1445,Electronics,965,Mobile,Returning
1449,2849,2024-01-04 11:45:00,checkout,1445,Electronics,965,Mobile,Returning
1449,2849,2024-01-04 11:49:00,purchase,1445,Electronics,965,Mobile,Returning
571,2850,2024-01-12 06:56:00,view,1068,Beauty,981,Mobile,New
571,2850,2024-01-12 06:57:00,cart,1068,Beauty,981,Mobile,New
1535,2851,2024-01-06 11:05:00,view,1956,Home,44,Desktop,New
1535,2851,2024-01-06 11:07:00,cart,1956,Home,44,Desktop,New
857,2852,2024-01-07 22:16:00,view,1930,Beauty,865,Mobile,New
857,2852,2024-01-07 22:17:00,cart,1930,Beauty,865,Mobile,New
857,2852,2024-01-07 22:21:00,checkout,1930,Beauty,865,Mobile,New
857,2852,2024-01-07 22:22:00,purchase,1930,Beauty,865,Mobile,New
1001,2853,2024-01-11 23:09:00,view,1152,Home,675,Mobile,New
1001,2853,2024-01-11 23:13:00,cart,1152,Home,675,Mobile,New
1206,2854,2024-01-01 15:20:00,view,1645,Beauty,321,Mobile,Returning
458,2855,2024-01-22 05:32:00,view,1254,Fashion,920,Desktop,New
458,2855,2024-01-22 05:33:00,cart,1254,Fashion,920,Desktop,New
918,2856,2024-02-02 02:59:00,view,1052,Electronics,239,Desktop,Returning
1875,2857,2024-01-09 07:51:00,view,1845,Fashion,476,Mobile,Returning
833,2858,2024-01-15 15:17:00,view,1794,Beauty,276,Mobile,New
833,2858,2024-01-15 15:18:00,cart,1794,Beauty,276,Mobile,New
833,2858,2024-01-15 15:22:00,checkout,1794,Beauty,276,Mobile,New
833,2858,2024-01-15 15:24:00,purchase,1794,Beauty,276,Mobile,New
1088,2859,2024-01-16 01:58:00,view,1846,Beauty,528,Desktop,New
839,2860,2024-01-23 07:37:00,view,1961,Beauty,625,Mobile,New
839,2860,2024-01-23 07:40:00,cart,1961,Beauty,625,Mobile,New
1284,2861,2024-01-07 13:45:00,view,1090,Electronics,909,Desktop,New
1284,2861,2024-01-07 13:47:00,cart,1090,Electronics,909,Desktop,New
1284,2861,2024-01-07 13:49:00,checkout,1090,Electronics,909,Desktop,New
1284,2861,2024-01-07 13:50:00,purchase,1090,Electronics,909,Desktop,New
193,2862,2024-01-01 11:50:00,view,1879,Home,570,Desktop,Returning
1679,2863,2024-01-18 13:07:00,view,1861,Fashion,743,Desktop,New
616,2864,2024-01-27 15:12:00,view,1098,Electronics,218,Mobile,Returning
1996,2865,2024-01-27 15:09:00,view,1270,Home,184,Desktop,Returning
406,2866,2024-01-16 22:54:00,view,1403,Home,805,Desktop,Returning
406,2866,2024-01-16 22:56:00,cart,1403,Home,805,Desktop,Returning
406,2866,2024-01-16 23:00:00,checkout,1403,Home,805,Desktop,Returning
406,2866,2024-01-16 23:03:00,purchase,1403,Home,805,Desktop,Returning
1750,2867,2024-02-03 00:11:00,view,1268,Electronics,465,Mobile,New
1778,2868,2024-02-01 14:15:00,view,1413,Beauty,759,Mobile,New
943,2869,2024-01-12 14:39:00,view,1224,Fashion,290,Mobile,Returning
943,2869,2024-01-12 14:43:00,cart,1224,Fashion,290,Mobile,Returning
943,2869,2024-01-12 14:44:00,checkout,1224,Fashion,290,Mobile,Returning
943,2869,2024-01-12 14:47:00,purchase,1224,Fashion,290,Mobile,Returning
721,2870,2024-01-15 21:19:00,view,1488,Home,582,Mobile,Returning
721,2870,2024-01-15 21:23:00,cart,1488,Home,582,Mobile,Returning
93,2871,2024-01-29 20:16:00,view,1783,Home,181,Mobile,Returning
93,2871,2024-01-29 20:20:00,cart,1783,Home,181,Mobile,Returning
93,2871,2024-01-29 20:24:00,checkout,1783,Home,181,Mobile,Returning
430,2872,2024-01-09 08:36:00,view,1625,Electronics,140,Mobile,New
430,2872,2024-01-09 08:38:00,cart,1625,Electronics,140,Mobile,New
654,2873,2024-01-26 03:38:00,view,1382,Beauty,305,Mobile,Returning
654,2873,2024-01-26 03:42:00,cart,1382,Beauty,305,Mobile,Returning
654,2873,2024-01-26 03:46:00,checkout,1382,Beauty,305,Mobile,Returning
654,2873,2024-01-26 03:50:00,purchase,1382,Beauty,305,Mobile,Returning
1458,2874,2024-01-23 17:21:00,view,1427,Fashion,646,Mobile,Returning
1458,2874,2024-01-23 17:25:00,cart,1427,Fashion,646,Mobile,Returning
1458,2874,2024-01-23 17:27:00,checkout,1427,Fashion,646,Mobile,Returning
1428,2875,2024-01-18 23:03:00,view,1664,Beauty,56,Mobile,Returning
434,2876,2024-01-10 10:00:00,view,1959,Electronics,526,Desktop,New
1136,2877,2024-01-07 09:51:00,view,1327,Fashion,888,Desktop,New
1136,2877,2024-01-07 09:52:00,cart,1327,Fashion,888,Desktop,New
1136,2877,2024-01-07 09:56:00,checkout,1327,Fashion,888,Desktop,New
1136,2877,2024-01-07 09:59:00,purchase,1327,Fashion,888,Desktop,New
1953,2878,2024-01-26 02:57:00,view,1935,Fashion,352,Mobile,New
1953,2878,2024-01-26 02:58:00,cart,1935,Fashion,352,Mobile,New
1953,2878,2024-01-26 02:59:00,checkout,1935,Fashion,352,Mobile,New
1953,2878,2024-01-26 03:00:00,purchase,1935,Fashion,352,Mobile,New
375,2879,2024-01-11 12:47:00,view,1647,Electronics,14,Mobile,New
1083,2880,2024-01-13 17:19:00,view,1315,Electronics,690,Mobile,New
1083,2880,2024-01-13 17:20:00,cart,1315,Electronics,690,Mobile,New
1067,2881,2024-01-22 09:49:00,view,1835,Electronics,364,Desktop,New
207,2882,2024-01-04 16:44:00,view,1138,Electronics,714,Desktop,New
207,2882,2024-01-04 16:47:00,cart,1138,Electronics,714,Desktop,New
780,2883,2024-01-02 12:26:00,view,1741,Electronics,53,Desktop,Returning
780,2883,2024-01-02 12:29:00,cart,1741,Electronics,53,Desktop,Returning
780,2883,2024-01-02 12:30:00,checkout,1741,Electronics,53,Desktop,Returning
780,2883,2024-01-02 12:32:00,purchase,1741,Electronics,53,Desktop,Returning
1320,2884,2024-01-17 21:08:00,view,1484,Electronics,95,Mobile,New
1142,2885,2024-01-07 18:06:00,view,1019,Beauty,522,Tablet,New
1142,2885,2024-01-07 18:09:00,cart,1019,Beauty,522,Tablet,New
1142,2885,2024-01-07 18:13:00,checkout,1019,Beauty,522,Tablet,New
1142,2885,2024-01-07 18:14:00,purchase,1019,Beauty,522,Tablet,New
532,2886,2024-01-22 02:52:00,view,1936,Fashion,713,Mobile,Returning
532,2886,2024-01-22 02:53:00,cart,1936,Fashion,713,Mobile,Returning
1246,2887,2024-01-31 21:40:00,view,1337,Fashion,111,Desktop,Returning
1246,2887,2024-01-31 21:41:00,cart,1337,Fashion,111,Desktop,Returning
1246,2887,2024-01-31 21:42:00,checkout,1337,Fashion,111,Desktop,Returning
166,2888,2024-01-20 00:48:00,view,1692,Home,158,Mobile,Returning
166,2888,2024-01-20 00:49:00,cart,1692,Home,158,Mobile,Returning
643,2889,2024-01-26 18:48:00,view,1064,Home,194,Desktop,New
643,2889,2024-01-26 18:50:00,cart,1064,Home,194,Desktop,New
643,2889,2024-01-26 18:51:00,checkout,1064,Home,194,Desktop,New
1180,2890,2024-01-21 04:46:00,view,1875,Electronics,157,Mobile,New
1180,2890,2024-01-21 04:48:00,cart,1875,Electronics,157,Mobile,New
1180,2890,2024-01-21 04:49:00,checkout,1875,Electronics,157,Mobile,New
1180,2890,2024-01-21 04:52:00,purchase,1875,Electronics,157,Mobile,New
1208,2891,2024-02-03 15:34:00,view,1971,Home,638,Desktop,New
90,2892,2024-02-03 21:48:00,view,1700,Fashion,278,Desktop,New
90,2892,2024-02-03 21:52:00,cart,1700,Fashion,278,Desktop,New
1118,2893,2024-01-17 20:03:00,view,1901,Home,938,Mobile,Returning
1118,2893,2024-01-17 20:05:00,cart,1901,Home,938,Mobile,Returning
1118,2893,2024-01-17 20:08:00,checkout,1901,Home,938,Mobile,Returning
1118,2893,2024-01-17 20:09:00,purchase,1901,Home,938,Mobile,Returning
13,2894,2024-01-22 22:26:00,view,1611,Home,212,Mobile,Returning
13,2894,2024-01-22 22:29:00,cart,1611,Home,212,Mobile,Returning
13,2894,2024-01-22 22:31:00,checkout,1611,Home,212,Mobile,Returning
13,2894,2024-01-22 22:33:00,purchase,1611,Home,212,Mobile,Returning
973,2895,2024-01-19 09:38:00,view,1061,Beauty,360,Desktop,Returning
973,2895,2024-01-19 09:40:00,cart,1061,Beauty,360,Desktop,Returning
1858,2896,2024-01-23 13:14:00,view,1303,Beauty,906,Mobile,New
805,2897,2024-01-08 02:55:00,view,1212,Electronics,445,Mobile,New
805,2897,2024-01-08 02:59:00,cart,1212,Electronics,445,Mobile,New
945,2898,2024-02-01 11:39:00,view,1992,Home,926,Mobile,New
945,2898,2024-02-01 11:43:00,cart,1992,Home,926,Mobile,New
945,2898,2024-02-01 11:45:00,checkout,1992,Home,926,Mobile,New
742,2899,2024-02-03 13:12:00,view,1303,Beauty,138,Mobile,New
1858,2900,2024-01-25 22:02:00,view,1161,Home,926,Mobile,New
1828,2901,2024-01-02 18:52:00,view,1150,Beauty,236,Mobile,Returning
1462,2902,2024-02-02 17:52:00,view,1939,Home,725,Mobile,Returning
1462,2902,2024-02-02 17:56:00,cart,1939,Home,725,Mobile,Returning
1462,2902,2024-02-02 18:00:00,checkout,1939,Home,725,Mobile,Returning
1462,2902,2024-02-02 18:03:00,purchase,1939,Home,725,Mobile,Returning
1562,2903,2024-01-07 23:51:00,view,1573,Home,613,Mobile,New
1611,2904,2024-01-08 05:34:00,view,1139,Fashion,89,Desktop,Returning
1611,2904,2024-01-08 05:38:00,cart,1139,Fashion,89,Desktop,Returning
1611,2904,2024-01-08 05:39:00,checkout,1139,Fashion,89,Desktop,Returning
1611,2904,2024-01-08 05:43:00,purchase,1139,Fashion,89,Desktop,Returning
1992,2905,2024-01-18 14:21:00,view,1236,Beauty,211,Tablet,New
1992,2905,2024-01-18 14:22:00,cart,1236,Beauty,211,Tablet,New
1992,2905,2024-01-18 14:26:00,checkout,1236,Beauty,211,Tablet,New
1992,2905,2024-01-18 14:27:00,purchase,1236,Beauty,211,Tablet,New
876,2906,2024-01-29 13:44:00,view,1099,Beauty,701,Desktop,New
1960,2907,2024-01-03 17:51:00,view,1642,Beauty,431,Mobile,Returning
1960,2907,2024-01-03 17:54:00,cart,1642,Beauty,431,Mobile,Returning
1960,2907,2024-01-03 17:57:00,checkout,1642,Beauty,431,Mobile,Returning
1960,2907,2024-01-03 18:01:00,purchase,1642,Beauty,431,Mobile,Returning
1835,2908,2024-01-11 01:54:00,view,1113,Fashion,517,Desktop,Returning
1835,2908,2024-01-11 01:56:00,cart,1113,Fashion,517,Desktop,Returning
1835,2908,2024-01-11 01:57:00,checkout,1113,Fashion,517,Desktop,Returning
1835,2908,2024-01-11 01:58:00,purchase,1113,Fashion,517,Desktop,Returning
1174,2909,2024-01-18 02:34:00,view,1827,Fashion,501,Mobile,New
660,2910,2024-01-16 15:58:00,view,1535,Beauty,772,Mobile,New
1032,2911,2024-01-02 06:41:00,view,1876,Fashion,488,Desktop,New
1032,2911,2024-01-02 06:45:00,cart,1876,Fashion,488,Desktop,New
1032,2911,2024-01-02 06:47:00,checkout,1876,Fashion,488,Desktop,New
1053,2912,2024-01-27 18:01:00,view,1271,Beauty,398,Desktop,Returning
1053,2912,2024-01-27 18:05:00,cart,1271,Beauty,398,Desktop,Returning
296,2913,2024-02-03 01:28:00,view,1511,Electronics,602,Desktop,New
986,2914,2024-01-09 11:12:00,view,1986,Home,972,Desktop,New
926,2915,2024-01-30 15:44:00,view,1445,Fashion,299,Mobile,New
926,2915,2024-01-30 15:46:00,cart,1445,Fashion,299,Mobile,New
926,2915,2024-01-30 15:47:00,checkout,1445,Fashion,299,Mobile,New
926,2915,2024-01-30 15:48:00,purchase,1445,Fashion,299,Mobile,New
1745,2916,2024-01-11 06:39:00,view,1645,Fashion,368,Mobile,New
640,2917,2024-01-18 13:21:00,view,1461,Home,699,Desktop,New
640,2917,2024-01-18 13:24:00,cart,1461,Home,699,Desktop,New
640,2917,2024-01-18 13:26:00,checkout,1461,Home,699,Desktop,New
640,2917,2024-01-18 13:30:00,purchase,1461,Home,699,Desktop,New
340,2918,2024-01-21 12:43:00,view,1467,Beauty,46,Mobile,New
340,2918,2024-01-21 12:45:00,cart,1467,Beauty,46,Mobile,New
340,2918,2024-01-21 12:46:00,checkout,1467,Beauty,46,Mobile,New
340,2918,2024-01-21 12:50:00,purchase,1467,Beauty,46,Mobile,New
628,2919,2024-01-14 09:02:00,view,1624,Beauty,282,Mobile,Returning
628,2919,2024-01-14 09:03:00,cart,1624,Beauty,282,Mobile,Returning
439,2920,2024-01-13 06:45:00,view,1906,Fashion,751,Desktop,Returning
439,2920,2024-01-13 06:49:00,cart,1906,Fashion,751,Desktop,Returning
1168,2921,2024-01-06 11:57:00,view,1730,Electronics,820,Desktop,New
1168,2921,2024-01-06 12:00:00,cart,1730,Electronics,820,Desktop,New
1168,2921,2024-01-06 12:03:00,checkout,1730,Electronics,820,Desktop,New
942,2922,2024-01-08 11:30:00,view,1766,Electronics,934,Mobile,New
942,2922,2024-01-08 11:33:00,cart,1766,Electronics,934,Mobile,New
942,2922,2024-01-08 11:34:00,checkout,1766,Electronics,934,Mobile,New
942,2922,2024-01-08 11:38:00,purchase,1766,Electronics,934,Mobile,New
830,2923,2024-01-17 15:32:00,view,1398,Electronics,797,Desktop,New
1771,2924,2024-01-09 18:42:00,view,1203,Fashion,371,Desktop,New
1771,2924,2024-01-09 18:43:00,cart,1203,Fashion,371,Desktop,New
1771,2924,2024-01-09 18:47:00,checkout,1203,Fashion,371,Desktop,New
1771,2924,2024-01-09 18:48:00,purchase,1203,Fashion,371,Desktop,New
519,2925,2024-01-01 16:46:00,view,1985,Home,496,Desktop,Returning
519,2925,2024-01-01 16:50:00,cart,1985,Home,496,Desktop,Returning
519,2925,2024-01-01 16:52:00,checkout,1985,Home,496,Desktop,Returning
976,2926,2024-01-11 18:09:00,view,1760,Fashion,405,Mobile,New
976,2926,2024-01-11 18:12:00,cart,1760,Fashion,405,Mobile,New
976,2926,2024-01-11 18:13:00,checkout,1760,Fashion,405,Mobile,New
1069,2927,2024-01-18 19:13:00,view,1620,Electronics,552,Mobile,New
1069,2927,2024-01-18 19:14:00,cart,1620,Electronics,552,Mobile,New
1069,2927,2024-01-18 19:18:00,checkout,1620,Electronics,552,Mobile,New
1069,2927,2024-01-18 19:20:00,purchase,1620,Electronics,552,Mobile,New
955,2928,2024-01-25 13:50:00,view,1552,Fashion,570,Mobile,New
1263,2929,2024-01-21 03:21:00,view,1381,Electronics,46,Mobile,New
1263,2929,2024-01-21 03:25:00,cart,1381,Electronics,46,Mobile,New
952,2930,2024-01-20 07:11:00,view,1790,Home,184,Mobile,Returning
944,2931,2024-01-21 01:34:00,view,1890,Beauty,730,Mobile,Returning
155,2932,2024-01-25 02:54:00,view,1205,Electronics,491,Mobile,Returning
155,2932,2024-01-25 02:58:00,cart,1205,Electronics,491,Mobile,Returning
1205,2933,2024-01-26 23:44:00,view,1048,Home,20,Desktop,New
1239,2934,2024-01-05 01:59:00,view,1572,Home,988,Mobile,Returning
88,2935,2024-01-07 12:23:00,view,1997,Home,216,Desktop,Returning
88,2935,2024-01-07 12:24:00,cart,1997,Home,216,Desktop,Returning
88,2935,2024-01-07 12:26:00,checkout,1997,Home,216,Desktop,Returning
88,2935,2024-01-07 12:30:00,purchase,1997,Home,216,Desktop,Returning
1280,2936,2024-01-23 20:36:00,view,1766,Home,846,Desktop,New
1280,2936,2024-01-23 20:38:00,cart,1766,Home,846,Desktop,New
1280,2936,2024-01-23 20:39:00,checkout,1766,Home,846,Desktop,New
1280,2936,2024-01-23 20:43:00,purchase,1766,Home,846,Desktop,New
1535,2937,2024-01-07 04:26:00,view,1272,Beauty,877,Mobile,New
1097,2938,2024-01-02 09:24:00,view,1517,Electronics,635,Desktop,New
931,2939,2024-01-24 17:39:00,view,1159,Fashion,658,Mobile,New
931,2939,2024-01-24 17:41:00,cart,1159,Fashion,658,Mobile,New
179,2940,2024-01-03 00:33:00,view,1359,Electronics,314,Mobile,Returning
179,2940,2024-01-03 00:35:00,cart,1359,Electronics,314,Mobile,Returning
179,2940,2024-01-03 00:37:00,checkout,1359,Electronics,314,Mobile,Returning
179,2940,2024-01-03 00:39:00,purchase,1359,Electronics,314,Mobile,Returning
212,2941,2024-01-05 22:01:00,view,1420,Home,961,Desktop,Returning
1829,2942,2024-01-28 05:21:00,view,1817,Beauty,227,Mobile,Returning
1829,2942,2024-01-28 05:24:00,cart,1817,Beauty,227,Mobile,Returning
1829,2942,2024-01-28 05:25:00,checkout,1817,Beauty,227,Mobile,Returning
1829,2942,2024-01-28 05:28:00,purchase,1817,Beauty,227,Mobile,Returning
1258,2943,2024-01-30 17:10:00,view,1283,Beauty,735,Desktop,New
465,2944,2024-01-16 17:18:00,view,1184,Electronics,442,Mobile,Returning
465,2944,2024-01-16 17:19:00,cart,1184,Electronics,442,Mobile,Returning
465,2944,2024-01-16 17:21:00,checkout,1184,Electronics,442,Mobile,Returning
465,2944,2024-01-16 17:24:00,purchase,1184,Electronics,442,Mobile,Returning
1775,2945,2024-01-29 05:38:00,view,1396,Home,627,Desktop,Returning
1775,2945,2024-01-29 05:41:00,cart,1396,Home,627,Desktop,Returning
1775,2945,2024-01-29 05:44:00,checkout,1396,Home,627,Desktop,Returning
1775,2945,2024-01-29 05:48:00,purchase,1396,Home,627,Desktop,Returning
1247,2946,2024-01-14 02:19:00,view,1802,Fashion,277,Mobile,New
1247,2946,2024-01-14 02:23:00,cart,1802,Fashion,277,Mobile,New
1247,2946,2024-01-14 02:24:00,checkout,1802,Fashion,277,Mobile,New
1247,2946,2024-01-14 02:27:00,purchase,1802,Fashion,277,Mobile,New
631,2947,2024-01-02 01:18:00,view,1571,Beauty,110,Desktop,Returning
825,2948,2024-01-23 21:40:00,view,1620,Fashion,320,Mobile,New
825,2948,2024-01-23 21:42:00,cart,1620,Fashion,320,Mobile,New
825,2948,2024-01-23 21:46:00,checkout,1620,Fashion,320,Mobile,New
1288,2949,2024-01-28 09:20:00,view,1350,Electronics,412,Desktop,New
1288,2949,2024-01-28 09:24:00,cart,1350,Electronics,412,Desktop,New
1288,2949,2024-01-28 09:26:00,checkout,1350,Electronics,412,Desktop,New
1231,2950,2024-01-30 17:35:00,view,1937,Electronics,959,Desktop,Returning
1231,2950,2024-01-30 17:38:00,cart,1937,Electronics,959,Desktop,Returning
1231,2950,2024-01-30 17:39:00,checkout,1937,Electronics,959,Desktop,Returning
1231,2950,2024-01-30 17:41:00,purchase,1937,Electronics,959,Desktop,Returning
607,2951,2024-01-27 08:47:00,view,1696,Fashion,462,Mobile,New
885,2952,2024-01-17 23:53:00,view,1404,Electronics,75,Desktop,Returning
885,2952,2024-01-17 23:57:00,cart,1404,Electronics,75,Desktop,Returning
885,2952,2024-01-17 23:58:00,checkout,1404,Electronics,75,Desktop,Returning
1758,2953,2024-01-09 02:00:00,view,1355,Fashion,432,Mobile,New
366,2954,2024-01-15 13:02:00,view,1130,Fashion,578,Desktop,New
366,2954,2024-01-15 13:04:00,cart,1130,Fashion,578,Desktop,New
366,2954,2024-01-15 13:06:00,checkout,1130,Fashion,578,Desktop,New
366,2954,2024-01-15 13:10:00,purchase,1130,Fashion,578,Desktop,New
276,2955,2024-01-18 13:01:00,view,1681,Beauty,889,Mobile,New
276,2955,2024-01-18 13:02:00,cart,1681,Beauty,889,Mobile,New
276,2955,2024-01-18 13:05:00,checkout,1681,Beauty,889,Mobile,New
380,2956,2024-01-23 23:01:00,view,1293,Fashion,515,Desktop,New
1767,2957,2024-01-20 18:27:00,view,1418,Beauty,880,Desktop,Returning
1767,2957,2024-01-20 18:28:00,cart,1418,Beauty,880,Desktop,Returning
1767,2957,2024-01-20 18:29:00,checkout,1418,Beauty,880,Desktop,Returning
1767,2957,2024-01-20 18:30:00,purchase,1418,Beauty,880,Desktop,Returning
1333,2958,2024-01-28 08:29:00,view,1927,Electronics,565,Mobile,New
1333,2958,2024-01-28 08:32:00,cart,1927,Electronics,565,Mobile,New
1655,2959,2024-01-08 09:48:00,view,1816,Home,582,Mobile,New
1292,2960,2024-01-27 05:13:00,view,1953,Home,79,Mobile,New
1292,2960,2024-01-27 05:17:00,cart,1953,Home,79,Mobile,New
1292,2960,2024-01-27 05:21:00,checkout,1953,Home,79,Mobile,New
1292,2960,2024-01-27 05:23:00,purchase,1953,Home,79,Mobile,New
945,2961,2024-01-31 20:05:00,view,1925,Fashion,646,Desktop,New
1809,2962,2024-01-15 20:36:00,view,1065,Home,841,Mobile,New
1809,2962,2024-01-15 20:38:00,cart,1065,Home,841,Mobile,New
1088,2963,2024-01-13 09:44:00,view,1747,Fashion,433,Mobile,New
1088,2963,2024-01-13 09:45:00,cart,1747,Fashion,433,Mobile,New
810,2964,2024-01-06 00:18:00,view,1795,Fashion,963,Desktop,New
1374,2965,2024-01-04 23:26:00,view,1605,Fashion,772,Mobile,New
1374,2965,2024-01-04 23:27:00,cart,1605,Fashion,772,Mobile,New
1374,2965,2024-01-04 23:28:00,checkout,1605,Fashion,772,Mobile,New
1374,2965,2024-01-04 23:30:00,purchase,1605,Fashion,772,Mobile,New
925,2966,2024-01-02 20:56:00,view,1461,Electronics,989,Desktop,New
925,2966,2024-01-02 20:57:00,cart,1461,Electronics,989,Desktop,New
925,2966,2024-01-02 21:00:00,checkout,1461,Electronics,989,Desktop,New
925,2966,2024-01-02 21:03:00,purchase,1461,Electronics,989,Desktop,New
1939,2967,2024-01-09 15:59:00,view,1795,Fashion,945,Mobile,New
1939,2967,2024-01-09 16:00:00,cart,1795,Fashion,945,Mobile,New
494,2968,2024-02-04 02:25:00,view,1902,Electronics,352,Mobile,New
1547,2969,2024-01-28 02:44:00,view,1943,Fashion,260,Desktop,Returning
1547,2969,2024-01-28 02:47:00,cart,1943,Fashion,260,Desktop,Returning
1547,2969,2024-01-28 02:49:00,checkout,1943,Fashion,260,Desktop,Returning
1122,2970,2024-01-09 19:56:00,view,1458,Electronics,794,Mobile,Returning
1970,2971,2024-01-08 09:08:00,view,1767,Fashion,213,Mobile,New
1970,2971,2024-01-08 09:09:00,cart,1767,Fashion,213,Mobile,New
1970,2971,2024-01-08 09:11:00,checkout,1767,Fashion,213,Mobile,New
1095,2972,2024-01-29 03:29:00,view,1054,Electronics,125,Desktop,New
364,2973,2024-01-22 07:59:00,view,1784,Fashion,851,Mobile,New
364,2973,2024-01-22 08:02:00,cart,1784,Fashion,851,Mobile,New
364,2973,2024-01-22 08:03:00,checkout,1784,Fashion,851,Mobile,New
364,2973,2024-01-22 08:04:00,purchase,1784,Fashion,851,Mobile,New
570,2974,2024-01-24 00:05:00,view,1224,Home,872,Tablet,New
570,2974,2024-01-24 00:08:00,cart,1224,Home,872,Tablet,New
1826,2975,2024-01-17 22:35:00,view,1047,Beauty,979,Tablet,New
1826,2975,2024-01-17 22:38:00,cart,1047,Beauty,979,Tablet,New
1826,2975,2024-01-17 22:40:00,checkout,1047,Beauty,979,Tablet,New
763,2976,2024-01-22 17:53:00,view,1591,Beauty,706,Mobile,New
276,2977,2024-01-20 19:20:00,view,1825,Electronics,454,Mobile,New
276,2977,2024-01-20 19:23:00,cart,1825,Electronics,454,Mobile,New
276,2977,2024-01-20 19:26:00,checkout,1825,Electronics,454,Mobile,New
50,2978,2024-01-18 10:30:00,view,1554,Beauty,440,Desktop,New
50,2978,2024-01-18 10:34:00,cart,1554,Beauty,440,Desktop,New
50,2978,2024-01-18 10:38:00,checkout,1554,Beauty,440,Desktop,New
50,2978,2024-01-18 10:39:00,purchase,1554,Beauty,440,Desktop,New
1382,2979,2024-01-27 20:08:00,view,1716,Fashion,366,Mobile,New
728,2980,2024-02-04 14:39:00,view,1203,Fashion,622,Mobile,Returning
906,2981,2024-01-30 17:01:00,view,1719,Fashion,181,Desktop,Returning
906,2981,2024-01-30 17:03:00,cart,1719,Fashion,181,Desktop,Returning
928,2982,2024-01-03 23:43:00,view,1257,Fashion,666,Mobile,New
928,2982,2024-01-03 23:45:00,cart,1257,Fashion,666,Mobile,New
564,2983,2024-01-17 06:31:00,view,1897,Fashion,698,Desktop,New
783,2984,2024-01-11 18:24:00,view,1904,Beauty,719,Mobile,New
783,2984,2024-01-11 18:25:00,cart,1904,Beauty,719,Mobile,New
783,2984,2024-01-11 18:29:00,checkout,1904,Beauty,719,Mobile,New
783,2984,2024-01-11 18:30:00,purchase,1904,Beauty,719,Mobile,New
485,2985,2024-01-23 08:09:00,view,1462,Home,989,Mobile,New
485,2985,2024-01-23 08:11:00,cart,1462,Home,989,Mobile,New
485,2985,2024-01-23 08:13:00,checkout,1462,Home,989,Mobile,New
1108,2986,2024-01-08 11:35:00,view,1797,Beauty,594,Mobile,Returning
1108,2986,2024-01-08 11:37:00,cart,1797,Beauty,594,Mobile,Returning
1108,2986,2024-01-08 11:39:00,checkout,1797,Beauty,594,Mobile,Returning
1108,2986,2024-01-08 11:41:00,purchase,1797,Beauty,594,Mobile,Returning
1923,2987,2024-02-01 20:06:00,view,1982,Home,164,Tablet,Returning
1923,2987,2024-02-01 20:10:00,cart,1982,Home,164,Tablet,Returning
1829,2988,2024-01-18 17:07:00,view,1767,Electronics,902,Desktop,Returning
1829,2988,2024-01-18 17:10:00,cart,1767,Electronics,902,Desktop,Returning
1662,2989,2024-01-22 13:03:00,view,1902,Home,354,Desktop,New
1832,2990,2024-01-20 07:33:00,view,1293,Fashion,907,Mobile,Returning
1832,2990,2024-01-20 07:34:00,cart,1293,Fashion,907,Mobile,Returning
1832,2990,2024-01-20 07:37:00,checkout,1293,Fashion,907,Mobile,Returning
1832,2990,2024-01-20 07:38:00,purchase,1293,Fashion,907,Mobile,Returning
584,2991,2024-01-19 21:16:00,view,1696,Beauty,94,Mobile,New
584,2991,2024-01-19 21:19:00,cart,1696,Beauty,94,Mobile,New
1320,2992,2024-01-18 23:14:00,view,1283,Beauty,295,Mobile,New
1320,2992,2024-01-18 23:17:00,cart,1283,Beauty,295,Mobile,New
1320,2992,2024-01-18 23:19:00,checkout,1283,Beauty,295,Mobile,New
1320,2992,2024-01-18 23:21:00,purchase,1283,Beauty,295,Mobile,New
236,2993,2024-01-09 15:02:00,view,1712,Electronics,624,Mobile,Returning
236,2993,2024-01-09 15:05:00,cart,1712,Electronics,624,Mobile,Returning
236,2993,2024-01-09 15:08:00,checkout,1712,Electronics,624,Mobile,Returning
236,2993,2024-01-09 15:09:00,purchase,1712,Electronics,624,Mobile,Returning
56,2994,2024-01-17 17:28:00,view,1932,Electronics,563,Mobile,Returning
1943,2995,2024-01-26 01:54:00,view,1020,Beauty,472,Desktop,Returning
1943,2995,2024-01-26 01:57:00,cart,1020,Beauty,472,Desktop,Returning
360,2996,2024-01-18 23:22:00,view,1521,Home,666,Mobile,New
360,2996,2024-01-18 23:26:00,cart,1521,Home,666,Mobile,New
1931,2997,2024-01-03 20:31:00,view,1457,Electronics,715,Desktop,New
1931,2997,2024-01-03 20:32:00,cart,1457,Electronics,715,Desktop,New
110,2998,2024-02-03 06:55:00,view,1179,Fashion,905,Mobile,New
192,2999,2024-01-16 18:27:00,view,1021,Home,536,Tablet,Returning
192,2999,2024-01-16 18:28:00,cart,1021,Home,536,Tablet,Returning
904,3000,2024-01-16 11:25:00,view,1407,Home,754,Mobile,New
904,3000,2024-01-16 11:26:00,cart,1407,Home,754,Mobile,New
1117,3001,2024-01-29 00:11:00,view,1671,Home,307,Mobile,New
862,3002,2024-01-14 13:44:00,view,1636,Beauty,117,Mobile,New
862,3002,2024-01-14 13:46:00,cart,1636,Beauty,117,Mobile,New
862,3002,2024-01-14 13:47:00,checkout,1636,Beauty,117,Mobile,New
862,3002,2024-01-14 13:48:00,purchase,1636,Beauty,117,Mobile,New
568,3003,2024-01-17 13:26:00,view,1386,Electronics,130,Mobile,New
568,3003,2024-01-17 13:29:00,cart,1386,Electronics,130,Mobile,New
568,3003,2024-01-17 13:30:00,checkout,1386,Electronics,130,Mobile,New
568,3003,2024-01-17 13:33:00,purchase,1386,Electronics,130,Mobile,New
1084,3004,2024-01-21 07:48:00,view,1955,Fashion,430,Mobile,Returning
1084,3004,2024-01-21 07:50:00,cart,1955,Fashion,430,Mobile,Returning
650,3005,2024-01-30 15:25:00,view,1637,Electronics,786,Mobile,New
650,3005,2024-01-30 15:29:00,cart,1637,Electronics,786,Mobile,New
650,3005,2024-01-30 15:31:00,checkout,1637,Electronics,786,Mobile,New
39,3006,2024-01-26 06:22:00,view,1420,Beauty,712,Mobile,Returning
39,3006,2024-01-26 06:26:00,cart,1420,Beauty,712,Mobile,Returning
1564,3007,2024-01-07 13:36:00,view,1662,Fashion,252,Desktop,New
1073,3008,2024-01-16 10:41:00,view,1928,Home,962,Desktop,New
1073,3008,2024-01-16 10:43:00,cart,1928,Home,962,Desktop,New
1444,3009,2024-02-02 08:52:00,view,1665,Fashion,628,Desktop,New
1444,3009,2024-02-02 08:56:00,cart,1665,Fashion,628,Desktop,New
1444,3009,2024-02-02 08:57:00,checkout,1665,Fashion,628,Desktop,New
1444,3009,2024-02-02 08:58:00,purchase,1665,Fashion,628,Desktop,New
637,3010,2024-01-14 04:56:00,view,1277,Beauty,440,Mobile,New
1037,3011,2024-01-14 14:05:00,view,1811,Electronics,647,Desktop,New
1037,3011,2024-01-14 14:08:00,cart,1811,Electronics,647,Desktop,New
1037,3011,2024-01-14 14:12:00,checkout,1811,Electronics,647,Desktop,New
1037,3011,2024-01-14 14:15:00,purchase,1811,Electronics,647,Desktop,New
36,3012,2024-02-01 20:59:00,view,1461,Electronics,448,Mobile,Returning
101,3013,2024-01-08 15:53:00,view,1430,Electronics,718,Mobile,New
101,3013,2024-01-08 15:54:00,cart,1430,Electronics,718,Mobile,New
101,3013,2024-01-08 15:58:00,checkout,1430,Electronics,718,Mobile,New
101,3013,2024-01-08 15:59:00,purchase,1430,Electronics,718,Mobile,New
1818,3014,2024-01-29 09:00:00,view,1876,Home,473,Mobile,Returning
1110,3015,2024-02-03 19:19:00,view,1785,Home,928,Mobile,New
1540,3016,2024-02-03 20:54:00,view,1840,Electronics,135,Mobile,New
1247,3017,2024-01-15 21:10:00,view,1460,Home,999,Mobile,New
1247,3017,2024-01-15 21:13:00,cart,1460,Home,999,Mobile,New
1362,3018,2024-02-03 18:46:00,view,1095,Beauty,278,Mobile,New
1362,3018,2024-02-03 18:50:00,cart,1095,Beauty,278,Mobile,New
1362,3018,2024-02-03 18:51:00,checkout,1095,Beauty,278,Mobile,New
1362,3018,2024-02-03 18:52:00,purchase,1095,Beauty,278,Mobile,New
1984,3019,2024-01-11 09:04:00,view,1004,Fashion,833,Desktop,New
1984,3019,2024-01-11 09:05:00,cart,1004,Fashion,833,Desktop,New
166,3020,2024-01-08 14:17:00,view,1463,Fashion,480,Desktop,Returning
166,3020,2024-01-08 14:21:00,cart,1463,Fashion,480,Desktop,Returning
166,3020,2024-01-08 14:23:00,checkout,1463,Fashion,480,Desktop,Returning
383,3021,2024-01-15 09:00:00,view,1682,Beauty,790,Tablet,Returning
383,3021,2024-01-15 09:01:00,cart,1682,Beauty,790,Tablet,Returning
1880,3022,2024-02-04 14:24:00,view,1831,Electronics,66,Desktop,New
1919,3023,2024-01-20 13:46:00,view,1574,Home,317,Mobile,New
1919,3023,2024-01-20 13:49:00,cart,1574,Home,317,Mobile,New
1400,3024,2024-01-04 16:12:00,view,1599,Home,886,Desktop,Returning
1495,3025,2024-01-03 10:15:00,view,1045,Home,629,Desktop,Returning
790,3026,2024-01-11 03:33:00,view,1813,Electronics,178,Mobile,Returning
790,3026,2024-01-11 03:34:00,cart,1813,Electronics,178,Mobile,Returning
790,3026,2024-01-11 03:36:00,checkout,1813,Electronics,178,Mobile,Returning
1666,3027,2024-01-24 04:31:00,view,1418,Beauty,594,Mobile,Returning
1666,3027,2024-01-24 04:32:00,cart,1418,Beauty,594,Mobile,Returning
1666,3027,2024-01-24 04:35:00,checkout,1418,Beauty,594,Mobile,Returning
31,3028,2024-01-28 05:18:00,view,1429,Beauty,519,Tablet,Returning
31,3028,2024-01-28 05:20:00,cart,1429,Beauty,519,Tablet,Returning
1399,3029,2024-01-23 06:17:00,view,1797,Home,598,Mobile,Returning
1399,3029,2024-01-23 06:19:00,cart,1797,Home,598,Mobile,Returning
11,3030,2024-01-31 04:17:00,view,1824,Home,842,Desktop,New
1326,3031,2024-01-01 03:48:00,view,1018,Beauty,441,Mobile,New
1326,3031,2024-01-01 03:52:00,cart,1018,Beauty,441,Mobile,New
96,3032,2024-01-23 21:13:00,view,1368,Electronics,539,Mobile,New
1214,3033,2024-02-03 08:53:00,view,1973,Home,929,Mobile,Returning
453,3034,2024-01-30 02:20:00,view,1766,Fashion,588,Mobile,New
192,3035,2024-01-07 19:08:00,view,1202,Home,829,Desktop,Returning
192,3035,2024-01-07 19:09:00,cart,1202,Home,829,Desktop,Returning
486,3036,2024-01-28 03:34:00,view,1687,Home,89,Tablet,Returning
1290,3037,2024-01-04 12:58:00,view,1136,Beauty,830,Mobile,New
1448,3038,2024-01-06 20:11:00,view,1188,Fashion,849,Mobile,Returning
1448,3038,2024-01-06 20:14:00,cart,1188,Fashion,849,Mobile,Returning
1152,3039,2024-02-03 07:20:00,view,1953,Home,925,Desktop,Returning
1152,3039,2024-02-03 07:23:00,cart,1953,Home,925,Desktop,Returning
238,3040,2024-01-14 13:19:00,view,1721,Electronics,340,Desktop,New
238,3040,2024-01-14 13:23:00,cart,1721,Electronics,340,Desktop,New
1944,3041,2024-01-31 00:39:00,view,1953,Home,332,Mobile,Returning
1379,3042,2024-01-30 22:58:00,view,1133,Fashion,557,Mobile,New
1379,3042,2024-01-30 23:01:00,cart,1133,Fashion,557,Mobile,New
1379,3042,2024-01-30 23:04:00,checkout,1133,Fashion,557,Mobile,New
1379,3042,2024-01-30 23:06:00,purchase,1133,Fashion,557,Mobile,New
1964,3043,2024-01-19 11:19:00,view,1408,Electronics,636,Desktop,New
1964,3043,2024-01-19 11:21:00,cart,1408,Electronics,636,Desktop,New
1964,3043,2024-01-19 11:22:00,checkout,1408,Electronics,636,Desktop,New
1964,3043,2024-01-19 11:24:00,purchase,1408,Electronics,636,Desktop,New
1136,3044,2024-01-04 11:19:00,view,1915,Fashion,993,Desktop,New
1136,3044,2024-01-04 11:23:00,cart,1915,Fashion,993,Desktop,New
1136,3044,2024-01-04 11:27:00,checkout,1915,Fashion,993,Desktop,New
1136,3044,2024-01-04 11:28:00,purchase,1915,Fashion,993,Desktop,New
1852,3045,2024-01-15 18:40:00,view,1932,Beauty,727,Mobile,Returning
1852,3045,2024-01-15 18:42:00,cart,1932,Beauty,727,Mobile,Returning
1852,3045,2024-01-15 18:46:00,checkout,1932,Beauty,727,Mobile,Returning
1852,3045,2024-01-15 18:47:00,purchase,1932,Beauty,727,Mobile,Returning
1470,3046,2024-01-03 18:02:00,view,1953,Home,628,Mobile,Returning
1470,3046,2024-01-03 18:03:00,cart,1953,Home,628,Mobile,Returning
1470,3046,2024-01-03 18:04:00,checkout,1953,Home,628,Mobile,Returning
1367,3047,2024-01-29 01:06:00,view,1382,Electronics,339,Tablet,Returning
1169,3048,2024-01-07 08:58:00,view,1176,Electronics,350,Desktop,New
1089,3049,2024-01-04 11:52:00,view,1173,Fashion,976,Mobile,Returning
1089,3049,2024-01-04 11:54:00,cart,1173,Fashion,976,Mobile,Returning
1089,3049,2024-01-04 11:55:00,checkout,1173,Fashion,976,Mobile,Returning
1089,3049,2024-01-04 11:56:00,purchase,1173,Fashion,976,Mobile,Returning
1271,3050,2024-01-01 04:59:00,view,1780,Electronics,411,Mobile,Returning
735,3051,2024-01-11 19:22:00,view,1854,Home,903,Desktop,New
991,3052,2024-01-16 21:00:00,view,1279,Beauty,281,Mobile,Returning
1514,3053,2024-01-26 20:09:00,view,1936,Home,672,Mobile,New
825,3054,2024-01-26 22:12:00,view,1928,Electronics,351,Mobile,New
825,3054,2024-01-26 22:13:00,cart,1928,Electronics,351,Mobile,New
1463,3055,2024-01-11 16:42:00,view,1958,Fashion,283,Mobile,New
1463,3055,2024-01-11 16:46:00,cart,1958,Fashion,283,Mobile,New
1463,3055,2024-01-11 16:48:00,checkout,1958,Fashion,283,Mobile,New
1463,3055,2024-01-11 16:51:00,purchase,1958,Fashion,283,Mobile,New
106,3056,2024-01-21 06:21:00,view,1096,Home,982,Desktop,New
181,3057,2024-01-10 14:26:00,view,1819,Beauty,56,Mobile,New
181,3057,2024-01-10 14:29:00,cart,1819,Beauty,56,Mobile,New
181,3057,2024-01-10 14:30:00,checkout,1819,Beauty,56,Mobile,New
184,3058,2024-01-14 07:53:00,view,1597,Home,961,Desktop,Returning
226,3059,2024-01-25 23:47:00,view,1032,Beauty,848,Mobile,New
777,3060,2024-01-17 12:18:00,view,1125,Beauty,266,Mobile,New
777,3060,2024-01-17 12:22:00,cart,1125,Beauty,266,Mobile,New
777,3060,2024-01-17 12:25:00,checkout,1125,Beauty,266,Mobile,New
777,3060,2024-01-17 12:27:00,purchase,1125,Beauty,266,Mobile,New
790,3061,2024-01-05 22:47:00,view,1850,Electronics,204,Mobile,Returning
790,3061,2024-01-05 22:48:00,cart,1850,Electronics,204,Mobile,Returning
790,3061,2024-01-05 22:50:00,checkout,1850,Electronics,204,Mobile,Returning
790,3061,2024-01-05 22:53:00,purchase,1850,Electronics,204,Mobile,Returning
1933,3062,2024-01-09 13:45:00,view,1482,Home,591,Desktop,New
1933,3062,2024-01-09 13:46:00,cart,1482,Home,591,Desktop,New
1933,3062,2024-01-09 13:49:00,checkout,1482,Home,591,Desktop,New
1933,3062,2024-01-09 13:51:00,purchase,1482,Home,591,Desktop,New
1113,3063,2024-01-26 21:47:00,view,1338,Home,878,Desktop,New
688,3064,2024-01-13 01:31:00,view,1435,Fashion,605,Mobile,New
530,3065,2024-01-17 03:49:00,view,1390,Electronics,968,Desktop,Returning
1395,3066,2024-01-22 00:54:00,view,1745,Electronics,123,Desktop,New
972,3067,2024-01-22 16:24:00,view,1017,Fashion,181,Tablet,Returning
972,3067,2024-01-22 16:27:00,cart,1017,Fashion,181,Tablet,Returning
972,3067,2024-01-22 16:31:00,checkout,1017,Fashion,181,Tablet,Returning
936,3068,2024-01-29 23:46:00,view,1396,Beauty,124,Mobile,New
936,3068,2024-01-29 23:50:00,cart,1396,Beauty,124,Mobile,New
936,3068,2024-01-29 23:51:00,checkout,1396,Beauty,124,Mobile,New
936,3068,2024-01-29 23:53:00,purchase,1396,Beauty,124,Mobile,New
1937,3069,2024-02-03 00:48:00,view,1220,Beauty,807,Desktop,New
1937,3069,2024-02-03 00:50:00,cart,1220,Beauty,807,Desktop,New
1937,3069,2024-02-03 00:53:00,checkout,1220,Beauty,807,Desktop,New
1937,3069,2024-02-03 00:56:00,purchase,1220,Beauty,807,Desktop,New
1423,3070,2024-01-14 22:38:00,view,1701,Home,691,Mobile,New
1423,3070,2024-01-14 22:42:00,cart,1701,Home,691,Mobile,New
1423,3070,2024-01-14 22:46:00,checkout,1701,Home,691,Mobile,New
1423,3070,2024-01-14 22:49:00,purchase,1701,Home,691,Mobile,New
106,3071,2024-02-03 22:21:00,view,1343,Fashion,689,Mobile,New
1295,3072,2024-01-08 04:12:00,view,1305,Beauty,849,Tablet,Returning
1295,3072,2024-01-08 04:14:00,cart,1305,Beauty,849,Tablet,Returning
1999,3073,2024-01-09 04:55:00,view,1731,Home,42,Mobile,New
831,3074,2024-02-03 10:45:00,view,1192,Beauty,706,Mobile,New
1527,3075,2024-01-08 17:04:00,view,1983,Electronics,876,Mobile,New
1527,3075,2024-01-08 17:06:00,cart,1983,Electronics,876,Mobile,New
1527,3075,2024-01-08 17:09:00,checkout,1983,Electronics,876,Mobile,New
1527,3075,2024-01-08 17:12:00,purchase,1983,Electronics,876,Mobile,New
679,3076,2024-01-07 12:39:00,view,1569,Home,157,Desktop,Returning
679,3076,2024-01-07 12:41:00,cart,1569,Home,157,Desktop,Returning
679,3076,2024-01-07 12:44:00,checkout,1569,Home,157,Desktop,Returning
1549,3077,2024-02-01 08:17:00,view,1777,Electronics,13,Desktop,New
1549,3077,2024-02-01 08:20:00,cart,1777,Electronics,13,Desktop,New
849,3078,2024-01-28 09:02:00,view,1072,Fashion,128,Mobile,New
849,3078,2024-01-28 09:05:00,cart,1072,Fashion,128,Mobile,New
849,3078,2024-01-28 09:09:00,checkout,1072,Fashion,128,Mobile,New
849,3078,2024-01-28 09:13:00,purchase,1072,Fashion,128,Mobile,New
1056,3079,2024-01-24 19:54:00,view,1167,Fashion,142,Tablet,New
393,3080,2024-02-01 15:17:00,view,1974,Beauty,286,Mobile,New
393,3080,2024-02-01 15:18:00,cart,1974,Beauty,286,Mobile,New
393,3080,2024-02-01 15:22:00,checkout,1974,Beauty,286,Mobile,New
393,3080,2024-02-01 15:25:00,purchase,1974,Beauty,286,Mobile,New
40,3081,2024-01-01 03:26:00,view,1089,Beauty,542,Mobile,New
660,3082,2024-01-19 11:49:00,view,1050,Fashion,890,Desktop,New
660,3082,2024-01-19 11:52:00,cart,1050,Fashion,890,Desktop,New
660,3082,2024-01-19 11:55:00,checkout,1050,Fashion,890,Desktop,New
660,3082,2024-01-19 11:56:00,purchase,1050,Fashion,890,Desktop,New
1242,3083,2024-01-04 09:30:00,view,1932,Fashion,294,Mobile,Returning
1242,3083,2024-01-04 09:34:00,cart,1932,Fashion,294,Mobile,Returning
1242,3083,2024-01-04 09:36:00,checkout,1932,Fashion,294,Mobile,Returning
1242,3083,2024-01-04 09:39:00,purchase,1932,Fashion,294,Mobile,Returning
1755,3084,2024-01-22 16:58:00,view,1473,Beauty,450,Mobile,Returning
981,3085,2024-02-01 04:59:00,view,1813,Fashion,421,Mobile,New
1106,3086,2024-01-06 20:33:00,view,1499,Home,716,Desktop,New
845,3087,2024-01-04 15:26:00,view,1116,Home,559,Mobile,New
1744,3088,2024-01-26 04:13:00,view,1203,Beauty,923,Desktop,New
1744,3088,2024-01-26 04:17:00,cart,1203,Beauty,923,Desktop,New
201,3089,2024-01-04 19:59:00,view,1668,Fashion,498,Desktop,Returning
201,3089,2024-01-04 20:02:00,cart,1668,Fashion,498,Desktop,Returning
201,3089,2024-01-04 20:05:00,checkout,1668,Fashion,498,Desktop,Returning
201,3089,2024-01-04 20:06:00,purchase,1668,Fashion,498,Desktop,Returning
447,3090,2024-01-05 19:55:00,view,1812,Beauty,967,Mobile,Returning
1868,3091,2024-01-09 01:50:00,view,1498,Fashion,46,Desktop,New
1452,3092,2024-01-07 09:56:00,view,1667,Home,704,Mobile,Returning
1062,3093,2024-01-05 05:20:00,view,1986,Electronics,411,Mobile,Returning
1062,3093,2024-01-05 05:21:00,cart,1986,Electronics,411,Mobile,Returning
1062,3093,2024-01-05 05:24:00,checkout,1986,Electronics,411,Mobile,Returning
1062,3093,2024-01-05 05:28:00,purchase,1986,Electronics,411,Mobile,Returning
1235,3094,2024-01-07 17:13:00,view,1943,Fashion,97,Desktop,Returning
1235,3094,2024-01-07 17:16:00,cart,1943,Fashion,97,Desktop,Returning
444,3095,2024-01-14 19:37:00,view,1219,Home,472,Tablet,New
1351,3096,2024-01-28 03:23:00,view,1690,Fashion,331,Mobile,Returning
1351,3096,2024-01-28 03:26:00,cart,1690,Fashion,331,Mobile,Returning
1351,3096,2024-01-28 03:27:00,checkout,1690,Fashion,331,Mobile,Returning
1351,3096,2024-01-28 03:29:00,purchase,1690,Fashion,331,Mobile,Returning
761,3097,2024-01-28 07:22:00,view,1624,Fashion,745,Mobile,New
761,3097,2024-01-28 07:26:00,cart,1624,Fashion,745,Mobile,New
761,3097,2024-01-28 07:28:00,checkout,1624,Fashion,745,Mobile,New
761,3097,2024-01-28 07:31:00,purchase,1624,Fashion,745,Mobile,New
227,3098,2024-01-14 09:42:00,view,1927,Electronics,995,Mobile,Returning
48,3099,2024-01-24 11:40:00,view,1593,Home,931,Mobile,New
1042,3100,2024-01-20 16:30:00,view,1494,Fashion,757,Mobile,Returning
1042,3100,2024-01-20 16:31:00,cart,1494,Fashion,757,Mobile,Returning
912,3101,2024-01-14 20:13:00,view,1938,Fashion,639,Mobile,New
1463,3102,2024-01-09 20:47:00,view,1765,Beauty,921,Desktop,New
1831,3103,2024-01-25 12:22:00,view,1808,Electronics,351,Mobile,Returning
1831,3103,2024-01-25 12:23:00,cart,1808,Electronics,351,Mobile,Returning
1732,3104,2024-01-10 19:26:00,view,1243,Fashion,946,Mobile,Returning
1732,3104,2024-01-10 19:29:00,cart,1243,Fashion,946,Mobile,Returning
1732,3104,2024-01-10 19:32:00,checkout,1243,Fashion,946,Mobile,Returning
1732,3104,2024-01-10 19:35:00,purchase,1243,Fashion,946,Mobile,Returning
187,3105,2024-01-17 10:09:00,view,1199,Home,123,Desktop,Returning
187,3105,2024-01-17 10:12:00,cart,1199,Home,123,Desktop,Returning
345,3106,2024-01-31 07:13:00,view,1002,Fashion,867,Desktop,New
345,3106,2024-01-31 07:15:00,cart,1002,Fashion,867,Desktop,New
345,3106,2024-01-31 07:19:00,checkout,1002,Fashion,867,Desktop,New
345,3106,2024-01-31 07:20:00,purchase,1002,Fashion,867,Desktop,New
224,3107,2024-01-29 15:39:00,view,1357,Home,137,Mobile,New
830,3108,2024-01-10 16:58:00,view,1354,Fashion,742,Mobile,New
830,3108,2024-01-10 16:59:00,cart,1354,Fashion,742,Mobile,New
488,3109,2024-01-21 21:57:00,view,1581,Electronics,613,Desktop,New
488,3109,2024-01-21 22:01:00,cart,1581,Electronics,613,Desktop,New
488,3109,2024-01-21 22:04:00,checkout,1581,Electronics,613,Desktop,New
488,3109,2024-01-21 22:08:00,purchase,1581,Electronics,613,Desktop,New
1933,3110,2024-01-05 02:15:00,view,1722,Electronics,261,Mobile,New
1933,3110,2024-01-05 02:18:00,cart,1722,Electronics,261,Mobile,New
1933,3110,2024-01-05 02:20:00,checkout,1722,Electronics,261,Mobile,New
1933,3110,2024-01-05 02:21:00,purchase,1722,Electronics,261,Mobile,New
877,3111,2024-01-15 14:56:00,view,1334,Home,972,Mobile,Returning
877,3111,2024-01-15 14:57:00,cart,1334,Home,972,Mobile,Returning
877,3111,2024-01-15 14:59:00,checkout,1334,Home,972,Mobile,Returning
877,3111,2024-01-15 15:03:00,purchase,1334,Home,972,Mobile,Returning
849,3112,2024-01-19 23:54:00,view,1372,Fashion,309,Desktop,New
849,3112,2024-01-19 23:57:00,cart,1372,Fashion,309,Desktop,New
849,3112,2024-01-19 23:59:00,checkout,1372,Fashion,309,Desktop,New
849,3112,2024-01-20 00:02:00,purchase,1372,Fashion,309,Desktop,New
1253,3113,2024-01-01 14:59:00,view,1851,Home,767,Mobile,New
1414,3114,2024-01-18 00:40:00,view,1411,Electronics,579,Mobile,New
979,3115,2024-01-20 18:27:00,view,1652,Beauty,315,Mobile,New
979,3115,2024-01-20 18:29:00,cart,1652,Beauty,315,Mobile,New
979,3115,2024-01-20 18:33:00,checkout,1652,Beauty,315,Mobile,New
979,3115,2024-01-20 18:36:00,purchase,1652,Beauty,315,Mobile,New
1613,3116,2024-01-07 09:18:00,view,1953,Home,923,Mobile,New
1613,3116,2024-01-07 09:19:00,cart,1953,Home,923,Mobile,New
1613,3116,2024-01-07 09:23:00,checkout,1953,Home,923,Mobile,New
1613,3116,2024-01-07 09:27:00,purchase,1953,Home,923,Mobile,New
1017,3117,2024-02-01 10:26:00,view,1382,Beauty,270,Mobile,New
1017,3117,2024-02-01 10:27:00,cart,1382,Beauty,270,Mobile,New
188,3118,2024-01-16 19:21:00,view,1920,Beauty,22,Tablet,New
188,3118,2024-01-16 19:25:00,cart,1920,Beauty,22,Tablet,New
188,3118,2024-01-16 19:28:00,checkout,1920,Beauty,22,Tablet,New
188,3118,2024-01-16 19:30:00,purchase,1920,Beauty,22,Tablet,New
1882,3119,2024-02-03 03:25:00,view,1221,Beauty,883,Mobile,Returning
1882,3119,2024-02-03 03:27:00,cart,1221,Beauty,883,Mobile,Returning
1882,3119,2024-02-03 03:30:00,checkout,1221,Beauty,883,Mobile,Returning
1882,3119,2024-02-03 03:32:00,purchase,1221,Beauty,883,Mobile,Returning
270,3120,2024-01-25 05:12:00,view,1110,Beauty,257,Mobile,New
1631,3121,2024-02-03 04:48:00,view,1146,Home,717,Mobile,Returning
1631,3121,2024-02-03 04:52:00,cart,1146,Home,717,Mobile,Returning
1631,3121,2024-02-03 04:54:00,checkout,1146,Home,717,Mobile,Returning
1631,3121,2024-02-03 04:57:00,purchase,1146,Home,717,Mobile,Returning
310,3122,2024-01-23 20:20:00,view,1455,Beauty,172,Desktop,New
1156,3123,2024-01-17 10:25:00,view,1459,Electronics,46,Mobile,Returning
1575,3124,2024-01-05 07:04:00,view,1138,Fashion,737,Mobile,New
1575,3124,2024-01-05 07:08:00,cart,1138,Fashion,737,Mobile,New
1575,3124,2024-01-05 07:12:00,checkout,1138,Fashion,737,Mobile,New
1575,3124,2024-01-05 07:15:00,purchase,1138,Fashion,737,Mobile,New
1096,3125,2024-01-12 21:46:00,view,1697,Fashion,336,Desktop,New
1817,3126,2024-02-01 01:48:00,view,1230,Fashion,953,Mobile,New
1817,3126,2024-02-01 01:51:00,cart,1230,Fashion,953,Mobile,New
1817,3126,2024-02-01 01:54:00,checkout,1230,Fashion,953,Mobile,New
1817,3126,2024-02-01 01:55:00,purchase,1230,Fashion,953,Mobile,New
845,3127,2024-01-24 03:25:00,view,1408,Electronics,878,Mobile,New
845,3127,2024-01-24 03:27:00,cart,1408,Electronics,878,Mobile,New
845,3127,2024-01-24 03:30:00,checkout,1408,Electronics,878,Mobile,New
845,3127,2024-01-24 03:31:00,purchase,1408,Electronics,878,Mobile,New
1696,3128,2024-01-02 20:28:00,view,1892,Home,819,Mobile,New
1696,3128,2024-01-02 20:31:00,cart,1892,Home,819,Mobile,New
1696,3128,2024-01-02 20:33:00,checkout,1892,Home,819,Mobile,New
1696,3128,2024-01-02 20:37:00,purchase,1892,Home,819,Mobile,New
1211,3129,2024-01-08 06:07:00,view,1642,Beauty,893,Mobile,New
1211,3129,2024-01-08 06:08:00,cart,1642,Beauty,893,Mobile,New
486,3130,2024-01-23 03:49:00,view,1751,Fashion,808,Mobile,Returning
486,3130,2024-01-23 03:52:00,cart,1751,Fashion,808,Mobile,Returning
486,3130,2024-01-23 03:55:00,checkout,1751,Fashion,808,Mobile,Returning
1215,3131,2024-01-12 04:30:00,view,1162,Home,389,Desktop,Returning
1446,3132,2024-01-02 12:45:00,view,1575,Fashion,941,Mobile,New
1446,3132,2024-01-02 12:49:00,cart,1575,Fashion,941,Mobile,New
120,3133,2024-01-12 02:49:00,view,1180,Beauty,332,Mobile,New
120,3133,2024-01-12 02:52:00,cart,1180,Beauty,332,Mobile,New
220,3134,2024-01-26 02:57:00,view,1877,Home,730,Mobile,Returning
220,3134,2024-01-26 03:00:00,cart,1877,Home,730,Mobile,Returning
220,3134,2024-01-26 03:04:00,checkout,1877,Home,730,Mobile,Returning
220,3134,2024-01-26 03:05:00,purchase,1877,Home,730,Mobile,Returning
53,3135,2024-01-06 22:47:00,view,1909,Home,206,Mobile,Returning
1758,3136,2024-01-06 04:32:00,view,1623,Fashion,73,Mobile,New
1475,3137,2024-01-17 12:17:00,view,1930,Fashion,113,Desktop,New
1436,3138,2024-01-29 05:11:00,view,1855,Home,128,Mobile,New
1436,3138,2024-01-29 05:15:00,cart,1855,Home,128,Mobile,New
1667,3139,2024-01-16 15:45:00,view,1362,Beauty,433,Desktop,New
1261,3140,2024-01-06 09:49:00,view,1716,Electronics,315,Mobile,New
1261,3140,2024-01-06 09:52:00,cart,1716,Electronics,315,Mobile,New
758,3141,2024-01-24 08:44:00,view,1393,Home,176,Mobile,New
738,3142,2024-01-01 17:53:00,view,1036,Electronics,281,Mobile,Returning
720,3143,2024-01-31 18:14:00,view,1345,Home,352,Mobile,Returning
406,3144,2024-01-27 23:49:00,view,1622,Beauty,968,Mobile,Returning
608,3145,2024-01-05 11:34:00,view,1608,Electronics,585,Mobile,New
1021,3146,2024-02-03 23:53:00,view,1996,Home,276,Desktop,Returning
422,3147,2024-01-09 14:29:00,view,1910,Fashion,753,Mobile,Returning
422,3147,2024-01-09 14:33:00,cart,1910,Fashion,753,Mobile,Returning
422,3147,2024-01-09 14:37:00,checkout,1910,Fashion,753,Mobile,Returning
422,3147,2024-01-09 14:38:00,purchase,1910,Fashion,753,Mobile,Returning
712,3148,2024-01-01 00:09:00,view,1693,Electronics,585,Mobile,New
712,3148,2024-01-01 00:12:00,cart,1693,Electronics,585,Mobile,New
247,3149,2024-01-13 19:44:00,view,1725,Fashion,993,Mobile,New
247,3149,2024-01-13 19:48:00,cart,1725,Fashion,993,Mobile,New
247,3149,2024-01-13 19:52:00,checkout,1725,Fashion,993,Mobile,New
247,3149,2024-01-13 19:54:00,purchase,1725,Fashion,993,Mobile,New
72,3150,2024-01-28 23:07:00,view,1355,Home,154,Mobile,New
72,3150,2024-01-28 23:10:00,cart,1355,Home,154,Mobile,New
1854,3151,2024-01-18 19:29:00,view,1235,Fashion,301,Mobile,Returning
1854,3151,2024-01-18 19:31:00,cart,1235,Fashion,301,Mobile,Returning
185,3152,2024-01-31 12:12:00,view,1549,Fashion,539,Mobile,New
185,3152,2024-01-31 12:14:00,cart,1549,Fashion,539,Mobile,New
185,3152,2024-01-31 12:17:00,checkout,1549,Fashion,539,Mobile,New
185,3152,2024-01-31 12:20:00,purchase,1549,Fashion,539,Mobile,New
6,3153,2024-01-18 23:07:00,view,1554,Electronics,448,Mobile,New
6,3153,2024-01-18 23:11:00,cart,1554,Electronics,448,Mobile,New
6,3153,2024-01-18 23:13:00,checkout,1554,Electronics,448,Mobile,New
6,3153,2024-01-18 23:14:00,purchase,1554,Electronics,448,Mobile,New
1230,3154,2024-01-14 18:29:00,view,1359,Electronics,561,Desktop,New
1230,3154,2024-01-14 18:30:00,cart,1359,Electronics,561,Desktop,New
1568,3155,2024-01-09 17:05:00,view,1119,Home,694,Desktop,New
1568,3155,2024-01-09 17:08:00,cart,1119,Home,694,Desktop,New
1568,3155,2024-01-09 17:10:00,checkout,1119,Home,694,Desktop,New
1568,3155,2024-01-09 17:11:00,purchase,1119,Home,694,Desktop,New
1635,3156,2024-02-01 19:52:00,view,1260,Electronics,328,Mobile,Returning
1635,3156,2024-02-01 19:55:00,cart,1260,Electronics,328,Mobile,Returning
1635,3156,2024-02-01 19:58:00,checkout,1260,Electronics,328,Mobile,Returning
906,3157,2024-02-01 05:55:00,view,1127,Electronics,832,Mobile,Returning
906,3157,2024-02-01 05:59:00,cart,1127,Electronics,832,Mobile,Returning
387,3158,2024-01-01 12:20:00,view,1230,Fashion,41,Desktop,New
1792,3159,2024-01-28 13:16:00,view,1656,Electronics,945,Mobile,Returning
699,3160,2024-01-15 15:36:00,view,1456,Electronics,517,Mobile,New
1100,3161,2024-01-01 04:10:00,view,1970,Electronics,288,Mobile,New
1201,3162,2024-01-11 16:26:00,view,1752,Electronics,731,Mobile,Returning
827,3163,2024-01-07 09:48:00,view,1580,Home,115,Mobile,New
827,3163,2024-01-07 09:50:00,cart,1580,Home,115,Mobile,New
827,3163,2024-01-07 09:53:00,checkout,1580,Home,115,Mobile,New
827,3163,2024-01-07 09:54:00,purchase,1580,Home,115,Mobile,New
1823,3164,2024-01-16 15:52:00,view,1947,Electronics,997,Mobile,Returning
349,3165,2024-01-22 02:36:00,view,1036,Beauty,23,Mobile,New
349,3165,2024-01-22 02:37:00,cart,1036,Beauty,23,Mobile,New
349,3165,2024-01-22 02:40:00,checkout,1036,Beauty,23,Mobile,New
349,3165,2024-01-22 02:41:00,purchase,1036,Beauty,23,Mobile,New
1279,3166,2024-01-10 11:43:00,view,1795,Home,83,Mobile,New
1279,3166,2024-01-10 11:47:00,cart,1795,Home,83,Mobile,New
1279,3166,2024-01-10 11:49:00,checkout,1795,Home,83,Mobile,New
1861,3167,2024-01-01 23:37:00,view,1387,Fashion,71,Desktop,Returning
1861,3167,2024-01-01 23:41:00,cart,1387,Fashion,71,Desktop,Returning
1861,3167,2024-01-01 23:45:00,checkout,1387,Fashion,71,Desktop,Returning
1861,3167,2024-01-01 23:47:00,purchase,1387,Fashion,71,Desktop,Returning
1726,3168,2024-01-04 23:44:00,view,1444,Home,698,Mobile,New
308,3169,2024-01-05 23:25:00,view,1433,Fashion,92,Mobile,New
1369,3170,2024-02-02 14:07:00,view,1683,Fashion,677,Mobile,New
1369,3170,2024-02-02 14:11:00,cart,1683,Fashion,677,Mobile,New
1151,3171,2024-01-13 03:51:00,view,1560,Home,652,Desktop,Returning
1961,3172,2024-01-07 04:15:00,view,1219,Beauty,329,Desktop,New
1961,3172,2024-01-07 04:19:00,cart,1219,Beauty,329,Desktop,New
1961,3172,2024-01-07 04:20:00,checkout,1219,Beauty,329,Desktop,New
1961,3172,2024-01-07 04:24:00,purchase,1219,Beauty,329,Desktop,New
287,3173,2024-01-22 08:25:00,view,1648,Fashion,182,Desktop,New
766,3174,2024-01-19 08:16:00,view,1496,Beauty,582,Mobile,New
766,3174,2024-01-19 08:20:00,cart,1496,Beauty,582,Mobile,New
766,3174,2024-01-19 08:23:00,checkout,1496,Beauty,582,Mobile,New
766,3174,2024-01-19 08:24:00,purchase,1496,Beauty,582,Mobile,New
725,3175,2024-01-02 13:32:00,view,1662,Home,141,Desktop,New
725,3175,2024-01-02 13:33:00,cart,1662,Home,141,Desktop,New
762,3176,2024-01-01 09:22:00,view,1426,Electronics,726,Desktop,New
1620,3177,2024-01-02 23:57:00,view,1924,Fashion,222,Mobile,Returning
1620,3177,2024-01-03 00:01:00,cart,1924,Fashion,222,Mobile,Returning
1620,3177,2024-01-03 00:03:00,checkout,1924,Fashion,222,Mobile,Returning
1511,3178,2024-01-26 05:44:00,view,1636,Fashion,654,Mobile,Returning
1511,3178,2024-01-26 05:45:00,cart,1636,Fashion,654,Mobile,Returning
383,3179,2024-01-28 22:18:00,view,1016,Home,234,Mobile,Returning
1430,3180,2024-01-02 01:28:00,view,1864,Electronics,482,Desktop,Returning
1430,3180,2024-01-02 01:29:00,cart,1864,Electronics,482,Desktop,Returning
1430,3180,2024-01-02 01:31:00,checkout,1864,Electronics,482,Desktop,Returning
1430,3180,2024-01-02 01:34:00,purchase,1864,Electronics,482,Desktop,Returning
388,3181,2024-01-31 01:12:00,view,1399,Electronics,537,Mobile,New
525,3182,2024-01-22 02:35:00,view,1340,Home,223,Mobile,Returning
1581,3183,2024-01-12 05:57:00,view,1424,Fashion,128,Desktop,New
1581,3183,2024-01-12 06:00:00,cart,1424,Fashion,128,Desktop,New
1581,3183,2024-01-12 06:04:00,checkout,1424,Fashion,128,Desktop,New
1581,3183,2024-01-12 06:08:00,purchase,1424,Fashion,128,Desktop,New
639,3184,2024-01-06 11:28:00,view,1401,Electronics,954,Desktop,New
639,3184,2024-01-06 11:31:00,cart,1401,Electronics,954,Desktop,New
938,3185,2024-02-04 06:01:00,view,1906,Home,792,Desktop,Returning
1650,3186,2024-01-29 06:31:00,view,1105,Fashion,377,Tablet,Returning
1650,3186,2024-01-29 06:33:00,cart,1105,Fashion,377,Tablet,Returning
1650,3186,2024-01-29 06:35:00,checkout,1105,Fashion,377,Tablet,Returning
1650,3186,2024-01-29 06:39:00,purchase,1105,Fashion,377,Tablet,Returning
1969,3187,2024-01-22 11:41:00,view,1081,Electronics,265,Mobile,New
276,3188,2024-01-02 22:02:00,view,1722,Fashion,202,Desktop,New
276,3188,2024-01-02 22:05:00,cart,1722,Fashion,202,Desktop,New
276,3188,2024-01-02 22:08:00,checkout,1722,Fashion,202,Desktop,New
276,3188,2024-01-02 22:11:00,purchase,1722,Fashion,202,Desktop,New
500,3189,2024-01-15 00:40:00,view,1257,Beauty,952,Mobile,Returning
500,3189,2024-01-15 00:42:00,cart,1257,Beauty,952,Mobile,Returning
500,3189,2024-01-15 00:45:00,checkout,1257,Beauty,952,Mobile,Returning
500,3189,2024-01-15 00:49:00,purchase,1257,Beauty,952,Mobile,Returning
717,3190,2024-01-27 15:43:00,view,1534,Fashion,613,Desktop,Returning
337,3191,2024-01-08 13:49:00,view,1181,Electronics,407,Mobile,Returning
1974,3192,2024-02-04 04:51:00,view,1560,Home,542,Tablet,New
932,3193,2024-01-08 13:48:00,view,1043,Home,977,Desktop,Returning
481,3194,2024-01-19 15:39:00,view,1993,Home,649,Desktop,Returning
1921,3195,2024-01-22 16:04:00,view,1712,Beauty,288,Mobile,Returning
911,3196,2024-01-12 03:29:00,view,1310,Home,813,Mobile,New
1997,3197,2024-01-29 20:53:00,view,1273,Home,866,Desktop,Returning
1297,3198,2024-01-07 13:20:00,view,1531,Electronics,460,Mobile,New
1944,3199,2024-01-29 00:57:00,view,1717,Home,26,Desktop,Returning
1082,3200,2024-01-02 10:31:00,view,1303,Home,820,Mobile,New
1082,3200,2024-01-02 10:34:00,cart,1303,Home,820,Mobile,New
1352,3201,2024-01-04 02:18:00,view,1583,Fashion,830,Desktop,New
1755,3202,2024-01-08 19:06:00,view,1841,Beauty,982,Mobile,Returning
109,3203,2024-01-17 06:44:00,view,1729,Electronics,790,Desktop,New
1303,3204,2024-01-30 23:40:00,view,1543,Electronics,580,Desktop,New
1303,3204,2024-01-30 23:41:00,cart,1543,Electronics,580,Desktop,New
1303,3204,2024-01-30 23:44:00,checkout,1543,Electronics,580,Desktop,New
1303,3204,2024-01-30 23:45:00,purchase,1543,Electronics,580,Desktop,New
1710,3205,2024-01-13 05:19:00,view,1369,Fashion,880,Mobile,Returning
328,3206,2024-01-08 04:12:00,view,1358,Electronics,137,Mobile,Returning
328,3206,2024-01-08 04:16:00,cart,1358,Electronics,137,Mobile,Returning
1800,3207,2024-01-09 16:55:00,view,1723,Home,565,Mobile,New
1800,3207,2024-01-09 16:56:00,cart,1723,Home,565,Mobile,New
315,3208,2024-01-04 10:36:00,view,1308,Home,331,Mobile,Returning
315,3208,2024-01-04 10:39:00,cart,1308,Home,331,Mobile,Returning
1498,3209,2024-01-29 11:15:00,view,1884,Fashion,903,Mobile,New
1498,3209,2024-01-29 11:16:00,cart,1884,Fashion,903,Mobile,New
1498,3209,2024-01-29 11:18:00,checkout,1884,Fashion,903,Mobile,New
1498,3209,2024-01-29 11:22:00,purchase,1884,Fashion,903,Mobile,New
1135,3210,2024-01-06 16:08:00,view,1827,Home,315,Desktop,Returning
1135,3210,2024-01-06 16:09:00,cart,1827,Home,315,Desktop,Returning
1135,3210,2024-01-06 16:12:00,checkout,1827,Home,315,Desktop,Returning
1135,3210,2024-01-06 16:15:00,purchase,1827,Home,315,Desktop,Returning
699,3211,2024-01-02 06:05:00,view,1319,Home,405,Mobile,New
699,3211,2024-01-02 06:07:00,cart,1319,Home,405,Mobile,New
699,3211,2024-01-02 06:09:00,checkout,1319,Home,405,Mobile,New
699,3211,2024-01-02 06:13:00,purchase,1319,Home,405,Mobile,New
781,3212,2024-01-30 18:29:00,view,1999,Electronics,415,Mobile,Returning
1959,3213,2024-01-27 21:17:00,view,1582,Electronics,684,Mobile,Returning
1253,3214,2024-01-02 09:10:00,view,1866,Fashion,837,Mobile,New
1253,3214,2024-01-02 09:11:00,cart,1866,Fashion,837,Mobile,New
1521,3215,2024-01-23 19:47:00,view,1979,Home,289,Mobile,New
1521,3215,2024-01-23 19:51:00,cart,1979,Home,289,Mobile,New
156,3216,2024-01-28 03:29:00,view,1123,Electronics,625,Tablet,New
156,3216,2024-01-28 03:31:00,cart,1123,Electronics,625,Tablet,New
156,3216,2024-01-28 03:32:00,checkout,1123,Electronics,625,Tablet,New
156,3216,2024-01-28 03:34:00,purchase,1123,Electronics,625,Tablet,New
1497,3217,2024-01-06 15:06:00,view,1849,Electronics,180,Desktop,Returning
1497,3217,2024-01-06 15:10:00,cart,1849,Electronics,180,Desktop,Returning
1725,3218,2024-02-04 16:22:00,view,1776,Fashion,786,Mobile,Returning
1725,3218,2024-02-04 16:24:00,cart,1776,Fashion,786,Mobile,Returning
1725,3218,2024-02-04 16:27:00,checkout,1776,Fashion,786,Mobile,Returning
1725,3218,2024-02-04 16:28:00,purchase,1776,Fashion,786,Mobile,Returning
1296,3219,2024-01-16 20:25:00,view,1037,Fashion,537,Mobile,New
1296,3219,2024-01-16 20:28:00,cart,1037,Fashion,537,Mobile,New
887,3220,2024-02-01 20:41:00,view,1504,Electronics,731,Desktop,Returning
887,3220,2024-02-01 20:43:00,cart,1504,Electronics,731,Desktop,Returning
1026,3221,2024-01-05 00:13:00,view,1263,Beauty,689,Mobile,New
758,3222,2024-01-26 08:04:00,view,1364,Beauty,438,Mobile,New
722,3223,2024-01-07 01:54:00,view,1993,Beauty,885,Mobile,New
1535,3224,2024-01-04 02:08:00,view,1075,Electronics,322,Mobile,New
1535,3224,2024-01-04 02:09:00,cart,1075,Electronics,322,Mobile,New
1535,3224,2024-01-04 02:13:00,checkout,1075,Electronics,322,Mobile,New
913,3225,2024-01-12 06:34:00,view,1756,Home,397,Tablet,Returning
1310,3226,2024-01-27 10:14:00,view,1878,Home,851,Desktop,Returning
1310,3226,2024-01-27 10:17:00,cart,1878,Home,851,Desktop,Returning
1310,3226,2024-01-27 10:19:00,checkout,1878,Home,851,Desktop,Returning
871,3227,2024-01-17 12:18:00,view,1818,Electronics,758,Mobile,New
871,3227,2024-01-17 12:22:00,cart,1818,Electronics,758,Mobile,New
13,3228,2024-01-09 18:05:00,view,1226,Beauty,919,Mobile,Returning
13,3228,2024-01-09 18:07:00,cart,1226,Beauty,919,Mobile,Returning
13,3228,2024-01-09 18:11:00,checkout,1226,Beauty,919,Mobile,Returning
608,3229,2024-02-03 16:41:00,view,1434,Electronics,502,Desktop,New
608,3229,2024-02-03 16:42:00,cart,1434,Electronics,502,Desktop,New
608,3229,2024-02-03 16:43:00,checkout,1434,Electronics,502,Desktop,New
608,3229,2024-02-03 16:47:00,purchase,1434,Electronics,502,Desktop,New
498,3230,2024-02-02 09:03:00,view,1372,Beauty,959,Desktop,New
1757,3231,2024-01-21 22:22:00,view,1296,Beauty,191,Desktop,Returning
1757,3231,2024-01-21 22:26:00,cart,1296,Beauty,191,Desktop,Returning
1757,3231,2024-01-21 22:28:00,checkout,1296,Beauty,191,Desktop,Returning
1757,3231,2024-01-21 22:31:00,purchase,1296,Beauty,191,Desktop,Returning
238,3232,2024-01-05 04:43:00,view,1293,Beauty,365,Desktop,New
238,3232,2024-01-05 04:45:00,cart,1293,Beauty,365,Desktop,New
238,3232,2024-01-05 04:46:00,checkout,1293,Beauty,365,Desktop,New
1118,3233,2024-01-30 04:56:00,view,1994,Home,854,Mobile,Returning
1362,3234,2024-01-31 22:31:00,view,1914,Fashion,427,Desktop,New
1362,3234,2024-01-31 22:34:00,cart,1914,Fashion,427,Desktop,New
781,3235,2024-01-14 20:29:00,view,1129,Electronics,182,Desktop,Returning
1195,3236,2024-01-07 09:45:00,view,1862,Home,578,Mobile,New
606,3237,2024-01-09 05:47:00,view,1334,Beauty,372,Desktop,New
606,3237,2024-01-09 05:50:00,cart,1334,Beauty,372,Desktop,New
606,3237,2024-01-09 05:53:00,checkout,1334,Beauty,372,Desktop,New
606,3237,2024-01-09 05:57:00,purchase,1334,Beauty,372,Desktop,New
661,3238,2024-01-13 22:58:00,view,1217,Electronics,835,Mobile,New
1648,3239,2024-01-28 21:47:00,view,1880,Beauty,754,Mobile,Returning
1591,3240,2024-01-22 03:32:00,view,1996,Beauty,498,Mobile,Returning
1591,3240,2024-01-22 03:35:00,cart,1996,Beauty,498,Mobile,Returning
1591,3240,2024-01-22 03:38:00,checkout,1996,Beauty,498,Mobile,Returning
1591,3240,2024-01-22 03:40:00,purchase,1996,Beauty,498,Mobile,Returning
849,3241,2024-01-31 19:09:00,view,1232,Home,178,Mobile,New
849,3241,2024-01-31 19:12:00,cart,1232,Home,178,Mobile,New
849,3241,2024-01-31 19:15:00,checkout,1232,Home,178,Mobile,New
849,3241,2024-01-31 19:16:00,purchase,1232,Home,178,Mobile,New
936,3242,2024-01-11 10:23:00,view,1231,Home,416,Mobile,New
1491,3243,2024-01-23 06:37:00,view,1192,Electronics,328,Mobile,New
628,3244,2024-01-29 11:22:00,view,1606,Beauty,610,Mobile,Returning
628,3244,2024-01-29 11:23:00,cart,1606,Beauty,610,Mobile,Returning
628,3244,2024-01-29 11:26:00,checkout,1606,Beauty,610,Mobile,Returning
628,3244,2024-01-29 11:29:00,purchase,1606,Beauty,610,Mobile,Returning
143,3245,2024-01-31 22:08:00,view,1064,Fashion,515,Mobile,New
1225,3246,2024-01-10 00:39:00,view,1465,Fashion,231,Mobile,New
1225,3246,2024-01-10 00:42:00,cart,1465,Fashion,231,Mobile,New
1225,3246,2024-01-10 00:44:00,checkout,1465,Fashion,231,Mobile,New
1225,3246,2024-01-10 00:48:00,purchase,1465,Fashion,231,Mobile,New
1204,3247,2024-01-28 06:43:00,view,1682,Home,793,Mobile,New
1204,3247,2024-01-28 06:47:00,cart,1682,Home,793,Mobile,New
1204,3247,2024-01-28 06:50:00,checkout,1682,Home,793,Mobile,New
1204,3247,2024-01-28 06:53:00,purchase,1682,Home,793,Mobile,New
714,3248,2024-01-28 09:02:00,view,1871,Beauty,274,Desktop,New
1388,3249,2024-01-30 18:11:00,view,1465,Fashion,310,Mobile,New
1388,3249,2024-01-30 18:13:00,cart,1465,Fashion,310,Mobile,New
479,3250,2024-01-14 13:23:00,view,1479,Home,825,Mobile,Returning
565,3251,2024-02-02 20:13:00,view,1722,Beauty,100,Desktop,New
471,3252,2024-01-15 16:07:00,view,1645,Fashion,183,Desktop,New
471,3252,2024-01-15 16:10:00,cart,1645,Fashion,183,Desktop,New
384,3253,2024-01-15 09:03:00,view,1629,Home,15,Desktop,Returning
1716,3254,2024-01-14 01:49:00,view,1247,Beauty,887,Mobile,Returning
926,3255,2024-01-20 03:53:00,view,1510,Electronics,154,Mobile,New
417,3256,2024-01-20 09:21:00,view,1906,Fashion,518,Desktop,New
417,3256,2024-01-20 09:24:00,cart,1906,Fashion,518,Desktop,New
417,3256,2024-01-20 09:25:00,checkout,1906,Fashion,518,Desktop,New
417,3256,2024-01-20 09:27:00,purchase,1906,Fashion,518,Desktop,New
1849,3257,2024-01-13 03:26:00,view,1641,Beauty,575,Mobile,Returning
1849,3257,2024-01-13 03:30:00,cart,1641,Beauty,575,Mobile,Returning
308,3258,2024-01-16 19:16:00,view,1616,Fashion,267,Mobile,New
649,3259,2024-01-19 11:04:00,view,1184,Home,487,Mobile,Returning
1718,3260,2024-01-05 23:06:00,view,1163,Home,765,Desktop,Returning
1718,3260,2024-01-05 23:07:00,cart,1163,Home,765,Desktop,Returning
1718,3260,2024-01-05 23:09:00,checkout,1163,Home,765,Desktop,Returning
1718,3260,2024-01-05 23:11:00,purchase,1163,Home,765,Desktop,Returning
1391,3261,2024-01-01 23:54:00,view,1970,Home,792,Mobile,New
1025,3262,2024-01-17 23:18:00,view,1367,Electronics,570,Desktop,Returning
1025,3262,2024-01-17 23:22:00,cart,1367,Electronics,570,Desktop,Returning
1025,3262,2024-01-17 23:25:00,checkout,1367,Electronics,570,Desktop,Returning
1025,3262,2024-01-17 23:29:00,purchase,1367,Electronics,570,Desktop,Returning
1068,3263,2024-01-19 09:00:00,view,1076,Fashion,998,Desktop,New
739,3264,2024-01-27 00:20:00,view,1495,Fashion,405,Mobile,New
739,3264,2024-01-27 00:23:00,cart,1495,Fashion,405,Mobile,New
739,3264,2024-01-27 00:24:00,checkout,1495,Fashion,405,Mobile,New
739,3264,2024-01-27 00:25:00,purchase,1495,Fashion,405,Mobile,New
1867,3265,2024-01-22 12:31:00,view,1455,Fashion,545,Desktop,New
1867,3265,2024-01-22 12:34:00,cart,1455,Fashion,545,Desktop,New
1867,3265,2024-01-22 12:35:00,checkout,1455,Fashion,545,Desktop,New
1867,3265,2024-01-22 12:39:00,purchase,1455,Fashion,545,Desktop,New
1122,3266,2024-01-24 08:13:00,view,1089,Fashion,421,Desktop,Returning
1122,3266,2024-01-24 08:17:00,cart,1089,Fashion,421,Desktop,Returning
1122,3266,2024-01-24 08:21:00,checkout,1089,Fashion,421,Desktop,Returning
1122,3266,2024-01-24 08:24:00,purchase,1089,Fashion,421,Desktop,Returning
1744,3267,2024-01-16 07:39:00,view,1755,Electronics,481,Desktop,New
1744,3267,2024-01-16 07:43:00,cart,1755,Electronics,481,Desktop,New
1744,3267,2024-01-16 07:46:00,checkout,1755,Electronics,481,Desktop,New
1289,3268,2024-01-30 04:57:00,view,1696,Beauty,472,Mobile,New
1289,3268,2024-01-30 05:00:00,cart,1696,Beauty,472,Mobile,New
1289,3268,2024-01-30 05:04:00,checkout,1696,Beauty,472,Mobile,New
1824,3269,2024-01-19 13:55:00,view,1539,Fashion,832,Desktop,Returning
1807,3270,2024-01-21 05:38:00,view,1188,Beauty,221,Mobile,Returning
140,3271,2024-01-16 07:50:00,view,1678,Fashion,123,Desktop,Returning
140,3271,2024-01-16 07:53:00,cart,1678,Fashion,123,Desktop,Returning
140,3271,2024-01-16 07:55:00,checkout,1678,Fashion,123,Desktop,Returning
1505,3272,2024-01-28 06:24:00,view,1460,Beauty,790,Mobile,New
1505,3272,2024-01-28 06:25:00,cart,1460,Beauty,790,Mobile,New
1505,3272,2024-01-28 06:27:00,checkout,1460,Beauty,790,Mobile,New
1261,3273,2024-01-28 13:36:00,view,1955,Beauty,480,Mobile,New
1261,3273,2024-01-28 13:40:00,cart,1955,Beauty,480,Mobile,New
1261,3273,2024-01-28 13:42:00,checkout,1955,Beauty,480,Mobile,New
1261,3273,2024-01-28 13:43:00,purchase,1955,Beauty,480,Mobile,New
974,3274,2024-01-31 16:16:00,view,1987,Electronics,989,Desktop,New
974,3274,2024-01-31 16:20:00,cart,1987,Electronics,989,Desktop,New
1017,3275,2024-01-17 10:27:00,view,1873,Beauty,378,Desktop,New
953,3276,2024-01-29 08:14:00,view,1805,Home,445,Mobile,New
904,3277,2024-02-02 11:39:00,view,1897,Electronics,892,Mobile,New
72,3278,2024-01-04 12:15:00,view,1490,Fashion,349,Mobile,New
1691,3279,2024-01-10 05:54:00,view,1162,Fashion,739,Tablet,New
1691,3279,2024-01-10 05:56:00,cart,1162,Fashion,739,Tablet,New
1691,3279,2024-01-10 06:00:00,checkout,1162,Fashion,739,Tablet,New
1691,3279,2024-01-10 06:03:00,purchase,1162,Fashion,739,Tablet,New
1214,3280,2024-01-30 20:26:00,view,1508,Fashion,550,Desktop,Returning
1214,3280,2024-01-30 20:29:00,cart,1508,Fashion,550,Desktop,Returning
1292,3281,2024-01-21 12:10:00,view,1774,Fashion,260,Desktop,New
1292,3281,2024-01-21 12:14:00,cart,1774,Fashion,260,Desktop,New
1345,3282,2024-01-09 15:31:00,view,1523,Home,789,Mobile,Returning
1345,3282,2024-01-09 15:33:00,cart,1523,Home,789,Mobile,Returning
1345,3282,2024-01-09 15:36:00,checkout,1523,Home,789,Mobile,Returning
1345,3282,2024-01-09 15:40:00,purchase,1523,Home,789,Mobile,Returning
107,3283,2024-01-04 13:55:00,view,1416,Beauty,56,Mobile,New
1256,3284,2024-02-02 19:05:00,view,1632,Home,460,Desktop,New
1256,3284,2024-02-02 19:08:00,cart,1632,Home,460,Desktop,New
1256,3284,2024-02-02 19:12:00,checkout,1632,Home,460,Desktop,New
1256,3284,2024-02-02 19:14:00,purchase,1632,Home,460,Desktop,New
1066,3285,2024-01-21 08:52:00,view,1936,Electronics,558,Desktop,Returning
1066,3285,2024-01-21 08:53:00,cart,1936,Electronics,558,Desktop,Returning
1066,3285,2024-01-21 08:55:00,checkout,1936,Electronics,558,Desktop,Returning
1066,3285,2024-01-21 08:56:00,purchase,1936,Electronics,558,Desktop,Returning
1726,3286,2024-01-07 14:01:00,view,1769,Home,685,Mobile,New
1726,3286,2024-01-07 14:04:00,cart,1769,Home,685,Mobile,New
1726,3286,2024-01-07 14:06:00,checkout,1769,Home,685,Mobile,New
1726,3286,2024-01-07 14:08:00,purchase,1769,Home,685,Mobile,New
883,3287,2024-02-02 18:34:00,view,1050,Electronics,764,Desktop,New
139,3288,2024-01-22 13:33:00,view,1272,Beauty,635,Mobile,New
615,3289,2024-01-26 11:18:00,view,1045,Electronics,710,Mobile,Returning
1707,3290,2024-01-12 01:18:00,view,1330,Fashion,571,Mobile,Returning
1707,3290,2024-01-12 01:22:00,cart,1330,Fashion,571,Mobile,Returning
1707,3290,2024-01-12 01:26:00,checkout,1330,Fashion,571,Mobile,Returning
1707,3290,2024-01-12 01:28:00,purchase,1330,Fashion,571,Mobile,Returning
863,3291,2024-01-18 02:32:00,view,1369,Beauty,736,Mobile,New
863,3291,2024-01-18 02:33:00,cart,1369,Beauty,736,Mobile,New
273,3292,2024-01-17 07:26:00,view,1900,Electronics,950,Mobile,Returning
273,3292,2024-01-17 07:29:00,cart,1900,Electronics,950,Mobile,Returning
273,3292,2024-01-17 07:32:00,checkout,1900,Electronics,950,Mobile,Returning
273,3292,2024-01-17 07:33:00,purchase,1900,Electronics,950,Mobile,Returning
1505,3293,2024-02-02 05:15:00,view,1032,Home,729,Mobile,New
1505,3293,2024-02-02 05:17:00,cart,1032,Home,729,Mobile,New
416,3294,2024-01-08 01:40:00,view,1600,Fashion,373,Mobile,New
416,3294,2024-01-08 01:41:00,cart,1600,Fashion,373,Mobile,New
416,3294,2024-01-08 01:44:00,checkout,1600,Fashion,373,Mobile,New
416,3294,2024-01-08 01:45:00,purchase,1600,Fashion,373,Mobile,New
506,3295,2024-01-04 00:30:00,view,1910,Electronics,443,Desktop,New
733,3296,2024-01-19 09:33:00,view,1737,Beauty,957,Mobile,Returning
1749,3297,2024-01-01 05:17:00,view,1734,Home,540,Mobile,Returning
1749,3297,2024-01-01 05:18:00,cart,1734,Home,540,Mobile,Returning
1749,3297,2024-01-01 05:22:00,checkout,1734,Home,540,Mobile,Returning
1877,3298,2024-01-06 14:26:00,view,1347,Home,46,Mobile,New
1877,3298,2024-01-06 14:27:00,cart,1347,Home,46,Mobile,New
424,3299,2024-02-04 14:24:00,view,1130,Beauty,535,Mobile,New
424,3299,2024-02-04 14:25:00,cart,1130,Beauty,535,Mobile,New
1431,3300,2024-01-16 16:15:00,view,1849,Electronics,562,Desktop,New
1431,3300,2024-01-16 16:18:00,cart,1849,Electronics,562,Desktop,New
1431,3300,2024-01-16 16:19:00,checkout,1849,Electronics,562,Desktop,New
1431,3300,2024-01-16 16:21:00,purchase,1849,Electronics,562,Desktop,New
1592,3301,2024-01-26 20:00:00,view,1068,Fashion,963,Mobile,Returning
1592,3301,2024-01-26 20:04:00,cart,1068,Fashion,963,Mobile,Returning
1592,3301,2024-01-26 20:06:00,checkout,1068,Fashion,963,Mobile,Returning
1592,3301,2024-01-26 20:08:00,purchase,1068,Fashion,963,Mobile,Returning
390,3302,2024-01-14 19:34:00,view,1105,Fashion,562,Desktop,Returning
390,3302,2024-01-14 19:37:00,cart,1105,Fashion,562,Desktop,Returning
390,3302,2024-01-14 19:40:00,checkout,1105,Fashion,562,Desktop,Returning
390,3302,2024-01-14 19:43:00,purchase,1105,Fashion,562,Desktop,Returning
342,3303,2024-01-17 04:51:00,view,1885,Fashion,225,Desktop,New
342,3303,2024-01-17 04:55:00,cart,1885,Fashion,225,Desktop,New
342,3303,2024-01-17 04:56:00,checkout,1885,Fashion,225,Desktop,New
946,3304,2024-01-23 10:04:00,view,1159,Fashion,763,Mobile,New
946,3304,2024-01-23 10:05:00,cart,1159,Fashion,763,Mobile,New
614,3305,2024-01-12 07:58:00,view,1935,Home,250,Mobile,New
1957,3306,2024-01-31 08:30:00,view,1864,Fashion,664,Mobile,Returning
1957,3306,2024-01-31 08:34:00,cart,1864,Fashion,664,Mobile,Returning
1957,3306,2024-01-31 08:35:00,checkout,1864,Fashion,664,Mobile,Returning
1957,3306,2024-01-31 08:38:00,purchase,1864,Fashion,664,Mobile,Returning
493,3307,2024-01-11 08:48:00,view,1911,Beauty,385,Mobile,New
493,3307,2024-01-11 08:52:00,cart,1911,Beauty,385,Mobile,New
192,3308,2024-01-28 00:09:00,view,1881,Fashion,60,Desktop,Returning
192,3308,2024-01-28 00:11:00,cart,1881,Fashion,60,Desktop,Returning
192,3308,2024-01-28 00:14:00,checkout,1881,Fashion,60,Desktop,Returning
192,3308,2024-01-28 00:18:00,purchase,1881,Fashion,60,Desktop,Returning
499,3309,2024-01-22 09:48:00,view,1755,Fashion,936,Mobile,Returning
499,3309,2024-01-22 09:50:00,cart,1755,Fashion,936,Mobile,Returning
822,3310,2024-01-21 13:11:00,view,1910,Electronics,461,Mobile,New
822,3310,2024-01-21 13:15:00,cart,1910,Electronics,461,Mobile,New
822,3310,2024-01-21 13:17:00,checkout,1910,Electronics,461,Mobile,New
822,3310,2024-01-21 13:21:00,purchase,1910,Electronics,461,Mobile,New
1736,3311,2024-01-25 17:40:00,view,1051,Electronics,119,Mobile,Returning
1736,3311,2024-01-25 17:43:00,cart,1051,Electronics,119,Mobile,Returning
1736,3311,2024-01-25 17:44:00,checkout,1051,Electronics,119,Mobile,Returning
1257,3312,2024-01-22 23:02:00,view,1337,Home,827,Mobile,New
1969,3313,2024-01-01 10:09:00,view,1421,Beauty,938,Mobile,New
227,3314,2024-01-20 07:59:00,view,1064,Home,748,Mobile,Returning
227,3314,2024-01-20 08:02:00,cart,1064,Home,748,Mobile,Returning
1395,3315,2024-01-21 17:02:00,view,1319,Fashion,674,Mobile,New
1395,3315,2024-01-21 17:05:00,cart,1319,Fashion,674,Mobile,New
139,3316,2024-01-25 05:41:00,view,1199,Electronics,266,Mobile,New
139,3316,2024-01-25 05:42:00,cart,1199,Electronics,266,Mobile,New
139,3316,2024-01-25 05:45:00,checkout,1199,Electronics,266,Mobile,New
856,3317,2024-01-06 11:43:00,view,1105,Beauty,558,Desktop,New
817,3318,2024-01-27 13:07:00,view,1659,Fashion,30,Desktop,New
817,3318,2024-01-27 13:11:00,cart,1659,Fashion,30,Desktop,New
1173,3319,2024-01-11 01:01:00,view,1746,Fashion,208,Mobile,Returning
1173,3319,2024-01-11 01:03:00,cart,1746,Fashion,208,Mobile,Returning
1173,3319,2024-01-11 01:04:00,checkout,1746,Fashion,208,Mobile,Returning
1139,3320,2024-01-08 21:21:00,view,1287,Electronics,254,Mobile,New
1474,3321,2024-01-29 23:42:00,view,1490,Electronics,162,Tablet,New
1474,3321,2024-01-29 23:44:00,cart,1490,Electronics,162,Tablet,New
1474,3321,2024-01-29 23:45:00,checkout,1490,Electronics,162,Tablet,New
1474,3321,2024-01-29 23:47:00,purchase,1490,Electronics,162,Tablet,New
1087,3322,2024-02-04 05:14:00,view,1434,Fashion,230,Mobile,Returning
1087,3322,2024-02-04 05:15:00,cart,1434,Fashion,230,Mobile,Returning
104,3323,2024-01-29 04:30:00,view,1666,Fashion,148,Mobile,New
104,3323,2024-01-29 04:31:00,cart,1666,Fashion,148,Mobile,New
104,3323,2024-01-29 04:33:00,checkout,1666,Fashion,148,Mobile,New
104,3323,2024-01-29 04:36:00,purchase,1666,Fashion,148,Mobile,New
1875,3324,2024-01-14 02:30:00,view,1197,Electronics,517,Mobile,Returning
871,3325,2024-01-30 16:09:00,view,1545,Home,934,Desktop,New
871,3325,2024-01-30 16:13:00,cart,1545,Home,934,Desktop,New
871,3325,2024-01-30 16:17:00,checkout,1545,Home,934,Desktop,New
871,3325,2024-01-30 16:18:00,purchase,1545,Home,934,Desktop,New
668,3326,2024-01-27 08:17:00,view,1974,Electronics,45,Mobile,New
273,3327,2024-02-04 09:07:00,view,1715,Fashion,114,Tablet,Returning
1030,3328,2024-01-22 06:40:00,view,1652,Beauty,116,Desktop,Returning
1030,3328,2024-01-22 06:44:00,cart,1652,Beauty,116,Desktop,Returning
1171,3329,2024-01-05 08:17:00,view,1886,Fashion,142,Desktop,Returning
1171,3329,2024-01-05 08:19:00,cart,1886,Fashion,142,Desktop,Returning
1171,3329,2024-01-05 08:21:00,checkout,1886,Fashion,142,Desktop,Returning
1171,3329,2024-01-05 08:23:00,purchase,1886,Fashion,142,Desktop,Returning
184,3330,2024-01-31 19:39:00,view,1466,Fashion,527,Desktop,Returning
1052,3331,2024-01-21 07:06:00,view,1567,Home,555,Mobile,New
1986,3332,2024-01-28 05:57:00,view,1793,Beauty,618,Mobile,New
1986,3332,2024-01-28 05:59:00,cart,1793,Beauty,618,Mobile,New
1986,3332,2024-01-28 06:02:00,checkout,1793,Beauty,618,Mobile,New
1986,3332,2024-01-28 06:05:00,purchase,1793,Beauty,618,Mobile,New
1574,3333,2024-01-18 12:52:00,view,1467,Beauty,136,Desktop,Returning
1574,3333,2024-01-18 12:56:00,cart,1467,Beauty,136,Desktop,Returning
1574,3333,2024-01-18 12:58:00,checkout,1467,Beauty,136,Desktop,Returning
1143,3334,2024-01-16 21:10:00,view,1777,Home,460,Tablet,Returning
293,3335,2024-01-11 05:03:00,view,1445,Electronics,159,Mobile,Returning
1395,3336,2024-01-11 01:07:00,view,1137,Home,26,Desktop,New
1268,3337,2024-01-20 07:52:00,view,1551,Beauty,517,Mobile,New
1604,3338,2024-01-14 06:00:00,view,1073,Home,83,Mobile,New
1750,3339,2024-01-13 15:27:00,view,1861,Home,112,Mobile,New
1750,3339,2024-01-13 15:29:00,cart,1861,Home,112,Mobile,New
1750,3339,2024-01-13 15:33:00,checkout,1861,Home,112,Mobile,New
1750,3339,2024-01-13 15:35:00,purchase,1861,Home,112,Mobile,New
1242,3340,2024-01-23 04:18:00,view,1791,Home,971,Mobile,Returning
1242,3340,2024-01-23 04:20:00,cart,1791,Home,971,Mobile,Returning
1242,3340,2024-01-23 04:22:00,checkout,1791,Home,971,Mobile,Returning
177,3341,2024-01-08 19:32:00,view,1131,Fashion,968,Mobile,Returning
1323,3342,2024-01-14 05:04:00,view,1931,Beauty,906,Mobile,Returning
1323,3342,2024-01-14 05:05:00,cart,1931,Beauty,906,Mobile,Returning
1323,3342,2024-01-14 05:07:00,checkout,1931,Beauty,906,Mobile,Returning
1323,3342,2024-01-14 05:11:00,purchase,1931,Beauty,906,Mobile,Returning
1700,3343,2024-02-01 14:09:00,view,1505,Fashion,897,Mobile,New
1700,3343,2024-02-01 14:12:00,cart,1505,Fashion,897,Mobile,New
58,3344,2024-02-03 06:13:00,view,1134,Fashion,269,Mobile,New
1293,3345,2024-01-20 20:51:00,view,1080,Beauty,652,Mobile,New
1293,3345,2024-01-20 20:54:00,cart,1080,Beauty,652,Mobile,New
1293,3345,2024-01-20 20:56:00,checkout,1080,Beauty,652,Mobile,New
1293,3345,2024-01-20 20:57:00,purchase,1080,Beauty,652,Mobile,New
308,3346,2024-01-09 06:06:00,view,1454,Fashion,147,Tablet,New
1594,3347,2024-01-12 19:00:00,view,1008,Home,912,Mobile,New
1594,3347,2024-01-12 19:02:00,cart,1008,Home,912,Mobile,New
1594,3347,2024-01-12 19:06:00,checkout,1008,Home,912,Mobile,New
1594,3347,2024-01-12 19:08:00,purchase,1008,Home,912,Mobile,New
1312,3348,2024-01-24 12:20:00,view,1317,Beauty,583,Mobile,Returning
977,3349,2024-01-19 11:31:00,view,1745,Beauty,531,Mobile,New
977,3349,2024-01-19 11:32:00,cart,1745,Beauty,531,Mobile,New
977,3349,2024-01-19 11:36:00,checkout,1745,Beauty,531,Mobile,New
977,3349,2024-01-19 11:38:00,purchase,1745,Beauty,531,Mobile,New
1129,3350,2024-01-24 18:32:00,view,1754,Beauty,58,Mobile,New
1129,3350,2024-01-24 18:33:00,cart,1754,Beauty,58,Mobile,New
1252,3351,2024-01-13 02:11:00,view,1032,Beauty,658,Desktop,New
1271,3352,2024-01-31 07:29:00,view,1550,Fashion,212,Mobile,Returning
1271,3352,2024-01-31 07:33:00,cart,1550,Fashion,212,Mobile,Returning
1271,3352,2024-01-31 07:37:00,checkout,1550,Fashion,212,Mobile,Returning
1271,3352,2024-01-31 07:41:00,purchase,1550,Fashion,212,Mobile,Returning
700,3353,2024-01-14 06:33:00,view,1393,Home,478,Desktop,New
700,3353,2024-01-14 06:35:00,cart,1393,Home,478,Desktop,New
700,3353,2024-01-14 06:39:00,checkout,1393,Home,478,Desktop,New
700,3353,2024-01-14 06:40:00,purchase,1393,Home,478,Desktop,New
1518,3354,2024-01-01 19:03:00,view,1434,Electronics,331,Mobile,Returning
83,3355,2024-01-30 14:24:00,view,1753,Beauty,49,Mobile,New
83,3355,2024-01-30 14:26:00,cart,1753,Beauty,49,Mobile,New
1210,3356,2024-02-01 12:44:00,view,1123,Electronics,24,Mobile,Returning
252,3357,2024-01-19 04:16:00,view,1936,Fashion,289,Mobile,New
252,3357,2024-01-19 04:17:00,cart,1936,Fashion,289,Mobile,New
252,3357,2024-01-19 04:18:00,checkout,1936,Fashion,289,Mobile,New
252,3357,2024-01-19 04:19:00,purchase,1936,Fashion,289,Mobile,New
1379,3358,2024-01-23 22:38:00,view,1246,Beauty,469,Mobile,New
1379,3358,2024-01-23 22:40:00,cart,1246,Beauty,469,Mobile,New
1379,3358,2024-01-23 22:44:00,checkout,1246,Beauty,469,Mobile,New
1379,3358,2024-01-23 22:47:00,purchase,1246,Beauty,469,Mobile,New
1774,3359,2024-01-18 20:00:00,view,1832,Fashion,462,Mobile,Returning
1896,3360,2024-01-12 09:18:00,view,1847,Beauty,587,Mobile,Returning
1896,3360,2024-01-12 09:20:00,cart,1847,Beauty,587,Mobile,Returning
1896,3360,2024-01-12 09:23:00,checkout,1847,Beauty,587,Mobile,Returning
1896,3360,2024-01-12 09:25:00,purchase,1847,Beauty,587,Mobile,Returning
1720,3361,2024-01-28 04:06:00,view,1637,Beauty,245,Mobile,New
1720,3361,2024-01-28 04:07:00,cart,1637,Beauty,245,Mobile,New
796,3362,2024-01-29 08:39:00,view,1539,Electronics,752,Tablet,Returning
897,3363,2024-01-26 09:14:00,view,1611,Home,270,Mobile,New
897,3363,2024-01-26 09:17:00,cart,1611,Home,270,Mobile,New
1962,3364,2024-01-22 01:19:00,view,1412,Fashion,567,Mobile,New
210,3365,2024-01-07 11:13:00,view,1304,Beauty,489,Mobile,New
210,3365,2024-01-07 11:17:00,cart,1304,Beauty,489,Mobile,New
816,3366,2024-01-01 02:29:00,view,1657,Electronics,632,Mobile,New
1832,3367,2024-01-05 19:13:00,view,1425,Home,892,Mobile,Returning
609,3368,2024-01-16 00:45:00,view,1989,Electronics,226,Desktop,New
609,3368,2024-01-16 00:47:00,cart,1989,Electronics,226,Desktop,New
609,3368,2024-01-16 00:51:00,checkout,1989,Electronics,226,Desktop,New
609,3368,2024-01-16 00:52:00,purchase,1989,Electronics,226,Desktop,New
447,3369,2024-01-07 20:23:00,view,1421,Beauty,775,Tablet,Returning
460,3370,2024-01-11 20:20:00,view,1557,Home,14,Mobile,New
460,3370,2024-01-11 20:21:00,cart,1557,Home,14,Mobile,New
460,3370,2024-01-11 20:22:00,checkout,1557,Home,14,Mobile,New
460,3370,2024-01-11 20:23:00,purchase,1557,Home,14,Mobile,New
968,3371,2024-01-10 21:44:00,view,1452,Home,744,Mobile,New
472,3372,2024-01-18 14:10:00,view,1580,Electronics,508,Mobile,Returning
472,3372,2024-01-18 14:13:00,cart,1580,Electronics,508,Mobile,Returning
472,3372,2024-01-18 14:14:00,checkout,1580,Electronics,508,Mobile,Returning
1744,3373,2024-01-13 09:37:00,view,1482,Fashion,134,Desktop,New
370,3374,2024-01-21 23:53:00,view,1350,Home,636,Mobile,New
370,3374,2024-01-21 23:55:00,cart,1350,Home,636,Mobile,New
370,3374,2024-01-21 23:56:00,checkout,1350,Home,636,Mobile,New
370,3374,2024-01-22 00:00:00,purchase,1350,Home,636,Mobile,New
900,3375,2024-02-01 04:32:00,view,1245,Home,733,Mobile,New
900,3375,2024-02-01 04:35:00,cart,1245,Home,733,Mobile,New
900,3375,2024-02-01 04:39:00,checkout,1245,Home,733,Mobile,New
900,3375,2024-02-01 04:40:00,purchase,1245,Home,733,Mobile,New
1958,3376,2024-02-04 13:00:00,view,1037,Fashion,687,Mobile,New
1958,3376,2024-02-04 13:04:00,cart,1037,Fashion,687,Mobile,New
1958,3376,2024-02-04 13:07:00,checkout,1037,Fashion,687,Mobile,New
1958,3376,2024-02-04 13:10:00,purchase,1037,Fashion,687,Mobile,New
1516,3377,2024-01-16 15:20:00,view,1318,Beauty,98,Desktop,New
923,3378,2024-01-11 14:27:00,view,1238,Home,927,Mobile,Returning
137,3379,2024-01-29 23:35:00,view,1398,Fashion,914,Mobile,New
367,3380,2024-01-04 05:05:00,view,1250,Beauty,684,Desktop,Returning
367,3380,2024-01-04 05:09:00,cart,1250,Beauty,684,Desktop,Returning
367,3380,2024-01-04 05:12:00,checkout,1250,Beauty,684,Desktop,Returning
912,3381,2024-02-04 10:50:00,view,1221,Electronics,594,Mobile,New
184,3382,2024-01-21 20:49:00,view,1729,Home,905,Desktop,Returning
184,3382,2024-01-21 20:53:00,cart,1729,Home,905,Desktop,Returning
184,3382,2024-01-21 20:55:00,checkout,1729,Home,905,Desktop,Returning
184,3382,2024-01-21 20:58:00,purchase,1729,Home,905,Desktop,Returning
1612,3383,2024-01-21 21:14:00,view,1288,Beauty,642,Mobile,Returning
1612,3383,2024-01-21 21:18:00,cart,1288,Beauty,642,Mobile,Returning
1612,3383,2024-01-21 21:19:00,checkout,1288,Beauty,642,Mobile,Returning
1612,3383,2024-01-21 21:22:00,purchase,1288,Beauty,642,Mobile,Returning
1311,3384,2024-01-12 19:02:00,view,1123,Fashion,756,Desktop,New
472,3385,2024-01-13 15:47:00,view,1692,Fashion,971,Desktop,Returning
472,3385,2024-01-13 15:48:00,cart,1692,Fashion,971,Desktop,Returning
472,3385,2024-01-13 15:52:00,checkout,1692,Fashion,971,Desktop,Returning
472,3385,2024-01-13 15:56:00,purchase,1692,Fashion,971,Desktop,Returning
1399,3386,2024-01-29 17:55:00,view,1011,Beauty,446,Mobile,Returning
1399,3386,2024-01-29 17:58:00,cart,1011,Beauty,446,Mobile,Returning
654,3387,2024-01-15 06:26:00,view,1549,Home,491,Desktop,Returning
654,3387,2024-01-15 06:27:00,cart,1549,Home,491,Desktop,Returning
749,3388,2024-01-10 03:52:00,view,1327,Home,962,Mobile,Returning
749,3388,2024-01-10 03:53:00,cart,1327,Home,962,Mobile,Returning
537,3389,2024-01-21 08:51:00,view,1892,Fashion,209,Desktop,Returning
537,3389,2024-01-21 08:53:00,cart,1892,Fashion,209,Desktop,Returning
537,3389,2024-01-21 08:54:00,checkout,1892,Fashion,209,Desktop,Returning
537,3389,2024-01-21 08:57:00,purchase,1892,Fashion,209,Desktop,Returning
1535,3390,2024-01-31 07:33:00,view,1860,Fashion,824,Mobile,New
1535,3390,2024-01-31 07:36:00,cart,1860,Fashion,824,Mobile,New
1535,3390,2024-01-31 07:38:00,checkout,1860,Fashion,824,Mobile,New
1535,3390,2024-01-31 07:42:00,purchase,1860,Fashion,824,Mobile,New
802,3391,2024-01-05 19:38:00,view,1987,Beauty,983,Desktop,New
1603,3392,2024-01-31 20:48:00,view,1144,Home,472,Mobile,New
1603,3392,2024-01-31 20:50:00,cart,1144,Home,472,Mobile,New
1603,3392,2024-01-31 20:51:00,checkout,1144,Home,472,Mobile,New
1603,3392,2024-01-31 20:55:00,purchase,1144,Home,472,Mobile,New
1274,3393,2024-01-03 16:40:00,view,1925,Fashion,972,Tablet,New
1274,3393,2024-01-03 16:41:00,cart,1925,Fashion,972,Tablet,New
920,3394,2024-01-02 22:21:00,view,1314,Beauty,445,Mobile,New
510,3395,2024-01-16 18:15:00,view,1899,Fashion,588,Tablet,Returning
630,3396,2024-01-19 06:42:00,view,1031,Home,72,Desktop,New
630,3396,2024-01-19 06:46:00,cart,1031,Home,72,Desktop,New
630,3396,2024-01-19 06:48:00,checkout,1031,Home,72,Desktop,New
630,3396,2024-01-19 06:51:00,purchase,1031,Home,72,Desktop,New
1002,3397,2024-01-13 20:14:00,view,1877,Fashion,241,Mobile,New
1002,3397,2024-01-13 20:16:00,cart,1877,Fashion,241,Mobile,New
1002,3397,2024-01-13 20:17:00,checkout,1877,Fashion,241,Mobile,New
1002,3397,2024-01-13 20:20:00,purchase,1877,Fashion,241,Mobile,New
1097,3398,2024-01-16 04:17:00,view,1665,Fashion,890,Desktop,New
1306,3399,2024-01-31 00:11:00,view,1493,Home,863,Tablet,Returning
1306,3399,2024-01-31 00:15:00,cart,1493,Home,863,Tablet,Returning
1306,3399,2024-01-31 00:16:00,checkout,1493,Home,863,Tablet,Returning
1306,3399,2024-01-31 00:18:00,purchase,1493,Home,863,Tablet,Returning
916,3400,2024-01-19 03:50:00,view,1228,Electronics,343,Mobile,New
916,3400,2024-01-19 03:54:00,cart,1228,Electronics,343,Mobile,New
916,3400,2024-01-19 03:55:00,checkout,1228,Electronics,343,Mobile,New
916,3400,2024-01-19 03:58:00,purchase,1228,Electronics,343,Mobile,New
1984,3401,2024-01-16 07:57:00,view,1684,Fashion,276,Mobile,New
1384,3402,2024-01-03 08:23:00,view,1617,Home,256,Mobile,New
1034,3403,2024-01-11 20:44:00,view,1420,Home,383,Mobile,New
1034,3403,2024-01-11 20:45:00,cart,1420,Home,383,Mobile,New
1034,3403,2024-01-11 20:46:00,checkout,1420,Home,383,Mobile,New
1034,3403,2024-01-11 20:49:00,purchase,1420,Home,383,Mobile,New
1235,3404,2024-01-04 04:46:00,view,1199,Beauty,42,Mobile,Returning
1859,3405,2024-01-09 16:37:00,view,1629,Beauty,238,Mobile,Returning
152,3406,2024-01-26 07:01:00,view,1829,Electronics,194,Mobile,New
152,3406,2024-01-26 07:03:00,cart,1829,Electronics,194,Mobile,New
1029,3407,2024-02-03 02:00:00,view,1271,Home,854,Mobile,New
1029,3407,2024-02-03 02:03:00,cart,1271,Home,854,Mobile,New
1029,3407,2024-02-03 02:04:00,checkout,1271,Home,854,Mobile,New
1029,3407,2024-02-03 02:08:00,purchase,1271,Home,854,Mobile,New
1219,3408,2024-01-29 14:24:00,view,1980,Fashion,626,Mobile,Returning
1978,3409,2024-01-31 05:18:00,view,1336,Home,256,Desktop,New
1307,3410,2024-01-15 02:54:00,view,1547,Home,808,Desktop,Returning
464,3411,2024-01-29 11:40:00,view,1491,Electronics,248,Mobile,New
1137,3412,2024-01-29 23:25:00,view,1303,Fashion,53,Desktop,Returning
1137,3412,2024-01-29 23:27:00,cart,1303,Fashion,53,Desktop,Returning
1137,3412,2024-01-29 23:30:00,checkout,1303,Fashion,53,Desktop,Returning
271,3413,2024-01-09 11:52:00,view,1970,Home,931,Desktop,Returning
1187,3414,2024-01-06 01:30:00,view,1409,Home,140,Tablet,Returning
1187,3414,2024-01-06 01:34:00,cart,1409,Home,140,Tablet,Returning
460,3415,2024-02-01 17:44:00,view,1211,Electronics,134,Mobile,New
460,3415,2024-02-01 17:48:00,cart,1211,Electronics,134,Mobile,New
460,3415,2024-02-01 17:52:00,checkout,1211,Electronics,134,Mobile,New
460,3415,2024-02-01 17:55:00,purchase,1211,Electronics,134,Mobile,New
105,3416,2024-01-31 10:03:00,view,1083,Beauty,55,Mobile,Returning
105,3416,2024-01-31 10:04:00,cart,1083,Beauty,55,Mobile,Returning
1717,3417,2024-01-01 20:00:00,view,1233,Fashion,181,Desktop,New
1717,3417,2024-01-01 20:04:00,cart,1233,Fashion,181,Desktop,New
1717,3417,2024-01-01 20:08:00,checkout,1233,Fashion,181,Desktop,New
1717,3417,2024-01-01 20:09:00,purchase,1233,Fashion,181,Desktop,New
1580,3418,2024-02-03 13:46:00,view,1860,Home,283,Desktop,New
1580,3418,2024-02-03 13:47:00,cart,1860,Home,283,Desktop,New
1580,3418,2024-02-03 13:48:00,checkout,1860,Home,283,Desktop,New
1580,3418,2024-02-03 13:50:00,purchase,1860,Home,283,Desktop,New
1306,3419,2024-01-03 03:52:00,view,1786,Fashion,392,Desktop,Returning
1711,3420,2024-01-16 21:49:00,view,1533,Fashion,627,Desktop,New
1711,3420,2024-01-16 21:51:00,cart,1533,Fashion,627,Desktop,New
1711,3420,2024-01-16 21:54:00,checkout,1533,Fashion,627,Desktop,New
1711,3420,2024-01-16 21:55:00,purchase,1533,Fashion,627,Desktop,New
162,3421,2024-01-26 18:33:00,view,1965,Beauty,591,Mobile,Returning
162,3421,2024-01-26 18:34:00,cart,1965,Beauty,591,Mobile,Returning
351,3422,2024-01-06 15:34:00,view,1696,Electronics,966,Mobile,New
434,3423,2024-01-20 10:41:00,view,1098,Home,232,Mobile,New
434,3423,2024-01-20 10:43:00,cart,1098,Home,232,Mobile,New
434,3423,2024-01-20 10:45:00,checkout,1098,Home,232,Mobile,New
852,3424,2024-01-01 15:50:00,view,1959,Beauty,532,Mobile,Returning
140,3425,2024-01-15 23:14:00,view,1450,Electronics,560,Desktop,Returning
1495,3426,2024-01-09 12:53:00,view,1714,Home,51,Mobile,Returning
1495,3426,2024-01-09 12:57:00,cart,1714,Home,51,Mobile,Returning
1495,3426,2024-01-09 13:00:00,checkout,1714,Home,51,Mobile,Returning
1495,3426,2024-01-09 13:03:00,purchase,1714,Home,51,Mobile,Returning
1156,3427,2024-01-15 09:47:00,view,1698,Beauty,990,Mobile,Returning
1156,3427,2024-01-15 09:51:00,cart,1698,Beauty,990,Mobile,Returning
1156,3427,2024-01-15 09:52:00,checkout,1698,Beauty,990,Mobile,Returning
1156,3427,2024-01-15 09:56:00,purchase,1698,Beauty,990,Mobile,Returning
87,3428,2024-01-21 22:22:00,view,1046,Fashion,230,Desktop,Returning
87,3428,2024-01-21 22:26:00,cart,1046,Fashion,230,Desktop,Returning
1712,3429,2024-01-23 07:38:00,view,1563,Home,125,Mobile,New
1712,3429,2024-01-23 07:41:00,cart,1563,Home,125,Mobile,New
1712,3429,2024-01-23 07:42:00,checkout,1563,Home,125,Mobile,New
1712,3429,2024-01-23 07:43:00,purchase,1563,Home,125,Mobile,New
183,3430,2024-01-08 16:59:00,view,1707,Home,318,Tablet,Returning
368,3431,2024-01-18 04:24:00,view,1047,Beauty,975,Tablet,Returning
368,3431,2024-01-18 04:26:00,cart,1047,Beauty,975,Tablet,Returning
368,3431,2024-01-18 04:30:00,checkout,1047,Beauty,975,Tablet,Returning
368,3431,2024-01-18 04:34:00,purchase,1047,Beauty,975,Tablet,Returning
129,3432,2024-01-31 14:23:00,view,1188,Fashion,876,Mobile,New
129,3432,2024-01-31 14:25:00,cart,1188,Fashion,876,Mobile,New
1270,3433,2024-01-23 14:42:00,view,1393,Fashion,666,Mobile,New
1625,3434,2024-01-10 19:19:00,view,1026,Beauty,435,Mobile,New
1625,3434,2024-01-10 19:23:00,cart,1026,Beauty,435,Mobile,New
1625,3434,2024-01-10 19:24:00,checkout,1026,Beauty,435,Mobile,New
1625,3434,2024-01-10 19:25:00,purchase,1026,Beauty,435,Mobile,New
1602,3435,2024-01-16 10:21:00,view,1597,Fashion,208,Mobile,New
1602,3435,2024-01-16 10:25:00,cart,1597,Fashion,208,Mobile,New
1602,3435,2024-01-16 10:28:00,checkout,1597,Fashion,208,Mobile,New
1602,3435,2024-01-16 10:30:00,purchase,1597,Fashion,208,Mobile,New
670,3436,2024-02-04 14:58:00,view,1793,Home,192,Mobile,New
1923,3437,2024-02-02 19:49:00,view,1701,Home,950,Mobile,Returning
1402,3438,2024-01-20 23:18:00,view,1537,Home,779,Tablet,New
1402,3438,2024-01-20 23:21:00,cart,1537,Home,779,Tablet,New
1402,3438,2024-01-20 23:24:00,checkout,1537,Home,779,Tablet,New
1402,3438,2024-01-20 23:26:00,purchase,1537,Home,779,Tablet,New
149,3439,2024-01-30 09:15:00,view,1029,Beauty,471,Mobile,New
985,3440,2024-01-29 01:20:00,view,1292,Fashion,40,Desktop,Returning
852,3441,2024-01-03 02:47:00,view,1085,Electronics,137,Mobile,Returning
1457,3442,2024-01-09 02:11:00,view,1250,Home,131,Mobile,Returning
1457,3442,2024-01-09 02:15:00,cart,1250,Home,131,Mobile,Returning
1457,3442,2024-01-09 02:16:00,checkout,1250,Home,131,Mobile,Returning
1457,3442,2024-01-09 02:18:00,purchase,1250,Home,131,Mobile,Returning
628,3443,2024-01-22 13:48:00,view,1942,Electronics,403,Desktop,Returning
1750,3444,2024-01-02 18:15:00,view,1728,Fashion,614,Mobile,New
1493,3445,2024-01-18 06:03:00,view,1190,Electronics,918,Mobile,New
1493,3445,2024-01-18 06:06:00,cart,1190,Electronics,918,Mobile,New
1493,3445,2024-01-18 06:09:00,checkout,1190,Electronics,918,Mobile,New
1493,3445,2024-01-18 06:12:00,purchase,1190,Electronics,918,Mobile,New
446,3446,2024-01-01 23:27:00,view,1743,Beauty,82,Desktop,Returning
446,3446,2024-01-01 23:28:00,cart,1743,Beauty,82,Desktop,Returning
446,3446,2024-01-01 23:29:00,checkout,1743,Beauty,82,Desktop,Returning
1505,3447,2024-01-28 13:52:00,view,1841,Home,204,Desktop,New
884,3448,2024-01-03 21:15:00,view,1976,Beauty,777,Desktop,New
294,3449,2024-01-30 07:14:00,view,1883,Fashion,209,Mobile,New
294,3449,2024-01-30 07:16:00,cart,1883,Fashion,209,Mobile,New
294,3449,2024-01-30 07:17:00,checkout,1883,Fashion,209,Mobile,New
294,3449,2024-01-30 07:18:00,purchase,1883,Fashion,209,Mobile,New
1789,3450,2024-01-11 05:11:00,view,1441,Home,846,Mobile,New
1789,3450,2024-01-11 05:15:00,cart,1441,Home,846,Mobile,New
1789,3450,2024-01-11 05:18:00,checkout,1441,Home,846,Mobile,New
1789,3450,2024-01-11 05:20:00,purchase,1441,Home,846,Mobile,New
1167,3451,2024-01-06 14:27:00,view,1702,Fashion,695,Tablet,Returning
1167,3451,2024-01-06 14:31:00,cart,1702,Fashion,695,Tablet,Returning
250,3452,2024-01-28 12:02:00,view,1630,Beauty,630,Desktop,Returning
250,3452,2024-01-28 12:03:00,cart,1630,Beauty,630,Desktop,Returning
250,3452,2024-01-28 12:06:00,checkout,1630,Beauty,630,Desktop,Returning
878,3453,2024-01-11 21:22:00,view,1254,Electronics,286,Mobile,Returning
948,3454,2024-01-22 12:59:00,view,1028,Electronics,686,Desktop,Returning
948,3454,2024-01-22 13:01:00,cart,1028,Electronics,686,Desktop,Returning
975,3455,2024-01-12 09:35:00,view,1739,Home,212,Mobile,New
975,3455,2024-01-12 09:39:00,cart,1739,Home,212,Mobile,New
975,3455,2024-01-12 09:42:00,checkout,1739,Home,212,Mobile,New
975,3455,2024-01-12 09:45:00,purchase,1739,Home,212,Mobile,New
1326,3456,2024-01-13 18:11:00,view,1042,Home,675,Mobile,New
1326,3456,2024-01-13 18:15:00,cart,1042,Home,675,Mobile,New
1326,3456,2024-01-13 18:18:00,checkout,1042,Home,675,Mobile,New
1326,3456,2024-01-13 18:21:00,purchase,1042,Home,675,Mobile,New
1049,3457,2024-01-05 09:06:00,view,1546,Home,516,Mobile,Returning
1049,3457,2024-01-05 09:10:00,cart,1546,Home,516,Mobile,Returning
1049,3457,2024-01-05 09:13:00,checkout,1546,Home,516,Mobile,Returning
1049,3457,2024-01-05 09:16:00,purchase,1546,Home,516,Mobile,Returning
789,3458,2024-01-29 02:17:00,view,1343,Home,684,Mobile,New
789,3458,2024-01-29 02:18:00,cart,1343,Home,684,Mobile,New
789,3458,2024-01-29 02:22:00,checkout,1343,Home,684,Mobile,New
789,3458,2024-01-29 02:23:00,purchase,1343,Home,684,Mobile,New
984,3459,2024-01-20 12:45:00,view,1230,Electronics,15,Mobile,New
984,3459,2024-01-20 12:49:00,cart,1230,Electronics,15,Mobile,New
984,3459,2024-01-20 12:51:00,checkout,1230,Electronics,15,Mobile,New
984,3459,2024-01-20 12:52:00,purchase,1230,Electronics,15,Mobile,New
889,3460,2024-01-11 09:48:00,view,1593,Fashion,699,Mobile,New
890,3461,2024-01-02 23:04:00,view,1654,Electronics,934,Mobile,New
1925,3462,2024-01-13 03:36:00,view,1552,Fashion,943,Desktop,Returning
1925,3462,2024-01-13 03:40:00,cart,1552,Fashion,943,Desktop,Returning
1925,3462,2024-01-13 03:41:00,checkout,1552,Fashion,943,Desktop,Returning
1925,3462,2024-01-13 03:44:00,purchase,1552,Fashion,943,Desktop,Returning
70,3463,2024-01-12 11:39:00,view,1497,Home,487,Desktop,Returning
625,3464,2024-01-04 01:21:00,view,1448,Fashion,752,Desktop,Returning
875,3465,2024-01-05 00:30:00,view,1199,Electronics,546,Desktop,New
875,3465,2024-01-05 00:34:00,cart,1199,Electronics,546,Desktop,New
875,3465,2024-01-05 00:37:00,checkout,1199,Electronics,546,Desktop,New
875,3465,2024-01-05 00:38:00,purchase,1199,Electronics,546,Desktop,New
1136,3466,2024-01-11 17:49:00,view,1867,Home,104,Mobile,New
1388,3467,2024-01-15 10:56:00,view,1954,Fashion,465,Mobile,New
1388,3467,2024-01-15 10:58:00,cart,1954,Fashion,465,Mobile,New
1327,3468,2024-01-12 05:34:00,view,1310,Fashion,707,Desktop,New
1327,3468,2024-01-12 05:37:00,cart,1310,Fashion,707,Desktop,New
1327,3468,2024-01-12 05:38:00,checkout,1310,Fashion,707,Desktop,New
1327,3468,2024-01-12 05:42:00,purchase,1310,Fashion,707,Desktop,New
471,3469,2024-01-06 14:56:00,view,1188,Home,469,Mobile,New
1988,3470,2024-01-27 13:24:00,view,1103,Fashion,123,Mobile,New
1988,3470,2024-01-27 13:26:00,cart,1103,Fashion,123,Mobile,New
1988,3470,2024-01-27 13:29:00,checkout,1103,Fashion,123,Mobile,New
1988,3470,2024-01-27 13:30:00,purchase,1103,Fashion,123,Mobile,New
91,3471,2024-01-21 04:38:00,view,1482,Electronics,691,Mobile,New
91,3471,2024-01-21 04:39:00,cart,1482,Electronics,691,Mobile,New
530,3472,2024-01-11 13:42:00,view,1688,Home,644,Desktop,Returning
661,3473,2024-01-19 12:59:00,view,1351,Home,355,Mobile,New
661,3473,2024-01-19 13:02:00,cart,1351,Home,355,Mobile,New
739,3474,2024-02-04 14:25:00,view,1542,Fashion,200,Desktop,New
739,3474,2024-02-04 14:29:00,cart,1542,Fashion,200,Desktop,New
739,3474,2024-02-04 14:32:00,checkout,1542,Fashion,200,Desktop,New
739,3474,2024-02-04 14:34:00,purchase,1542,Fashion,200,Desktop,New
726,3475,2024-01-15 06:14:00,view,1215,Beauty,492,Mobile,Returning
726,3475,2024-01-15 06:15:00,cart,1215,Beauty,492,Mobile,Returning
726,3475,2024-01-15 06:18:00,checkout,1215,Beauty,492,Mobile,Returning
726,3475,2024-01-15 06:21:00,purchase,1215,Beauty,492,Mobile,Returning
872,3476,2024-01-17 18:28:00,view,1345,Fashion,184,Desktop,New
872,3476,2024-01-17 18:29:00,cart,1345,Fashion,184,Desktop,New
872,3476,2024-01-17 18:33:00,checkout,1345,Fashion,184,Desktop,New
872,3476,2024-01-17 18:35:00,purchase,1345,Fashion,184,Desktop,New
1687,3477,2024-01-18 19:34:00,view,1213,Beauty,906,Desktop,Returning
192,3478,2024-02-04 13:26:00,view,1549,Beauty,406,Desktop,Returning
192,3478,2024-02-04 13:28:00,cart,1549,Beauty,406,Desktop,Returning
192,3478,2024-02-04 13:30:00,checkout,1549,Beauty,406,Desktop,Returning
1987,3479,2024-01-25 20:38:00,view,1990,Beauty,702,Mobile,Returning
1987,3479,2024-01-25 20:41:00,cart,1990,Beauty,702,Mobile,Returning
1987,3479,2024-01-25 20:44:00,checkout,1990,Beauty,702,Mobile,Returning
1987,3479,2024-01-25 20:46:00,purchase,1990,Beauty,702,Mobile,Returning
1576,3480,2024-01-07 04:24:00,view,1102,Electronics,487,Mobile,New
1576,3480,2024-01-07 04:26:00,cart,1102,Electronics,487,Mobile,New
1266,3481,2024-01-22 16:38:00,view,1321,Fashion,720,Desktop,New
1266,3481,2024-01-22 16:40:00,cart,1321,Fashion,720,Desktop,New
1266,3481,2024-01-22 16:41:00,checkout,1321,Fashion,720,Desktop,New
1266,3481,2024-01-22 16:43:00,purchase,1321,Fashion,720,Desktop,New
138,3482,2024-01-05 12:25:00,view,1080,Fashion,693,Mobile,Returning
138,3482,2024-01-05 12:29:00,cart,1080,Fashion,693,Mobile,Returning
138,3482,2024-01-05 12:30:00,checkout,1080,Fashion,693,Mobile,Returning
138,3482,2024-01-05 12:33:00,purchase,1080,Fashion,693,Mobile,Returning
345,3483,2024-01-03 21:50:00,view,1962,Beauty,895,Mobile,New
345,3483,2024-01-03 21:51:00,cart,1962,Beauty,895,Mobile,New
1204,3484,2024-01-28 00:23:00,view,1539,Beauty,590,Mobile,New
1204,3484,2024-01-28 00:26:00,cart,1539,Beauty,590,Mobile,New
1009,3485,2024-01-26 01:58:00,view,1231,Fashion,836,Desktop,New
1009,3485,2024-01-26 02:01:00,cart,1231,Fashion,836,Desktop,New
1009,3485,2024-01-26 02:03:00,checkout,1231,Fashion,836,Desktop,New
1009,3485,2024-01-26 02:06:00,purchase,1231,Fashion,836,Desktop,New
1736,3486,2024-01-18 11:16:00,view,1085,Electronics,374,Mobile,Returning
503,3487,2024-02-04 02:26:00,view,1629,Beauty,63,Desktop,New
503,3487,2024-02-04 02:29:00,cart,1629,Beauty,63,Desktop,New
203,3488,2024-01-18 07:52:00,view,1533,Beauty,840,Mobile,New
573,3489,2024-01-31 11:47:00,view,1372,Home,994,Mobile,New
573,3489,2024-01-31 11:51:00,cart,1372,Home,994,Mobile,New
573,3489,2024-01-31 11:52:00,checkout,1372,Home,994,Mobile,New
573,3489,2024-01-31 11:54:00,purchase,1372,Home,994,Mobile,New
192,3490,2024-01-05 11:46:00,view,1615,Home,99,Desktop,Returning
192,3490,2024-01-05 11:47:00,cart,1615,Home,99,Desktop,Returning
5,3491,2024-01-01 23:55:00,view,1328,Electronics,24,Mobile,New
1914,3492,2024-01-20 19:17:00,view,1995,Electronics,719,Mobile,New
1261,3493,2024-01-14 03:58:00,view,1921,Electronics,204,Desktop,New
1717,3494,2024-01-26 10:15:00,view,1819,Fashion,214,Desktop,New
1717,3494,2024-01-26 10:17:00,cart,1819,Fashion,214,Desktop,New
311,3495,2024-01-30 18:46:00,view,1717,Beauty,505,Mobile,New
311,3495,2024-01-30 18:49:00,cart,1717,Beauty,505,Mobile,New
311,3495,2024-01-30 18:51:00,checkout,1717,Beauty,505,Mobile,New
311,3495,2024-01-30 18:55:00,purchase,1717,Beauty,505,Mobile,New
549,3496,2024-01-23 14:27:00,view,1843,Home,472,Desktop,New
549,3496,2024-01-23 14:29:00,cart,1843,Home,472,Desktop,New
549,3496,2024-01-23 14:31:00,checkout,1843,Home,472,Desktop,New
549,3496,2024-01-23 14:34:00,purchase,1843,Home,472,Desktop,New
56,3497,2024-01-12 00:51:00,view,1610,Beauty,398,Desktop,Returning
443,3498,2024-01-05 08:57:00,view,1840,Fashion,111,Desktop,New
1261,3499,2024-01-23 08:28:00,view,1337,Fashion,894,Mobile,New
870,3500,2024-01-06 00:58:00,view,1777,Home,893,Mobile,Returning
870,3500,2024-01-06 00:59:00,cart,1777,Home,893,Mobile,Returning
1885,3501,2024-01-13 17:18:00,view,1953,Electronics,401,Desktop,New
1885,3501,2024-01-13 17:19:00,cart,1953,Electronics,401,Desktop,New
1885,3501,2024-01-13 17:22:00,checkout,1953,Electronics,401,Desktop,New
1885,3501,2024-01-13 17:23:00,purchase,1953,Electronics,401,Desktop,New
1221,3502,2024-02-03 17:15:00,view,1714,Home,917,Desktop,Returning
1221,3502,2024-02-03 17:17:00,cart,1714,Home,917,Desktop,Returning
585,3503,2024-01-02 02:06:00,view,1031,Fashion,608,Mobile,Returning
1595,3504,2024-01-08 04:27:00,view,1835,Fashion,485,Mobile,Returning
1595,3504,2024-01-08 04:28:00,cart,1835,Fashion,485,Mobile,Returning
752,3505,2024-01-31 07:46:00,view,1387,Fashion,908,Mobile,Returning
752,3505,2024-01-31 07:50:00,cart,1387,Fashion,908,Mobile,Returning
752,3505,2024-01-31 07:51:00,checkout,1387,Fashion,908,Mobile,Returning
752,3505,2024-01-31 07:53:00,purchase,1387,Fashion,908,Mobile,Returning
1538,3506,2024-01-01 19:51:00,view,1882,Fashion,801,Mobile,Returning
1538,3506,2024-01-01 19:52:00,cart,1882,Fashion,801,Mobile,Returning
1473,3507,2024-01-18 21:19:00,view,1035,Electronics,529,Mobile,Returning
1473,3507,2024-01-18 21:22:00,cart,1035,Electronics,529,Mobile,Returning
1473,3507,2024-01-18 21:23:00,checkout,1035,Electronics,529,Mobile,Returning
1473,3507,2024-01-18 21:24:00,purchase,1035,Electronics,529,Mobile,Returning
360,3508,2024-01-04 11:47:00,view,1969,Electronics,77,Mobile,New
360,3508,2024-01-04 11:51:00,cart,1969,Electronics,77,Mobile,New
360,3508,2024-01-04 11:54:00,checkout,1969,Electronics,77,Mobile,New
360,3508,2024-01-04 11:58:00,purchase,1969,Electronics,77,Mobile,New
1724,3509,2024-01-19 00:36:00,view,1328,Home,783,Desktop,New
1724,3509,2024-01-19 00:37:00,cart,1328,Home,783,Desktop,New
819,3510,2024-01-04 19:33:00,view,1386,Beauty,863,Mobile,New
819,3510,2024-01-04 19:36:00,cart,1386,Beauty,863,Mobile,New
819,3510,2024-01-04 19:39:00,checkout,1386,Beauty,863,Mobile,New
819,3510,2024-01-04 19:41:00,purchase,1386,Beauty,863,Mobile,New
30,3511,2024-01-10 16:38:00,view,1397,Electronics,109,Desktop,New
1803,3512,2024-01-12 23:51:00,view,1939,Home,825,Mobile,New
108,3513,2024-01-22 07:51:00,view,1540,Electronics,252,Mobile,Returning
108,3513,2024-01-22 07:52:00,cart,1540,Electronics,252,Mobile,Returning
108,3513,2024-01-22 07:53:00,checkout,1540,Electronics,252,Mobile,Returning
108,3513,2024-01-22 07:56:00,purchase,1540,Electronics,252,Mobile,Returning
844,3514,2024-01-01 06:31:00,view,1018,Home,682,Mobile,Returning
1959,3515,2024-01-03 11:44:00,view,1007,Beauty,20,Mobile,Returning
1626,3516,2024-01-24 01:26:00,view,1549,Beauty,669,Desktop,Returning
717,3517,2024-01-19 00:33:00,view,1934,Beauty,470,Desktop,Returning
717,3517,2024-01-19 00:35:00,cart,1934,Beauty,470,Desktop,Returning
891,3518,2024-01-25 11:12:00,view,1787,Beauty,383,Mobile,Returning
1992,3519,2024-02-03 18:51:00,view,1996,Fashion,665,Mobile,New
1983,3520,2024-01-13 00:00:00,view,1505,Home,867,Mobile,New
1983,3520,2024-01-13 00:03:00,cart,1505,Home,867,Mobile,New
1983,3520,2024-01-13 00:05:00,checkout,1505,Home,867,Mobile,New
1983,3520,2024-01-13 00:08:00,purchase,1505,Home,867,Mobile,New
960,3521,2024-01-16 15:09:00,view,1024,Home,267,Desktop,Returning
960,3521,2024-01-16 15:10:00,cart,1024,Home,267,Desktop,Returning
960,3521,2024-01-16 15:13:00,checkout,1024,Home,267,Desktop,Returning
960,3521,2024-01-16 15:16:00,purchase,1024,Home,267,Desktop,Returning
1469,3522,2024-01-02 19:54:00,view,1342,Fashion,957,Desktop,Returning
1469,3522,2024-01-02 19:58:00,cart,1342,Fashion,957,Desktop,Returning
893,3523,2024-01-03 06:36:00,view,1549,Beauty,86,Mobile,Returning
1462,3524,2024-01-21 07:09:00,view,1454,Electronics,51,Desktop,Returning
732,3525,2024-01-26 14:40:00,view,1589,Home,204,Desktop,Returning
732,3525,2024-01-26 14:43:00,cart,1589,Home,204,Desktop,Returning
732,3525,2024-01-26 14:46:00,checkout,1589,Home,204,Desktop,Returning
732,3525,2024-01-26 14:47:00,purchase,1589,Home,204,Desktop,Returning
1914,3526,2024-01-01 00:52:00,view,1792,Beauty,457,Mobile,New
606,3527,2024-01-08 08:11:00,view,1714,Home,245,Mobile,New
457,3528,2024-02-03 06:07:00,view,1653,Beauty,848,Desktop,New
457,3528,2024-02-03 06:10:00,cart,1653,Beauty,848,Desktop,New
457,3528,2024-02-03 06:13:00,checkout,1653,Beauty,848,Desktop,New
457,3528,2024-02-03 06:14:00,purchase,1653,Beauty,848,Desktop,New
615,3529,2024-01-18 07:14:00,view,1601,Beauty,175,Desktop,Returning
1759,3530,2024-01-29 04:29:00,view,1437,Fashion,789,Mobile,New
1759,3530,2024-01-29 04:32:00,cart,1437,Fashion,789,Mobile,New
1759,3530,2024-01-29 04:34:00,checkout,1437,Fashion,789,Mobile,New
698,3531,2024-01-01 04:09:00,view,1178,Electronics,61,Mobile,New
698,3531,2024-01-01 04:13:00,cart,1178,Electronics,61,Mobile,New
698,3531,2024-01-01 04:14:00,checkout,1178,Electronics,61,Mobile,New
698,3531,2024-01-01 04:17:00,purchase,1178,Electronics,61,Mobile,New
1720,3532,2024-02-02 12:55:00,view,1465,Home,247,Mobile,New
1720,3532,2024-02-02 12:58:00,cart,1465,Home,247,Mobile,New
1720,3532,2024-02-02 13:02:00,checkout,1465,Home,247,Mobile,New
1720,3532,2024-02-02 13:03:00,purchase,1465,Home,247,Mobile,New
1519,3533,2024-01-17 00:19:00,view,1090,Home,81,Mobile,New
1519,3533,2024-01-17 00:20:00,cart,1090,Home,81,Mobile,New
1519,3533,2024-01-17 00:22:00,checkout,1090,Home,81,Mobile,New
674,3534,2024-01-06 23:08:00,view,1169,Fashion,163,Desktop,New
674,3534,2024-01-06 23:11:00,cart,1169,Fashion,163,Desktop,New
674,3534,2024-01-06 23:15:00,checkout,1169,Fashion,163,Desktop,New
674,3534,2024-01-06 23:18:00,purchase,1169,Fashion,163,Desktop,New
1271,3535,2024-02-01 01:39:00,view,1650,Electronics,376,Mobile,Returning
1271,3535,2024-02-01 01:42:00,cart,1650,Electronics,376,Mobile,Returning
1271,3535,2024-02-01 01:44:00,checkout,1650,Electronics,376,Mobile,Returning
1271,3535,2024-02-01 01:45:00,purchase,1650,Electronics,376,Mobile,Returning
543,3536,2024-01-24 17:13:00,view,1197,Home,642,Desktop,New
543,3536,2024-01-24 17:14:00,cart,1197,Home,642,Desktop,New
1588,3537,2024-01-07 20:58:00,view,1650,Beauty,532,Desktop,New
1588,3537,2024-01-07 21:00:00,cart,1650,Beauty,532,Desktop,New
857,3538,2024-01-12 20:39:00,view,1159,Electronics,28,Mobile,New
857,3538,2024-01-12 20:42:00,cart,1159,Electronics,28,Mobile,New
857,3538,2024-01-12 20:44:00,checkout,1159,Electronics,28,Mobile,New
1612,3539,2024-01-23 14:25:00,view,1628,Electronics,158,Mobile,Returning
1612,3539,2024-01-23 14:27:00,cart,1628,Electronics,158,Mobile,Returning
1612,3539,2024-01-23 14:29:00,checkout,1628,Electronics,158,Mobile,Returning
1612,3539,2024-01-23 14:31:00,purchase,1628,Electronics,158,Mobile,Returning
897,3540,2024-02-02 10:46:00,view,1832,Beauty,493,Mobile,New
897,3540,2024-02-02 10:47:00,cart,1832,Beauty,493,Mobile,New
1463,3541,2024-01-01 00:56:00,view,1296,Beauty,78,Desktop,New
278,3542,2024-01-28 17:46:00,view,1044,Electronics,982,Mobile,Returning
278,3542,2024-01-28 17:50:00,cart,1044,Electronics,982,Mobile,Returning
278,3542,2024-01-28 17:54:00,checkout,1044,Electronics,982,Mobile,Returning
278,3542,2024-01-28 17:57:00,purchase,1044,Electronics,982,Mobile,Returning
552,3543,2024-02-01 11:22:00,view,1607,Home,58,Desktop,Returning
552,3543,2024-02-01 11:24:00,cart,1607,Home,58,Desktop,Returning
552,3543,2024-02-01 11:26:00,checkout,1607,Home,58,Desktop,Returning
552,3543,2024-02-01 11:28:00,purchase,1607,Home,58,Desktop,Returning
1637,3544,2024-01-23 09:00:00,view,1922,Electronics,52,Desktop,New
1637,3544,2024-01-23 09:03:00,cart,1922,Electronics,52,Desktop,New
1637,3544,2024-01-23 09:06:00,checkout,1922,Electronics,52,Desktop,New
1637,3544,2024-01-23 09:10:00,purchase,1922,Electronics,52,Desktop,New
111,3545,2024-01-27 17:07:00,view,1066,Beauty,313,Mobile,New
385,3546,2024-01-17 17:26:00,view,1151,Home,128,Desktop,Returning
385,3546,2024-01-17 17:27:00,cart,1151,Home,128,Desktop,Returning
385,3546,2024-01-17 17:30:00,checkout,1151,Home,128,Desktop,Returning
1857,3547,2024-01-05 05:57:00,view,1963,Home,872,Tablet,Returning
761,3548,2024-01-15 23:39:00,view,1041,Beauty,657,Mobile,New
761,3548,2024-01-15 23:43:00,cart,1041,Beauty,657,Mobile,New
1215,3549,2024-01-02 00:20:00,view,1910,Beauty,809,Mobile,Returning
1514,3550,2024-01-23 19:10:00,view,1881,Home,78,Tablet,New
1514,3550,2024-01-23 19:13:00,cart,1881,Home,78,Tablet,New
1514,3550,2024-01-23 19:17:00,checkout,1881,Home,78,Tablet,New
1514,3550,2024-01-23 19:21:00,purchase,1881,Home,78,Tablet,New
694,3551,2024-01-01 15:29:00,view,1148,Electronics,60,Tablet,New
694,3551,2024-01-01 15:33:00,cart,1148,Electronics,60,Tablet,New
1450,3552,2024-01-27 05:59:00,view,1579,Fashion,945,Mobile,Returning
405,3553,2024-01-01 12:05:00,view,1075,Beauty,665,Mobile,New
1359,3554,2024-01-06 13:03:00,view,1958,Home,372,Mobile,New
1233,3555,2024-01-21 07:15:00,view,1738,Fashion,33,Tablet,New
22,3556,2024-01-07 00:28:00,view,1604,Electronics,499,Mobile,New
22,3556,2024-01-07 00:31:00,cart,1604,Electronics,499,Mobile,New
22,3556,2024-01-07 00:34:00,checkout,1604,Electronics,499,Mobile,New
22,3556,2024-01-07 00:36:00,purchase,1604,Electronics,499,Mobile,New
678,3557,2024-01-18 22:03:00,view,1869,Beauty,236,Mobile,New
611,3558,2024-01-21 03:43:00,view,1891,Beauty,735,Desktop,New
1232,3559,2024-01-04 05:09:00,view,1287,Home,790,Mobile,New
1232,3559,2024-01-04 05:12:00,cart,1287,Home,790,Mobile,New
8,3560,2024-01-08 00:07:00,view,1602,Fashion,765,Desktop,Returning
8,3560,2024-01-08 00:09:00,cart,1602,Fashion,765,Desktop,Returning
702,3561,2024-01-17 20:38:00,view,1323,Fashion,671,Mobile,New
702,3561,2024-01-17 20:40:00,cart,1323,Fashion,671,Mobile,New
702,3561,2024-01-17 20:44:00,checkout,1323,Fashion,671,Mobile,New
702,3561,2024-01-17 20:48:00,purchase,1323,Fashion,671,Mobile,New
1711,3562,2024-01-24 07:56:00,view,1433,Beauty,825,Desktop,New
1809,3563,2024-01-21 15:26:00,view,1645,Fashion,502,Mobile,New
1809,3563,2024-01-21 15:29:00,cart,1645,Fashion,502,Mobile,New
529,3564,2024-01-24 04:32:00,view,1125,Fashion,952,Desktop,New
529,3564,2024-01-24 04:36:00,cart,1125,Fashion,952,Desktop,New
529,3564,2024-01-24 04:39:00,checkout,1125,Fashion,952,Desktop,New
529,3564,2024-01-24 04:43:00,purchase,1125,Fashion,952,Desktop,New
602,3565,2024-02-01 03:56:00,view,1951,Fashion,452,Desktop,New
602,3565,2024-02-01 03:57:00,cart,1951,Fashion,452,Desktop,New
602,3565,2024-02-01 03:58:00,checkout,1951,Fashion,452,Desktop,New
602,3565,2024-02-01 04:01:00,purchase,1951,Fashion,452,Desktop,New
1677,3566,2024-01-28 07:33:00,view,1674,Electronics,961,Mobile,New
657,3567,2024-01-27 06:35:00,view,1239,Home,115,Mobile,New
166,3568,2024-01-16 01:26:00,view,1911,Beauty,341,Mobile,Returning
849,3569,2024-02-02 16:33:00,view,1828,Electronics,654,Mobile,New
849,3569,2024-02-02 16:37:00,cart,1828,Electronics,654,Mobile,New
496,3570,2024-01-24 01:51:00,view,1737,Fashion,522,Desktop,New
496,3570,2024-01-24 01:54:00,cart,1737,Fashion,522,Desktop,New
590,3571,2024-01-29 21:35:00,view,1094,Home,42,Desktop,New
429,3572,2024-01-22 03:08:00,view,1833,Beauty,630,Mobile,New
774,3573,2024-01-09 19:31:00,view,1608,Fashion,32,Desktop,New
774,3573,2024-01-09 19:33:00,cart,1608,Fashion,32,Desktop,New
774,3573,2024-01-09 19:37:00,checkout,1608,Fashion,32,Desktop,New
774,3573,2024-01-09 19:40:00,purchase,1608,Fashion,32,Desktop,New
163,3574,2024-01-27 06:08:00,view,1021,Home,218,Desktop,Returning
163,3574,2024-01-27 06:12:00,cart,1021,Home,218,Desktop,Returning
366,3575,2024-02-03 14:53:00,view,1138,Fashion,916,Desktop,New
366,3575,2024-02-03 14:54:00,cart,1138,Fashion,916,Desktop,New
366,3575,2024-02-03 14:58:00,checkout,1138,Fashion,916,Desktop,New
366,3575,2024-02-03 15:02:00,purchase,1138,Fashion,916,Desktop,New
1550,3576,2024-01-24 18:12:00,view,1423,Beauty,165,Mobile,Returning
1550,3576,2024-01-24 18:15:00,cart,1423,Beauty,165,Mobile,Returning
1550,3576,2024-01-24 18:17:00,checkout,1423,Beauty,165,Mobile,Returning
1550,3576,2024-01-24 18:18:00,purchase,1423,Beauty,165,Mobile,Returning
1263,3577,2024-01-16 07:42:00,view,1108,Beauty,10,Mobile,New
1263,3577,2024-01-16 07:44:00,cart,1108,Beauty,10,Mobile,New
1263,3577,2024-01-16 07:46:00,checkout,1108,Beauty,10,Mobile,New
1263,3577,2024-01-16 07:50:00,purchase,1108,Beauty,10,Mobile,New
72,3578,2024-01-31 07:37:00,view,1622,Home,599,Mobile,New
1469,3579,2024-01-09 21:59:00,view,1527,Beauty,974,Mobile,Returning
655,3580,2024-01-20 09:00:00,view,1379,Beauty,662,Mobile,New
655,3580,2024-01-20 09:02:00,cart,1379,Beauty,662,Mobile,New
655,3580,2024-01-20 09:05:00,checkout,1379,Beauty,662,Mobile,New
655,3580,2024-01-20 09:07:00,purchase,1379,Beauty,662,Mobile,New
1846,3581,2024-02-03 15:39:00,view,1332,Beauty,166,Mobile,New
1846,3581,2024-02-03 15:40:00,cart,1332,Beauty,166,Mobile,New
1846,3581,2024-02-03 15:41:00,checkout,1332,Beauty,166,Mobile,New
1846,3581,2024-02-03 15:42:00,purchase,1332,Beauty,166,Mobile,New
1533,3582,2024-01-21 06:19:00,view,1401,Beauty,525,Mobile,Returning
1819,3583,2024-01-23 20:35:00,view,1363,Beauty,933,Desktop,Returning
1819,3583,2024-01-23 20:39:00,cart,1363,Beauty,933,Desktop,Returning
1819,3583,2024-01-23 20:43:00,checkout,1363,Beauty,933,Desktop,Returning
269,3584,2024-01-28 02:26:00,view,1219,Electronics,598,Mobile,New
1777,3585,2024-01-11 13:44:00,view,1905,Beauty,352,Mobile,Returning
415,3586,2024-01-04 20:04:00,view,1132,Beauty,927,Mobile,Returning
415,3586,2024-01-04 20:05:00,cart,1132,Beauty,927,Mobile,Returning
1269,3587,2024-01-23 02:29:00,view,1771,Beauty,820,Mobile,Returning
1269,3587,2024-01-23 02:33:00,cart,1771,Beauty,820,Mobile,Returning
1016,3588,2024-01-15 21:16:00,view,1729,Fashion,320,Mobile,Returning
675,3589,2024-01-14 19:01:00,view,1429,Home,352,Mobile,New
675,3589,2024-01-14 19:02:00,cart,1429,Home,352,Mobile,New
675,3589,2024-01-14 19:04:00,checkout,1429,Home,352,Mobile,New
675,3589,2024-01-14 19:08:00,purchase,1429,Home,352,Mobile,New
1084,3590,2024-01-19 03:26:00,view,1354,Fashion,504,Mobile,Returning
6,3591,2024-01-06 08:52:00,view,1235,Electronics,209,Mobile,New
6,3591,2024-01-06 08:53:00,cart,1235,Electronics,209,Mobile,New
6,3591,2024-01-06 08:56:00,checkout,1235,Electronics,209,Mobile,New
6,3591,2024-01-06 08:58:00,purchase,1235,Electronics,209,Mobile,New
1733,3592,2024-01-03 03:21:00,view,1340,Home,910,Mobile,New
1733,3592,2024-01-03 03:22:00,cart,1340,Home,910,Mobile,New
1733,3592,2024-01-03 03:25:00,checkout,1340,Home,910,Mobile,New
982,3593,2024-01-05 18:04:00,view,1421,Fashion,408,Mobile,Returning
570,3594,2024-02-01 00:08:00,view,1557,Home,569,Desktop,New
570,3594,2024-02-01 00:12:00,cart,1557,Home,569,Desktop,New
1841,3595,2024-01-09 19:23:00,view,1970,Home,653,Mobile,New
407,3596,2024-01-04 03:49:00,view,1474,Fashion,796,Mobile,New
407,3596,2024-01-04 03:53:00,cart,1474,Fashion,796,Mobile,New
1241,3597,2024-01-10 03:21:00,view,1962,Fashion,930,Mobile,Returning
1954,3598,2024-01-18 23:11:00,view,1445,Fashion,737,Mobile,Returning
1954,3598,2024-01-18 23:14:00,cart,1445,Fashion,737,Mobile,Returning
1954,3598,2024-01-18 23:16:00,checkout,1445,Fashion,737,Mobile,Returning
1954,3598,2024-01-18 23:17:00,purchase,1445,Fashion,737,Mobile,Returning
26,3599,2024-01-28 22:41:00,view,1386,Beauty,65,Mobile,Returning
26,3599,2024-01-28 22:44:00,cart,1386,Beauty,65,Mobile,Returning
26,3599,2024-01-28 22:45:00,checkout,1386,Beauty,65,Mobile,Returning
26,3599,2024-01-28 22:48:00,purchase,1386,Beauty,65,Mobile,Returning
1839,3600,2024-01-24 17:45:00,view,1341,Beauty,461,Mobile,Returning
1839,3600,2024-01-24 17:49:00,cart,1341,Beauty,461,Mobile,Returning
1839,3600,2024-01-24 17:50:00,checkout,1341,Beauty,461,Mobile,Returning
1839,3600,2024-01-24 17:54:00,purchase,1341,Beauty,461,Mobile,Returning
1029,3601,2024-01-31 12:50:00,view,1595,Fashion,403,Desktop,New
986,3602,2024-01-09 04:44:00,view,1035,Fashion,806,Mobile,New
986,3602,2024-01-09 04:47:00,cart,1035,Fashion,806,Mobile,New
986,3602,2024-01-09 04:50:00,checkout,1035,Fashion,806,Mobile,New
986,3602,2024-01-09 04:52:00,purchase,1035,Fashion,806,Mobile,New
1556,3603,2024-01-15 09:15:00,view,1029,Electronics,984,Mobile,New
390,3604,2024-01-25 21:07:00,view,1986,Fashion,966,Desktop,Returning
710,3605,2024-01-18 18:49:00,view,1757,Electronics,282,Desktop,Returning
571,3606,2024-01-21 10:38:00,view,1920,Beauty,48,Mobile,New
1472,3607,2024-01-02 02:33:00,view,1613,Fashion,324,Mobile,Returning
1472,3607,2024-01-02 02:34:00,cart,1613,Fashion,324,Mobile,Returning
1472,3607,2024-01-02 02:35:00,checkout,1613,Fashion,324,Mobile,Returning
1472,3607,2024-01-02 02:39:00,purchase,1613,Fashion,324,Mobile,Returning
754,3608,2024-01-19 02:27:00,view,1854,Electronics,879,Mobile,New
146,3609,2024-01-12 11:54:00,view,1331,Fashion,56,Mobile,New
146,3609,2024-01-12 11:58:00,cart,1331,Fashion,56,Mobile,New
146,3609,2024-01-12 12:01:00,checkout,1331,Fashion,56,Mobile,New
146,3609,2024-01-12 12:02:00,purchase,1331,Fashion,56,Mobile,New
1412,3610,2024-01-21 21:42:00,view,1006,Home,35,Mobile,New
785,3611,2024-01-30 15:58:00,view,1898,Electronics,441,Mobile,New
785,3611,2024-01-30 16:00:00,cart,1898,Electronics,441,Mobile,New
785,3611,2024-01-30 16:03:00,checkout,1898,Electronics,441,Mobile,New
785,3611,2024-01-30 16:06:00,purchase,1898,Electronics,441,Mobile,New
1273,3612,2024-01-13 06:22:00,view,1453,Electronics,338,Desktop,Returning
526,3613,2024-01-05 01:12:00,view,1074,Beauty,473,Mobile,New
1486,3614,2024-01-17 19:48:00,view,1258,Beauty,698,Mobile,New
1486,3614,2024-01-17 19:50:00,cart,1258,Beauty,698,Mobile,New
1486,3614,2024-01-17 19:54:00,checkout,1258,Beauty,698,Mobile,New
1486,3614,2024-01-17 19:55:00,purchase,1258,Beauty,698,Mobile,New
13,3615,2024-01-23 13:29:00,view,1039,Home,877,Mobile,Returning
903,3616,2024-02-03 18:09:00,view,1807,Electronics,736,Desktop,New
903,3616,2024-02-03 18:12:00,cart,1807,Electronics,736,Desktop,New
903,3616,2024-02-03 18:13:00,checkout,1807,Electronics,736,Desktop,New
384,3617,2024-01-17 07:14:00,view,1512,Electronics,617,Mobile,Returning
556,3618,2024-01-20 22:15:00,view,1006,Beauty,442,Desktop,New
556,3618,2024-01-20 22:18:00,cart,1006,Beauty,442,Desktop,New
887,3619,2024-01-10 14:11:00,view,1933,Electronics,107,Mobile,Returning
887,3619,2024-01-10 14:14:00,cart,1933,Electronics,107,Mobile,Returning
887,3619,2024-01-10 14:18:00,checkout,1933,Electronics,107,Mobile,Returning
887,3619,2024-01-10 14:20:00,purchase,1933,Electronics,107,Mobile,Returning
1423,3620,2024-01-08 03:09:00,view,1906,Fashion,879,Mobile,New
19,3621,2024-01-03 19:59:00,view,1525,Fashion,522,Mobile,New
575,3622,2024-01-29 15:34:00,view,1788,Fashion,387,Mobile,Returning
575,3622,2024-01-29 15:36:00,cart,1788,Fashion,387,Mobile,Returning
1515,3623,2024-01-31 15:08:00,view,1889,Fashion,177,Mobile,New
1515,3623,2024-01-31 15:12:00,cart,1889,Fashion,177,Mobile,New
751,3624,2024-01-19 18:53:00,view,1232,Fashion,146,Mobile,New
751,3624,2024-01-19 18:57:00,cart,1232,Fashion,146,Mobile,New
751,3624,2024-01-19 19:00:00,checkout,1232,Fashion,146,Mobile,New
751,3624,2024-01-19 19:04:00,purchase,1232,Fashion,146,Mobile,New
1004,3625,2024-01-23 20:40:00,view,1430,Home,281,Mobile,Returning
419,3626,2024-01-16 13:27:00,view,1405,Home,302,Desktop,Returning
1361,3627,2024-01-27 08:44:00,view,1937,Beauty,272,Mobile,Returning
1361,3627,2024-01-27 08:46:00,cart,1937,Beauty,272,Mobile,Returning
1361,3627,2024-01-27 08:50:00,checkout,1937,Beauty,272,Mobile,Returning
1361,3627,2024-01-27 08:51:00,purchase,1937,Beauty,272,Mobile,Returning
419,3628,2024-01-21 20:17:00,view,1910,Electronics,509,Mobile,Returning
419,3628,2024-01-21 20:19:00,cart,1910,Electronics,509,Mobile,Returning
419,3628,2024-01-21 20:22:00,checkout,1910,Electronics,509,Mobile,Returning
419,3628,2024-01-21 20:24:00,purchase,1910,Electronics,509,Mobile,Returning
1939,3629,2024-01-21 07:36:00,view,1599,Home,672,Mobile,New
1940,3630,2024-02-03 02:16:00,view,1309,Beauty,787,Desktop,New
1636,3631,2024-02-04 04:56:00,view,1031,Beauty,350,Tablet,New
1636,3631,2024-02-04 04:59:00,cart,1031,Beauty,350,Tablet,New
1636,3631,2024-02-04 05:02:00,checkout,1031,Beauty,350,Tablet,New
1699,3632,2024-01-16 19:13:00,view,1336,Electronics,636,Mobile,Returning
1699,3632,2024-01-16 19:14:00,cart,1336,Electronics,636,Mobile,Returning
1952,3633,2024-01-18 19:27:00,view,1912,Electronics,520,Mobile,New
122,3634,2024-01-31 14:29:00,view,1712,Fashion,543,Mobile,Returning
122,3634,2024-01-31 14:32:00,cart,1712,Fashion,543,Mobile,Returning
432,3635,2024-01-30 11:41:00,view,1589,Fashion,814,Desktop,Returning
432,3635,2024-01-30 11:45:00,cart,1589,Fashion,814,Desktop,Returning
432,3635,2024-01-30 11:47:00,checkout,1589,Fashion,814,Desktop,Returning
432,3635,2024-01-30 11:48:00,purchase,1589,Fashion,814,Desktop,Returning
44,3636,2024-02-03 04:27:00,view,1578,Electronics,722,Desktop,Returning
44,3636,2024-02-03 04:28:00,cart,1578,Electronics,722,Desktop,Returning
44,3636,2024-02-03 04:30:00,checkout,1578,Electronics,722,Desktop,Returning
44,3636,2024-02-03 04:33:00,purchase,1578,Electronics,722,Desktop,Returning
1896,3637,2024-01-05 12:10:00,view,1822,Home,352,Mobile,Returning
1944,3638,2024-01-15 14:27:00,view,1665,Fashion,493,Mobile,Returning
1944,3638,2024-01-15 14:31:00,cart,1665,Fashion,493,Mobile,Returning
1944,3638,2024-01-15 14:34:00,checkout,1665,Fashion,493,Mobile,Returning
1341,3639,2024-01-21 01:29:00,view,1575,Fashion,905,Mobile,New
381,3640,2024-02-04 15:07:00,view,1059,Home,31,Mobile,New
381,3640,2024-02-04 15:08:00,cart,1059,Home,31,Mobile,New
145,3641,2024-01-14 11:26:00,view,1770,Beauty,874,Desktop,New
145,3641,2024-01-14 11:29:00,cart,1770,Beauty,874,Desktop,New
1351,3642,2024-01-18 02:01:00,view,1339,Beauty,425,Mobile,Returning
363,3643,2024-01-06 21:28:00,view,1258,Beauty,785,Mobile,New
1074,3644,2024-01-16 23:24:00,view,1221,Home,446,Desktop,New
1074,3644,2024-01-16 23:25:00,cart,1221,Home,446,Desktop,New
1089,3645,2024-01-16 05:05:00,view,1058,Home,986,Desktop,Returning
1089,3645,2024-01-16 05:08:00,cart,1058,Home,986,Desktop,Returning
1089,3645,2024-01-16 05:11:00,checkout,1058,Home,986,Desktop,Returning
355,3646,2024-02-02 23:38:00,view,1557,Beauty,288,Mobile,New
800,3647,2024-01-10 04:01:00,view,1795,Fashion,627,Desktop,Returning
800,3647,2024-01-10 04:04:00,cart,1795,Fashion,627,Desktop,Returning
1188,3648,2024-01-21 11:02:00,view,1432,Electronics,344,Mobile,New
1188,3648,2024-01-21 11:03:00,cart,1432,Electronics,344,Mobile,New
1165,3649,2024-01-12 18:18:00,view,1020,Fashion,729,Desktop,New
1990,3650,2024-01-27 20:25:00,view,1791,Home,486,Desktop,Returning
826,3651,2024-01-26 17:59:00,view,1849,Fashion,52,Mobile,Returning
826,3651,2024-01-26 18:02:00,cart,1849,Fashion,52,Mobile,Returning
1152,3652,2024-01-04 22:07:00,view,1141,Beauty,354,Desktop,Returning
1152,3652,2024-01-04 22:11:00,cart,1141,Beauty,354,Desktop,Returning
1152,3652,2024-01-04 22:14:00,checkout,1141,Beauty,354,Desktop,Returning
1152,3652,2024-01-04 22:17:00,purchase,1141,Beauty,354,Desktop,Returning
398,3653,2024-01-23 07:25:00,view,1074,Home,417,Desktop,New
398,3653,2024-01-23 07:27:00,cart,1074,Home,417,Desktop,New
1957,3654,2024-01-30 23:52:00,view,1775,Fashion,862,Mobile,Returning
880,3655,2024-01-03 15:13:00,view,1633,Beauty,745,Mobile,New
880,3655,2024-01-03 15:16:00,cart,1633,Beauty,745,Mobile,New
463,3656,2024-01-18 01:27:00,view,1375,Fashion,987,Desktop,Returning
1775,3657,2024-01-17 14:26:00,view,1215,Home,904,Mobile,Returning
1775,3657,2024-01-17 14:29:00,cart,1215,Home,904,Mobile,Returning
1860,3658,2024-01-19 07:28:00,view,1205,Beauty,275,Mobile,Returning
1860,3658,2024-01-19 07:31:00,cart,1205,Beauty,275,Mobile,Returning
1860,3658,2024-01-19 07:35:00,checkout,1205,Beauty,275,Mobile,Returning
1860,3658,2024-01-19 07:37:00,purchase,1205,Beauty,275,Mobile,Returning
808,3659,2024-01-11 15:20:00,view,1093,Fashion,795,Desktop,Returning
187,3660,2024-01-24 20:50:00,view,1569,Beauty,149,Desktop,Returning
187,3660,2024-01-24 20:53:00,cart,1569,Beauty,149,Desktop,Returning
187,3660,2024-01-24 20:54:00,checkout,1569,Beauty,149,Desktop,Returning
1744,3661,2024-01-08 02:36:00,view,1558,Electronics,984,Mobile,New
1744,3661,2024-01-08 02:37:00,cart,1558,Electronics,984,Mobile,New
1744,3661,2024-01-08 02:39:00,checkout,1558,Electronics,984,Mobile,New
1744,3661,2024-01-08 02:41:00,purchase,1558,Electronics,984,Mobile,New
732,3662,2024-01-25 21:24:00,view,1062,Fashion,382,Mobile,Returning
732,3662,2024-01-25 21:27:00,cart,1062,Fashion,382,Mobile,Returning
1936,3663,2024-01-12 03:42:00,view,1987,Beauty,532,Mobile,Returning
1214,3664,2024-01-06 15:53:00,view,1895,Home,510,Mobile,Returning
1214,3664,2024-01-06 15:55:00,cart,1895,Home,510,Mobile,Returning
1412,3665,2024-01-26 15:31:00,view,1606,Fashion,952,Mobile,New
1412,3665,2024-01-26 15:32:00,cart,1606,Fashion,952,Mobile,New
1412,3665,2024-01-26 15:33:00,checkout,1606,Fashion,952,Mobile,New
1412,3665,2024-01-26 15:34:00,purchase,1606,Fashion,952,Mobile,New
429,3666,2024-01-07 11:17:00,view,1871,Fashion,228,Desktop,New
858,3667,2024-02-02 10:40:00,view,1702,Fashion,623,Mobile,New
858,3667,2024-02-02 10:43:00,cart,1702,Fashion,623,Mobile,New
858,3667,2024-02-02 10:45:00,checkout,1702,Fashion,623,Mobile,New
858,3667,2024-02-02 10:47:00,purchase,1702,Fashion,623,Mobile,New
1308,3668,2024-01-29 18:54:00,view,1195,Fashion,226,Mobile,Returning
1308,3668,2024-01-29 18:56:00,cart,1195,Fashion,226,Mobile,Returning
1308,3668,2024-01-29 18:59:00,checkout,1195,Fashion,226,Mobile,Returning
1308,3668,2024-01-29 19:02:00,purchase,1195,Fashion,226,Mobile,Returning
1888,3669,2024-01-27 01:40:00,view,1477,Beauty,987,Mobile,New
237,3670,2024-01-09 06:53:00,view,1478,Home,119,Tablet,New
1218,3671,2024-01-01 14:28:00,view,1774,Beauty,742,Mobile,Returning
1311,3672,2024-01-23 00:14:00,view,1376,Beauty,58,Mobile,New
771,3673,2024-01-13 17:32:00,view,1939,Fashion,610,Mobile,New
758,3674,2024-01-10 14:45:00,view,1377,Beauty,12,Mobile,New
136,3675,2024-01-26 09:52:00,view,1540,Home,251,Mobile,New
792,3676,2024-01-09 01:30:00,view,1356,Beauty,604,Mobile,New
792,3676,2024-01-09 01:31:00,cart,1356,Beauty,604,Mobile,New
792,3676,2024-01-09 01:33:00,checkout,1356,Beauty,604,Mobile,New
792,3676,2024-01-09 01:36:00,purchase,1356,Beauty,604,Mobile,New
1807,3677,2024-01-25 22:26:00,view,1460,Fashion,634,Mobile,Returning
171,3678,2024-01-31 09:41:00,view,1633,Fashion,262,Mobile,Returning
171,3678,2024-01-31 09:42:00,cart,1633,Fashion,262,Mobile,Returning
171,3678,2024-01-31 09:45:00,checkout,1633,Fashion,262,Mobile,Returning
159,3679,2024-01-05 02:14:00,view,1209,Fashion,137,Mobile,New
201,3680,2024-01-27 23:03:00,view,1172,Electronics,151,Mobile,Returning
1511,3681,2024-01-08 20:55:00,view,1118,Beauty,456,Mobile,Returning
1511,3681,2024-01-08 20:59:00,cart,1118,Beauty,456,Mobile,Returning
1581,3682,2024-01-19 08:33:00,view,1322,Fashion,163,Mobile,New
1581,3682,2024-01-19 08:35:00,cart,1322,Fashion,163,Mobile,New
1581,3682,2024-01-19 08:37:00,checkout,1322,Fashion,163,Mobile,New
1581,3682,2024-01-19 08:39:00,purchase,1322,Fashion,163,Mobile,New
962,3683,2024-01-17 02:27:00,view,1776,Fashion,514,Mobile,Returning
962,3683,2024-01-17 02:29:00,cart,1776,Fashion,514,Mobile,Returning
1800,3684,2024-01-26 04:28:00,view,1449,Electronics,127,Mobile,New
1800,3684,2024-01-26 04:31:00,cart,1449,Electronics,127,Mobile,New
583,3685,2024-01-31 22:09:00,view,1460,Fashion,535,Desktop,New
1528,3686,2024-01-13 02:53:00,view,1076,Electronics,726,Mobile,New
876,3687,2024-01-30 13:40:00,view,1389,Fashion,181,Mobile,New
876,3687,2024-01-30 13:44:00,cart,1389,Fashion,181,Mobile,New
371,3688,2024-01-26 05:51:00,view,1469,Electronics,33,Mobile,New
371,3688,2024-01-26 05:53:00,cart,1469,Electronics,33,Mobile,New
371,3688,2024-01-26 05:55:00,checkout,1469,Electronics,33,Mobile,New
371,3688,2024-01-26 05:56:00,purchase,1469,Electronics,33,Mobile,New
103,3689,2024-01-03 00:50:00,view,1628,Home,883,Tablet,New
1002,3690,2024-01-13 14:49:00,view,1454,Fashion,338,Desktop,New
1149,3691,2024-01-14 00:43:00,view,1177,Home,168,Mobile,Returning
1149,3691,2024-01-14 00:46:00,cart,1177,Home,168,Mobile,Returning
1149,3691,2024-01-14 00:48:00,checkout,1177,Home,168,Mobile,Returning
1337,3692,2024-01-05 07:48:00,view,1590,Fashion,882,Mobile,New
976,3693,2024-01-17 08:17:00,view,1251,Beauty,355,Mobile,New
976,3693,2024-01-17 08:18:00,cart,1251,Beauty,355,Mobile,New
976,3693,2024-01-17 08:19:00,checkout,1251,Beauty,355,Mobile,New
976,3693,2024-01-17 08:21:00,purchase,1251,Beauty,355,Mobile,New
798,3694,2024-01-16 17:12:00,view,1316,Beauty,713,Mobile,New
798,3694,2024-01-16 17:16:00,cart,1316,Beauty,713,Mobile,New
798,3694,2024-01-16 17:19:00,checkout,1316,Beauty,713,Mobile,New
798,3694,2024-01-16 17:20:00,purchase,1316,Beauty,713,Mobile,New
1482,3695,2024-01-08 02:06:00,view,1300,Home,910,Mobile,New
1482,3695,2024-01-08 02:09:00,cart,1300,Home,910,Mobile,New
1254,3696,2024-01-16 17:34:00,view,1685,Fashion,524,Desktop,New
658,3697,2024-01-20 01:38:00,view,1615,Electronics,415,Mobile,New
882,3698,2024-01-10 17:09:00,view,1366,Electronics,809,Desktop,Returning
1221,3699,2024-01-22 13:28:00,view,1439,Home,859,Mobile,Returning
1909,3700,2024-01-26 04:58:00,view,1432,Home,591,Desktop,New
1909,3700,2024-01-26 04:59:00,cart,1432,Home,591,Desktop,New
1909,3700,2024-01-26 05:03:00,checkout,1432,Home,591,Desktop,New
1909,3700,2024-01-26 05:04:00,purchase,1432,Home,591,Desktop,New
733,3701,2024-01-27 06:38:00,view,1384,Fashion,873,Desktop,Returning
423,3702,2024-01-16 16:31:00,view,1704,Home,81,Mobile,New
572,3703,2024-01-31 23:10:00,view,1407,Fashion,814,Mobile,Returning
572,3703,2024-01-31 23:11:00,cart,1407,Fashion,814,Mobile,Returning
572,3703,2024-01-31 23:14:00,checkout,1407,Fashion,814,Mobile,Returning
1634,3704,2024-01-22 14:42:00,view,1180,Home,431,Mobile,Returning
1634,3704,2024-01-22 14:45:00,cart,1180,Home,431,Mobile,Returning
1634,3704,2024-01-22 14:49:00,checkout,1180,Home,431,Mobile,Returning
1634,3704,2024-01-22 14:52:00,purchase,1180,Home,431,Mobile,Returning
171,3705,2024-01-19 17:45:00,view,1022,Fashion,344,Mobile,Returning
171,3705,2024-01-19 17:49:00,cart,1022,Fashion,344,Mobile,Returning
171,3705,2024-01-19 17:51:00,checkout,1022,Fashion,344,Mobile,Returning
171,3705,2024-01-19 17:52:00,purchase,1022,Fashion,344,Mobile,Returning
1406,3706,2024-01-12 20:45:00,view,1855,Electronics,447,Mobile,New
1406,3706,2024-01-12 20:49:00,cart,1855,Electronics,447,Mobile,New
1406,3706,2024-01-12 20:53:00,checkout,1855,Electronics,447,Mobile,New
173,3707,2024-01-04 11:17:00,view,1500,Fashion,730,Mobile,New
173,3707,2024-01-04 11:20:00,cart,1500,Fashion,730,Mobile,New
173,3707,2024-01-04 11:22:00,checkout,1500,Fashion,730,Mobile,New
173,3707,2024-01-04 11:24:00,purchase,1500,Fashion,730,Mobile,New
663,3708,2024-01-22 14:47:00,view,1240,Electronics,893,Mobile,Returning
663,3708,2024-01-22 14:51:00,cart,1240,Electronics,893,Mobile,Returning
663,3708,2024-01-22 14:54:00,checkout,1240,Electronics,893,Mobile,Returning
663,3708,2024-01-22 14:56:00,purchase,1240,Electronics,893,Mobile,Returning
453,3709,2024-01-23 03:34:00,view,1585,Home,742,Desktop,New
453,3709,2024-01-23 03:36:00,cart,1585,Home,742,Desktop,New
453,3709,2024-01-23 03:37:00,checkout,1585,Home,742,Desktop,New
453,3709,2024-01-23 03:38:00,purchase,1585,Home,742,Desktop,New
350,3710,2024-02-03 22:56:00,view,1402,Electronics,436,Mobile,Returning
1926,3711,2024-01-10 07:57:00,view,1514,Electronics,736,Tablet,New
1926,3711,2024-01-10 07:58:00,cart,1514,Electronics,736,Tablet,New
1926,3711,2024-01-10 07:59:00,checkout,1514,Electronics,736,Tablet,New
1926,3711,2024-01-10 08:02:00,purchase,1514,Electronics,736,Tablet,New
1976,3712,2024-01-11 08:20:00,view,1789,Fashion,759,Mobile,Returning
1658,3713,2024-01-02 12:33:00,view,1523,Beauty,713,Desktop,New
494,3714,2024-01-06 04:12:00,view,1020,Beauty,830,Mobile,New
620,3715,2024-01-30 01:54:00,view,1861,Home,865,Mobile,Returning
620,3715,2024-01-30 01:57:00,cart,1861,Home,865,Mobile,Returning
620,3715,2024-01-30 02:00:00,checkout,1861,Home,865,Mobile,Returning
620,3715,2024-01-30 02:04:00,purchase,1861,Home,865,Mobile,Returning
1028,3716,2024-01-04 11:28:00,view,1057,Electronics,893,Desktop,Returning
1028,3716,2024-01-04 11:29:00,cart,1057,Electronics,893,Desktop,Returning
1117,3717,2024-01-21 22:25:00,view,1750,Electronics,903,Mobile,New
919,3718,2024-01-20 20:40:00,view,1606,Fashion,890,Desktop,Returning
6,3719,2024-01-04 15:34:00,view,1104,Home,663,Mobile,New
6,3719,2024-01-04 15:35:00,cart,1104,Home,663,Mobile,New
6,3719,2024-01-04 15:38:00,checkout,1104,Home,663,Mobile,New
6,3719,2024-01-04 15:41:00,purchase,1104,Home,663,Mobile,New
288,3720,2024-01-15 14:19:00,view,1019,Beauty,518,Mobile,New
1642,3721,2024-01-22 15:33:00,view,1596,Home,244,Mobile,Returning
1170,3722,2024-01-07 18:55:00,view,1349,Electronics,885,Desktop,New
1170,3722,2024-01-07 18:58:00,cart,1349,Electronics,885,Desktop,New
1170,3722,2024-01-07 19:00:00,checkout,1349,Electronics,885,Desktop,New
1807,3723,2024-01-21 02:05:00,view,1124,Electronics,953,Mobile,Returning
1448,3724,2024-01-13 07:32:00,view,1553,Beauty,900,Desktop,Returning
1448,3724,2024-01-13 07:33:00,cart,1553,Beauty,900,Desktop,Returning
1914,3725,2024-02-04 07:40:00,view,1110,Electronics,855,Desktop,New
608,3726,2024-01-25 19:26:00,view,1678,Electronics,980,Mobile,New
608,3726,2024-01-25 19:27:00,cart,1678,Electronics,980,Mobile,New
608,3726,2024-01-25 19:31:00,checkout,1678,Electronics,980,Mobile,New
608,3726,2024-01-25 19:35:00,purchase,1678,Electronics,980,Mobile,New
457,3727,2024-01-08 21:06:00,view,1457,Fashion,580,Mobile,New
457,3727,2024-01-08 21:07:00,cart,1457,Fashion,580,Mobile,New
457,3727,2024-01-08 21:08:00,checkout,1457,Fashion,580,Mobile,New
1765,3728,2024-01-18 07:44:00,view,1114,Electronics,325,Desktop,New
1765,3728,2024-01-18 07:48:00,cart,1114,Electronics,325,Desktop,New
1765,3728,2024-01-18 07:51:00,checkout,1114,Electronics,325,Desktop,New
1765,3728,2024-01-18 07:52:00,purchase,1114,Electronics,325,Desktop,New
1226,3729,2024-01-12 03:45:00,view,1762,Fashion,656,Mobile,Returning
1236,3730,2024-02-02 15:55:00,view,1385,Home,743,Mobile,New
1030,3731,2024-02-01 23:12:00,view,1793,Electronics,13,Mobile,Returning
1030,3731,2024-02-01 23:15:00,cart,1793,Electronics,13,Mobile,Returning
1030,3731,2024-02-01 23:16:00,checkout,1793,Electronics,13,Mobile,Returning
1030,3731,2024-02-01 23:19:00,purchase,1793,Electronics,13,Mobile,Returning
624,3732,2024-01-01 20:38:00,view,1093,Home,943,Mobile,New
376,3733,2024-01-25 01:32:00,view,1979,Electronics,534,Mobile,New
1915,3734,2024-01-11 09:43:00,view,1111,Home,187,Mobile,New
447,3735,2024-01-08 18:58:00,view,1935,Fashion,378,Desktop,Returning
447,3735,2024-01-08 19:01:00,cart,1935,Fashion,378,Desktop,Returning
835,3736,2024-02-02 03:21:00,view,1510,Electronics,682,Mobile,New
835,3736,2024-02-02 03:23:00,cart,1510,Electronics,682,Mobile,New
835,3736,2024-02-02 03:27:00,checkout,1510,Electronics,682,Mobile,New
835,3736,2024-02-02 03:31:00,purchase,1510,Electronics,682,Mobile,New
1130,3737,2024-01-11 03:28:00,view,1709,Beauty,814,Mobile,New
1130,3737,2024-01-11 03:31:00,cart,1709,Beauty,814,Mobile,New
1130,3737,2024-01-11 03:34:00,checkout,1709,Beauty,814,Mobile,New
1130,3737,2024-01-11 03:36:00,purchase,1709,Beauty,814,Mobile,New
1675,3738,2024-01-10 12:55:00,view,1315,Fashion,726,Tablet,Returning
811,3739,2024-01-24 21:42:00,view,1919,Fashion,547,Desktop,Returning
811,3739,2024-01-24 21:45:00,cart,1919,Fashion,547,Desktop,Returning
1425,3740,2024-01-22 13:16:00,view,1414,Electronics,33,Desktop,Returning
1425,3740,2024-01-22 13:20:00,cart,1414,Electronics,33,Desktop,Returning
1120,3741,2024-01-18 20:39:00,view,1545,Electronics,110,Mobile,New
1120,3741,2024-01-18 20:42:00,cart,1545,Electronics,110,Mobile,New
1412,3742,2024-01-25 05:24:00,view,1749,Fashion,601,Desktop,New
1412,3742,2024-01-25 05:25:00,cart,1749,Fashion,601,Desktop,New
1412,3742,2024-01-25 05:28:00,checkout,1749,Fashion,601,Desktop,New
1412,3742,2024-01-25 05:32:00,purchase,1749,Fashion,601,Desktop,New
959,3743,2024-01-28 17:28:00,view,1295,Electronics,759,Mobile,New
1476,3744,2024-02-01 20:33:00,view,1522,Beauty,765,Mobile,Returning
1476,3744,2024-02-01 20:36:00,cart,1522,Beauty,765,Mobile,Returning
1476,3744,2024-02-01 20:38:00,checkout,1522,Beauty,765,Mobile,Returning
1476,3744,2024-02-01 20:39:00,purchase,1522,Beauty,765,Mobile,Returning
849,3745,2024-01-21 05:00:00,view,1430,Home,152,Mobile,New
849,3745,2024-01-21 05:01:00,cart,1430,Home,152,Mobile,New
849,3745,2024-01-21 05:04:00,checkout,1430,Home,152,Mobile,New
849,3745,2024-01-21 05:06:00,purchase,1430,Home,152,Mobile,New
809,3746,2024-01-15 08:51:00,view,1947,Electronics,194,Mobile,New
979,3747,2024-01-25 03:10:00,view,1486,Home,741,Desktop,New
979,3747,2024-01-25 03:14:00,cart,1486,Home,741,Desktop,New
979,3747,2024-01-25 03:18:00,checkout,1486,Home,741,Desktop,New
1925,3748,2024-01-19 19:53:00,view,1002,Fashion,961,Mobile,Returning
416,3749,2024-01-06 21:27:00,view,1503,Fashion,885,Desktop,New
416,3749,2024-01-06 21:30:00,cart,1503,Fashion,885,Desktop,New
416,3749,2024-01-06 21:32:00,checkout,1503,Fashion,885,Desktop,New
416,3749,2024-01-06 21:34:00,purchase,1503,Fashion,885,Desktop,New
726,3750,2024-01-10 03:54:00,view,1137,Home,706,Desktop,Returning
1528,3751,2024-01-03 09:02:00,view,1401,Fashion,401,Mobile,New
1528,3751,2024-01-03 09:06:00,cart,1401,Fashion,401,Mobile,New
1528,3751,2024-01-03 09:08:00,checkout,1401,Fashion,401,Mobile,New
1528,3751,2024-01-03 09:09:00,purchase,1401,Fashion,401,Mobile,New
454,3752,2024-01-19 04:30:00,view,1934,Electronics,441,Mobile,Returning
1315,3753,2024-01-24 14:18:00,view,1855,Fashion,610,Mobile,New
1315,3753,2024-01-24 14:20:00,cart,1855,Fashion,610,Mobile,New
1315,3753,2024-01-24 14:23:00,checkout,1855,Fashion,610,Mobile,New
1315,3753,2024-01-24 14:24:00,purchase,1855,Fashion,610,Mobile,New
1558,3754,2024-02-03 19:08:00,view,1692,Electronics,518,Mobile,New
1558,3754,2024-02-03 19:09:00,cart,1692,Electronics,518,Mobile,New
1558,3754,2024-02-03 19:13:00,checkout,1692,Electronics,518,Mobile,New
1217,3755,2024-01-07 08:56:00,view,1767,Electronics,527,Mobile,New
1217,3755,2024-01-07 09:00:00,cart,1767,Electronics,527,Mobile,New
1217,3755,2024-01-07 09:04:00,checkout,1767,Electronics,527,Mobile,New
1217,3755,2024-01-07 09:06:00,purchase,1767,Electronics,527,Mobile,New
150,3756,2024-01-10 04:52:00,view,1718,Electronics,803,Tablet,New
150,3756,2024-01-10 04:55:00,cart,1718,Electronics,803,Tablet,New
150,3756,2024-01-10 04:56:00,checkout,1718,Electronics,803,Tablet,New
150,3756,2024-01-10 05:00:00,purchase,1718,Electronics,803,Tablet,New
1904,3757,2024-02-04 15:42:00,view,1175,Electronics,688,Mobile,New
759,3758,2024-01-21 03:39:00,view,1148,Beauty,392,Mobile,Returning
779,3759,2024-01-04 00:17:00,view,1789,Beauty,354,Desktop,Returning
779,3759,2024-01-04 00:19:00,cart,1789,Beauty,354,Desktop,Returning
973,3760,2024-01-26 13:23:00,view,1729,Electronics,39,Mobile,Returning
973,3760,2024-01-26 13:27:00,cart,1729,Electronics,39,Mobile,Returning
973,3760,2024-01-26 13:28:00,checkout,1729,Electronics,39,Mobile,Returning
763,3761,2024-01-12 03:57:00,view,1745,Electronics,230,Desktop,New
763,3761,2024-01-12 03:59:00,cart,1745,Electronics,230,Desktop,New
763,3761,2024-01-12 04:02:00,checkout,1745,Electronics,230,Desktop,New
1002,3762,2024-01-07 15:01:00,view,1804,Electronics,894,Mobile,New
1002,3762,2024-01-07 15:04:00,cart,1804,Electronics,894,Mobile,New
1002,3762,2024-01-07 15:05:00,checkout,1804,Electronics,894,Mobile,New
1002,3762,2024-01-07 15:09:00,purchase,1804,Electronics,894,Mobile,New
1539,3763,2024-01-04 10:01:00,view,1047,Fashion,973,Mobile,New
1539,3763,2024-01-04 10:04:00,cart,1047,Fashion,973,Mobile,New
1539,3763,2024-01-04 10:07:00,checkout,1047,Fashion,973,Mobile,New
1539,3763,2024-01-04 10:09:00,purchase,1047,Fashion,973,Mobile,New
1417,3764,2024-01-14 10:32:00,view,1052,Fashion,227,Mobile,New
1340,3765,2024-01-08 20:39:00,view,1794,Home,680,Mobile,New
76,3766,2024-01-04 07:35:00,view,1944,Home,301,Mobile,Returning
599,3767,2024-01-02 04:16:00,view,1356,Electronics,770,Desktop,New
1294,3768,2024-01-11 17:08:00,view,1124,Home,437,Mobile,Returning
1294,3768,2024-01-11 17:09:00,cart,1124,Home,437,Mobile,Returning
1294,3768,2024-01-11 17:11:00,checkout,1124,Home,437,Mobile,Returning
1294,3768,2024-01-11 17:12:00,purchase,1124,Home,437,Mobile,Returning
225,3769,2024-01-24 05:49:00,view,1459,Home,650,Desktop,New
1554,3770,2024-01-17 02:33:00,view,1601,Beauty,177,Mobile,Returning
113,3771,2024-01-06 08:47:00,view,1598,Fashion,381,Mobile,Returning
113,3771,2024-01-06 08:51:00,cart,1598,Fashion,381,Mobile,Returning
113,3771,2024-01-06 08:52:00,checkout,1598,Fashion,381,Mobile,Returning
251,3772,2024-02-02 11:23:00,view,1702,Electronics,126,Mobile,New
251,3772,2024-02-02 11:24:00,cart,1702,Electronics,126,Mobile,New
251,3772,2024-02-02 11:26:00,checkout,1702,Electronics,126,Mobile,New
251,3772,2024-02-02 11:27:00,purchase,1702,Electronics,126,Mobile,New
1257,3773,2024-01-27 05:06:00,view,1623,Fashion,534,Desktop,New
1257,3773,2024-01-27 05:08:00,cart,1623,Fashion,534,Desktop,New
841,3774,2024-01-03 18:47:00,view,1332,Fashion,419,Mobile,New
1815,3775,2024-01-06 03:44:00,view,1719,Fashion,474,Mobile,New
1815,3775,2024-01-06 03:48:00,cart,1719,Fashion,474,Mobile,New
1815,3775,2024-01-06 03:49:00,checkout,1719,Fashion,474,Mobile,New
1815,3775,2024-01-06 03:52:00,purchase,1719,Fashion,474,Mobile,New
714,3776,2024-01-03 15:25:00,view,1119,Home,206,Desktop,New
1107,3777,2024-02-02 11:30:00,view,1594,Electronics,235,Mobile,New
1107,3777,2024-02-02 11:34:00,cart,1594,Electronics,235,Mobile,New
1107,3777,2024-02-02 11:38:00,checkout,1594,Electronics,235,Mobile,New
1107,3777,2024-02-02 11:41:00,purchase,1594,Electronics,235,Mobile,New
125,3778,2024-01-04 23:56:00,view,1536,Beauty,928,Desktop,New
125,3778,2024-01-04 23:58:00,cart,1536,Beauty,928,Desktop,New
125,3778,2024-01-05 00:00:00,checkout,1536,Beauty,928,Desktop,New
125,3778,2024-01-05 00:04:00,purchase,1536,Beauty,928,Desktop,New
1199,3779,2024-01-26 15:39:00,view,1201,Fashion,98,Mobile,Returning
1199,3779,2024-01-26 15:40:00,cart,1201,Fashion,98,Mobile,Returning
1199,3779,2024-01-26 15:41:00,checkout,1201,Fashion,98,Mobile,Returning
1199,3779,2024-01-26 15:44:00,purchase,1201,Fashion,98,Mobile,Returning
1093,3780,2024-01-07 04:57:00,view,1221,Beauty,731,Desktop,Returning
1093,3780,2024-01-07 05:01:00,cart,1221,Beauty,731,Desktop,Returning
1093,3780,2024-01-07 05:03:00,checkout,1221,Beauty,731,Desktop,Returning
1071,3781,2024-01-04 11:02:00,view,1059,Electronics,843,Desktop,New
1071,3781,2024-01-04 11:04:00,cart,1059,Electronics,843,Desktop,New
1071,3781,2024-01-04 11:06:00,checkout,1059,Electronics,843,Desktop,New
884,3782,2024-01-23 21:58:00,view,1700,Electronics,132,Desktop,New
884,3782,2024-01-23 22:00:00,cart,1700,Electronics,132,Desktop,New
884,3782,2024-01-23 22:04:00,checkout,1700,Electronics,132,Desktop,New
884,3782,2024-01-23 22:06:00,purchase,1700,Electronics,132,Desktop,New
1280,3783,2024-01-12 16:09:00,view,1706,Electronics,676,Mobile,New
1751,3784,2024-01-05 02:36:00,view,1734,Home,933,Mobile,New
1751,3784,2024-01-05 02:38:00,cart,1734,Home,933,Mobile,New
1751,3784,2024-01-05 02:41:00,checkout,1734,Home,933,Mobile,New
1751,3784,2024-01-05 02:43:00,purchase,1734,Home,933,Mobile,New
30,3785,2024-01-21 17:45:00,view,1358,Fashion,135,Desktop,New
281,3786,2024-01-20 04:51:00,view,1317,Electronics,992,Mobile,Returning
281,3786,2024-01-20 04:53:00,cart,1317,Electronics,992,Mobile,Returning
281,3786,2024-01-20 04:57:00,checkout,1317,Electronics,992,Mobile,Returning
281,3786,2024-01-20 05:01:00,purchase,1317,Electronics,992,Mobile,Returning
924,3787,2024-01-01 20:45:00,view,1315,Electronics,400,Mobile,Returning
924,3787,2024-01-01 20:49:00,cart,1315,Electronics,400,Mobile,Returning
1261,3788,2024-01-19 22:46:00,view,1184,Beauty,323,Desktop,New
1261,3788,2024-01-19 22:47:00,cart,1184,Beauty,323,Desktop,New
1261,3788,2024-01-19 22:48:00,checkout,1184,Beauty,323,Desktop,New
1261,3788,2024-01-19 22:51:00,purchase,1184,Beauty,323,Desktop,New
1272,3789,2024-02-03 14:33:00,view,1257,Beauty,988,Mobile,Returning
368,3790,2024-01-31 16:27:00,view,1982,Beauty,551,Mobile,Returning
368,3790,2024-01-31 16:31:00,cart,1982,Beauty,551,Mobile,Returning
368,3790,2024-01-31 16:35:00,checkout,1982,Beauty,551,Mobile,Returning
495,3791,2024-01-12 16:41:00,view,1795,Fashion,179,Mobile,New
495,3791,2024-01-12 16:42:00,cart,1795,Fashion,179,Mobile,New
1049,3792,2024-01-21 22:02:00,view,1865,Fashion,358,Mobile,Returning
1610,3793,2024-01-30 11:23:00,view,1077,Home,610,Mobile,New
1610,3793,2024-01-30 11:27:00,cart,1077,Home,610,Mobile,New
1610,3793,2024-01-30 11:28:00,checkout,1077,Home,610,Mobile,New
1610,3793,2024-01-30 11:30:00,purchase,1077,Home,610,Mobile,New
718,3794,2024-01-28 23:21:00,view,1607,Home,502,Desktop,Returning
718,3794,2024-01-28 23:24:00,cart,1607,Home,502,Desktop,Returning
718,3794,2024-01-28 23:27:00,checkout,1607,Home,502,Desktop,Returning
718,3794,2024-01-28 23:31:00,purchase,1607,Home,502,Desktop,Returning
1514,3795,2024-01-24 17:23:00,view,1482,Home,237,Mobile,New
1017,3796,2024-01-09 06:18:00,view,1309,Electronics,891,Desktop,New
1518,3797,2024-01-19 04:39:00,view,1839,Electronics,494,Desktop,Returning
1518,3797,2024-01-19 04:40:00,cart,1839,Electronics,494,Desktop,Returning
1338,3798,2024-01-31 09:35:00,view,1509,Electronics,788,Desktop,Returning
1338,3798,2024-01-31 09:37:00,cart,1509,Electronics,788,Desktop,Returning
1338,3798,2024-01-31 09:41:00,checkout,1509,Electronics,788,Desktop,Returning
1338,3798,2024-01-31 09:44:00,purchase,1509,Electronics,788,Desktop,Returning
606,3799,2024-01-05 15:28:00,view,1425,Fashion,86,Mobile,New
606,3799,2024-01-05 15:32:00,cart,1425,Fashion,86,Mobile,New
606,3799,2024-01-05 15:36:00,checkout,1425,Fashion,86,Mobile,New
606,3799,2024-01-05 15:37:00,purchase,1425,Fashion,86,Mobile,New
375,3800,2024-01-05 19:33:00,view,1904,Beauty,64,Desktop,New
375,3800,2024-01-05 19:37:00,cart,1904,Beauty,64,Desktop,New
375,3800,2024-01-05 19:39:00,checkout,1904,Beauty,64,Desktop,New
375,3800,2024-01-05 19:43:00,purchase,1904,Beauty,64,Desktop,New
639,3801,2024-01-26 00:40:00,view,1843,Home,229,Mobile,New
1961,3802,2024-01-11 09:34:00,view,1796,Beauty,58,Mobile,New
1961,3802,2024-01-11 09:38:00,cart,1796,Beauty,58,Mobile,New
1961,3802,2024-01-11 09:41:00,checkout,1796,Beauty,58,Mobile,New
1049,3803,2024-01-13 14:52:00,view,1836,Electronics,643,Desktop,Returning
1049,3803,2024-01-13 14:55:00,cart,1836,Electronics,643,Desktop,Returning
1049,3803,2024-01-13 14:56:00,checkout,1836,Electronics,643,Desktop,Returning
1049,3803,2024-01-13 14:59:00,purchase,1836,Electronics,643,Desktop,Returning
1358,3804,2024-01-30 23:01:00,view,1296,Fashion,295,Mobile,New
1358,3804,2024-01-30 23:05:00,cart,1296,Fashion,295,Mobile,New
1358,3804,2024-01-30 23:07:00,checkout,1296,Fashion,295,Mobile,New
1358,3804,2024-01-30 23:08:00,purchase,1296,Fashion,295,Mobile,New
1379,3805,2024-01-27 23:37:00,view,1764,Beauty,190,Desktop,New
116,3806,2024-01-13 08:11:00,view,1542,Fashion,646,Mobile,Returning
116,3806,2024-01-13 08:14:00,cart,1542,Fashion,646,Mobile,Returning
48,3807,2024-01-28 13:26:00,view,1235,Home,579,Desktop,New
1762,3808,2024-01-12 13:09:00,view,1131,Home,315,Mobile,Returning
1802,3809,2024-01-02 13:49:00,view,1982,Beauty,424,Desktop,Returning
99,3810,2024-01-24 07:45:00,view,1384,Electronics,663,Mobile,New
1483,3811,2024-01-13 13:19:00,view,1117,Beauty,489,Mobile,New
1483,3811,2024-01-13 13:23:00,cart,1117,Beauty,489,Mobile,New
1547,3812,2024-01-05 22:53:00,view,1846,Electronics,462,Mobile,Returning
1547,3812,2024-01-05 22:57:00,cart,1846,Electronics,462,Mobile,Returning
1621,3813,2024-01-18 07:37:00,view,1797,Home,433,Mobile,New
405,3814,2024-01-29 11:49:00,view,1635,Fashion,276,Mobile,New
405,3814,2024-01-29 11:52:00,cart,1635,Fashion,276,Mobile,New
405,3814,2024-01-29 11:56:00,checkout,1635,Fashion,276,Mobile,New
1238,3815,2024-01-20 01:39:00,view,1760,Home,342,Mobile,New
1238,3815,2024-01-20 01:42:00,cart,1760,Home,342,Mobile,New
1238,3815,2024-01-20 01:46:00,checkout,1760,Home,342,Mobile,New
685,3816,2024-01-14 02:15:00,view,1667,Beauty,311,Mobile,Returning
903,3817,2024-01-07 14:17:00,view,1270,Electronics,957,Mobile,New
903,3817,2024-01-07 14:21:00,cart,1270,Electronics,957,Mobile,New
503,3818,2024-01-30 11:46:00,view,1480,Home,256,Mobile,New
1745,3819,2024-01-24 16:13:00,view,1424,Fashion,602,Desktop,New
1472,3820,2024-01-16 01:28:00,view,1989,Electronics,14,Desktop,Returning
894,3821,2024-01-02 07:10:00,view,1592,Home,815,Desktop,New
894,3821,2024-01-02 07:11:00,cart,1592,Home,815,Desktop,New
894,3821,2024-01-02 07:15:00,checkout,1592,Home,815,Desktop,New
1600,3822,2024-01-24 05:26:00,view,1026,Fashion,92,Desktop,Returning
258,3823,2024-01-08 03:07:00,view,1089,Electronics,144,Mobile,Returning
258,3823,2024-01-08 03:10:00,cart,1089,Electronics,144,Mobile,Returning
258,3823,2024-01-08 03:13:00,checkout,1089,Electronics,144,Mobile,Returning
258,3823,2024-01-08 03:17:00,purchase,1089,Electronics,144,Mobile,Returning
844,3824,2024-01-08 12:46:00,view,1259,Home,371,Mobile,Returning
121,3825,2024-01-20 04:13:00,view,1991,Beauty,864,Mobile,Returning
810,3826,2024-01-29 04:51:00,view,1622,Fashion,989,Desktop,New
810,3826,2024-01-29 04:54:00,cart,1622,Fashion,989,Desktop,New
810,3826,2024-01-29 04:55:00,checkout,1622,Fashion,989,Desktop,New
810,3826,2024-01-29 04:59:00,purchase,1622,Fashion,989,Desktop,New
978,3827,2024-01-16 19:18:00,view,1848,Home,818,Tablet,New
978,3827,2024-01-16 19:21:00,cart,1848,Home,818,Tablet,New
978,3827,2024-01-16 19:23:00,checkout,1848,Home,818,Tablet,New
978,3827,2024-01-16 19:26:00,purchase,1848,Home,818,Tablet,New
54,3828,2024-01-04 07:31:00,view,1745,Home,274,Mobile,Returning
54,3828,2024-01-04 07:34:00,cart,1745,Home,274,Mobile,Returning
54,3828,2024-01-04 07:36:00,checkout,1745,Home,274,Mobile,Returning
54,3828,2024-01-04 07:39:00,purchase,1745,Home,274,Mobile,Returning
1019,3829,2024-01-11 02:37:00,view,1904,Electronics,484,Mobile,Returning
1355,3830,2024-01-01 20:13:00,view,1388,Electronics,887,Mobile,New
1355,3830,2024-01-01 20:14:00,cart,1388,Electronics,887,Mobile,New
1355,3830,2024-01-01 20:17:00,checkout,1388,Electronics,887,Mobile,New
1355,3830,2024-01-01 20:19:00,purchase,1388,Electronics,887,Mobile,New
784,3831,2024-02-03 13:14:00,view,1259,Home,242,Mobile,New
241,3832,2024-01-15 01:13:00,view,1475,Electronics,270,Mobile,Returning
241,3832,2024-01-15 01:15:00,cart,1475,Electronics,270,Mobile,Returning
241,3832,2024-01-15 01:19:00,checkout,1475,Electronics,270,Mobile,Returning
241,3832,2024-01-15 01:22:00,purchase,1475,Electronics,270,Mobile,Returning
1779,3833,2024-01-05 19:45:00,view,1721,Fashion,55,Mobile,New
1554,3834,2024-01-17 10:03:00,view,1136,Home,265,Desktop,Returning
1554,3834,2024-01-17 10:06:00,cart,1136,Home,265,Desktop,Returning
1554,3834,2024-01-17 10:09:00,checkout,1136,Home,265,Desktop,Returning
483,3835,2024-01-23 14:06:00,view,1254,Beauty,114,Mobile,New
1013,3836,2024-01-02 12:00:00,view,1457,Home,967,Desktop,Returning
187,3837,2024-01-30 23:44:00,view,1369,Home,534,Desktop,Returning
1882,3838,2024-01-30 11:36:00,view,1689,Fashion,673,Desktop,Returning
1882,3838,2024-01-30 11:39:00,cart,1689,Fashion,673,Desktop,Returning
1882,3838,2024-01-30 11:40:00,checkout,1689,Fashion,673,Desktop,Returning
1882,3838,2024-01-30 11:43:00,purchase,1689,Fashion,673,Desktop,Returning
656,3839,2024-01-08 05:17:00,view,1611,Fashion,842,Desktop,New
656,3839,2024-01-08 05:21:00,cart,1611,Fashion,842,Desktop,New
656,3839,2024-01-08 05:25:00,checkout,1611,Fashion,842,Desktop,New
656,3839,2024-01-08 05:26:00,purchase,1611,Fashion,842,Desktop,New
262,3840,2024-01-07 21:50:00,view,1977,Beauty,871,Desktop,Returning
953,3841,2024-01-08 06:06:00,view,1489,Electronics,389,Desktop,New
953,3841,2024-01-08 06:08:00,cart,1489,Electronics,389,Desktop,New
1388,3842,2024-01-21 04:52:00,view,1224,Home,565,Desktop,New
1388,3842,2024-01-21 04:56:00,cart,1224,Home,565,Desktop,New
1388,3842,2024-01-21 04:58:00,checkout,1224,Home,565,Desktop,New
1388,3842,2024-01-21 05:00:00,purchase,1224,Home,565,Desktop,New
491,3843,2024-01-15 14:21:00,view,1772,Electronics,869,Mobile,New
431,3844,2024-01-24 09:22:00,view,1676,Fashion,902,Tablet,New
239,3845,2024-01-14 11:15:00,view,1866,Home,210,Desktop,Returning
239,3845,2024-01-14 11:17:00,cart,1866,Home,210,Desktop,Returning
304,3846,2024-01-18 22:53:00,view,1299,Fashion,881,Desktop,Returning
304,3846,2024-01-18 22:54:00,cart,1299,Fashion,881,Desktop,Returning
304,3846,2024-01-18 22:57:00,checkout,1299,Fashion,881,Desktop,Returning
304,3846,2024-01-18 22:59:00,purchase,1299,Fashion,881,Desktop,Returning
298,3847,2024-01-25 14:21:00,view,1533,Fashion,893,Desktop,New
76,3848,2024-01-09 03:14:00,view,1760,Beauty,170,Mobile,Returning
76,3848,2024-01-09 03:15:00,cart,1760,Beauty,170,Mobile,Returning
76,3848,2024-01-09 03:18:00,checkout,1760,Beauty,170,Mobile,Returning
1724,3849,2024-01-24 11:27:00,view,1737,Electronics,292,Mobile,New
1724,3849,2024-01-24 11:31:00,cart,1737,Electronics,292,Mobile,New
1724,3849,2024-01-24 11:35:00,checkout,1737,Electronics,292,Mobile,New
1357,3850,2024-02-02 01:41:00,view,1446,Beauty,143,Mobile,Returning
1357,3850,2024-02-02 01:43:00,cart,1446,Beauty,143,Mobile,Returning
1357,3850,2024-02-02 01:44:00,checkout,1446,Beauty,143,Mobile,Returning
1924,3851,2024-02-01 12:02:00,view,1378,Beauty,655,Mobile,New
999,3852,2024-01-31 22:22:00,view,1512,Beauty,534,Desktop,Returning
999,3852,2024-01-31 22:24:00,cart,1512,Beauty,534,Desktop,Returning
999,3852,2024-01-31 22:25:00,checkout,1512,Beauty,534,Desktop,Returning
999,3852,2024-01-31 22:29:00,purchase,1512,Beauty,534,Desktop,Returning
1782,3853,2024-01-31 09:37:00,view,1089,Electronics,21,Mobile,Returning
1782,3853,2024-01-31 09:38:00,cart,1089,Electronics,21,Mobile,Returning
1782,3853,2024-01-31 09:41:00,checkout,1089,Electronics,21,Mobile,Returning
1782,3853,2024-01-31 09:42:00,purchase,1089,Electronics,21,Mobile,Returning
642,3854,2024-01-21 08:55:00,view,1099,Fashion,649,Mobile,New
1498,3855,2024-01-31 11:02:00,view,1327,Home,883,Mobile,New
1498,3855,2024-01-31 11:06:00,cart,1327,Home,883,Mobile,New
1498,3855,2024-01-31 11:09:00,checkout,1327,Home,883,Mobile,New
1498,3855,2024-01-31 11:10:00,purchase,1327,Home,883,Mobile,New
827,3856,2024-01-24 22:29:00,view,1686,Home,324,Mobile,New
827,3856,2024-01-24 22:32:00,cart,1686,Home,324,Mobile,New
827,3856,2024-01-24 22:33:00,checkout,1686,Home,324,Mobile,New
827,3856,2024-01-24 22:37:00,purchase,1686,Home,324,Mobile,New
1947,3857,2024-01-03 19:52:00,view,1450,Home,910,Desktop,New
1947,3857,2024-01-03 19:53:00,cart,1450,Home,910,Desktop,New
283,3858,2024-01-12 11:11:00,view,1175,Fashion,399,Desktop,New
591,3859,2024-01-16 13:42:00,view,1913,Electronics,172,Mobile,New
591,3859,2024-01-16 13:45:00,cart,1913,Electronics,172,Mobile,New
72,3860,2024-01-27 05:29:00,view,1954,Home,596,Mobile,New
72,3860,2024-01-27 05:32:00,cart,1954,Home,596,Mobile,New
72,3860,2024-01-27 05:33:00,checkout,1954,Home,596,Mobile,New
72,3860,2024-01-27 05:36:00,purchase,1954,Home,596,Mobile,New
1287,3861,2024-02-02 02:06:00,view,1136,Electronics,448,Mobile,New
1287,3861,2024-02-02 02:10:00,cart,1136,Electronics,448,Mobile,New
1287,3861,2024-02-02 02:11:00,checkout,1136,Electronics,448,Mobile,New
1287,3861,2024-02-02 02:14:00,purchase,1136,Electronics,448,Mobile,New
703,3862,2024-01-17 22:27:00,view,1062,Home,822,Mobile,New
703,3862,2024-01-17 22:30:00,cart,1062,Home,822,Mobile,New
703,3862,2024-01-17 22:34:00,checkout,1062,Home,822,Mobile,New
703,3862,2024-01-17 22:38:00,purchase,1062,Home,822,Mobile,New
1903,3863,2024-01-17 01:07:00,view,1704,Fashion,309,Mobile,Returning
1911,3864,2024-01-09 15:35:00,view,1925,Home,150,Tablet,New
1911,3864,2024-01-09 15:37:00,cart,1925,Home,150,Tablet,New
1966,3865,2024-01-01 04:00:00,view,1763,Home,750,Mobile,New
575,3866,2024-01-28 17:54:00,view,1674,Beauty,720,Mobile,Returning
1000,3867,2024-01-25 02:46:00,view,1878,Home,372,Mobile,New
892,3868,2024-02-03 17:21:00,view,1276,Home,505,Desktop,Returning
892,3868,2024-02-03 17:24:00,cart,1276,Home,505,Desktop,Returning
892,3868,2024-02-03 17:26:00,checkout,1276,Home,505,Desktop,Returning
892,3868,2024-02-03 17:27:00,purchase,1276,Home,505,Desktop,Returning
12,3869,2024-01-15 17:30:00,view,1661,Fashion,234,Desktop,Returning
141,3870,2024-01-23 15:37:00,view,1812,Beauty,981,Desktop,Returning
141,3870,2024-01-23 15:38:00,cart,1812,Beauty,981,Desktop,Returning
141,3870,2024-01-23 15:42:00,checkout,1812,Beauty,981,Desktop,Returning
141,3870,2024-01-23 15:44:00,purchase,1812,Beauty,981,Desktop,Returning
1790,3871,2024-01-16 15:29:00,view,1116,Beauty,516,Mobile,New
1790,3871,2024-01-16 15:33:00,cart,1116,Beauty,516,Mobile,New
1790,3871,2024-01-16 15:34:00,checkout,1116,Beauty,516,Mobile,New
1790,3871,2024-01-16 15:37:00,purchase,1116,Beauty,516,Mobile,New
1579,3872,2024-01-11 14:33:00,view,1215,Electronics,720,Desktop,Returning
1579,3872,2024-01-11 14:37:00,cart,1215,Electronics,720,Desktop,Returning
1579,3872,2024-01-11 14:41:00,checkout,1215,Electronics,720,Desktop,Returning
1579,3872,2024-01-11 14:43:00,purchase,1215,Electronics,720,Desktop,Returning
17,3873,2024-01-26 11:55:00,view,1059,Beauty,107,Mobile,New
1087,3874,2024-01-26 20:49:00,view,1384,Electronics,652,Mobile,Returning
253,3875,2024-01-15 15:39:00,view,1595,Fashion,480,Mobile,Returning
253,3875,2024-01-15 15:43:00,cart,1595,Fashion,480,Mobile,Returning
253,3875,2024-01-15 15:46:00,checkout,1595,Fashion,480,Mobile,Returning
465,3876,2024-01-23 12:44:00,view,1867,Home,369,Mobile,Returning
376,3877,2024-01-13 07:50:00,view,1973,Fashion,406,Desktop,New
376,3877,2024-01-13 07:53:00,cart,1973,Fashion,406,Desktop,New
1828,3878,2024-01-06 23:18:00,view,1539,Home,671,Desktop,Returning
1828,3878,2024-01-06 23:21:00,cart,1539,Home,671,Desktop,Returning
1828,3878,2024-01-06 23:25:00,checkout,1539,Home,671,Desktop,Returning
1828,3878,2024-01-06 23:28:00,purchase,1539,Home,671,Desktop,Returning
981,3879,2024-01-25 18:32:00,view,1467,Beauty,748,Mobile,New
520,3880,2024-01-19 17:30:00,view,1506,Electronics,579,Desktop,New
520,3880,2024-01-19 17:31:00,cart,1506,Electronics,579,Desktop,New
520,3880,2024-01-19 17:32:00,checkout,1506,Electronics,579,Desktop,New
1861,3881,2024-01-30 11:03:00,view,1890,Home,624,Desktop,Returning
90,3882,2024-01-12 15:15:00,view,1476,Fashion,31,Desktop,New
720,3883,2024-01-05 10:05:00,view,1851,Electronics,915,Mobile,Returning
720,3883,2024-01-05 10:07:00,cart,1851,Electronics,915,Mobile,Returning
720,3883,2024-01-05 10:09:00,checkout,1851,Electronics,915,Mobile,Returning
720,3883,2024-01-05 10:13:00,purchase,1851,Electronics,915,Mobile,Returning
804,3884,2024-01-11 18:42:00,view,1041,Beauty,933,Mobile,Returning
804,3884,2024-01-11 18:45:00,cart,1041,Beauty,933,Mobile,Returning
804,3884,2024-01-11 18:46:00,checkout,1041,Beauty,933,Mobile,Returning
804,3884,2024-01-11 18:49:00,purchase,1041,Beauty,933,Mobile,Returning
796,3885,2024-02-01 14:13:00,view,1801,Beauty,123,Mobile,Returning
796,3885,2024-02-01 14:16:00,cart,1801,Beauty,123,Mobile,Returning
630,3886,2024-01-20 06:25:00,view,1274,Fashion,994,Desktop,New
630,3886,2024-01-20 06:29:00,cart,1274,Fashion,994,Desktop,New
1885,3887,2024-02-02 15:57:00,view,1593,Electronics,615,Mobile,New
1885,3887,2024-02-02 16:01:00,cart,1593,Electronics,615,Mobile,New
1199,3888,2024-01-06 12:50:00,view,1898,Home,924,Mobile,Returning
76,3889,2024-01-17 07:15:00,view,1037,Beauty,582,Mobile,Returning
1637,3890,2024-01-12 07:54:00,view,1679,Fashion,833,Mobile,New
926,3891,2024-01-07 21:37:00,view,1375,Fashion,883,Desktop,New
926,3891,2024-01-07 21:40:00,cart,1375,Fashion,883,Desktop,New
1687,3892,2024-01-03 09:58:00,view,1983,Electronics,479,Desktop,Returning
1687,3892,2024-01-03 09:59:00,cart,1983,Electronics,479,Desktop,Returning
1687,3892,2024-01-03 10:01:00,checkout,1983,Electronics,479,Desktop,Returning
1687,3892,2024-01-03 10:02:00,purchase,1983,Electronics,479,Desktop,Returning
400,3893,2024-01-08 00:03:00,view,1890,Beauty,628,Desktop,Returning
1806,3894,2024-01-02 09:46:00,view,1159,Beauty,912,Desktop,Returning
970,3895,2024-01-31 19:24:00,view,1253,Home,755,Mobile,New
970,3895,2024-01-31 19:27:00,cart,1253,Home,755,Mobile,New
970,3895,2024-01-31 19:29:00,checkout,1253,Home,755,Mobile,New
1095,3896,2024-01-01 12:00:00,view,1220,Beauty,157,Mobile,New
1095,3896,2024-01-01 12:03:00,cart,1220,Beauty,157,Mobile,New
1204,3897,2024-01-01 07:25:00,view,1314,Fashion,305,Mobile,New
1148,3898,2024-01-18 02:21:00,view,1875,Home,693,Mobile,Returning
1405,3899,2024-01-08 09:29:00,view,1938,Fashion,53,Mobile,Returning
1405,3899,2024-01-08 09:32:00,cart,1938,Fashion,53,Mobile,Returning
1405,3899,2024-01-08 09:34:00,checkout,1938,Fashion,53,Mobile,Returning
1405,3899,2024-01-08 09:38:00,purchase,1938,Fashion,53,Mobile,Returning
1317,3900,2024-01-09 07:44:00,view,1250,Fashion,95,Desktop,New
797,3901,2024-01-08 09:36:00,view,1620,Beauty,89,Mobile,Returning
195,3902,2024-01-05 09:44:00,view,1251,Beauty,639,Desktop,New
195,3902,2024-01-05 09:46:00,cart,1251,Beauty,639,Desktop,New
195,3902,2024-01-05 09:48:00,checkout,1251,Beauty,639,Desktop,New
195,3902,2024-01-05 09:50:00,purchase,1251,Beauty,639,Desktop,New
1935,3903,2024-01-30 06:39:00,view,1752,Fashion,124,Mobile,Returning
228,3904,2024-01-19 09:47:00,view,1624,Electronics,362,Mobile,New
228,3904,2024-01-19 09:51:00,cart,1624,Electronics,362,Mobile,New
228,3904,2024-01-19 09:52:00,checkout,1624,Electronics,362,Mobile,New
1455,3905,2024-01-16 22:12:00,view,1833,Beauty,540,Mobile,New
1966,3906,2024-01-01 05:08:00,view,1947,Beauty,242,Mobile,New
1460,3907,2024-01-02 18:18:00,view,1323,Electronics,894,Mobile,Returning
1460,3907,2024-01-02 18:22:00,cart,1323,Electronics,894,Mobile,Returning
1460,3907,2024-01-02 18:24:00,checkout,1323,Electronics,894,Mobile,Returning
1460,3907,2024-01-02 18:28:00,purchase,1323,Electronics,894,Mobile,Returning
1811,3908,2024-01-29 02:11:00,view,1817,Home,413,Mobile,Returning
461,3909,2024-01-09 20:17:00,view,1439,Beauty,423,Mobile,New
618,3910,2024-01-29 20:17:00,view,1098,Home,202,Mobile,New
618,3910,2024-01-29 20:18:00,cart,1098,Home,202,Mobile,New
618,3910,2024-01-29 20:22:00,checkout,1098,Home,202,Mobile,New
618,3910,2024-01-29 20:25:00,purchase,1098,Home,202,Mobile,New
1045,3911,2024-01-11 07:23:00,view,1315,Home,359,Mobile,Returning
1045,3911,2024-01-11 07:27:00,cart,1315,Home,359,Mobile,Returning
1045,3911,2024-01-11 07:30:00,checkout,1315,Home,359,Mobile,Returning
1045,3911,2024-01-11 07:33:00,purchase,1315,Home,359,Mobile,Returning
64,3912,2024-01-17 19:12:00,view,1522,Fashion,445,Desktop,New
64,3912,2024-01-17 19:15:00,cart,1522,Fashion,445,Desktop,New
64,3912,2024-01-17 19:19:00,checkout,1522,Fashion,445,Desktop,New
64,3912,2024-01-17 19:23:00,purchase,1522,Fashion,445,Desktop,New
165,3913,2024-01-25 12:15:00,view,1772,Fashion,506,Desktop,New
165,3913,2024-01-25 12:19:00,cart,1772,Fashion,506,Desktop,New
27,3914,2024-01-08 14:30:00,view,1835,Beauty,292,Mobile,New
1335,3915,2024-01-24 01:28:00,view,1685,Beauty,528,Desktop,Returning
1012,3916,2024-01-16 03:46:00,view,1367,Home,993,Desktop,Returning
1012,3916,2024-01-16 03:47:00,cart,1367,Home,993,Desktop,Returning
1012,3916,2024-01-16 03:48:00,checkout,1367,Home,993,Desktop,Returning
1012,3916,2024-01-16 03:50:00,purchase,1367,Home,993,Desktop,Returning
285,3917,2024-01-18 13:47:00,view,1597,Beauty,380,Desktop,New
285,3917,2024-01-18 13:51:00,cart,1597,Beauty,380,Desktop,New
1684,3918,2024-01-09 07:55:00,view,1318,Fashion,222,Mobile,Returning
1684,3918,2024-01-09 07:57:00,cart,1318,Fashion,222,Mobile,Returning
1684,3918,2024-01-09 08:00:00,checkout,1318,Fashion,222,Mobile,Returning
1684,3918,2024-01-09 08:04:00,purchase,1318,Fashion,222,Mobile,Returning
281,3919,2024-01-27 23:48:00,view,1520,Home,521,Mobile,Returning
838,3920,2024-01-29 19:15:00,view,1106,Home,834,Desktop,New
831,3921,2024-01-13 20:54:00,view,1706,Fashion,616,Mobile,New
1188,3922,2024-01-20 04:54:00,view,1004,Beauty,340,Desktop,New
1188,3922,2024-01-20 04:57:00,cart,1004,Beauty,340,Desktop,New
1188,3922,2024-01-20 04:58:00,checkout,1004,Beauty,340,Desktop,New
1188,3922,2024-01-20 04:59:00,purchase,1004,Beauty,340,Desktop,New
1922,3923,2024-01-05 03:07:00,view,1807,Electronics,910,Desktop,New
1922,3923,2024-01-05 03:10:00,cart,1807,Electronics,910,Desktop,New
1922,3923,2024-01-05 03:12:00,checkout,1807,Electronics,910,Desktop,New
1922,3923,2024-01-05 03:14:00,purchase,1807,Electronics,910,Desktop,New
918,3924,2024-01-21 02:01:00,view,1362,Electronics,161,Mobile,Returning
918,3924,2024-01-21 02:03:00,cart,1362,Electronics,161,Mobile,Returning
918,3924,2024-01-21 02:04:00,checkout,1362,Electronics,161,Mobile,Returning
918,3924,2024-01-21 02:07:00,purchase,1362,Electronics,161,Mobile,Returning
224,3925,2024-02-01 08:41:00,view,1517,Electronics,267,Mobile,New
224,3925,2024-02-01 08:42:00,cart,1517,Electronics,267,Mobile,New
224,3925,2024-02-01 08:44:00,checkout,1517,Electronics,267,Mobile,New
224,3925,2024-02-01 08:48:00,purchase,1517,Electronics,267,Mobile,New
784,3926,2024-01-01 18:54:00,view,1174,Electronics,66,Mobile,New
784,3926,2024-01-01 18:58:00,cart,1174,Electronics,66,Mobile,New
784,3926,2024-01-01 18:59:00,checkout,1174,Electronics,66,Mobile,New
784,3926,2024-01-01 19:02:00,purchase,1174,Electronics,66,Mobile,New
1170,3927,2024-01-24 19:40:00,view,1859,Fashion,267,Mobile,New
965,3928,2024-02-01 03:25:00,view,1981,Beauty,752,Mobile,New
965,3928,2024-02-01 03:27:00,cart,1981,Beauty,752,Mobile,New
950,3929,2024-01-12 14:43:00,view,1763,Electronics,938,Mobile,New
950,3929,2024-01-12 14:46:00,cart,1763,Electronics,938,Mobile,New
950,3929,2024-01-12 14:49:00,checkout,1763,Electronics,938,Mobile,New
950,3929,2024-01-12 14:50:00,purchase,1763,Electronics,938,Mobile,New
1892,3930,2024-01-16 12:46:00,view,1891,Electronics,388,Mobile,New
1054,3931,2024-01-24 00:16:00,view,1342,Electronics,606,Mobile,Returning
1054,3931,2024-01-24 00:18:00,cart,1342,Electronics,606,Mobile,Returning
45,3932,2024-02-01 00:59:00,view,1516,Electronics,768,Tablet,New
1811,3933,2024-01-01 17:48:00,view,1237,Fashion,159,Mobile,Returning
1811,3933,2024-01-01 17:49:00,cart,1237,Fashion,159,Mobile,Returning
471,3934,2024-01-30 11:39:00,view,1033,Home,757,Desktop,New
471,3934,2024-01-30 11:40:00,cart,1033,Home,757,Desktop,New
471,3934,2024-01-30 11:43:00,checkout,1033,Home,757,Desktop,New
471,3934,2024-01-30 11:46:00,purchase,1033,Home,757,Desktop,New
34,3935,2024-01-10 06:56:00,view,1245,Electronics,953,Desktop,Returning
34,3935,2024-01-10 06:57:00,cart,1245,Electronics,953,Desktop,Returning
653,3936,2024-01-22 01:59:00,view,1818,Electronics,962,Mobile,New
653,3936,2024-01-22 02:00:00,cart,1818,Electronics,962,Mobile,New
653,3936,2024-01-22 02:03:00,checkout,1818,Electronics,962,Mobile,New
653,3936,2024-01-22 02:05:00,purchase,1818,Electronics,962,Mobile,New
1451,3937,2024-01-15 07:42:00,view,1916,Electronics,54,Desktop,New
1451,3937,2024-01-15 07:46:00,cart,1916,Electronics,54,Desktop,New
1451,3937,2024-01-15 07:48:00,checkout,1916,Electronics,54,Desktop,New
1451,3937,2024-01-15 07:49:00,purchase,1916,Electronics,54,Desktop,New
830,3938,2024-01-10 13:47:00,view,1334,Electronics,740,Mobile,New
830,3938,2024-01-10 13:49:00,cart,1334,Electronics,740,Mobile,New
830,3938,2024-01-10 13:52:00,checkout,1334,Electronics,740,Mobile,New
1910,3939,2024-01-30 20:56:00,view,1544,Beauty,306,Desktop,New
1910,3939,2024-01-30 20:58:00,cart,1544,Beauty,306,Desktop,New
221,3940,2024-01-19 09:33:00,view,1660,Electronics,884,Mobile,Returning
221,3940,2024-01-19 09:34:00,cart,1660,Electronics,884,Mobile,Returning
221,3940,2024-01-19 09:36:00,checkout,1660,Electronics,884,Mobile,Returning
221,3940,2024-01-19 09:39:00,purchase,1660,Electronics,884,Mobile,Returning
1892,3941,2024-01-30 11:03:00,view,1468,Electronics,919,Mobile,New
534,3942,2024-01-23 03:22:00,view,1557,Beauty,883,Mobile,New
692,3943,2024-01-10 07:18:00,view,1577,Electronics,270,Mobile,New
692,3943,2024-01-10 07:19:00,cart,1577,Electronics,270,Mobile,New
692,3943,2024-01-10 07:23:00,checkout,1577,Electronics,270,Mobile,New
1972,3944,2024-01-30 00:28:00,view,1454,Fashion,905,Mobile,Returning
1972,3944,2024-01-30 00:32:00,cart,1454,Fashion,905,Mobile,Returning
1972,3944,2024-01-30 00:35:00,checkout,1454,Fashion,905,Mobile,Returning
1972,3944,2024-01-30 00:37:00,purchase,1454,Fashion,905,Mobile,Returning
1391,3945,2024-01-05 12:57:00,view,1715,Beauty,832,Mobile,New
1391,3945,2024-01-05 13:01:00,cart,1715,Beauty,832,Mobile,New
1391,3945,2024-01-05 13:05:00,checkout,1715,Beauty,832,Mobile,New
1391,3945,2024-01-05 13:08:00,purchase,1715,Beauty,832,Mobile,New
932,3946,2024-01-12 11:42:00,view,1685,Fashion,784,Mobile,Returning
932,3946,2024-01-12 11:46:00,cart,1685,Fashion,784,Mobile,Returning
932,3946,2024-01-12 11:50:00,checkout,1685,Fashion,784,Mobile,Returning
932,3946,2024-01-12 11:54:00,purchase,1685,Fashion,784,Mobile,Returning
841,3947,2024-01-14 06:41:00,view,1407,Electronics,478,Mobile,New
1767,3948,2024-01-21 21:23:00,view,1350,Beauty,604,Mobile,Returning
1011,3949,2024-01-25 21:26:00,view,1156,Fashion,645,Mobile,New
1011,3949,2024-01-25 21:28:00,cart,1156,Fashion,645,Mobile,New
1939,3950,2024-02-03 07:24:00,view,1625,Fashion,597,Mobile,New
1574,3951,2024-01-31 19:44:00,view,1610,Fashion,688,Mobile,Returning
1574,3951,2024-01-31 19:46:00,cart,1610,Fashion,688,Mobile,Returning
1574,3951,2024-01-31 19:48:00,checkout,1610,Fashion,688,Mobile,Returning
1574,3951,2024-01-31 19:49:00,purchase,1610,Fashion,688,Mobile,Returning
582,3952,2024-01-02 13:43:00,view,1007,Home,143,Desktop,Returning
582,3952,2024-01-02 13:44:00,cart,1007,Home,143,Desktop,Returning
582,3952,2024-01-02 13:47:00,checkout,1007,Home,143,Desktop,Returning
582,3952,2024-01-02 13:49:00,purchase,1007,Home,143,Desktop,Returning
1140,3953,2024-01-08 03:34:00,view,1006,Electronics,43,Mobile,New
1140,3953,2024-01-08 03:36:00,cart,1006,Electronics,43,Mobile,New
239,3954,2024-01-20 17:43:00,view,1115,Home,734,Desktop,Returning
239,3954,2024-01-20 17:47:00,cart,1115,Home,734,Desktop,Returning
239,3954,2024-01-20 17:48:00,checkout,1115,Home,734,Desktop,Returning
239,3954,2024-01-20 17:51:00,purchase,1115,Home,734,Desktop,Returning
1359,3955,2024-01-07 17:40:00,view,1561,Home,366,Mobile,New
441,3956,2024-01-13 20:20:00,view,1335,Electronics,487,Desktop,New
148,3957,2024-01-06 19:57:00,view,1411,Electronics,29,Mobile,New
148,3957,2024-01-06 20:00:00,cart,1411,Electronics,29,Mobile,New
1033,3958,2024-02-03 06:38:00,view,1200,Electronics,366,Mobile,New
1033,3958,2024-02-03 06:41:00,cart,1200,Electronics,366,Mobile,New
1033,3958,2024-02-03 06:44:00,checkout,1200,Electronics,366,Mobile,New
1033,3958,2024-02-03 06:47:00,purchase,1200,Electronics,366,Mobile,New
1312,3959,2024-01-06 00:51:00,view,1551,Beauty,227,Mobile,Returning
1312,3959,2024-01-06 00:54:00,cart,1551,Beauty,227,Mobile,Returning
388,3960,2024-01-06 12:11:00,view,1433,Fashion,67,Mobile,New
388,3960,2024-01-06 12:12:00,cart,1433,Fashion,67,Mobile,New
1074,3961,2024-01-28 19:20:00,view,1366,Home,492,Mobile,New
1874,3962,2024-01-22 19:01:00,view,1517,Fashion,416,Mobile,Returning
1874,3962,2024-01-22 19:04:00,cart,1517,Fashion,416,Mobile,Returning
1874,3962,2024-01-22 19:07:00,checkout,1517,Fashion,416,Mobile,Returning
1541,3963,2024-01-31 13:33:00,view,1322,Electronics,167,Tablet,Returning
1541,3963,2024-01-31 13:34:00,cart,1322,Electronics,167,Tablet,Returning
916,3964,2024-01-20 02:15:00,view,1778,Electronics,564,Mobile,New
916,3964,2024-01-20 02:18:00,cart,1778,Electronics,564,Mobile,New
916,3964,2024-01-20 02:22:00,checkout,1778,Electronics,564,Mobile,New
916,3964,2024-01-20 02:23:00,purchase,1778,Electronics,564,Mobile,New
1879,3965,2024-02-01 08:08:00,view,1042,Home,311,Mobile,New
638,3966,2024-02-04 06:48:00,view,1669,Fashion,738,Desktop,New
638,3966,2024-02-04 06:50:00,cart,1669,Fashion,738,Desktop,New
1611,3967,2024-01-09 23:14:00,view,1972,Home,908,Mobile,Returning
1611,3967,2024-01-09 23:15:00,cart,1972,Home,908,Mobile,Returning
1701,3968,2024-01-02 20:58:00,view,1919,Home,71,Desktop,Returning
278,3969,2024-01-04 02:04:00,view,1998,Home,983,Mobile,Returning
278,3969,2024-01-04 02:08:00,cart,1998,Home,983,Mobile,Returning
1978,3970,2024-01-13 21:00:00,view,1841,Fashion,700,Desktop,New
1860,3971,2024-01-28 01:01:00,view,1175,Home,996,Mobile,Returning
1860,3971,2024-01-28 01:04:00,cart,1175,Home,996,Mobile,Returning
1860,3971,2024-01-28 01:05:00,checkout,1175,Home,996,Mobile,Returning
1860,3971,2024-01-28 01:06:00,purchase,1175,Home,996,Mobile,Returning
989,3972,2024-01-24 02:03:00,view,1233,Fashion,184,Desktop,New
989,3972,2024-01-24 02:06:00,cart,1233,Fashion,184,Desktop,New
989,3972,2024-01-24 02:10:00,checkout,1233,Fashion,184,Desktop,New
989,3972,2024-01-24 02:13:00,purchase,1233,Fashion,184,Desktop,New
1324,3973,2024-01-11 00:45:00,view,1279,Beauty,809,Desktop,New
1826,3974,2024-01-20 13:48:00,view,1066,Beauty,155,Mobile,New
589,3975,2024-01-21 16:26:00,view,1955,Electronics,931,Mobile,New
589,3975,2024-01-21 16:27:00,cart,1955,Electronics,931,Mobile,New
1834,3976,2024-02-03 17:43:00,view,1369,Electronics,444,Mobile,Returning
649,3977,2024-01-31 00:59:00,view,1587,Electronics,196,Tablet,Returning
649,3977,2024-01-31 01:03:00,cart,1587,Electronics,196,Tablet,Returning
618,3978,2024-02-02 04:07:00,view,1472,Home,805,Mobile,New
618,3978,2024-02-02 04:09:00,cart,1472,Home,805,Mobile,New
1631,3979,2024-01-10 00:10:00,view,1789,Beauty,745,Mobile,Returning
1631,3979,2024-01-10 00:12:00,cart,1789,Beauty,745,Mobile,Returning
1631,3979,2024-01-10 00:14:00,checkout,1789,Beauty,745,Mobile,Returning
135,3980,2024-01-06 05:45:00,view,1565,Electronics,177,Mobile,Returning
580,3981,2024-01-06 22:49:00,view,1786,Fashion,999,Mobile,New
580,3981,2024-01-06 22:53:00,cart,1786,Fashion,999,Mobile,New
580,3981,2024-01-06 22:56:00,checkout,1786,Fashion,999,Mobile,New
580,3981,2024-01-06 22:58:00,purchase,1786,Fashion,999,Mobile,New
1171,3982,2024-02-02 06:58:00,view,1940,Fashion,190,Mobile,Returning
1171,3982,2024-02-02 07:02:00,cart,1940,Fashion,190,Mobile,Returning
1171,3982,2024-02-02 07:03:00,checkout,1940,Fashion,190,Mobile,Returning
490,3983,2024-02-01 02:42:00,view,1297,Home,155,Tablet,Returning
490,3983,2024-02-01 02:44:00,cart,1297,Home,155,Tablet,Returning
478,3984,2024-01-07 11:46:00,view,1547,Home,61,Mobile,New
1183,3985,2024-01-14 11:38:00,view,1336,Fashion,944,Desktop,Returning
1183,3985,2024-01-14 11:42:00,cart,1336,Fashion,944,Desktop,Returning
1183,3985,2024-01-14 11:43:00,checkout,1336,Fashion,944,Desktop,Returning
1183,3985,2024-01-14 11:46:00,purchase,1336,Fashion,944,Desktop,Returning
384,3986,2024-01-01 14:53:00,view,1029,Electronics,645,Mobile,Returning
384,3986,2024-01-01 14:57:00,cart,1029,Electronics,645,Mobile,Returning
384,3986,2024-01-01 14:58:00,checkout,1029,Electronics,645,Mobile,Returning
163,3987,2024-02-01 01:54:00,view,1132,Home,993,Mobile,Returning
163,3987,2024-02-01 01:58:00,cart,1132,Home,993,Mobile,Returning
163,3987,2024-02-01 02:01:00,checkout,1132,Home,993,Mobile,Returning
441,3988,2024-01-05 04:32:00,view,1464,Electronics,888,Mobile,New
441,3988,2024-01-05 04:36:00,cart,1464,Electronics,888,Mobile,New
441,3988,2024-01-05 04:39:00,checkout,1464,Electronics,888,Mobile,New
441,3988,2024-01-05 04:42:00,purchase,1464,Electronics,888,Mobile,New
1877,3989,2024-01-26 16:42:00,view,1694,Beauty,127,Mobile,New
1213,3990,2024-01-13 05:46:00,view,1516,Fashion,280,Tablet,New
415,3991,2024-01-13 13:54:00,view,1979,Beauty,295,Desktop,Returning
415,3991,2024-01-13 13:58:00,cart,1979,Beauty,295,Desktop,Returning
415,3991,2024-01-13 14:00:00,checkout,1979,Beauty,295,Desktop,Returning
415,3991,2024-01-13 14:04:00,purchase,1979,Beauty,295,Desktop,Returning
1363,3992,2024-01-30 07:19:00,view,1363,Beauty,370,Mobile,Returning
1631,3993,2024-01-24 14:54:00,view,1700,Beauty,869,Mobile,Returning
1631,3993,2024-01-24 14:57:00,cart,1700,Beauty,869,Mobile,Returning
1205,3994,2024-01-16 04:56:00,view,1096,Beauty,620,Mobile,New
288,3995,2024-01-28 12:40:00,view,1742,Home,265,Desktop,New
1858,3996,2024-01-04 17:48:00,view,1156,Electronics,342,Desktop,New
187,3997,2024-01-29 23:32:00,view,1733,Fashion,467,Desktop,Returning
1908,3998,2024-01-25 03:42:00,view,1731,Home,108,Mobile,New
1908,3998,2024-01-25 03:44:00,cart,1731,Home,108,Mobile,New
1908,3998,2024-01-25 03:47:00,checkout,1731,Home,108,Mobile,New
1908,3998,2024-01-25 03:49:00,purchase,1731,Home,108,Mobile,New
1162,3999,2024-01-03 07:16:00,view,1154,Beauty,376,Mobile,New
130,4000,2024-01-16 18:48:00,view,1627,Beauty,467,Mobile,New
194,4001,2024-01-09 20:47:00,view,1023,Electronics,732,Mobile,Returning
194,4001,2024-01-09 20:49:00,cart,1023,Electronics,732,Mobile,Returning
194,4001,2024-01-09 20:50:00,checkout,1023,Electronics,732,Mobile,Returning
194,4001,2024-01-09 20:54:00,purchase,1023,Electronics,732,Mobile,Returning
316,4002,2024-01-10 07:11:00,view,1713,Home,723,Mobile,Returning
1809,4003,2024-01-05 10:39:00,view,1473,Beauty,904,Mobile,New
1888,4004,2024-01-25 22:12:00,view,1387,Beauty,363,Mobile,New
144,4005,2024-01-17 09:25:00,view,1404,Electronics,582,Desktop,New
16,4006,2024-01-28 00:17:00,view,1606,Home,567,Desktop,New
16,4006,2024-01-28 00:19:00,cart,1606,Home,567,Desktop,New
1326,4007,2024-01-01 01:07:00,view,1268,Home,481,Mobile,New
423,4008,2024-01-09 03:30:00,view,1639,Beauty,782,Mobile,New
423,4008,2024-01-09 03:32:00,cart,1639,Beauty,782,Mobile,New
245,4009,2024-02-01 21:17:00,view,1983,Beauty,938,Mobile,New
927,4010,2024-01-24 05:20:00,view,1585,Fashion,290,Desktop,New
927,4010,2024-01-24 05:22:00,cart,1585,Fashion,290,Desktop,New
927,4010,2024-01-24 05:26:00,checkout,1585,Fashion,290,Desktop,New
927,4010,2024-01-24 05:29:00,purchase,1585,Fashion,290,Desktop,New
1131,4011,2024-01-27 23:50:00,view,1300,Fashion,870,Desktop,Returning
1112,4012,2024-01-13 18:24:00,view,1410,Fashion,827,Desktop,New
1112,4012,2024-01-13 18:25:00,cart,1410,Fashion,827,Desktop,New
129,4013,2024-01-23 16:24:00,view,1052,Electronics,172,Desktop,New
907,4014,2024-01-09 18:28:00,view,1210,Fashion,205,Mobile,Returning
887,4015,2024-01-03 02:21:00,view,1307,Fashion,399,Mobile,Returning
887,4015,2024-01-03 02:22:00,cart,1307,Fashion,399,Mobile,Returning
341,4016,2024-02-02 04:24:00,view,1682,Home,38,Mobile,New
341,4016,2024-02-02 04:28:00,cart,1682,Home,38,Mobile,New
341,4016,2024-02-02 04:30:00,checkout,1682,Home,38,Mobile,New
4,4017,2024-01-05 14:04:00,view,1301,Home,654,Mobile,New
1351,4018,2024-01-02 05:38:00,view,1314,Home,687,Desktop,Returning
1434,4019,2024-01-30 17:13:00,view,1275,Electronics,337,Mobile,Returning
1434,4019,2024-01-30 17:16:00,cart,1275,Electronics,337,Mobile,Returning
1903,4020,2024-01-07 23:21:00,view,1245,Beauty,576,Mobile,Returning
1903,4020,2024-01-07 23:24:00,cart,1245,Beauty,576,Mobile,Returning
1903,4020,2024-01-07 23:25:00,checkout,1245,Beauty,576,Mobile,Returning
1903,4020,2024-01-07 23:28:00,purchase,1245,Beauty,576,Mobile,Returning
306,4021,2024-01-01 10:31:00,view,1921,Fashion,189,Mobile,Returning
306,4021,2024-01-01 10:32:00,cart,1921,Fashion,189,Mobile,Returning
306,4021,2024-01-01 10:35:00,checkout,1921,Fashion,189,Mobile,Returning
306,4021,2024-01-01 10:37:00,purchase,1921,Fashion,189,Mobile,Returning
908,4022,2024-01-15 05:44:00,view,1064,Electronics,707,Tablet,New
908,4022,2024-01-15 05:46:00,cart,1064,Electronics,707,Tablet,New
908,4022,2024-01-15 05:48:00,checkout,1064,Electronics,707,Tablet,New
908,4022,2024-01-15 05:49:00,purchase,1064,Electronics,707,Tablet,New
607,4023,2024-01-16 04:50:00,view,1927,Electronics,340,Mobile,New
607,4023,2024-01-16 04:51:00,cart,1927,Electronics,340,Mobile,New
607,4023,2024-01-16 04:53:00,checkout,1927,Electronics,340,Mobile,New
1745,4024,2024-01-18 18:59:00,view,1797,Electronics,536,Desktop,New
1745,4024,2024-01-18 19:03:00,cart,1797,Electronics,536,Desktop,New
1745,4024,2024-01-18 19:05:00,checkout,1797,Electronics,536,Desktop,New
1249,4025,2024-01-14 15:34:00,view,1964,Fashion,391,Mobile,Returning
1995,4026,2024-01-24 09:13:00,view,1047,Beauty,606,Mobile,Returning
1995,4026,2024-01-24 09:17:00,cart,1047,Beauty,606,Mobile,Returning
1995,4026,2024-01-24 09:21:00,checkout,1047,Beauty,606,Mobile,Returning
1995,4026,2024-01-24 09:23:00,purchase,1047,Beauty,606,Mobile,Returning
1372,4027,2024-01-15 07:07:00,view,1610,Electronics,431,Mobile,New
992,4028,2024-01-07 03:51:00,view,1599,Electronics,140,Desktop,Returning
992,4028,2024-01-07 03:54:00,cart,1599,Electronics,140,Desktop,Returning
992,4028,2024-01-07 03:56:00,checkout,1599,Electronics,140,Desktop,Returning
992,4028,2024-01-07 04:00:00,purchase,1599,Electronics,140,Desktop,Returning
321,4029,2024-01-17 06:11:00,view,1116,Electronics,745,Mobile,New
321,4029,2024-01-17 06:15:00,cart,1116,Electronics,745,Mobile,New
321,4029,2024-01-17 06:17:00,checkout,1116,Electronics,745,Mobile,New
559,4030,2024-01-22 02:30:00,view,1852,Fashion,517,Desktop,Returning
1205,4031,2024-01-22 14:53:00,view,1759,Electronics,790,Mobile,New
618,4032,2024-01-17 07:53:00,view,1145,Electronics,278,Mobile,New
711,4033,2024-02-02 08:52:00,view,1965,Fashion,508,Desktop,Returning
1410,4034,2024-01-16 14:15:00,view,1923,Electronics,592,Mobile,Returning
1642,4035,2024-02-03 19:05:00,view,1975,Home,412,Mobile,Returning
1816,4036,2024-01-10 12:31:00,view,1047,Home,860,Desktop,Returning
1816,4036,2024-01-10 12:34:00,cart,1047,Home,860,Desktop,Returning
1796,4037,2024-01-08 16:17:00,view,1558,Electronics,364,Mobile,New
1796,4037,2024-01-08 16:21:00,cart,1558,Electronics,364,Mobile,New
1132,4038,2024-02-04 11:58:00,view,1146,Home,238,Desktop,New
1132,4038,2024-02-04 12:02:00,cart,1146,Home,238,Desktop,New
1132,4038,2024-02-04 12:06:00,checkout,1146,Home,238,Desktop,New
1132,4038,2024-02-04 12:09:00,purchase,1146,Home,238,Desktop,New
531,4039,2024-01-08 00:48:00,view,1410,Home,218,Mobile,Returning
410,4040,2024-01-02 21:56:00,view,1270,Beauty,608,Mobile,New
1995,4041,2024-01-03 00:25:00,view,1345,Fashion,766,Mobile,Returning
1995,4041,2024-01-03 00:27:00,cart,1345,Fashion,766,Mobile,Returning
1995,4041,2024-01-03 00:29:00,checkout,1345,Fashion,766,Mobile,Returning
1995,4041,2024-01-03 00:31:00,purchase,1345,Fashion,766,Mobile,Returning
1320,4042,2024-01-05 05:11:00,view,1691,Beauty,389,Desktop,New
1320,4042,2024-01-05 05:15:00,cart,1691,Beauty,389,Desktop,New
1320,4042,2024-01-05 05:17:00,checkout,1691,Beauty,389,Desktop,New
818,4043,2024-01-16 23:09:00,view,1314,Fashion,25,Mobile,New
818,4043,2024-01-16 23:11:00,cart,1314,Fashion,25,Mobile,New
818,4043,2024-01-16 23:12:00,checkout,1314,Fashion,25,Mobile,New
818,4043,2024-01-16 23:15:00,purchase,1314,Fashion,25,Mobile,New
1195,4044,2024-01-24 05:24:00,view,1064,Beauty,61,Desktop,New
1355,4045,2024-01-13 18:14:00,view,1846,Home,928,Desktop,New
1355,4045,2024-01-13 18:16:00,cart,1846,Home,928,Desktop,New
1355,4045,2024-01-13 18:17:00,checkout,1846,Home,928,Desktop,New
1355,4045,2024-01-13 18:20:00,purchase,1846,Home,928,Desktop,New
493,4046,2024-01-07 03:42:00,view,1172,Home,829,Mobile,New
1219,4047,2024-01-21 02:54:00,view,1520,Beauty,959,Mobile,Returning
12,4048,2024-01-14 04:45:00,view,1804,Fashion,804,Mobile,Returning
12,4048,2024-01-14 04:48:00,cart,1804,Fashion,804,Mobile,Returning
195,4049,2024-01-30 03:51:00,view,1171,Electronics,849,Mobile,New
490,4050,2024-01-02 20:52:00,view,1291,Fashion,745,Mobile,Returning
490,4050,2024-01-02 20:56:00,cart,1291,Fashion,745,Mobile,Returning
490,4050,2024-01-02 20:57:00,checkout,1291,Fashion,745,Mobile,Returning
490,4050,2024-01-02 21:01:00,purchase,1291,Fashion,745,Mobile,Returning
795,4051,2024-01-28 11:32:00,view,1629,Fashion,344,Desktop,New
795,4051,2024-01-28 11:35:00,cart,1629,Fashion,344,Desktop,New
795,4051,2024-01-28 11:36:00,checkout,1629,Fashion,344,Desktop,New
795,4051,2024-01-28 11:40:00,purchase,1629,Fashion,344,Desktop,New
881,4052,2024-01-11 13:40:00,view,1167,Beauty,835,Tablet,New
881,4052,2024-01-11 13:44:00,cart,1167,Beauty,835,Tablet,New
182,4053,2024-01-20 07:05:00,view,1022,Home,651,Desktop,New
182,4053,2024-01-20 07:06:00,cart,1022,Home,651,Desktop,New
962,4054,2024-01-28 19:12:00,view,1819,Electronics,543,Desktop,Returning
962,4054,2024-01-28 19:14:00,cart,1819,Electronics,543,Desktop,Returning
1841,4055,2024-01-09 09:37:00,view,1669,Fashion,857,Desktop,New
656,4056,2024-01-28 05:51:00,view,1052,Beauty,142,Mobile,New
656,4056,2024-01-28 05:55:00,cart,1052,Beauty,142,Mobile,New
656,4056,2024-01-28 05:57:00,checkout,1052,Beauty,142,Mobile,New
656,4056,2024-01-28 05:59:00,purchase,1052,Beauty,142,Mobile,New
1922,4057,2024-01-13 02:01:00,view,1672,Electronics,129,Desktop,New
1922,4057,2024-01-13 02:05:00,cart,1672,Electronics,129,Desktop,New
1922,4057,2024-01-13 02:08:00,checkout,1672,Electronics,129,Desktop,New
1922,4057,2024-01-13 02:10:00,purchase,1672,Electronics,129,Desktop,New
1340,4058,2024-01-31 06:31:00,view,1504,Electronics,403,Desktop,New
694,4059,2024-01-23 03:09:00,view,1258,Electronics,807,Mobile,New
694,4059,2024-01-23 03:11:00,cart,1258,Electronics,807,Mobile,New
694,4059,2024-01-23 03:14:00,checkout,1258,Electronics,807,Mobile,New
694,4059,2024-01-23 03:18:00,purchase,1258,Electronics,807,Mobile,New
30,4060,2024-01-01 06:08:00,view,1432,Fashion,753,Tablet,New
30,4060,2024-01-01 06:12:00,cart,1432,Fashion,753,Tablet,New
30,4060,2024-01-01 06:16:00,checkout,1432,Fashion,753,Tablet,New
30,4060,2024-01-01 06:18:00,purchase,1432,Fashion,753,Tablet,New
1620,4061,2024-01-18 02:46:00,view,1640,Fashion,663,Mobile,Returning
1702,4062,2024-01-14 01:06:00,view,1754,Beauty,539,Desktop,New
1820,4063,2024-01-06 20:20:00,view,1027,Electronics,105,Desktop,New
1820,4063,2024-01-06 20:24:00,cart,1027,Electronics,105,Desktop,New
1820,4063,2024-01-06 20:25:00,checkout,1027,Electronics,105,Desktop,New
1820,4063,2024-01-06 20:27:00,purchase,1027,Electronics,105,Desktop,New
1817,4064,2024-02-03 20:10:00,view,1207,Fashion,174,Tablet,New
1817,4064,2024-02-03 20:12:00,cart,1207,Fashion,174,Tablet,New
1120,4065,2024-01-31 04:23:00,view,1068,Fashion,851,Mobile,New
1120,4065,2024-01-31 04:26:00,cart,1068,Fashion,851,Mobile,New
1120,4065,2024-01-31 04:28:00,checkout,1068,Fashion,851,Mobile,New
1405,4066,2024-01-16 12:03:00,view,1854,Beauty,632,Desktop,Returning
778,4067,2024-01-27 23:09:00,view,1461,Fashion,737,Mobile,Returning
444,4068,2024-01-14 14:10:00,view,1007,Beauty,722,Mobile,New
298,4069,2024-01-26 10:34:00,view,1382,Beauty,908,Desktop,New
298,4069,2024-01-26 10:36:00,cart,1382,Beauty,908,Desktop,New
298,4069,2024-01-26 10:38:00,checkout,1382,Beauty,908,Desktop,New
808,4070,2024-01-30 10:37:00,view,1904,Home,648,Mobile,Returning
808,4070,2024-01-30 10:40:00,cart,1904,Home,648,Mobile,Returning
808,4070,2024-01-30 10:42:00,checkout,1904,Home,648,Mobile,Returning
1761,4071,2024-01-11 02:04:00,view,1800,Fashion,294,Desktop,New
1761,4071,2024-01-11 02:05:00,cart,1800,Fashion,294,Desktop,New
1761,4071,2024-01-11 02:08:00,checkout,1800,Fashion,294,Desktop,New
845,4072,2024-02-04 10:24:00,view,1212,Fashion,489,Mobile,New
845,4072,2024-02-04 10:28:00,cart,1212,Fashion,489,Mobile,New
845,4072,2024-02-04 10:32:00,checkout,1212,Fashion,489,Mobile,New
845,4072,2024-02-04 10:36:00,purchase,1212,Fashion,489,Mobile,New
1016,4073,2024-01-02 04:31:00,view,1670,Electronics,247,Mobile,Returning
1385,4074,2024-01-29 00:28:00,view,1878,Electronics,235,Desktop,Returning
1385,4074,2024-01-29 00:32:00,cart,1878,Electronics,235,Desktop,Returning
1398,4075,2024-02-03 03:51:00,view,1732,Fashion,987,Mobile,New
554,4076,2024-01-17 22:51:00,view,1410,Beauty,710,Mobile,New
554,4076,2024-01-17 22:55:00,cart,1410,Beauty,710,Mobile,New
554,4076,2024-01-17 22:57:00,checkout,1410,Beauty,710,Mobile,New
554,4076,2024-01-17 23:00:00,purchase,1410,Beauty,710,Mobile,New
303,4077,2024-01-07 17:36:00,view,1490,Electronics,719,Tablet,New
421,4078,2024-01-21 19:45:00,view,1567,Beauty,739,Mobile,Returning
421,4078,2024-01-21 19:47:00,cart,1567,Beauty,739,Mobile,Returning
421,4078,2024-01-21 19:51:00,checkout,1567,Beauty,739,Mobile,Returning
421,4078,2024-01-21 19:52:00,purchase,1567,Beauty,739,Mobile,Returning
1270,4079,2024-01-16 06:30:00,view,1943,Fashion,207,Desktop,New
1270,4079,2024-01-16 06:31:00,cart,1943,Fashion,207,Desktop,New
1744,4080,2024-01-10 09:56:00,view,1934,Electronics,697,Mobile,New
1744,4080,2024-01-10 09:59:00,cart,1934,Electronics,697,Mobile,New
1261,4081,2024-01-21 12:14:00,view,1315,Home,251,Mobile,New
1558,4082,2024-01-28 13:08:00,view,1187,Beauty,144,Mobile,New
1558,4082,2024-01-28 13:10:00,cart,1187,Beauty,144,Mobile,New
1558,4082,2024-01-28 13:14:00,checkout,1187,Beauty,144,Mobile,New
185,4083,2024-01-12 13:23:00,view,1794,Electronics,496,Mobile,New
185,4083,2024-01-12 13:27:00,cart,1794,Electronics,496,Mobile,New
185,4083,2024-01-12 13:28:00,checkout,1794,Electronics,496,Mobile,New
185,4083,2024-01-12 13:31:00,purchase,1794,Electronics,496,Mobile,New
468,4084,2024-01-31 05:52:00,view,1292,Beauty,317,Mobile,Returning
754,4085,2024-01-30 15:04:00,view,1339,Beauty,536,Mobile,New
754,4085,2024-01-30 15:08:00,cart,1339,Beauty,536,Mobile,New
754,4085,2024-01-30 15:09:00,checkout,1339,Beauty,536,Mobile,New
363,4086,2024-01-07 18:19:00,view,1640,Home,402,Mobile,New
363,4086,2024-01-07 18:20:00,cart,1640,Home,402,Mobile,New
363,4086,2024-01-07 18:23:00,checkout,1640,Home,402,Mobile,New
363,4086,2024-01-07 18:24:00,purchase,1640,Home,402,Mobile,New
1307,4087,2024-01-01 03:56:00,view,1738,Beauty,247,Mobile,Returning
1307,4087,2024-01-01 03:59:00,cart,1738,Beauty,247,Mobile,Returning
1307,4087,2024-01-01 04:01:00,checkout,1738,Beauty,247,Mobile,Returning
1307,4087,2024-01-01 04:03:00,purchase,1738,Beauty,247,Mobile,Returning
1577,4088,2024-01-13 04:45:00,view,1206,Home,614,Mobile,New
1577,4088,2024-01-13 04:49:00,cart,1206,Home,614,Mobile,New
1577,4088,2024-01-13 04:53:00,checkout,1206,Home,614,Mobile,New
1577,4088,2024-01-13 04:54:00,purchase,1206,Home,614,Mobile,New
336,4089,2024-01-24 04:46:00,view,1283,Beauty,987,Mobile,New
336,4089,2024-01-24 04:48:00,cart,1283,Beauty,987,Mobile,New
336,4089,2024-01-24 04:52:00,checkout,1283,Beauty,987,Mobile,New
336,4089,2024-01-24 04:55:00,purchase,1283,Beauty,987,Mobile,New
162,4090,2024-01-01 02:03:00,view,1005,Beauty,642,Mobile,Returning
162,4090,2024-01-01 02:07:00,cart,1005,Beauty,642,Mobile,Returning
1184,4091,2024-01-12 00:38:00,view,1802,Fashion,429,Desktop,Returning
1184,4091,2024-01-12 00:41:00,cart,1802,Fashion,429,Desktop,Returning
1184,4091,2024-01-12 00:44:00,checkout,1802,Fashion,429,Desktop,Returning
1184,4091,2024-01-12 00:48:00,purchase,1802,Fashion,429,Desktop,Returning
1498,4092,2024-01-13 00:23:00,view,1798,Beauty,91,Desktop,New
1625,4093,2024-01-19 07:43:00,view,1132,Home,496,Desktop,New
1625,4093,2024-01-19 07:45:00,cart,1132,Home,496,Desktop,New
1625,4093,2024-01-19 07:47:00,checkout,1132,Home,496,Desktop,New
1625,4093,2024-01-19 07:51:00,purchase,1132,Home,496,Desktop,New
1346,4094,2024-01-03 01:53:00,view,1951,Fashion,432,Mobile,New
12,4095,2024-01-21 19:06:00,view,1693,Beauty,375,Desktop,Returning
1448,4096,2024-01-30 13:33:00,view,1126,Beauty,803,Desktop,Returning
1448,4096,2024-01-30 13:37:00,cart,1126,Beauty,803,Desktop,Returning
1448,4096,2024-01-30 13:39:00,checkout,1126,Beauty,803,Desktop,Returning
1448,4096,2024-01-30 13:40:00,purchase,1126,Beauty,803,Desktop,Returning
1097,4097,2024-01-23 13:52:00,view,1622,Beauty,916,Desktop,New
1097,4097,2024-01-23 13:53:00,cart,1622,Beauty,916,Desktop,New
588,4098,2024-01-28 07:24:00,view,1092,Beauty,116,Mobile,New
1882,4099,2024-01-22 01:17:00,view,1908,Electronics,149,Tablet,Returning
201,4100,2024-01-12 09:35:00,view,1926,Electronics,457,Desktop,Returning
522,4101,2024-01-19 23:23:00,view,1360,Beauty,387,Desktop,New
522,4101,2024-01-19 23:27:00,cart,1360,Beauty,387,Desktop,New
522,4101,2024-01-19 23:29:00,checkout,1360,Beauty,387,Desktop,New
522,4101,2024-01-19 23:30:00,purchase,1360,Beauty,387,Desktop,New
1888,4102,2024-01-07 21:18:00,view,1922,Electronics,570,Mobile,New
505,4103,2024-01-05 05:10:00,view,1517,Home,230,Mobile,Returning
505,4103,2024-01-05 05:11:00,cart,1517,Home,230,Mobile,Returning
505,4103,2024-01-05 05:15:00,checkout,1517,Home,230,Mobile,Returning
505,4103,2024-01-05 05:19:00,purchase,1517,Home,230,Mobile,Returning
1762,4104,2024-01-15 04:38:00,view,1281,Fashion,617,Mobile,Returning
1762,4104,2024-01-15 04:41:00,cart,1281,Fashion,617,Mobile,Returning
1762,4104,2024-01-15 04:42:00,checkout,1281,Fashion,617,Mobile,Returning
1762,4104,2024-01-15 04:46:00,purchase,1281,Fashion,617,Mobile,Returning
1712,4105,2024-02-01 17:04:00,view,1494,Beauty,957,Mobile,New
1712,4105,2024-02-01 17:06:00,cart,1494,Beauty,957,Mobile,New
1712,4105,2024-02-01 17:08:00,checkout,1494,Beauty,957,Mobile,New
1712,4105,2024-02-01 17:10:00,purchase,1494,Beauty,957,Mobile,New
788,4106,2024-01-06 01:39:00,view,1562,Electronics,43,Desktop,New
788,4106,2024-01-06 01:41:00,cart,1562,Electronics,43,Desktop,New
1063,4107,2024-01-08 19:06:00,view,1031,Home,803,Mobile,Returning
60,4108,2024-01-15 20:02:00,view,1957,Electronics,996,Mobile,New
578,4109,2024-01-01 19:25:00,view,1077,Home,864,Mobile,Returning
578,4109,2024-01-01 19:28:00,cart,1077,Home,864,Mobile,Returning
578,4109,2024-01-01 19:31:00,checkout,1077,Home,864,Mobile,Returning
321,4110,2024-01-18 03:15:00,view,1793,Fashion,90,Mobile,New
321,4110,2024-01-18 03:16:00,cart,1793,Fashion,90,Mobile,New
1459,4111,2024-01-07 19:21:00,view,1025,Home,748,Mobile,New
1459,4111,2024-01-07 19:25:00,cart,1025,Home,748,Mobile,New
1660,4112,2024-01-07 16:22:00,view,1613,Electronics,824,Desktop,New
1700,4113,2024-02-04 12:15:00,view,1177,Electronics,423,Mobile,New
1700,4113,2024-02-04 12:17:00,cart,1177,Electronics,423,Mobile,New
1432,4114,2024-01-30 05:34:00,view,1543,Fashion,76,Mobile,New
1432,4114,2024-01-30 05:37:00,cart,1543,Fashion,76,Mobile,New
923,4115,2024-01-01 07:46:00,view,1045,Beauty,736,Mobile,Returning
923,4115,2024-01-01 07:49:00,cart,1045,Beauty,736,Mobile,Returning
923,4115,2024-01-01 07:53:00,checkout,1045,Beauty,736,Mobile,Returning
923,4115,2024-01-01 07:55:00,purchase,1045,Beauty,736,Mobile,Returning
1410,4116,2024-01-10 10:33:00,view,1112,Home,802,Mobile,Returning
1695,4117,2024-01-14 06:18:00,view,1893,Beauty,564,Mobile,New
569,4118,2024-01-16 13:15:00,view,1636,Beauty,183,Desktop,Returning
569,4118,2024-01-16 13:18:00,cart,1636,Beauty,183,Desktop,Returning
1102,4119,2024-01-17 05:21:00,view,1641,Fashion,113,Desktop,Returning
1102,4119,2024-01-17 05:23:00,cart,1641,Fashion,113,Desktop,Returning
1102,4119,2024-01-17 05:26:00,checkout,1641,Fashion,113,Desktop,Returning
1102,4119,2024-01-17 05:29:00,purchase,1641,Fashion,113,Desktop,Returning
1218,4120,2024-01-16 11:58:00,view,1259,Fashion,115,Desktop,Returning
1218,4120,2024-01-16 12:00:00,cart,1259,Fashion,115,Desktop,Returning
1218,4120,2024-01-16 12:01:00,checkout,1259,Fashion,115,Desktop,Returning
1218,4120,2024-01-16 12:03:00,purchase,1259,Fashion,115,Desktop,Returning
1309,4121,2024-02-01 21:14:00,view,1211,Beauty,433,Desktop,New
1309,4121,2024-02-01 21:18:00,cart,1211,Beauty,433,Desktop,New
527,4122,2024-01-26 05:28:00,view,1880,Beauty,201,Mobile,New
527,4122,2024-01-26 05:29:00,cart,1880,Beauty,201,Mobile,New
527,4122,2024-01-26 05:32:00,checkout,1880,Beauty,201,Mobile,New
527,4122,2024-01-26 05:36:00,purchase,1880,Beauty,201,Mobile,New
524,4123,2024-01-25 01:09:00,view,1804,Home,922,Tablet,Returning
524,4123,2024-01-25 01:11:00,cart,1804,Home,922,Tablet,Returning
613,4124,2024-01-24 02:31:00,view,1415,Fashion,873,Desktop,Returning
613,4124,2024-01-24 02:35:00,cart,1415,Fashion,873,Desktop,Returning
613,4124,2024-01-24 02:37:00,checkout,1415,Fashion,873,Desktop,Returning
613,4124,2024-01-24 02:41:00,purchase,1415,Fashion,873,Desktop,Returning
1180,4125,2024-01-26 03:03:00,view,1511,Beauty,606,Desktop,New
1180,4125,2024-01-26 03:04:00,cart,1511,Beauty,606,Desktop,New
1180,4125,2024-01-26 03:07:00,checkout,1511,Beauty,606,Desktop,New
1180,4125,2024-01-26 03:09:00,purchase,1511,Beauty,606,Desktop,New
1364,4126,2024-01-28 09:31:00,view,1583,Home,770,Mobile,Returning
1364,4126,2024-01-28 09:32:00,cart,1583,Home,770,Mobile,Returning
1364,4126,2024-01-28 09:33:00,checkout,1583,Home,770,Mobile,Returning
1364,4126,2024-01-28 09:36:00,purchase,1583,Home,770,Mobile,Returning
125,4127,2024-01-03 03:04:00,view,1959,Electronics,628,Desktop,New
125,4127,2024-01-03 03:05:00,cart,1959,Electronics,628,Desktop,New
125,4127,2024-01-03 03:07:00,checkout,1959,Electronics,628,Desktop,New
871,4128,2024-02-02 14:10:00,view,1120,Beauty,189,Desktop,New
871,4128,2024-02-02 14:11:00,cart,1120,Beauty,189,Desktop,New
871,4128,2024-02-02 14:15:00,checkout,1120,Beauty,189,Desktop,New
871,4128,2024-02-02 14:19:00,purchase,1120,Beauty,189,Desktop,New
280,4129,2024-01-25 09:15:00,view,1992,Electronics,339,Desktop,Returning
280,4129,2024-01-25 09:16:00,cart,1992,Electronics,339,Desktop,Returning
280,4129,2024-01-25 09:20:00,checkout,1992,Electronics,339,Desktop,Returning
280,4129,2024-01-25 09:21:00,purchase,1992,Electronics,339,Desktop,Returning
917,4130,2024-02-01 13:07:00,view,1844,Fashion,973,Mobile,New
1930,4131,2024-01-24 07:26:00,view,1619,Fashion,806,Desktop,New
1930,4131,2024-01-24 07:29:00,cart,1619,Fashion,806,Desktop,New
1930,4131,2024-01-24 07:33:00,checkout,1619,Fashion,806,Desktop,New
622,4132,2024-01-18 16:16:00,view,1585,Beauty,690,Tablet,New
622,4132,2024-01-18 16:17:00,cart,1585,Beauty,690,Tablet,New
622,4132,2024-01-18 16:20:00,checkout,1585,Beauty,690,Tablet,New
846,4133,2024-01-12 14:11:00,view,1620,Electronics,278,Desktop,New
1893,4134,2024-01-16 01:46:00,view,1113,Home,968,Mobile,Returning
1893,4134,2024-01-16 01:47:00,cart,1113,Home,968,Mobile,Returning
1893,4134,2024-01-16 01:49:00,checkout,1113,Home,968,Mobile,Returning
1893,4134,2024-01-16 01:51:00,purchase,1113,Home,968,Mobile,Returning
1682,4135,2024-02-01 02:00:00,view,1504,Beauty,917,Desktop,Returning
1682,4135,2024-02-01 02:02:00,cart,1504,Beauty,917,Desktop,Returning
1682,4135,2024-02-01 02:06:00,checkout,1504,Beauty,917,Desktop,Returning
1682,4135,2024-02-01 02:10:00,purchase,1504,Beauty,917,Desktop,Returning
1752,4136,2024-02-01 18:35:00,view,1873,Fashion,410,Mobile,New
1752,4136,2024-02-01 18:39:00,cart,1873,Fashion,410,Mobile,New
1934,4137,2024-01-08 04:27:00,view,1844,Home,664,Mobile,Returning
674,4138,2024-01-10 02:25:00,view,1637,Fashion,602,Mobile,New
674,4138,2024-01-10 02:27:00,cart,1637,Fashion,602,Mobile,New
674,4138,2024-01-10 02:31:00,checkout,1637,Fashion,602,Mobile,New
674,4138,2024-01-10 02:35:00,purchase,1637,Fashion,602,Mobile,New
1152,4139,2024-01-04 10:37:00,view,1216,Fashion,961,Desktop,Returning
1152,4139,2024-01-04 10:40:00,cart,1216,Fashion,961,Desktop,Returning
1152,4139,2024-01-04 10:42:00,checkout,1216,Fashion,961,Desktop,Returning
1152,4139,2024-01-04 10:45:00,purchase,1216,Fashion,961,Desktop,Returning
314,4140,2024-01-18 10:18:00,view,1973,Beauty,138,Mobile,Returning
332,4141,2024-01-14 17:37:00,view,1491,Beauty,945,Mobile,Returning
1174,4142,2024-01-03 18:08:00,view,1737,Fashion,256,Desktop,New
1478,4143,2024-01-22 21:00:00,view,1196,Beauty,356,Desktop,Returning
36,4144,2024-01-08 07:10:00,view,1916,Home,753,Mobile,Returning
36,4144,2024-01-08 07:13:00,cart,1916,Home,753,Mobile,Returning
36,4144,2024-01-08 07:14:00,checkout,1916,Home,753,Mobile,Returning
36,4144,2024-01-08 07:18:00,purchase,1916,Home,753,Mobile,Returning
1709,4145,2024-01-27 05:39:00,view,1234,Beauty,935,Desktop,Returning
1709,4145,2024-01-27 05:41:00,cart,1234,Beauty,935,Desktop,Returning
1709,4145,2024-01-27 05:44:00,checkout,1234,Beauty,935,Desktop,Returning
1709,4145,2024-01-27 05:46:00,purchase,1234,Beauty,935,Desktop,Returning
1444,4146,2024-01-09 03:04:00,view,1641,Beauty,373,Desktop,New
1444,4146,2024-01-09 03:07:00,cart,1641,Beauty,373,Desktop,New
1444,4146,2024-01-09 03:08:00,checkout,1641,Beauty,373,Desktop,New
1444,4146,2024-01-09 03:12:00,purchase,1641,Beauty,373,Desktop,New
1046,4147,2024-01-16 03:29:00,view,1986,Fashion,14,Mobile,Returning
206,4148,2024-01-28 01:47:00,view,1399,Beauty,358,Mobile,New
206,4148,2024-01-28 01:50:00,cart,1399,Beauty,358,Mobile,New
206,4148,2024-01-28 01:53:00,checkout,1399,Beauty,358,Mobile,New
206,4148,2024-01-28 01:55:00,purchase,1399,Beauty,358,Mobile,New
639,4149,2024-01-15 15:55:00,view,1831,Beauty,836,Mobile,New
639,4149,2024-01-15 15:58:00,cart,1831,Beauty,836,Mobile,New
639,4149,2024-01-15 16:02:00,checkout,1831,Beauty,836,Mobile,New
639,4149,2024-01-15 16:03:00,purchase,1831,Beauty,836,Mobile,New
848,4150,2024-01-13 18:25:00,view,1718,Home,626,Mobile,Returning
1981,4151,2024-01-24 21:39:00,view,1942,Home,187,Mobile,New
1981,4151,2024-01-24 21:42:00,cart,1942,Home,187,Mobile,New
1981,4151,2024-01-24 21:45:00,checkout,1942,Home,187,Mobile,New
1981,4151,2024-01-24 21:47:00,purchase,1942,Home,187,Mobile,New
1380,4152,2024-01-02 21:36:00,view,1378,Electronics,124,Desktop,New
1380,4152,2024-01-02 21:39:00,cart,1378,Electronics,124,Desktop,New
1380,4152,2024-01-02 21:40:00,checkout,1378,Electronics,124,Desktop,New
1380,4152,2024-01-02 21:43:00,purchase,1378,Electronics,124,Desktop,New
440,4153,2024-01-09 15:07:00,view,1556,Beauty,537,Desktop,New
729,4154,2024-01-13 18:10:00,view,1230,Electronics,931,Mobile,New
1120,4155,2024-01-19 18:48:00,view,1358,Electronics,898,Mobile,New
1120,4155,2024-01-19 18:49:00,cart,1358,Electronics,898,Mobile,New
1953,4156,2024-01-13 13:04:00,view,1621,Fashion,886,Mobile,New
1953,4156,2024-01-13 13:08:00,cart,1621,Fashion,886,Mobile,New
1953,4156,2024-01-13 13:12:00,checkout,1621,Fashion,886,Mobile,New
1953,4156,2024-01-13 13:14:00,purchase,1621,Fashion,886,Mobile,New
941,4157,2024-01-29 01:09:00,view,1386,Electronics,779,Mobile,New
941,4157,2024-01-29 01:13:00,cart,1386,Electronics,779,Mobile,New
941,4157,2024-01-29 01:14:00,checkout,1386,Electronics,779,Mobile,New
941,4157,2024-01-29 01:17:00,purchase,1386,Electronics,779,Mobile,New
164,4158,2024-01-10 05:34:00,view,1245,Electronics,180,Mobile,New
164,4158,2024-01-10 05:35:00,cart,1245,Electronics,180,Mobile,New
148,4159,2024-02-03 04:37:00,view,1415,Electronics,320,Desktop,New
1554,4160,2024-01-29 13:10:00,view,1791,Beauty,932,Desktop,Returning
294,4161,2024-01-29 18:15:00,view,1077,Home,31,Mobile,New
195,4162,2024-01-03 09:35:00,view,1706,Fashion,484,Desktop,New
663,4163,2024-01-25 01:23:00,view,1942,Home,380,Mobile,Returning
480,4164,2024-01-30 12:43:00,view,1743,Fashion,169,Desktop,New
1901,4165,2024-01-09 00:14:00,view,1296,Home,565,Mobile,New
123,4166,2024-02-01 11:55:00,view,1394,Electronics,481,Mobile,New
123,4166,2024-02-01 11:58:00,cart,1394,Electronics,481,Mobile,New
123,4166,2024-02-01 12:00:00,checkout,1394,Electronics,481,Mobile,New
123,4166,2024-02-01 12:01:00,purchase,1394,Electronics,481,Mobile,New
1424,4167,2024-01-25 12:01:00,view,1284,Home,447,Desktop,New
699,4168,2024-01-06 01:15:00,view,1188,Fashion,658,Mobile,New
699,4168,2024-01-06 01:18:00,cart,1188,Fashion,658,Mobile,New
965,4169,2024-01-03 23:57:00,view,1516,Beauty,233,Desktop,New
965,4169,2024-01-03 23:58:00,cart,1516,Beauty,233,Desktop,New
965,4169,2024-01-03 23:59:00,checkout,1516,Beauty,233,Desktop,New
965,4169,2024-01-04 00:01:00,purchase,1516,Beauty,233,Desktop,New
1476,4170,2024-01-08 21:11:00,view,1183,Home,525,Mobile,Returning
1476,4170,2024-01-08 21:12:00,cart,1183,Home,525,Mobile,Returning
1476,4170,2024-01-08 21:14:00,checkout,1183,Home,525,Mobile,Returning
1476,4170,2024-01-08 21:17:00,purchase,1183,Home,525,Mobile,Returning
661,4171,2024-01-10 15:57:00,view,1963,Home,151,Mobile,New
1128,4172,2024-01-02 06:39:00,view,1685,Fashion,844,Mobile,New
1128,4172,2024-01-02 06:41:00,cart,1685,Fashion,844,Mobile,New
1779,4173,2024-01-25 17:33:00,view,1462,Fashion,533,Mobile,New
1779,4173,2024-01-25 17:36:00,cart,1462,Fashion,533,Mobile,New
1779,4173,2024-01-25 17:39:00,checkout,1462,Fashion,533,Mobile,New
1779,4173,2024-01-25 17:42:00,purchase,1462,Fashion,533,Mobile,New
1486,4174,2024-01-05 09:24:00,view,1615,Electronics,741,Desktop,New
1486,4174,2024-01-05 09:26:00,cart,1615,Electronics,741,Desktop,New
1767,4175,2024-01-05 04:29:00,view,1817,Electronics,917,Mobile,Returning
1767,4175,2024-01-05 04:30:00,cart,1817,Electronics,917,Mobile,Returning
1767,4175,2024-01-05 04:33:00,checkout,1817,Electronics,917,Mobile,Returning
1767,4175,2024-01-05 04:35:00,purchase,1817,Electronics,917,Mobile,Returning
1742,4176,2024-01-03 10:33:00,view,1996,Fashion,23,Desktop,Returning
1742,4176,2024-01-03 10:35:00,cart,1996,Fashion,23,Desktop,Returning
1742,4176,2024-01-03 10:39:00,checkout,1996,Fashion,23,Desktop,Returning
1742,4176,2024-01-03 10:41:00,purchase,1996,Fashion,23,Desktop,Returning
710,4177,2024-01-16 09:28:00,view,1573,Beauty,410,Desktop,Returning
710,4177,2024-01-16 09:29:00,cart,1573,Beauty,410,Desktop,Returning
396,4178,2024-01-31 14:55:00,view,1843,Beauty,169,Desktop,Returning
396,4178,2024-01-31 14:57:00,cart,1843,Beauty,169,Desktop,Returning
396,4178,2024-01-31 15:00:00,checkout,1843,Beauty,169,Desktop,Returning
912,4179,2024-01-12 02:59:00,view,1812,Fashion,971,Mobile,New
1361,4180,2024-01-17 03:20:00,view,1832,Electronics,757,Desktop,Returning
1361,4180,2024-01-17 03:21:00,cart,1832,Electronics,757,Desktop,Returning
1005,4181,2024-01-06 11:03:00,view,1675,Fashion,567,Mobile,Returning
1005,4181,2024-01-06 11:07:00,cart,1675,Fashion,567,Mobile,Returning
1005,4181,2024-01-06 11:11:00,checkout,1675,Fashion,567,Mobile,Returning
1623,4182,2024-02-01 01:19:00,view,1940,Beauty,75,Mobile,New
1623,4182,2024-02-01 01:22:00,cart,1940,Beauty,75,Mobile,New
1166,4183,2024-01-26 22:32:00,view,1681,Fashion,580,Mobile,Returning
317,4184,2024-01-03 17:41:00,view,1433,Beauty,523,Mobile,New
1735,4185,2024-01-01 11:48:00,view,1789,Beauty,335,Mobile,New
1735,4185,2024-01-01 11:52:00,cart,1789,Beauty,335,Mobile,New
1735,4185,2024-01-01 11:55:00,checkout,1789,Beauty,335,Mobile,New
1735,4185,2024-01-01 11:57:00,purchase,1789,Beauty,335,Mobile,New
1582,4186,2024-01-19 04:32:00,view,1709,Home,258,Desktop,New
1582,4186,2024-01-19 04:34:00,cart,1709,Home,258,Desktop,New
1824,4187,2024-01-15 19:12:00,view,1494,Electronics,366,Mobile,Returning
1824,4187,2024-01-15 19:14:00,cart,1494,Electronics,366,Mobile,Returning
1824,4187,2024-01-15 19:17:00,checkout,1494,Electronics,366,Mobile,Returning
1824,4187,2024-01-15 19:19:00,purchase,1494,Electronics,366,Mobile,Returning
1551,4188,2024-01-01 15:54:00,view,1534,Electronics,540,Mobile,Returning
1551,4188,2024-01-01 15:58:00,cart,1534,Electronics,540,Mobile,Returning
1580,4189,2024-01-28 04:14:00,view,1864,Home,105,Desktop,New
1425,4190,2024-01-18 13:02:00,view,1206,Home,678,Mobile,Returning
681,4191,2024-01-28 07:43:00,view,1710,Electronics,255,Mobile,Returning
681,4191,2024-01-28 07:47:00,cart,1710,Electronics,255,Mobile,Returning
1334,4192,2024-01-19 22:03:00,view,1316,Beauty,92,Mobile,Returning
495,4193,2024-01-13 08:25:00,view,1748,Fashion,379,Desktop,New
556,4194,2024-01-01 23:07:00,view,1179,Home,639,Mobile,New
610,4195,2024-01-04 10:27:00,view,1082,Fashion,609,Mobile,Returning
610,4195,2024-01-04 10:31:00,cart,1082,Fashion,609,Mobile,Returning
610,4195,2024-01-04 10:34:00,checkout,1082,Fashion,609,Mobile,Returning
610,4195,2024-01-04 10:36:00,purchase,1082,Fashion,609,Mobile,Returning
1797,4196,2024-01-03 07:29:00,view,1743,Beauty,930,Mobile,Returning
109,4197,2024-01-22 17:16:00,view,1388,Home,670,Desktop,New
1819,4198,2024-01-31 07:10:00,view,1778,Electronics,146,Desktop,Returning
1819,4198,2024-01-31 07:13:00,cart,1778,Electronics,146,Desktop,Returning
1819,4198,2024-01-31 07:17:00,checkout,1778,Electronics,146,Desktop,Returning
372,4199,2024-01-03 02:52:00,view,1015,Electronics,540,Desktop,New
372,4199,2024-01-03 02:54:00,cart,1015,Electronics,540,Desktop,New
372,4199,2024-01-03 02:56:00,checkout,1015,Electronics,540,Desktop,New
372,4199,2024-01-03 02:59:00,purchase,1015,Electronics,540,Desktop,New
855,4200,2024-01-31 18:31:00,view,1663,Home,917,Mobile,New
616,4201,2024-01-15 02:06:00,view,1430,Fashion,31,Mobile,Returning
768,4202,2024-01-01 00:37:00,view,1659,Beauty,688,Mobile,Returning
1915,4203,2024-01-06 15:00:00,view,1487,Fashion,334,Mobile,New
206,4204,2024-01-19 09:43:00,view,1801,Fashion,190,Mobile,New
847,4205,2024-01-30 05:32:00,view,1265,Fashion,462,Mobile,New
847,4205,2024-01-30 05:34:00,cart,1265,Fashion,462,Mobile,New
847,4205,2024-01-30 05:37:00,checkout,1265,Fashion,462,Mobile,New
43,4206,2024-01-11 20:54:00,view,1113,Beauty,445,Mobile,New
865,4207,2024-01-19 02:59:00,view,1046,Electronics,125,Desktop,New
865,4207,2024-01-19 03:02:00,cart,1046,Electronics,125,Desktop,New
1269,4208,2024-01-14 13:19:00,view,1034,Electronics,992,Mobile,Returning
1311,4209,2024-01-02 14:38:00,view,1799,Fashion,896,Desktop,New
1311,4209,2024-01-02 14:40:00,cart,1799,Fashion,896,Desktop,New
1379,4210,2024-02-04 11:43:00,view,1143,Home,281,Mobile,New
785,4211,2024-01-18 22:23:00,view,1732,Home,613,Mobile,New
476,4212,2024-01-09 02:21:00,view,1544,Fashion,237,Mobile,Returning
83,4213,2024-01-29 15:32:00,view,1407,Fashion,257,Mobile,New
1134,4214,2024-01-30 08:30:00,view,1373,Home,323,Mobile,New
1134,4214,2024-01-30 08:32:00,cart,1373,Home,323,Mobile,New
1134,4214,2024-01-30 08:35:00,checkout,1373,Home,323,Mobile,New
1134,4214,2024-01-30 08:37:00,purchase,1373,Home,323,Mobile,New
1974,4215,2024-02-02 17:00:00,view,1549,Beauty,728,Mobile,New
1974,4215,2024-02-02 17:01:00,cart,1549,Beauty,728,Mobile,New
1974,4215,2024-02-02 17:05:00,checkout,1549,Beauty,728,Mobile,New
1974,4215,2024-02-02 17:07:00,purchase,1549,Beauty,728,Mobile,New
190,4216,2024-01-14 05:43:00,view,1426,Home,47,Desktop,New
190,4216,2024-01-14 05:45:00,cart,1426,Home,47,Desktop,New
190,4216,2024-01-14 05:47:00,checkout,1426,Home,47,Desktop,New
800,4217,2024-01-17 16:28:00,view,1151,Beauty,141,Desktop,Returning
936,4218,2024-01-16 20:42:00,view,1373,Beauty,531,Mobile,New
936,4218,2024-01-16 20:44:00,cart,1373,Beauty,531,Mobile,New
1933,4219,2024-01-18 00:20:00,view,1006,Home,418,Desktop,New
1933,4219,2024-01-18 00:23:00,cart,1006,Home,418,Desktop,New
1933,4219,2024-01-18 00:25:00,checkout,1006,Home,418,Desktop,New
1933,4219,2024-01-18 00:28:00,purchase,1006,Home,418,Desktop,New
251,4220,2024-01-30 00:41:00,view,1800,Beauty,138,Desktop,New
1748,4221,2024-02-04 08:10:00,view,1570,Fashion,885,Desktop,New
291,4222,2024-01-28 17:06:00,view,1086,Electronics,169,Desktop,New
291,4222,2024-01-28 17:08:00,cart,1086,Electronics,169,Desktop,New
291,4222,2024-01-28 17:12:00,checkout,1086,Electronics,169,Desktop,New
291,4222,2024-01-28 17:13:00,purchase,1086,Electronics,169,Desktop,New
1669,4223,2024-02-01 00:08:00,view,1249,Electronics,93,Mobile,New
1225,4224,2024-01-27 05:25:00,view,1620,Fashion,81,Mobile,New
1821,4225,2024-01-02 10:11:00,view,1796,Beauty,708,Mobile,New
1821,4225,2024-01-02 10:13:00,cart,1796,Beauty,708,Mobile,New
326,4226,2024-01-04 11:34:00,view,1428,Beauty,84,Mobile,Returning
326,4226,2024-01-04 11:36:00,cart,1428,Beauty,84,Mobile,Returning
326,4226,2024-01-04 11:39:00,checkout,1428,Beauty,84,Mobile,Returning
1535,4227,2024-01-07 04:25:00,view,1362,Home,722,Mobile,New
1433,4228,2024-01-20 12:52:00,view,1531,Beauty,447,Mobile,New
1631,4229,2024-01-29 03:18:00,view,1294,Electronics,142,Desktop,Returning
1631,4229,2024-01-29 03:20:00,cart,1294,Electronics,142,Desktop,Returning
1631,4229,2024-01-29 03:21:00,checkout,1294,Electronics,142,Desktop,Returning
1631,4229,2024-01-29 03:25:00,purchase,1294,Electronics,142,Desktop,Returning
1814,4230,2024-01-22 10:54:00,view,1958,Electronics,564,Desktop,New
1986,4231,2024-01-07 10:27:00,view,1792,Fashion,314,Desktop,New
1986,4231,2024-01-07 10:29:00,cart,1792,Fashion,314,Desktop,New
1986,4231,2024-01-07 10:31:00,checkout,1792,Fashion,314,Desktop,New
1986,4231,2024-01-07 10:33:00,purchase,1792,Fashion,314,Desktop,New
1965,4232,2024-01-04 19:57:00,view,1270,Electronics,108,Desktop,New
1965,4232,2024-01-04 19:58:00,cart,1270,Electronics,108,Desktop,New
1965,4232,2024-01-04 20:02:00,checkout,1270,Electronics,108,Desktop,New
837,4233,2024-02-03 09:49:00,view,1594,Beauty,851,Desktop,Returning
837,4233,2024-02-03 09:51:00,cart,1594,Beauty,851,Desktop,Returning
837,4233,2024-02-03 09:55:00,checkout,1594,Beauty,851,Desktop,Returning
837,4233,2024-02-03 09:56:00,purchase,1594,Beauty,851,Desktop,Returning
508,4234,2024-02-03 02:55:00,view,1435,Fashion,625,Mobile,Returning
731,4235,2024-01-17 22:58:00,view,1663,Electronics,691,Mobile,New
1625,4236,2024-01-05 18:44:00,view,1927,Electronics,782,Mobile,New
1625,4236,2024-01-05 18:48:00,cart,1927,Electronics,782,Mobile,New
72,4237,2024-01-12 14:00:00,view,1086,Fashion,544,Desktop,New
72,4237,2024-01-12 14:04:00,cart,1086,Fashion,544,Desktop,New
72,4237,2024-01-12 14:06:00,checkout,1086,Fashion,544,Desktop,New
72,4237,2024-01-12 14:10:00,purchase,1086,Fashion,544,Desktop,New
1271,4238,2024-02-02 21:49:00,view,1006,Home,91,Mobile,Returning
1271,4238,2024-02-02 21:51:00,cart,1006,Home,91,Mobile,Returning
1271,4238,2024-02-02 21:55:00,checkout,1006,Home,91,Mobile,Returning
1271,4238,2024-02-02 21:57:00,purchase,1006,Home,91,Mobile,Returning
641,4239,2024-01-18 14:00:00,view,1299,Home,23,Desktop,New
641,4239,2024-01-18 14:02:00,cart,1299,Home,23,Desktop,New
1748,4240,2024-01-31 05:12:00,view,1601,Electronics,782,Mobile,New
1748,4240,2024-01-31 05:15:00,cart,1601,Electronics,782,Mobile,New
1748,4240,2024-01-31 05:18:00,checkout,1601,Electronics,782,Mobile,New
1748,4240,2024-01-31 05:21:00,purchase,1601,Electronics,782,Mobile,New
940,4241,2024-02-04 16:03:00,view,1115,Home,172,Mobile,New
1879,4242,2024-02-03 20:35:00,view,1882,Home,456,Desktop,New
608,4243,2024-01-06 23:21:00,view,1790,Fashion,790,Mobile,New
608,4243,2024-01-06 23:24:00,cart,1790,Fashion,790,Mobile,New
1611,4244,2024-01-13 07:55:00,view,1668,Beauty,418,Mobile,Returning
1959,4245,2024-01-18 15:44:00,view,1968,Home,412,Mobile,Returning
566,4246,2024-01-14 07:37:00,view,1329,Fashion,166,Mobile,New
566,4246,2024-01-14 07:39:00,cart,1329,Fashion,166,Mobile,New
1368,4247,2024-01-04 13:25:00,view,1723,Home,784,Desktop,Returning
1368,4247,2024-01-04 13:27:00,cart,1723,Home,784,Desktop,Returning
1368,4247,2024-01-04 13:29:00,checkout,1723,Home,784,Desktop,Returning
1368,4247,2024-01-04 13:33:00,purchase,1723,Home,784,Desktop,Returning
1995,4248,2024-01-12 20:52:00,view,1790,Beauty,936,Mobile,Returning
1995,4248,2024-01-12 20:56:00,cart,1790,Beauty,936,Mobile,Returning
1949,4249,2024-01-17 15:45:00,view,1393,Electronics,820,Mobile,New
54,4250,2024-01-03 09:45:00,view,1911,Beauty,669,Mobile,Returning
54,4250,2024-01-03 09:49:00,cart,1911,Beauty,669,Mobile,Returning
54,4250,2024-01-03 09:52:00,checkout,1911,Beauty,669,Mobile,Returning
54,4250,2024-01-03 09:55:00,purchase,1911,Beauty,669,Mobile,Returning
1754,4251,2024-01-14 10:13:00,view,1546,Fashion,291,Desktop,New
528,4252,2024-01-30 10:08:00,view,1056,Beauty,258,Mobile,New
528,4252,2024-01-30 10:09:00,cart,1056,Beauty,258,Mobile,New
528,4252,2024-01-30 10:11:00,checkout,1056,Beauty,258,Mobile,New
528,4252,2024-01-30 10:12:00,purchase,1056,Beauty,258,Mobile,New
611,4253,2024-01-24 20:34:00,view,1615,Beauty,232,Desktop,New
611,4253,2024-01-24 20:36:00,cart,1615,Beauty,232,Desktop,New
611,4253,2024-01-24 20:37:00,checkout,1615,Beauty,232,Desktop,New
611,4253,2024-01-24 20:39:00,purchase,1615,Beauty,232,Desktop,New
1556,4254,2024-02-03 20:31:00,view,1554,Beauty,801,Desktop,New
1556,4254,2024-02-03 20:34:00,cart,1554,Beauty,801,Desktop,New
1582,4255,2024-01-24 13:59:00,view,1152,Electronics,357,Mobile,New
1582,4255,2024-01-24 14:01:00,cart,1152,Electronics,357,Mobile,New
1582,4255,2024-01-24 14:02:00,checkout,1152,Electronics,357,Mobile,New
1987,4256,2024-01-20 21:53:00,view,1438,Electronics,741,Desktop,Returning
1987,4256,2024-01-20 21:56:00,cart,1438,Electronics,741,Desktop,Returning
1987,4256,2024-01-20 21:58:00,checkout,1438,Electronics,741,Desktop,Returning
1987,4256,2024-01-20 22:01:00,purchase,1438,Electronics,741,Desktop,Returning
193,4257,2024-01-17 08:30:00,view,1904,Home,256,Desktop,Returning
1919,4258,2024-01-24 21:34:00,view,1598,Beauty,622,Mobile,New
1919,4258,2024-01-24 21:35:00,cart,1598,Beauty,622,Mobile,New
58,4259,2024-01-14 15:09:00,view,1050,Home,675,Mobile,New
58,4259,2024-01-14 15:10:00,cart,1050,Home,675,Mobile,New
1461,4260,2024-01-05 21:44:00,view,1464,Beauty,232,Desktop,New
1135,4261,2024-01-11 08:46:00,view,1180,Electronics,268,Desktop,Returning
129,4262,2024-01-16 22:41:00,view,1706,Electronics,331,Mobile,New
129,4262,2024-01-16 22:42:00,cart,1706,Electronics,331,Mobile,New
1873,4263,2024-01-26 14:00:00,view,1879,Home,338,Mobile,New
706,4264,2024-01-23 13:13:00,view,1563,Beauty,34,Desktop,Returning
706,4264,2024-01-23 13:17:00,cart,1563,Beauty,34,Desktop,Returning
1949,4265,2024-01-08 16:29:00,view,1039,Beauty,853,Desktop,New
1949,4265,2024-01-08 16:33:00,cart,1039,Beauty,853,Desktop,New
1949,4265,2024-01-08 16:34:00,checkout,1039,Beauty,853,Desktop,New
1949,4265,2024-01-08 16:38:00,purchase,1039,Beauty,853,Desktop,New
852,4266,2024-01-21 13:54:00,view,1001,Fashion,862,Desktop,Returning
1350,4267,2024-01-14 21:45:00,view,1776,Home,225,Mobile,New
8,4268,2024-01-11 07:30:00,view,1949,Fashion,423,Desktop,Returning
29,4269,2024-02-02 19:18:00,view,1042,Beauty,949,Mobile,New
1136,4270,2024-01-05 13:38:00,view,1559,Home,498,Mobile,New
1136,4270,2024-01-05 13:40:00,cart,1559,Home,498,Mobile,New
1136,4270,2024-01-05 13:42:00,checkout,1559,Home,498,Mobile,New
1136,4270,2024-01-05 13:46:00,purchase,1559,Home,498,Mobile,New
947,4271,2024-01-19 17:42:00,view,1705,Electronics,116,Desktop,New
947,4271,2024-01-19 17:46:00,cart,1705,Electronics,116,Desktop,New
947,4271,2024-01-19 17:50:00,checkout,1705,Electronics,116,Desktop,New
947,4271,2024-01-19 17:54:00,purchase,1705,Electronics,116,Desktop,New
1697,4272,2024-01-09 00:49:00,view,1105,Beauty,743,Tablet,New
1697,4272,2024-01-09 00:50:00,cart,1105,Beauty,743,Tablet,New
1697,4272,2024-01-09 00:53:00,checkout,1105,Beauty,743,Tablet,New
1697,4272,2024-01-09 00:54:00,purchase,1105,Beauty,743,Tablet,New
131,4273,2024-01-03 22:07:00,view,1486,Home,587,Mobile,New
131,4273,2024-01-03 22:09:00,cart,1486,Home,587,Mobile,New
131,4273,2024-01-03 22:12:00,checkout,1486,Home,587,Mobile,New
131,4273,2024-01-03 22:16:00,purchase,1486,Home,587,Mobile,New
188,4274,2024-01-18 11:06:00,view,1997,Beauty,640,Mobile,New
1699,4275,2024-01-23 14:03:00,view,1400,Fashion,206,Desktop,Returning
709,4276,2024-01-24 08:19:00,view,1680,Fashion,758,Mobile,New
709,4276,2024-01-24 08:20:00,cart,1680,Fashion,758,Mobile,New
709,4276,2024-01-24 08:22:00,checkout,1680,Fashion,758,Mobile,New
709,4276,2024-01-24 08:25:00,purchase,1680,Fashion,758,Mobile,New
1499,4277,2024-01-08 08:12:00,view,1808,Electronics,303,Desktop,New
1388,4278,2024-01-22 10:53:00,view,1413,Home,945,Desktop,New
1388,4278,2024-01-22 10:56:00,cart,1413,Home,945,Desktop,New
1228,4279,2024-01-12 20:17:00,view,1170,Electronics,448,Mobile,New
1228,4279,2024-01-12 20:21:00,cart,1170,Electronics,448,Mobile,New
212,4280,2024-01-19 06:38:00,view,1556,Electronics,998,Tablet,Returning
212,4280,2024-01-19 06:42:00,cart,1556,Electronics,998,Tablet,Returning
212,4280,2024-01-19 06:43:00,checkout,1556,Electronics,998,Tablet,Returning
212,4280,2024-01-19 06:45:00,purchase,1556,Electronics,998,Tablet,Returning
1645,4281,2024-01-05 09:13:00,view,1534,Fashion,722,Desktop,New
1645,4281,2024-01-05 09:16:00,cart,1534,Fashion,722,Desktop,New
1645,4281,2024-01-05 09:18:00,checkout,1534,Fashion,722,Desktop,New
1645,4281,2024-01-05 09:21:00,purchase,1534,Fashion,722,Desktop,New
276,4282,2024-01-20 17:13:00,view,1338,Beauty,634,Desktop,New
276,4282,2024-01-20 17:17:00,cart,1338,Beauty,634,Desktop,New
276,4282,2024-01-20 17:20:00,checkout,1338,Beauty,634,Desktop,New
276,4282,2024-01-20 17:22:00,purchase,1338,Beauty,634,Desktop,New
1097,4283,2024-01-14 03:25:00,view,1536,Beauty,535,Desktop,New
1097,4283,2024-01-14 03:28:00,cart,1536,Beauty,535,Desktop,New
1703,4284,2024-01-17 22:59:00,view,1360,Beauty,110,Desktop,New
1703,4284,2024-01-17 23:01:00,cart,1360,Beauty,110,Desktop,New
1703,4284,2024-01-17 23:03:00,checkout,1360,Beauty,110,Desktop,New
1796,4285,2024-01-17 23:40:00,view,1287,Home,800,Mobile,New
243,4286,2024-01-31 03:37:00,view,1216,Fashion,410,Mobile,Returning
243,4286,2024-01-31 03:39:00,cart,1216,Fashion,410,Mobile,Returning
1811,4287,2024-01-02 07:26:00,view,1013,Fashion,431,Desktop,Returning
1126,4288,2024-01-03 15:39:00,view,1324,Fashion,917,Mobile,New
987,4289,2024-01-18 06:44:00,view,1702,Electronics,576,Mobile,Returning
987,4289,2024-01-18 06:46:00,cart,1702,Electronics,576,Mobile,Returning
987,4289,2024-01-18 06:48:00,checkout,1702,Electronics,576,Mobile,Returning
987,4289,2024-01-18 06:51:00,purchase,1702,Electronics,576,Mobile,Returning
685,4290,2024-01-17 01:01:00,view,1659,Electronics,845,Desktop,Returning
171,4291,2024-01-24 01:18:00,view,1081,Beauty,527,Desktop,Returning
171,4291,2024-01-24 01:22:00,cart,1081,Beauty,527,Desktop,Returning
171,4291,2024-01-24 01:24:00,checkout,1081,Beauty,527,Desktop,Returning
653,4292,2024-01-10 05:54:00,view,1983,Fashion,319,Mobile,New
653,4292,2024-01-10 05:57:00,cart,1983,Fashion,319,Mobile,New
1933,4293,2024-01-30 05:43:00,view,1808,Home,806,Desktop,New
188,4294,2024-01-21 11:34:00,view,1065,Electronics,937,Desktop,New
188,4294,2024-01-21 11:37:00,cart,1065,Electronics,937,Desktop,New
1465,4295,2024-02-04 10:40:00,view,1577,Beauty,768,Mobile,Returning
1110,4296,2024-01-11 11:41:00,view,1000,Fashion,43,Desktop,New
1110,4296,2024-01-11 11:45:00,cart,1000,Fashion,43,Desktop,New
1110,4296,2024-01-11 11:48:00,checkout,1000,Fashion,43,Desktop,New
1110,4296,2024-01-11 11:51:00,purchase,1000,Fashion,43,Desktop,New
1500,4297,2024-01-30 03:54:00,view,1034,Fashion,805,Mobile,Returning
52,4298,2024-01-06 14:43:00,view,1816,Fashion,845,Mobile,Returning
52,4298,2024-01-06 14:45:00,cart,1816,Fashion,845,Mobile,Returning
52,4298,2024-01-06 14:48:00,checkout,1816,Fashion,845,Mobile,Returning
52,4298,2024-01-06 14:49:00,purchase,1816,Fashion,845,Mobile,Returning
111,4299,2024-01-04 06:44:00,view,1573,Beauty,346,Mobile,New
1973,4300,2024-01-28 09:00:00,view,1437,Home,494,Mobile,New
1973,4300,2024-01-28 09:03:00,cart,1437,Home,494,Mobile,New
1973,4300,2024-01-28 09:07:00,checkout,1437,Home,494,Mobile,New
877,4301,2024-01-24 17:32:00,view,1243,Fashion,220,Mobile,Returning
877,4301,2024-01-24 17:35:00,cart,1243,Fashion,220,Mobile,Returning
877,4301,2024-01-24 17:37:00,checkout,1243,Fashion,220,Mobile,Returning
877,4301,2024-01-24 17:38:00,purchase,1243,Fashion,220,Mobile,Returning
1878,4302,2024-01-25 01:26:00,view,1495,Fashion,506,Desktop,New
1067,4303,2024-01-19 12:12:00,view,1449,Fashion,196,Desktop,New
1067,4303,2024-01-19 12:15:00,cart,1449,Fashion,196,Desktop,New
1067,4303,2024-01-19 12:19:00,checkout,1449,Fashion,196,Desktop,New
1067,4303,2024-01-19 12:21:00,purchase,1449,Fashion,196,Desktop,New
211,4304,2024-01-31 02:45:00,view,1391,Electronics,77,Mobile,New
211,4304,2024-01-31 02:46:00,cart,1391,Electronics,77,Mobile,New
211,4304,2024-01-31 02:50:00,checkout,1391,Electronics,77,Mobile,New
211,4304,2024-01-31 02:52:00,purchase,1391,Electronics,77,Mobile,New
1992,4305,2024-01-29 02:02:00,view,1211,Fashion,909,Desktop,New
1224,4306,2024-01-23 14:43:00,view,1177,Home,996,Mobile,Returning
1224,4306,2024-01-23 14:46:00,cart,1177,Home,996,Mobile,Returning
1224,4306,2024-01-23 14:50:00,checkout,1177,Home,996,Mobile,Returning
1224,4306,2024-01-23 14:53:00,purchase,1177,Home,996,Mobile,Returning
1834,4307,2024-01-30 03:37:00,view,1336,Beauty,718,Mobile,Returning
858,4308,2024-01-06 02:56:00,view,1891,Home,180,Desktop,New
858,4308,2024-01-06 02:58:00,cart,1891,Home,180,Desktop,New
858,4308,2024-01-06 03:00:00,checkout,1891,Home,180,Desktop,New
858,4308,2024-01-06 03:01:00,purchase,1891,Home,180,Desktop,New
1776,4309,2024-01-22 04:29:00,view,1979,Electronics,315,Mobile,New
1776,4309,2024-01-22 04:32:00,cart,1979,Electronics,315,Mobile,New
1776,4309,2024-01-22 04:36:00,checkout,1979,Electronics,315,Mobile,New
627,4310,2024-01-06 06:56:00,view,1099,Beauty,957,Mobile,New
627,4310,2024-01-06 06:57:00,cart,1099,Beauty,957,Mobile,New
627,4310,2024-01-06 07:00:00,checkout,1099,Beauty,957,Mobile,New
627,4310,2024-01-06 07:04:00,purchase,1099,Beauty,957,Mobile,New
1050,4311,2024-01-12 06:32:00,view,1567,Home,89,Desktop,New
1050,4311,2024-01-12 06:36:00,cart,1567,Home,89,Desktop,New
1050,4311,2024-01-12 06:37:00,checkout,1567,Home,89,Desktop,New
1943,4312,2024-01-24 17:15:00,view,1541,Electronics,300,Mobile,Returning
299,4313,2024-01-04 05:54:00,view,1593,Fashion,72,Desktop,Returning
1101,4314,2024-02-04 12:21:00,view,1324,Home,489,Mobile,New
1101,4314,2024-02-04 12:23:00,cart,1324,Home,489,Mobile,New
924,4315,2024-01-17 20:19:00,view,1055,Fashion,484,Mobile,Returning
924,4315,2024-01-17 20:21:00,cart,1055,Fashion,484,Mobile,Returning
924,4315,2024-01-17 20:22:00,checkout,1055,Fashion,484,Mobile,Returning
924,4315,2024-01-17 20:24:00,purchase,1055,Fashion,484,Mobile,Returning
137,4316,2024-01-24 21:40:00,view,1094,Fashion,374,Mobile,New
1044,4317,2024-01-08 21:30:00,view,1581,Fashion,825,Mobile,Returning
1044,4317,2024-01-08 21:33:00,cart,1581,Fashion,825,Mobile,Returning
1044,4317,2024-01-08 21:34:00,checkout,1581,Fashion,825,Mobile,Returning
1044,4317,2024-01-08 21:35:00,purchase,1581,Fashion,825,Mobile,Returning
440,4318,2024-01-13 21:06:00,view,1962,Electronics,347,Mobile,New
440,4318,2024-01-13 21:07:00,cart,1962,Electronics,347,Mobile,New
440,4318,2024-01-13 21:11:00,checkout,1962,Electronics,347,Mobile,New
440,4318,2024-01-13 21:14:00,purchase,1962,Electronics,347,Mobile,New
211,4319,2024-01-05 16:31:00,view,1942,Home,533,Mobile,New
211,4319,2024-01-05 16:34:00,cart,1942,Home,533,Mobile,New
211,4319,2024-01-05 16:36:00,checkout,1942,Home,533,Mobile,New
211,4319,2024-01-05 16:37:00,purchase,1942,Home,533,Mobile,New
752,4320,2024-01-03 04:58:00,view,1658,Fashion,533,Desktop,Returning
752,4320,2024-01-03 05:01:00,cart,1658,Fashion,533,Desktop,Returning
1575,4321,2024-01-17 14:43:00,view,1493,Home,167,Desktop,New
1575,4321,2024-01-17 14:44:00,cart,1493,Home,167,Desktop,New
435,4322,2024-02-02 08:11:00,view,1568,Electronics,525,Mobile,New
435,4322,2024-02-02 08:15:00,cart,1568,Electronics,525,Mobile,New
435,4322,2024-02-02 08:16:00,checkout,1568,Electronics,525,Mobile,New
780,4323,2024-01-15 14:27:00,view,1507,Beauty,825,Mobile,Returning
1231,4324,2024-02-03 09:47:00,view,1359,Beauty,167,Mobile,Returning
439,4325,2024-01-25 14:18:00,view,1424,Fashion,166,Desktop,Returning
1998,4326,2024-01-16 07:32:00,view,1638,Beauty,30,Tablet,New
1998,4326,2024-01-16 07:33:00,cart,1638,Beauty,30,Tablet,New
1998,4326,2024-01-16 07:35:00,checkout,1638,Beauty,30,Tablet,New
1803,4327,2024-01-03 19:45:00,view,1623,Beauty,465,Mobile,New
666,4328,2024-01-19 22:02:00,view,1986,Home,89,Desktop,New
1066,4329,2024-01-27 06:25:00,view,1488,Beauty,550,Mobile,Returning
1066,4329,2024-01-27 06:29:00,cart,1488,Beauty,550,Mobile,Returning
1066,4329,2024-01-27 06:30:00,checkout,1488,Beauty,550,Mobile,Returning
1066,4329,2024-01-27 06:34:00,purchase,1488,Beauty,550,Mobile,Returning
411,4330,2024-02-03 02:00:00,view,1409,Home,931,Mobile,New
411,4330,2024-02-03 02:01:00,cart,1409,Home,931,Mobile,New
411,4330,2024-02-03 02:02:00,checkout,1409,Home,931,Mobile,New
411,4330,2024-02-03 02:04:00,purchase,1409,Home,931,Mobile,New
1547,4331,2024-01-03 13:16:00,view,1689,Electronics,270,Mobile,Returning
806,4332,2024-01-04 11:29:00,view,1824,Fashion,968,Mobile,Returning
610,4333,2024-01-01 13:19:00,view,1164,Fashion,694,Mobile,Returning
610,4333,2024-01-01 13:23:00,cart,1164,Fashion,694,Mobile,Returning
427,4334,2024-01-21 19:53:00,view,1389,Beauty,170,Mobile,New
427,4334,2024-01-21 19:56:00,cart,1389,Beauty,170,Mobile,New
427,4334,2024-01-21 19:57:00,checkout,1389,Beauty,170,Mobile,New
1299,4335,2024-01-30 14:30:00,view,1244,Electronics,330,Desktop,Returning
1472,4336,2024-01-31 11:53:00,view,1402,Electronics,710,Mobile,Returning
1472,4336,2024-01-31 11:57:00,cart,1402,Electronics,710,Mobile,Returning
1472,4336,2024-01-31 11:58:00,checkout,1402,Electronics,710,Mobile,Returning
1472,4336,2024-01-31 12:01:00,purchase,1402,Electronics,710,Mobile,Returning
902,4337,2024-01-29 05:09:00,view,1881,Electronics,743,Mobile,New
902,4337,2024-01-29 05:12:00,cart,1881,Electronics,743,Mobile,New
902,4337,2024-01-29 05:14:00,checkout,1881,Electronics,743,Mobile,New
902,4337,2024-01-29 05:16:00,purchase,1881,Electronics,743,Mobile,New
942,4338,2024-01-04 22:44:00,view,1030,Home,76,Mobile,New
1908,4339,2024-02-02 04:59:00,view,1009,Fashion,575,Mobile,New
1908,4339,2024-02-02 05:00:00,cart,1009,Fashion,575,Mobile,New
742,4340,2024-01-10 18:05:00,view,1528,Beauty,553,Mobile,New
742,4340,2024-01-10 18:08:00,cart,1528,Beauty,553,Mobile,New
742,4340,2024-01-10 18:12:00,checkout,1528,Beauty,553,Mobile,New
742,4340,2024-01-10 18:16:00,purchase,1528,Beauty,553,Mobile,New
1393,4341,2024-01-26 16:41:00,view,1701,Electronics,413,Mobile,New
1962,4342,2024-01-24 23:57:00,view,1083,Fashion,436,Mobile,New
1962,4342,2024-01-25 00:00:00,cart,1083,Fashion,436,Mobile,New
1962,4342,2024-01-25 00:01:00,checkout,1083,Fashion,436,Mobile,New
1962,4342,2024-01-25 00:02:00,purchase,1083,Fashion,436,Mobile,New
1244,4343,2024-01-12 17:17:00,view,1691,Beauty,96,Mobile,Returning
1244,4343,2024-01-12 17:19:00,cart,1691,Beauty,96,Mobile,Returning
1244,4343,2024-01-12 17:22:00,checkout,1691,Beauty,96,Mobile,Returning
1601,4344,2024-01-24 13:24:00,view,1987,Home,122,Mobile,New
1891,4345,2024-01-24 05:57:00,view,1810,Beauty,167,Mobile,New
1891,4345,2024-01-24 05:59:00,cart,1810,Beauty,167,Mobile,New
1891,4345,2024-01-24 06:03:00,checkout,1810,Beauty,167,Mobile,New
1891,4345,2024-01-24 06:07:00,purchase,1810,Beauty,167,Mobile,New
1256,4346,2024-01-17 14:06:00,view,1934,Home,921,Desktop,New
1256,4346,2024-01-17 14:08:00,cart,1934,Home,921,Desktop,New
1256,4346,2024-01-17 14:09:00,checkout,1934,Home,921,Desktop,New
328,4347,2024-01-22 07:05:00,view,1209,Electronics,29,Desktop,Returning
1467,4348,2024-01-11 03:19:00,view,1071,Electronics,990,Mobile,Returning
52,4349,2024-02-01 18:46:00,view,1874,Electronics,532,Mobile,Returning
52,4349,2024-02-01 18:49:00,cart,1874,Electronics,532,Mobile,Returning
1910,4350,2024-01-19 02:46:00,view,1274,Home,977,Mobile,New
1910,4350,2024-01-19 02:47:00,cart,1274,Home,977,Mobile,New
1967,4351,2024-01-09 08:34:00,view,1607,Fashion,821,Mobile,New
376,4352,2024-01-06 07:26:00,view,1413,Electronics,409,Mobile,New
263,4353,2024-01-11 23:47:00,view,1655,Home,933,Mobile,New
263,4353,2024-01-11 23:49:00,cart,1655,Home,933,Mobile,New
263,4353,2024-01-11 23:51:00,checkout,1655,Home,933,Mobile,New
263,4353,2024-01-11 23:53:00,purchase,1655,Home,933,Mobile,New
267,4354,2024-01-16 00:46:00,view,1421,Home,15,Mobile,Returning
359,4355,2024-02-03 05:22:00,view,1389,Home,436,Desktop,Returning
359,4355,2024-02-03 05:23:00,cart,1389,Home,436,Desktop,Returning
359,4355,2024-02-03 05:25:00,checkout,1389,Home,436,Desktop,Returning
359,4355,2024-02-03 05:29:00,purchase,1389,Home,436,Desktop,Returning
1341,4356,2024-01-14 14:26:00,view,1656,Fashion,279,Mobile,New
1341,4356,2024-01-14 14:27:00,cart,1656,Fashion,279,Mobile,New
1341,4356,2024-01-14 14:29:00,checkout,1656,Fashion,279,Mobile,New
1348,4357,2024-01-27 07:45:00,view,1312,Fashion,430,Mobile,New
1348,4357,2024-01-27 07:48:00,cart,1312,Fashion,430,Mobile,New
1348,4357,2024-01-27 07:49:00,checkout,1312,Fashion,430,Mobile,New
1348,4357,2024-01-27 07:50:00,purchase,1312,Fashion,430,Mobile,New
1945,4358,2024-01-12 11:51:00,view,1589,Electronics,51,Mobile,Returning
1932,4359,2024-01-03 08:47:00,view,1444,Fashion,666,Desktop,New
1932,4359,2024-01-03 08:49:00,cart,1444,Fashion,666,Desktop,New
1932,4359,2024-01-03 08:52:00,checkout,1444,Fashion,666,Desktop,New
1932,4359,2024-01-03 08:56:00,purchase,1444,Fashion,666,Desktop,New
1690,4360,2024-01-02 02:21:00,view,1147,Beauty,151,Desktop,Returning
1690,4360,2024-01-02 02:23:00,cart,1147,Beauty,151,Desktop,Returning
1690,4360,2024-01-02 02:24:00,checkout,1147,Beauty,151,Desktop,Returning
1690,4360,2024-01-02 02:25:00,purchase,1147,Beauty,151,Desktop,Returning
1894,4361,2024-01-16 09:02:00,view,1154,Beauty,292,Mobile,New
1894,4361,2024-01-16 09:06:00,cart,1154,Beauty,292,Mobile,New
1894,4361,2024-01-16 09:10:00,checkout,1154,Beauty,292,Mobile,New
1894,4361,2024-01-16 09:11:00,purchase,1154,Beauty,292,Mobile,New
1902,4362,2024-02-03 13:14:00,view,1782,Electronics,613,Desktop,New
1902,4362,2024-02-03 13:17:00,cart,1782,Electronics,613,Desktop,New
1902,4362,2024-02-03 13:21:00,checkout,1782,Electronics,613,Desktop,New
652,4363,2024-01-08 12:19:00,view,1708,Electronics,448,Mobile,New
652,4363,2024-01-08 12:23:00,cart,1708,Electronics,448,Mobile,New
652,4363,2024-01-08 12:27:00,checkout,1708,Electronics,448,Mobile,New
652,4363,2024-01-08 12:31:00,purchase,1708,Electronics,448,Mobile,New
1963,4364,2024-02-04 13:54:00,view,1972,Home,975,Desktop,Returning
1963,4364,2024-02-04 13:55:00,cart,1972,Home,975,Desktop,Returning
1963,4364,2024-02-04 13:56:00,checkout,1972,Home,975,Desktop,Returning
1963,4364,2024-02-04 13:57:00,purchase,1972,Home,975,Desktop,Returning
1587,4365,2024-01-24 21:16:00,view,1367,Fashion,310,Desktop,Returning
1587,4365,2024-01-24 21:17:00,cart,1367,Fashion,310,Desktop,Returning
1653,4366,2024-01-03 12:26:00,view,1500,Home,855,Mobile,New
1445,4367,2024-01-03 10:43:00,view,1238,Home,185,Desktop,Returning
1445,4367,2024-01-03 10:45:00,cart,1238,Home,185,Desktop,Returning
46,4368,2024-01-21 15:13:00,view,1763,Electronics,610,Mobile,Returning
1845,4369,2024-01-04 21:38:00,view,1325,Fashion,338,Mobile,Returning
600,4370,2024-01-21 00:33:00,view,1441,Fashion,304,Mobile,New
720,4371,2024-01-31 16:39:00,view,1030,Beauty,900,Desktop,Returning
720,4371,2024-01-31 16:41:00,cart,1030,Beauty,900,Desktop,Returning
720,4371,2024-01-31 16:44:00,checkout,1030,Beauty,900,Desktop,Returning
720,4371,2024-01-31 16:48:00,purchase,1030,Beauty,900,Desktop,Returning
1913,4372,2024-01-27 22:39:00,view,1554,Home,495,Mobile,Returning
1293,4373,2024-01-06 14:50:00,view,1470,Home,870,Mobile,New
1293,4373,2024-01-06 14:53:00,cart,1470,Home,870,Mobile,New
601,4374,2024-01-15 21:01:00,view,1077,Fashion,355,Desktop,New
601,4374,2024-01-15 21:02:00,cart,1077,Fashion,355,Desktop,New
601,4374,2024-01-15 21:04:00,checkout,1077,Fashion,355,Desktop,New
381,4375,2024-01-16 09:08:00,view,1811,Home,574,Mobile,New
118,4376,2024-01-01 14:50:00,view,1108,Beauty,303,Mobile,New
118,4376,2024-01-01 14:51:00,cart,1108,Beauty,303,Mobile,New
118,4376,2024-01-01 14:55:00,checkout,1108,Beauty,303,Mobile,New
118,4376,2024-01-01 14:59:00,purchase,1108,Beauty,303,Mobile,New
1590,4377,2024-01-19 02:58:00,view,1367,Home,647,Mobile,Returning
1590,4377,2024-01-19 03:00:00,cart,1367,Home,647,Mobile,Returning
1590,4377,2024-01-19 03:01:00,checkout,1367,Home,647,Mobile,Returning
1977,4378,2024-01-28 06:01:00,view,1011,Home,355,Mobile,New
116,4379,2024-01-02 05:53:00,view,1073,Electronics,204,Mobile,Returning
116,4379,2024-01-02 05:57:00,cart,1073,Electronics,204,Mobile,Returning
116,4379,2024-01-02 06:00:00,checkout,1073,Electronics,204,Mobile,Returning
116,4379,2024-01-02 06:03:00,purchase,1073,Electronics,204,Mobile,Returning
1654,4380,2024-02-04 08:44:00,view,1319,Fashion,663,Mobile,New
1654,4380,2024-02-04 08:47:00,cart,1319,Fashion,663,Mobile,New
1654,4380,2024-02-04 08:49:00,checkout,1319,Fashion,663,Mobile,New
1654,4380,2024-02-04 08:52:00,purchase,1319,Fashion,663,Mobile,New
260,4381,2024-01-01 00:15:00,view,1803,Fashion,425,Tablet,New
260,4381,2024-01-01 00:18:00,cart,1803,Fashion,425,Tablet,New
1099,4382,2024-01-19 07:14:00,view,1366,Home,334,Desktop,Returning
1504,4383,2024-01-29 21:09:00,view,1884,Beauty,33,Mobile,New
305,4384,2024-02-01 08:50:00,view,1573,Fashion,421,Mobile,Returning
305,4384,2024-02-01 08:52:00,cart,1573,Fashion,421,Mobile,Returning
305,4384,2024-02-01 08:54:00,checkout,1573,Fashion,421,Mobile,Returning
305,4384,2024-02-01 08:57:00,purchase,1573,Fashion,421,Mobile,Returning
7,4385,2024-02-01 01:54:00,view,1864,Electronics,642,Mobile,New
7,4385,2024-02-01 01:55:00,cart,1864,Electronics,642,Mobile,New
366,4386,2024-01-02 08:24:00,view,1556,Electronics,723,Desktop,New
1658,4387,2024-01-27 18:38:00,view,1390,Electronics,998,Mobile,New
1658,4387,2024-01-27 18:41:00,cart,1390,Electronics,998,Mobile,New
523,4388,2024-01-21 13:21:00,view,1157,Home,338,Mobile,Returning
523,4388,2024-01-21 13:24:00,cart,1157,Home,338,Mobile,Returning
523,4388,2024-01-21 13:26:00,checkout,1157,Home,338,Mobile,Returning
523,4388,2024-01-21 13:27:00,purchase,1157,Home,338,Mobile,Returning
1372,4389,2024-01-26 09:05:00,view,1959,Beauty,419,Desktop,New
1372,4389,2024-01-26 09:09:00,cart,1959,Beauty,419,Desktop,New
1372,4389,2024-01-26 09:10:00,checkout,1959,Beauty,419,Desktop,New
1372,4389,2024-01-26 09:13:00,purchase,1959,Beauty,419,Desktop,New
1462,4390,2024-01-11 02:14:00,view,1332,Beauty,700,Mobile,Returning
1462,4390,2024-01-11 02:17:00,cart,1332,Beauty,700,Mobile,Returning
1462,4390,2024-01-11 02:18:00,checkout,1332,Beauty,700,Mobile,Returning
1462,4390,2024-01-11 02:19:00,purchase,1332,Beauty,700,Mobile,Returning
1239,4391,2024-02-04 04:38:00,view,1026,Beauty,131,Mobile,Returning
1239,4391,2024-02-04 04:40:00,cart,1026,Beauty,131,Mobile,Returning
1239,4391,2024-02-04 04:42:00,checkout,1026,Beauty,131,Mobile,Returning
1239,4391,2024-02-04 04:45:00,purchase,1026,Beauty,131,Mobile,Returning
429,4392,2024-02-01 14:42:00,view,1214,Electronics,561,Desktop,New
429,4392,2024-02-01 14:44:00,cart,1214,Electronics,561,Desktop,New
791,4393,2024-01-19 02:16:00,view,1008,Electronics,10,Desktop,New
791,4393,2024-01-19 02:17:00,cart,1008,Electronics,10,Desktop,New
1522,4394,2024-01-20 02:17:00,view,1861,Fashion,153,Mobile,Returning
1522,4394,2024-01-20 02:18:00,cart,1861,Fashion,153,Mobile,Returning
1522,4394,2024-01-20 02:21:00,checkout,1861,Fashion,153,Mobile,Returning
1564,4395,2024-01-11 20:26:00,view,1143,Home,287,Desktop,New
747,4396,2024-01-21 00:20:00,view,1948,Beauty,711,Mobile,New
367,4397,2024-01-21 23:08:00,view,1665,Home,196,Desktop,Returning
367,4397,2024-01-21 23:11:00,cart,1665,Home,196,Desktop,Returning
367,4397,2024-01-21 23:14:00,checkout,1665,Home,196,Desktop,Returning
313,4398,2024-01-20 16:14:00,view,1828,Beauty,787,Mobile,New
313,4398,2024-01-20 16:16:00,cart,1828,Beauty,787,Mobile,New
538,4399,2024-01-13 07:12:00,view,1908,Beauty,895,Desktop,New
921,4400,2024-01-14 22:35:00,view,1291,Home,800,Tablet,Returning
1078,4401,2024-01-19 21:05:00,view,1174,Fashion,597,Desktop,Returning
1565,4402,2024-01-08 13:08:00,view,1847,Home,349,Desktop,Returning
1491,4403,2024-01-05 07:44:00,view,1944,Beauty,331,Mobile,New
1491,4403,2024-01-05 07:45:00,cart,1944,Beauty,331,Mobile,New
1491,4403,2024-01-05 07:46:00,checkout,1944,Beauty,331,Mobile,New
1491,4403,2024-01-05 07:47:00,purchase,1944,Beauty,331,Mobile,New
865,4404,2024-01-15 00:17:00,view,1223,Electronics,347,Mobile,New
865,4404,2024-01-15 00:19:00,cart,1223,Electronics,347,Mobile,New
1188,4405,2024-01-27 03:35:00,view,1890,Beauty,397,Mobile,New
782,4406,2024-01-29 16:36:00,view,1085,Electronics,144,Desktop,New
334,4407,2024-01-16 10:35:00,view,1259,Beauty,236,Desktop,New
334,4407,2024-01-16 10:36:00,cart,1259,Beauty,236,Desktop,New
1571,4408,2024-01-19 20:27:00,view,1442,Fashion,764,Mobile,New
798,4409,2024-01-30 19:43:00,view,1734,Home,279,Desktop,New
798,4409,2024-01-30 19:44:00,cart,1734,Home,279,Desktop,New
348,4410,2024-01-04 14:06:00,view,1809,Electronics,557,Desktop,New
348,4410,2024-01-04 14:07:00,cart,1809,Electronics,557,Desktop,New
273,4411,2024-01-25 11:18:00,view,1908,Home,776,Tablet,Returning
963,4412,2024-01-07 09:20:00,view,1655,Electronics,655,Desktop,New
963,4412,2024-01-07 09:24:00,cart,1655,Electronics,655,Desktop,New
963,4412,2024-01-07 09:28:00,checkout,1655,Electronics,655,Desktop,New
720,4413,2024-01-24 17:16:00,view,1919,Beauty,14,Mobile,Returning
720,4413,2024-01-24 17:19:00,cart,1919,Beauty,14,Mobile,Returning
720,4413,2024-01-24 17:22:00,checkout,1919,Beauty,14,Mobile,Returning
720,4413,2024-01-24 17:25:00,purchase,1919,Beauty,14,Mobile,Returning
1774,4414,2024-01-28 17:29:00,view,1078,Beauty,641,Mobile,Returning
1774,4414,2024-01-28 17:33:00,cart,1078,Beauty,641,Mobile,Returning
1774,4414,2024-01-28 17:37:00,checkout,1078,Beauty,641,Mobile,Returning
1438,4415,2024-01-26 14:23:00,view,1564,Fashion,953,Mobile,Returning
500,4416,2024-01-09 03:54:00,view,1813,Beauty,79,Mobile,Returning
500,4416,2024-01-09 03:58:00,cart,1813,Beauty,79,Mobile,Returning
1117,4417,2024-01-17 03:17:00,view,1566,Electronics,602,Desktop,New
1117,4417,2024-01-17 03:20:00,cart,1566,Electronics,602,Desktop,New
1117,4417,2024-01-17 03:22:00,checkout,1566,Electronics,602,Desktop,New
685,4418,2024-01-30 07:51:00,view,1636,Beauty,995,Desktop,Returning
79,4419,2024-01-17 00:45:00,view,1036,Fashion,402,Desktop,New
622,4420,2024-01-11 11:59:00,view,1877,Home,671,Desktop,New
622,4420,2024-01-11 12:02:00,cart,1877,Home,671,Desktop,New
622,4420,2024-01-11 12:05:00,checkout,1877,Home,671,Desktop,New
622,4420,2024-01-11 12:08:00,purchase,1877,Home,671,Desktop,New
1241,4421,2024-01-23 08:34:00,view,1831,Beauty,920,Mobile,Returning
1241,4421,2024-01-23 08:35:00,cart,1831,Beauty,920,Mobile,Returning
1241,4421,2024-01-23 08:37:00,checkout,1831,Beauty,920,Mobile,Returning
1241,4421,2024-01-23 08:38:00,purchase,1831,Beauty,920,Mobile,Returning
947,4422,2024-01-06 15:36:00,view,1615,Electronics,511,Mobile,New
947,4422,2024-01-06 15:39:00,cart,1615,Electronics,511,Mobile,New
947,4422,2024-01-06 15:40:00,checkout,1615,Electronics,511,Mobile,New
358,4423,2024-02-04 10:31:00,view,1604,Beauty,661,Mobile,New
618,4424,2024-01-29 15:38:00,view,1352,Beauty,235,Mobile,New
618,4424,2024-01-29 15:39:00,cart,1352,Beauty,235,Mobile,New
618,4424,2024-01-29 15:42:00,checkout,1352,Beauty,235,Mobile,New
507,4425,2024-01-11 11:09:00,view,1092,Home,141,Mobile,Returning
507,4425,2024-01-11 11:10:00,cart,1092,Home,141,Mobile,Returning
507,4425,2024-01-11 11:13:00,checkout,1092,Home,141,Mobile,Returning
507,4425,2024-01-11 11:14:00,purchase,1092,Home,141,Mobile,Returning
1583,4426,2024-01-16 01:44:00,view,1955,Home,241,Mobile,New
1205,4427,2024-01-21 22:21:00,view,1920,Fashion,14,Mobile,New
576,4428,2024-01-07 17:19:00,view,1097,Electronics,37,Mobile,Returning
576,4428,2024-01-07 17:20:00,cart,1097,Electronics,37,Mobile,Returning
576,4428,2024-01-07 17:24:00,checkout,1097,Electronics,37,Mobile,Returning
576,4428,2024-01-07 17:27:00,purchase,1097,Electronics,37,Mobile,Returning
1270,4429,2024-01-16 12:53:00,view,1007,Fashion,33,Desktop,New
1270,4429,2024-01-16 12:57:00,cart,1007,Fashion,33,Desktop,New
1270,4429,2024-01-16 13:01:00,checkout,1007,Fashion,33,Desktop,New
1270,4429,2024-01-16 13:05:00,purchase,1007,Fashion,33,Desktop,New
244,4430,2024-01-30 11:11:00,view,1514,Beauty,266,Mobile,New
506,4431,2024-01-16 08:24:00,view,1147,Fashion,827,Mobile,New
506,4431,2024-01-16 08:28:00,cart,1147,Fashion,827,Mobile,New
506,4431,2024-01-16 08:29:00,checkout,1147,Fashion,827,Mobile,New
506,4431,2024-01-16 08:30:00,purchase,1147,Fashion,827,Mobile,New
422,4432,2024-01-16 10:21:00,view,1614,Beauty,115,Mobile,Returning
422,4432,2024-01-16 10:24:00,cart,1614,Beauty,115,Mobile,Returning
422,4432,2024-01-16 10:28:00,checkout,1614,Beauty,115,Mobile,Returning
422,4432,2024-01-16 10:32:00,purchase,1614,Beauty,115,Mobile,Returning
1344,4433,2024-01-29 00:02:00,view,1277,Beauty,291,Tablet,Returning
1111,4434,2024-01-05 15:48:00,view,1319,Electronics,429,Mobile,Returning
1111,4434,2024-01-05 15:50:00,cart,1319,Electronics,429,Mobile,Returning
217,4435,2024-01-14 08:44:00,view,1323,Electronics,676,Mobile,New
1514,4436,2024-01-12 10:13:00,view,1772,Fashion,404,Desktop,New
1514,4436,2024-01-12 10:14:00,cart,1772,Fashion,404,Desktop,New
1514,4436,2024-01-12 10:18:00,checkout,1772,Fashion,404,Desktop,New
1543,4437,2024-01-17 11:26:00,view,1073,Beauty,723,Mobile,New
1302,4438,2024-01-05 10:14:00,view,1013,Electronics,641,Desktop,Returning
1873,4439,2024-01-16 01:59:00,view,1793,Electronics,921,Mobile,New
1873,4439,2024-01-16 02:01:00,cart,1793,Electronics,921,Mobile,New
1746,4440,2024-01-29 01:58:00,view,1052,Fashion,843,Mobile,New
1746,4440,2024-01-29 02:01:00,cart,1052,Fashion,843,Mobile,New
1746,4440,2024-01-29 02:05:00,checkout,1052,Fashion,843,Mobile,New
1746,4440,2024-01-29 02:08:00,purchase,1052,Fashion,843,Mobile,New
1009,4441,2024-01-04 04:55:00,view,1580,Beauty,14,Mobile,New
1009,4441,2024-01-04 04:56:00,cart,1580,Beauty,14,Mobile,New
1193,4442,2024-01-01 09:14:00,view,1980,Electronics,415,Desktop,New
1193,4442,2024-01-01 09:18:00,cart,1980,Electronics,415,Desktop,New
1193,4442,2024-01-01 09:21:00,checkout,1980,Electronics,415,Desktop,New
330,4443,2024-01-29 01:13:00,view,1723,Fashion,783,Mobile,New
330,4443,2024-01-29 01:14:00,cart,1723,Fashion,783,Mobile,New
650,4444,2024-01-14 02:26:00,view,1114,Electronics,504,Mobile,New
650,4444,2024-01-14 02:27:00,cart,1114,Electronics,504,Mobile,New
650,4444,2024-01-14 02:30:00,checkout,1114,Electronics,504,Mobile,New
650,4444,2024-01-14 02:31:00,purchase,1114,Electronics,504,Mobile,New
1465,4445,2024-01-18 07:46:00,view,1801,Electronics,205,Mobile,Returning
391,4446,2024-01-18 04:58:00,view,1472,Fashion,616,Mobile,Returning
391,4446,2024-01-18 05:01:00,cart,1472,Fashion,616,Mobile,Returning
391,4446,2024-01-18 05:03:00,checkout,1472,Fashion,616,Mobile,Returning
391,4446,2024-01-18 05:04:00,purchase,1472,Fashion,616,Mobile,Returning
1520,4447,2024-01-13 14:48:00,view,1437,Home,706,Mobile,Returning
1520,4447,2024-01-13 14:51:00,cart,1437,Home,706,Mobile,Returning
381,4448,2024-01-23 23:20:00,view,1506,Fashion,726,Desktop,New
381,4448,2024-01-23 23:22:00,cart,1506,Fashion,726,Desktop,New
381,4448,2024-01-23 23:23:00,checkout,1506,Fashion,726,Desktop,New
381,4448,2024-01-23 23:24:00,purchase,1506,Fashion,726,Desktop,New
1330,4449,2024-01-13 02:24:00,view,1566,Home,732,Desktop,New
1330,4449,2024-01-13 02:26:00,cart,1566,Home,732,Desktop,New
1330,4449,2024-01-13 02:27:00,checkout,1566,Home,732,Desktop,New
1330,4449,2024-01-13 02:29:00,purchase,1566,Home,732,Desktop,New
742,4450,2024-01-13 13:15:00,view,1719,Fashion,304,Mobile,New
742,4450,2024-01-13 13:19:00,cart,1719,Fashion,304,Mobile,New
742,4450,2024-01-13 13:23:00,checkout,1719,Fashion,304,Mobile,New
820,4451,2024-01-20 15:36:00,view,1934,Home,970,Mobile,New
673,4452,2024-01-19 05:01:00,view,1405,Fashion,96,Desktop,New
513,4453,2024-01-08 16:58:00,view,1593,Fashion,276,Mobile,Returning
1772,4454,2024-01-08 12:07:00,view,1340,Beauty,976,Mobile,Returning
949,4455,2024-01-24 16:40:00,view,1292,Beauty,514,Mobile,Returning
1212,4456,2024-02-02 21:53:00,view,1400,Home,551,Desktop,New
1212,4456,2024-02-02 21:57:00,cart,1400,Home,551,Desktop,New
1212,4456,2024-02-02 22:00:00,checkout,1400,Home,551,Desktop,New
1212,4456,2024-02-02 22:03:00,purchase,1400,Home,551,Desktop,New
930,4457,2024-02-01 20:15:00,view,1239,Electronics,758,Desktop,New
930,4457,2024-02-01 20:17:00,cart,1239,Electronics,758,Desktop,New
930,4457,2024-02-01 20:19:00,checkout,1239,Electronics,758,Desktop,New
930,4457,2024-02-01 20:21:00,purchase,1239,Electronics,758,Desktop,New
1540,4458,2024-01-23 17:27:00,view,1052,Beauty,68,Desktop,New
1540,4458,2024-01-23 17:28:00,cart,1052,Beauty,68,Desktop,New
1540,4458,2024-01-23 17:32:00,checkout,1052,Beauty,68,Desktop,New
1540,4458,2024-01-23 17:33:00,purchase,1052,Beauty,68,Desktop,New
913,4459,2024-02-01 15:07:00,view,1887,Beauty,169,Mobile,Returning
644,4460,2024-01-30 10:33:00,view,1579,Beauty,27,Mobile,New
427,4461,2024-01-14 19:56:00,view,1910,Electronics,541,Desktop,New
427,4461,2024-01-14 19:57:00,cart,1910,Electronics,541,Desktop,New
427,4461,2024-01-14 20:01:00,checkout,1910,Electronics,541,Desktop,New
427,4461,2024-01-14 20:04:00,purchase,1910,Electronics,541,Desktop,New
502,4462,2024-01-20 03:43:00,view,1498,Beauty,772,Mobile,New
502,4462,2024-01-20 03:44:00,cart,1498,Beauty,772,Mobile,New
502,4462,2024-01-20 03:46:00,checkout,1498,Beauty,772,Mobile,New
502,4462,2024-01-20 03:48:00,purchase,1498,Beauty,772,Mobile,New
730,4463,2024-01-15 15:20:00,view,1030,Beauty,166,Tablet,New
1284,4464,2024-01-02 15:54:00,view,1664,Fashion,295,Desktop,New
1284,4464,2024-01-02 15:55:00,cart,1664,Fashion,295,Desktop,New
1284,4464,2024-01-02 15:58:00,checkout,1664,Fashion,295,Desktop,New
1284,4464,2024-01-02 15:59:00,purchase,1664,Fashion,295,Desktop,New
1537,4465,2024-01-30 18:01:00,view,1027,Fashion,323,Mobile,New
1537,4465,2024-01-30 18:02:00,cart,1027,Fashion,323,Mobile,New
1537,4465,2024-01-30 18:04:00,checkout,1027,Fashion,323,Mobile,New
71,4466,2024-02-02 01:09:00,view,1032,Beauty,234,Desktop,Returning
71,4466,2024-02-02 01:11:00,cart,1032,Beauty,234,Desktop,Returning
71,4466,2024-02-02 01:12:00,checkout,1032,Beauty,234,Desktop,Returning
71,4466,2024-02-02 01:14:00,purchase,1032,Beauty,234,Desktop,Returning
478,4467,2024-01-02 03:13:00,view,1131,Fashion,536,Mobile,New
478,4467,2024-01-02 03:16:00,cart,1131,Fashion,536,Mobile,New
478,4467,2024-01-02 03:19:00,checkout,1131,Fashion,536,Mobile,New
478,4467,2024-01-02 03:21:00,purchase,1131,Fashion,536,Mobile,New
1202,4468,2024-01-21 12:30:00,view,1951,Electronics,797,Desktop,New
1202,4468,2024-01-21 12:32:00,cart,1951,Electronics,797,Desktop,New
1202,4468,2024-01-21 12:33:00,checkout,1951,Electronics,797,Desktop,New
1202,4468,2024-01-21 12:36:00,purchase,1951,Electronics,797,Desktop,New
457,4469,2024-01-30 01:15:00,view,1777,Fashion,121,Mobile,New
457,4469,2024-01-30 01:16:00,cart,1777,Fashion,121,Mobile,New
457,4469,2024-01-30 01:20:00,checkout,1777,Fashion,121,Mobile,New
457,4469,2024-01-30 01:24:00,purchase,1777,Fashion,121,Mobile,New
189,4470,2024-01-01 08:51:00,view,1715,Beauty,456,Mobile,New
291,4471,2024-01-20 09:11:00,view,1184,Fashion,530,Desktop,New
1544,4472,2024-01-16 18:49:00,view,1807,Home,897,Desktop,New
1544,4472,2024-01-16 18:50:00,cart,1807,Home,897,Desktop,New
1544,4472,2024-01-16 18:54:00,checkout,1807,Home,897,Desktop,New
1789,4473,2024-01-14 20:40:00,view,1155,Beauty,915,Mobile,New
920,4474,2024-01-16 14:37:00,view,1532,Beauty,660,Mobile,New
292,4475,2024-01-27 06:27:00,view,1913,Fashion,163,Mobile,New
1970,4476,2024-01-24 10:47:00,view,1526,Electronics,50,Mobile,New
1970,4476,2024-01-24 10:49:00,cart,1526,Electronics,50,Mobile,New
1970,4476,2024-01-24 10:53:00,checkout,1526,Electronics,50,Mobile,New
1970,4476,2024-01-24 10:57:00,purchase,1526,Electronics,50,Mobile,New
756,4477,2024-01-21 14:38:00,view,1051,Home,472,Mobile,Returning
756,4477,2024-01-21 14:41:00,cart,1051,Home,472,Mobile,Returning
756,4477,2024-01-21 14:45:00,checkout,1051,Home,472,Mobile,Returning
1659,4478,2024-01-25 22:20:00,view,1775,Beauty,999,Mobile,New
1659,4478,2024-01-25 22:23:00,cart,1775,Beauty,999,Mobile,New
1659,4478,2024-01-25 22:25:00,checkout,1775,Beauty,999,Mobile,New
1659,4478,2024-01-25 22:28:00,purchase,1775,Beauty,999,Mobile,New
1835,4479,2024-02-03 12:25:00,view,1403,Beauty,263,Mobile,Returning
1307,4480,2024-01-20 11:04:00,view,1907,Home,171,Mobile,Returning
1307,4480,2024-01-20 11:07:00,cart,1907,Home,171,Mobile,Returning
1568,4481,2024-01-15 11:57:00,view,1937,Electronics,185,Mobile,New
1870,4482,2024-01-03 08:28:00,view,1523,Fashion,854,Mobile,Returning
377,4483,2024-01-27 11:08:00,view,1810,Electronics,829,Mobile,Returning
377,4483,2024-01-27 11:11:00,cart,1810,Electronics,829,Mobile,Returning
1682,4484,2024-02-04 02:21:00,view,1879,Beauty,827,Tablet,Returning
1180,4485,2024-01-01 22:39:00,view,1847,Fashion,482,Mobile,New
1180,4485,2024-01-01 22:40:00,cart,1847,Fashion,482,Mobile,New
1180,4485,2024-01-01 22:41:00,checkout,1847,Fashion,482,Mobile,New
1180,4485,2024-01-01 22:44:00,purchase,1847,Fashion,482,Mobile,New
508,4486,2024-01-04 08:04:00,view,1023,Electronics,633,Desktop,Returning
508,4486,2024-01-04 08:05:00,cart,1023,Electronics,633,Desktop,Returning
1437,4487,2024-01-23 22:40:00,view,1887,Home,506,Desktop,New
1437,4487,2024-01-23 22:43:00,cart,1887,Home,506,Desktop,New
528,4488,2024-02-02 14:09:00,view,1777,Fashion,925,Desktop,New
528,4488,2024-02-02 14:13:00,cart,1777,Fashion,925,Desktop,New
528,4488,2024-02-02 14:16:00,checkout,1777,Fashion,925,Desktop,New
528,4488,2024-02-02 14:19:00,purchase,1777,Fashion,925,Desktop,New
1379,4489,2024-01-08 07:59:00,view,1331,Fashion,700,Desktop,New
1379,4489,2024-01-08 08:00:00,cart,1331,Fashion,700,Desktop,New
1379,4489,2024-01-08 08:04:00,checkout,1331,Fashion,700,Desktop,New
1379,4489,2024-01-08 08:05:00,purchase,1331,Fashion,700,Desktop,New
559,4490,2024-01-09 18:15:00,view,1992,Beauty,302,Desktop,Returning
559,4490,2024-01-09 18:18:00,cart,1992,Beauty,302,Desktop,Returning
1787,4491,2024-01-27 21:37:00,view,1192,Home,552,Mobile,Returning
1211,4492,2024-01-05 23:48:00,view,1088,Home,358,Mobile,New
1211,4492,2024-01-05 23:51:00,cart,1088,Home,358,Mobile,New
1211,4492,2024-01-05 23:53:00,checkout,1088,Home,358,Mobile,New
1211,4492,2024-01-05 23:55:00,purchase,1088,Home,358,Mobile,New
1055,4493,2024-01-18 21:53:00,view,1987,Home,336,Desktop,Returning
1055,4493,2024-01-18 21:56:00,cart,1987,Home,336,Desktop,Returning
1055,4493,2024-01-18 21:57:00,checkout,1987,Home,336,Desktop,Returning
260,4494,2024-01-20 09:04:00,view,1878,Electronics,144,Mobile,New
260,4494,2024-01-20 09:05:00,cart,1878,Electronics,144,Mobile,New
260,4494,2024-01-20 09:06:00,checkout,1878,Electronics,144,Mobile,New
260,4494,2024-01-20 09:08:00,purchase,1878,Electronics,144,Mobile,New
421,4495,2024-01-22 11:44:00,view,1539,Home,174,Desktop,Returning
421,4495,2024-01-22 11:47:00,cart,1539,Home,174,Desktop,Returning
421,4495,2024-01-22 11:50:00,checkout,1539,Home,174,Desktop,Returning
421,4495,2024-01-22 11:52:00,purchase,1539,Home,174,Desktop,Returning
1553,4496,2024-01-15 02:49:00,view,1168,Home,49,Mobile,Returning
1575,4497,2024-01-28 23:34:00,view,1329,Electronics,923,Desktop,New
304,4498,2024-02-01 09:54:00,view,1353,Fashion,502,Mobile,Returning
304,4498,2024-02-01 09:57:00,cart,1353,Fashion,502,Mobile,Returning
304,4498,2024-02-01 09:58:00,checkout,1353,Fashion,502,Mobile,Returning
304,4498,2024-02-01 09:59:00,purchase,1353,Fashion,502,Mobile,Returning
942,4499,2024-01-20 10:27:00,view,1287,Home,304,Mobile,New
1968,4500,2024-01-18 08:33:00,view,1084,Fashion,510,Mobile,New
1063,4501,2024-01-16 18:30:00,view,1515,Fashion,522,Desktop,Returning
1063,4501,2024-01-16 18:33:00,cart,1515,Fashion,522,Desktop,Returning
1063,4501,2024-01-16 18:34:00,checkout,1515,Fashion,522,Desktop,Returning
1063,4501,2024-01-16 18:38:00,purchase,1515,Fashion,522,Desktop,Returning
1513,4502,2024-01-10 23:23:00,view,1966,Home,434,Desktop,Returning
1513,4502,2024-01-10 23:26:00,cart,1966,Home,434,Desktop,Returning
1513,4502,2024-01-10 23:29:00,checkout,1966,Home,434,Desktop,Returning
1513,4502,2024-01-10 23:30:00,purchase,1966,Home,434,Desktop,Returning
1668,4503,2024-02-02 10:16:00,view,1671,Fashion,519,Mobile,Returning
1668,4503,2024-02-02 10:18:00,cart,1671,Fashion,519,Mobile,Returning
1668,4503,2024-02-02 10:22:00,checkout,1671,Fashion,519,Mobile,Returning
1668,4503,2024-02-02 10:24:00,purchase,1671,Fashion,519,Mobile,Returning
542,4504,2024-01-30 10:08:00,view,1593,Fashion,674,Desktop,Returning
542,4504,2024-01-30 10:09:00,cart,1593,Fashion,674,Desktop,Returning
1694,4505,2024-01-07 05:25:00,view,1258,Electronics,161,Mobile,New
1302,4506,2024-01-04 17:02:00,view,1950,Electronics,716,Mobile,Returning
1302,4506,2024-01-04 17:04:00,cart,1950,Electronics,716,Mobile,Returning
1227,4507,2024-02-01 00:21:00,view,1456,Electronics,919,Mobile,New
1227,4507,2024-02-01 00:24:00,cart,1456,Electronics,919,Mobile,New
1227,4507,2024-02-01 00:28:00,checkout,1456,Electronics,919,Mobile,New
1227,4507,2024-02-01 00:30:00,purchase,1456,Electronics,919,Mobile,New
1090,4508,2024-01-05 03:10:00,view,1843,Fashion,63,Mobile,New
108,4509,2024-01-06 11:24:00,view,1708,Home,561,Mobile,Returning
268,4510,2024-01-07 05:00:00,view,1691,Home,308,Mobile,Returning
222,4511,2024-01-17 19:12:00,view,1444,Home,329,Desktop,New
1828,4512,2024-01-24 06:33:00,view,1176,Home,67,Desktop,Returning
1828,4512,2024-01-24 06:36:00,cart,1176,Home,67,Desktop,Returning
1554,4513,2024-01-05 10:23:00,view,1322,Home,460,Mobile,Returning
1554,4513,2024-01-05 10:25:00,cart,1322,Home,460,Mobile,Returning
1554,4513,2024-01-05 10:27:00,checkout,1322,Home,460,Mobile,Returning
1554,4513,2024-01-05 10:29:00,purchase,1322,Home,460,Mobile,Returning
1114,4514,2024-01-29 11:49:00,view,1928,Fashion,140,Mobile,New
693,4515,2024-01-11 08:57:00,view,1776,Beauty,38,Mobile,New
255,4516,2024-01-11 00:40:00,view,1057,Home,95,Mobile,New
1479,4517,2024-01-31 10:44:00,view,1024,Home,403,Mobile,Returning
253,4518,2024-01-15 13:58:00,view,1370,Beauty,85,Mobile,Returning
253,4518,2024-01-15 14:00:00,cart,1370,Beauty,85,Mobile,Returning
253,4518,2024-01-15 14:01:00,checkout,1370,Beauty,85,Mobile,Returning
253,4518,2024-01-15 14:04:00,purchase,1370,Beauty,85,Mobile,Returning
257,4519,2024-01-18 19:15:00,view,1277,Beauty,939,Desktop,Returning
383,4520,2024-01-15 15:07:00,view,1431,Electronics,32,Desktop,Returning
383,4520,2024-01-15 15:10:00,cart,1431,Electronics,32,Desktop,Returning
383,4520,2024-01-15 15:11:00,checkout,1431,Electronics,32,Desktop,Returning
442,4521,2024-01-03 19:42:00,view,1517,Home,685,Mobile,Returning
442,4521,2024-01-03 19:44:00,cart,1517,Home,685,Mobile,Returning
442,4521,2024-01-03 19:45:00,checkout,1517,Home,685,Mobile,Returning
442,4521,2024-01-03 19:47:00,purchase,1517,Home,685,Mobile,Returning
1882,4522,2024-01-21 11:36:00,view,1246,Fashion,270,Mobile,Returning
1882,4522,2024-01-21 11:38:00,cart,1246,Fashion,270,Mobile,Returning
1882,4522,2024-01-21 11:39:00,checkout,1246,Fashion,270,Mobile,Returning
599,4523,2024-01-19 11:08:00,view,1016,Home,11,Mobile,New
599,4523,2024-01-19 11:10:00,cart,1016,Home,11,Mobile,New
1114,4524,2024-01-25 12:26:00,view,1245,Electronics,16,Desktop,New
1114,4524,2024-01-25 12:28:00,cart,1245,Electronics,16,Desktop,New
1114,4524,2024-01-25 12:29:00,checkout,1245,Electronics,16,Desktop,New
1114,4524,2024-01-25 12:30:00,purchase,1245,Electronics,16,Desktop,New
1773,4525,2024-01-23 03:05:00,view,1308,Fashion,290,Mobile,Returning
1773,4525,2024-01-23 03:07:00,cart,1308,Fashion,290,Mobile,Returning
1773,4525,2024-01-23 03:10:00,checkout,1308,Fashion,290,Mobile,Returning
390,4526,2024-02-03 23:18:00,view,1336,Home,220,Mobile,Returning
582,4527,2024-01-22 01:11:00,view,1770,Fashion,943,Desktop,Returning
1068,4528,2024-01-25 19:11:00,view,1814,Electronics,192,Mobile,New
1736,4529,2024-01-09 02:45:00,view,1386,Electronics,614,Mobile,Returning
1736,4529,2024-01-09 02:46:00,cart,1386,Electronics,614,Mobile,Returning
1736,4529,2024-01-09 02:50:00,checkout,1386,Electronics,614,Mobile,Returning
1736,4529,2024-01-09 02:52:00,purchase,1386,Electronics,614,Mobile,Returning
1688,4530,2024-01-07 18:27:00,view,1999,Beauty,243,Mobile,New
1688,4530,2024-01-07 18:30:00,cart,1999,Beauty,243,Mobile,New
1688,4530,2024-01-07 18:33:00,checkout,1999,Beauty,243,Mobile,New
1688,4530,2024-01-07 18:34:00,purchase,1999,Beauty,243,Mobile,New
598,4531,2024-01-23 23:51:00,view,1017,Fashion,422,Mobile,New
19,4532,2024-01-31 14:54:00,view,1681,Electronics,387,Mobile,New
1125,4533,2024-01-06 14:12:00,view,1150,Beauty,803,Mobile,Returning
1125,4533,2024-01-06 14:16:00,cart,1150,Beauty,803,Mobile,Returning
1125,4533,2024-01-06 14:20:00,checkout,1150,Beauty,803,Mobile,Returning
1125,4533,2024-01-06 14:22:00,purchase,1150,Beauty,803,Mobile,Returning
1938,4534,2024-01-10 01:12:00,view,1405,Electronics,180,Mobile,Returning
1938,4534,2024-01-10 01:14:00,cart,1405,Electronics,180,Mobile,Returning
1938,4534,2024-01-10 01:17:00,checkout,1405,Electronics,180,Mobile,Returning
1938,4534,2024-01-10 01:18:00,purchase,1405,Electronics,180,Mobile,Returning
607,4535,2024-01-31 00:57:00,view,1596,Home,273,Mobile,New
1790,4536,2024-01-06 18:56:00,view,1268,Home,14,Desktop,New
1381,4537,2024-01-06 10:05:00,view,1420,Electronics,715,Mobile,New
1566,4538,2024-01-15 07:40:00,view,1799,Beauty,78,Mobile,New
1785,4539,2024-01-17 03:13:00,view,1324,Home,395,Desktop,Returning
1962,4540,2024-01-16 16:42:00,view,1255,Electronics,188,Desktop,New
33,4541,2024-01-08 17:01:00,view,1738,Home,920,Desktop,New
1994,4542,2024-01-08 09:34:00,view,1165,Beauty,586,Mobile,New
1994,4542,2024-01-08 09:37:00,cart,1165,Beauty,586,Mobile,New
1994,4542,2024-01-08 09:41:00,checkout,1165,Beauty,586,Mobile,New
1994,4542,2024-01-08 09:45:00,purchase,1165,Beauty,586,Mobile,New
1253,4543,2024-01-20 18:27:00,view,1051,Beauty,79,Mobile,New
1548,4544,2024-01-20 01:18:00,view,1750,Home,780,Desktop,New
1654,4545,2024-01-25 04:49:00,view,1602,Electronics,596,Desktop,New
1654,4545,2024-01-25 04:51:00,cart,1602,Electronics,596,Desktop,New
1654,4545,2024-01-25 04:52:00,checkout,1602,Electronics,596,Desktop,New
1654,4545,2024-01-25 04:55:00,purchase,1602,Electronics,596,Desktop,New
862,4546,2024-01-20 17:54:00,view,1709,Beauty,833,Mobile,New
862,4546,2024-01-20 17:56:00,cart,1709,Beauty,833,Mobile,New
862,4546,2024-01-20 17:59:00,checkout,1709,Beauty,833,Mobile,New
155,4547,2024-01-21 04:22:00,view,1575,Beauty,111,Desktop,Returning
155,4547,2024-01-21 04:25:00,cart,1575,Beauty,111,Desktop,Returning
1447,4548,2024-01-01 01:05:00,view,1877,Beauty,311,Mobile,Returning
1447,4548,2024-01-01 01:06:00,cart,1877,Beauty,311,Mobile,Returning
1447,4548,2024-01-01 01:07:00,checkout,1877,Beauty,311,Mobile,Returning
1447,4548,2024-01-01 01:10:00,purchase,1877,Beauty,311,Mobile,Returning
905,4549,2024-01-19 09:19:00,view,1998,Home,884,Tablet,New
905,4549,2024-01-19 09:23:00,cart,1998,Home,884,Tablet,New
905,4549,2024-01-19 09:25:00,checkout,1998,Home,884,Tablet,New
1270,4550,2024-01-28 11:30:00,view,1838,Fashion,855,Desktop,New
405,4551,2024-01-18 14:42:00,view,1540,Electronics,339,Desktop,New
844,4552,2024-01-14 01:07:00,view,1869,Electronics,990,Desktop,Returning
844,4552,2024-01-14 01:10:00,cart,1869,Electronics,990,Desktop,Returning
1783,4553,2024-01-25 04:14:00,view,1908,Fashion,218,Desktop,New
1565,4554,2024-01-19 02:28:00,view,1246,Beauty,273,Mobile,Returning
1565,4554,2024-01-19 02:31:00,cart,1246,Beauty,273,Mobile,Returning
1565,4554,2024-01-19 02:34:00,checkout,1246,Beauty,273,Mobile,Returning
1185,4555,2024-02-03 20:27:00,view,1128,Home,286,Mobile,New
747,4556,2024-01-27 19:51:00,view,1359,Electronics,523,Mobile,New
747,4556,2024-01-27 19:55:00,cart,1359,Electronics,523,Mobile,New
747,4556,2024-01-27 19:59:00,checkout,1359,Electronics,523,Mobile,New
747,4556,2024-01-27 20:02:00,purchase,1359,Electronics,523,Mobile,New
1726,4557,2024-01-20 14:24:00,view,1860,Home,526,Mobile,New
1141,4558,2024-01-15 04:49:00,view,1321,Electronics,905,Desktop,Returning
1141,4558,2024-01-15 04:52:00,cart,1321,Electronics,905,Desktop,Returning
1141,4558,2024-01-15 04:56:00,checkout,1321,Electronics,905,Desktop,Returning
1141,4558,2024-01-15 04:57:00,purchase,1321,Electronics,905,Desktop,Returning
271,4559,2024-02-04 01:04:00,view,1135,Electronics,564,Mobile,Returning
770,4560,2024-01-25 04:57:00,view,1394,Fashion,964,Mobile,Returning
770,4560,2024-01-25 05:01:00,cart,1394,Fashion,964,Mobile,Returning
1716,4561,2024-01-31 13:16:00,view,1537,Fashion,879,Mobile,Returning
1716,4561,2024-01-31 13:18:00,cart,1537,Fashion,879,Mobile,Returning
1716,4561,2024-01-31 13:20:00,checkout,1537,Fashion,879,Mobile,Returning
1511,4562,2024-01-18 04:16:00,view,1405,Electronics,763,Desktop,Returning
1511,4562,2024-01-18 04:17:00,cart,1405,Electronics,763,Desktop,Returning
1909,4563,2024-01-24 03:18:00,view,1771,Home,529,Mobile,New
1909,4563,2024-01-24 03:21:00,cart,1771,Home,529,Mobile,New
172,4564,2024-01-13 05:38:00,view,1587,Beauty,385,Mobile,New
1974,4565,2024-01-29 08:16:00,view,1231,Beauty,755,Mobile,New
1974,4565,2024-01-29 08:19:00,cart,1231,Beauty,755,Mobile,New
1974,4565,2024-01-29 08:21:00,checkout,1231,Beauty,755,Mobile,New
1974,4565,2024-01-29 08:24:00,purchase,1231,Beauty,755,Mobile,New
274,4566,2024-01-05 11:50:00,view,1053,Fashion,829,Desktop,Returning
259,4567,2024-01-19 08:44:00,view,1229,Electronics,358,Mobile,New
259,4567,2024-01-19 08:45:00,cart,1229,Electronics,358,Mobile,New
259,4567,2024-01-19 08:47:00,checkout,1229,Electronics,358,Mobile,New
259,4567,2024-01-19 08:49:00,purchase,1229,Electronics,358,Mobile,New
1159,4568,2024-01-25 18:12:00,view,1166,Fashion,451,Desktop,Returning
1707,4569,2024-02-01 11:10:00,view,1462,Fashion,575,Mobile,Returning
1707,4569,2024-02-01 11:12:00,cart,1462,Fashion,575,Mobile,Returning
1707,4569,2024-02-01 11:15:00,checkout,1462,Fashion,575,Mobile,Returning
1746,4570,2024-01-12 05:47:00,view,1546,Beauty,657,Mobile,New
1746,4570,2024-01-12 05:48:00,cart,1546,Beauty,657,Mobile,New
1746,4570,2024-01-12 05:52:00,checkout,1546,Beauty,657,Mobile,New
1772,4571,2024-02-01 14:04:00,view,1235,Fashion,430,Desktop,Returning
422,4572,2024-01-07 17:41:00,view,1885,Electronics,598,Mobile,Returning
1445,4573,2024-01-14 18:32:00,view,1538,Fashion,594,Mobile,Returning
1445,4573,2024-01-14 18:34:00,cart,1538,Fashion,594,Mobile,Returning
1210,4574,2024-01-29 05:21:00,view,1868,Fashion,607,Mobile,Returning
1210,4574,2024-01-29 05:22:00,cart,1868,Fashion,607,Mobile,Returning
1953,4575,2024-01-13 12:55:00,view,1180,Beauty,751,Mobile,New
1953,4575,2024-01-13 12:57:00,cart,1180,Beauty,751,Mobile,New
364,4576,2024-01-01 01:56:00,view,1167,Home,166,Mobile,New
364,4576,2024-01-01 02:00:00,cart,1167,Home,166,Mobile,New
364,4576,2024-01-01 02:02:00,checkout,1167,Home,166,Mobile,New
364,4576,2024-01-01 02:06:00,purchase,1167,Home,166,Mobile,New
1979,4577,2024-01-15 11:08:00,view,1088,Fashion,727,Mobile,Returning
1631,4578,2024-01-18 17:45:00,view,1309,Beauty,932,Mobile,Returning
378,4579,2024-01-12 22:04:00,view,1113,Electronics,168,Mobile,New
1547,4580,2024-01-29 18:53:00,view,1864,Home,295,Desktop,Returning
580,4581,2024-01-24 02:04:00,view,1557,Beauty,42,Desktop,New
891,4582,2024-01-11 13:32:00,view,1195,Electronics,810,Mobile,Returning
891,4582,2024-01-11 13:34:00,cart,1195,Electronics,810,Mobile,Returning
891,4582,2024-01-11 13:38:00,checkout,1195,Electronics,810,Mobile,Returning
891,4582,2024-01-11 13:42:00,purchase,1195,Electronics,810,Mobile,Returning
722,4583,2024-01-29 08:54:00,view,1285,Home,237,Mobile,New
1220,4584,2024-01-11 21:40:00,view,1763,Home,111,Mobile,New
1220,4584,2024-01-11 21:44:00,cart,1763,Home,111,Mobile,New
881,4585,2024-01-05 17:18:00,view,1341,Electronics,275,Mobile,New
1122,4586,2024-01-04 07:41:00,view,1015,Home,532,Mobile,Returning
605,4587,2024-01-11 10:05:00,view,1909,Electronics,345,Mobile,New
22,4588,2024-01-29 00:33:00,view,1118,Electronics,922,Mobile,New
22,4588,2024-01-29 00:34:00,cart,1118,Electronics,922,Mobile,New
22,4588,2024-01-29 00:35:00,checkout,1118,Electronics,922,Mobile,New
22,4588,2024-01-29 00:38:00,purchase,1118,Electronics,922,Mobile,New
1474,4589,2024-01-24 20:36:00,view,1513,Electronics,688,Mobile,New
1196,4590,2024-01-18 13:21:00,view,1209,Electronics,993,Mobile,Returning
1196,4590,2024-01-18 13:25:00,cart,1209,Electronics,993,Mobile,Returning
1196,4590,2024-01-18 13:26:00,checkout,1209,Electronics,993,Mobile,Returning
1196,4590,2024-01-18 13:28:00,purchase,1209,Electronics,993,Mobile,Returning
383,4591,2024-01-08 00:52:00,view,1610,Electronics,654,Desktop,Returning
134,4592,2024-01-08 00:07:00,view,1358,Electronics,668,Mobile,New
1450,4593,2024-01-02 01:54:00,view,1557,Home,608,Desktop,Returning
1049,4594,2024-01-02 12:44:00,view,1508,Fashion,515,Desktop,Returning
1049,4594,2024-01-02 12:45:00,cart,1508,Fashion,515,Desktop,Returning
1049,4594,2024-01-02 12:49:00,checkout,1508,Fashion,515,Desktop,Returning
1049,4594,2024-01-02 12:51:00,purchase,1508,Fashion,515,Desktop,Returning
503,4595,2024-02-01 12:43:00,view,1599,Home,710,Mobile,New
503,4595,2024-02-01 12:44:00,cart,1599,Home,710,Mobile,New
503,4595,2024-02-01 12:47:00,checkout,1599,Home,710,Mobile,New
503,4595,2024-02-01 12:49:00,purchase,1599,Home,710,Mobile,New
1209,4596,2024-01-07 18:42:00,view,1300,Electronics,719,Mobile,New
1209,4596,2024-01-07 18:43:00,cart,1300,Electronics,719,Mobile,New
1209,4596,2024-01-07 18:47:00,checkout,1300,Electronics,719,Mobile,New
1209,4596,2024-01-07 18:48:00,purchase,1300,Electronics,719,Mobile,New
1109,4597,2024-02-01 19:42:00,view,1563,Home,61,Mobile,Returning
1591,4598,2024-01-02 07:54:00,view,1317,Electronics,986,Mobile,Returning
1787,4599,2024-01-25 13:29:00,view,1560,Fashion,600,Mobile,Returning
1787,4599,2024-01-25 13:33:00,cart,1560,Fashion,600,Mobile,Returning
144,4600,2024-01-23 07:54:00,view,1436,Home,301,Desktop,New
144,4600,2024-01-23 07:58:00,cart,1436,Home,301,Desktop,New
144,4600,2024-01-23 08:02:00,checkout,1436,Home,301,Desktop,New
1887,4601,2024-01-06 05:16:00,view,1043,Beauty,359,Mobile,New
1887,4601,2024-01-06 05:19:00,cart,1043,Beauty,359,Mobile,New
1887,4601,2024-01-06 05:20:00,checkout,1043,Beauty,359,Mobile,New
1887,4601,2024-01-06 05:21:00,purchase,1043,Beauty,359,Mobile,New
1934,4602,2024-01-23 17:07:00,view,1937,Fashion,167,Mobile,Returning
1934,4602,2024-01-23 17:10:00,cart,1937,Fashion,167,Mobile,Returning
1934,4602,2024-01-23 17:14:00,checkout,1937,Fashion,167,Mobile,Returning
1703,4603,2024-02-03 15:17:00,view,1074,Electronics,827,Desktop,New
1436,4604,2024-01-07 06:45:00,view,1552,Fashion,488,Desktop,New
1436,4604,2024-01-07 06:49:00,cart,1552,Fashion,488,Desktop,New
1436,4604,2024-01-07 06:52:00,checkout,1552,Fashion,488,Desktop,New
1436,4604,2024-01-07 06:53:00,purchase,1552,Fashion,488,Desktop,New
224,4605,2024-02-02 13:06:00,view,1162,Home,549,Mobile,New
220,4606,2024-02-04 14:53:00,view,1951,Home,838,Desktop,Returning
179,4607,2024-01-07 08:22:00,view,1454,Beauty,795,Mobile,Returning
179,4607,2024-01-07 08:26:00,cart,1454,Beauty,795,Mobile,Returning
179,4607,2024-01-07 08:29:00,checkout,1454,Beauty,795,Mobile,Returning
179,4607,2024-01-07 08:30:00,purchase,1454,Beauty,795,Mobile,Returning
1655,4608,2024-01-20 03:27:00,view,1517,Home,581,Mobile,New
1655,4608,2024-01-20 03:29:00,cart,1517,Home,581,Mobile,New
1655,4608,2024-01-20 03:33:00,checkout,1517,Home,581,Mobile,New
1655,4608,2024-01-20 03:36:00,purchase,1517,Home,581,Mobile,New
433,4609,2024-01-30 22:08:00,view,1498,Fashion,683,Mobile,Returning
433,4609,2024-01-30 22:11:00,cart,1498,Fashion,683,Mobile,Returning
433,4609,2024-01-30 22:15:00,checkout,1498,Fashion,683,Mobile,Returning
433,4609,2024-01-30 22:18:00,purchase,1498,Fashion,683,Mobile,Returning
265,4610,2024-01-30 12:08:00,view,1978,Home,308,Mobile,Returning
954,4611,2024-01-14 17:37:00,view,1579,Electronics,775,Desktop,Returning
954,4611,2024-01-14 17:41:00,cart,1579,Electronics,775,Desktop,Returning
429,4612,2024-01-17 02:11:00,view,1853,Fashion,453,Mobile,New
1686,4613,2024-01-14 23:04:00,view,1777,Home,147,Mobile,Returning
416,4614,2024-01-09 14:51:00,view,1291,Home,963,Mobile,New
416,4614,2024-01-09 14:54:00,cart,1291,Home,963,Mobile,New
416,4614,2024-01-09 14:57:00,checkout,1291,Home,963,Mobile,New
416,4614,2024-01-09 15:01:00,purchase,1291,Home,963,Mobile,New
1477,4615,2024-01-30 22:15:00,view,1123,Home,405,Mobile,Returning
1477,4615,2024-01-30 22:19:00,cart,1123,Home,405,Mobile,Returning
727,4616,2024-01-23 02:58:00,view,1357,Home,484,Mobile,New
727,4616,2024-01-23 02:59:00,cart,1357,Home,484,Mobile,New
727,4616,2024-01-23 03:02:00,checkout,1357,Home,484,Mobile,New
727,4616,2024-01-23 03:03:00,purchase,1357,Home,484,Mobile,New
197,4617,2024-01-28 13:09:00,view,1497,Electronics,633,Mobile,Returning
197,4617,2024-01-28 13:10:00,cart,1497,Electronics,633,Mobile,Returning
197,4617,2024-01-28 13:13:00,checkout,1497,Electronics,633,Mobile,Returning
197,4617,2024-01-28 13:16:00,purchase,1497,Electronics,633,Mobile,Returning
1578,4618,2024-01-28 14:59:00,view,1954,Electronics,771,Desktop,Returning
1077,4619,2024-02-01 10:52:00,view,1677,Beauty,496,Mobile,New
1077,4619,2024-02-01 10:55:00,cart,1677,Beauty,496,Mobile,New
1077,4619,2024-02-01 10:58:00,checkout,1677,Beauty,496,Mobile,New
1077,4619,2024-02-01 10:59:00,purchase,1677,Beauty,496,Mobile,New
480,4620,2024-02-02 19:19:00,view,1554,Electronics,995,Mobile,New
480,4620,2024-02-02 19:21:00,cart,1554,Electronics,995,Mobile,New
480,4620,2024-02-02 19:22:00,checkout,1554,Electronics,995,Mobile,New
1467,4621,2024-01-31 21:30:00,view,1409,Electronics,892,Mobile,Returning
1354,4622,2024-01-14 04:28:00,view,1232,Fashion,82,Mobile,Returning
1354,4622,2024-01-14 04:30:00,cart,1232,Fashion,82,Mobile,Returning
1354,4622,2024-01-14 04:31:00,checkout,1232,Fashion,82,Mobile,Returning
1275,4623,2024-01-18 09:29:00,view,1777,Home,451,Mobile,New
1275,4623,2024-01-18 09:31:00,cart,1777,Home,451,Mobile,New
1831,4624,2024-01-17 06:48:00,view,1753,Home,711,Desktop,Returning
1831,4624,2024-01-17 06:51:00,cart,1753,Home,711,Desktop,Returning
1831,4624,2024-01-17 06:55:00,checkout,1753,Home,711,Desktop,Returning
1831,4624,2024-01-17 06:56:00,purchase,1753,Home,711,Desktop,Returning
890,4625,2024-01-12 01:53:00,view,1116,Beauty,852,Tablet,New
890,4625,2024-01-12 01:57:00,cart,1116,Beauty,852,Tablet,New
890,4625,2024-01-12 01:58:00,checkout,1116,Beauty,852,Tablet,New
890,4625,2024-01-12 02:00:00,purchase,1116,Beauty,852,Tablet,New
1807,4626,2024-01-16 05:25:00,view,1516,Fashion,434,Mobile,Returning
1991,4627,2024-01-22 13:45:00,view,1528,Home,189,Mobile,Returning
1991,4627,2024-01-22 13:48:00,cart,1528,Home,189,Mobile,Returning
1991,4627,2024-01-22 13:52:00,checkout,1528,Home,189,Mobile,Returning
1991,4627,2024-01-22 13:55:00,purchase,1528,Home,189,Mobile,Returning
925,4628,2024-01-21 15:48:00,view,1733,Beauty,618,Desktop,New
925,4628,2024-01-21 15:52:00,cart,1733,Beauty,618,Desktop,New
925,4628,2024-01-21 15:53:00,checkout,1733,Beauty,618,Desktop,New
925,4628,2024-01-21 15:55:00,purchase,1733,Beauty,618,Desktop,New
123,4629,2024-01-26 13:34:00,view,1263,Home,396,Mobile,New
1903,4630,2024-01-22 04:38:00,view,1956,Fashion,596,Mobile,Returning
1411,4631,2024-01-25 17:17:00,view,1793,Home,497,Mobile,New
1363,4632,2024-01-07 08:56:00,view,1356,Electronics,410,Desktop,Returning
778,4633,2024-01-06 16:36:00,view,1434,Home,843,Mobile,Returning
348,4634,2024-01-25 09:43:00,view,1347,Home,177,Desktop,New
348,4634,2024-01-25 09:46:00,cart,1347,Home,177,Desktop,New
348,4634,2024-01-25 09:48:00,checkout,1347,Home,177,Desktop,New
348,4634,2024-01-25 09:51:00,purchase,1347,Home,177,Desktop,New
29,4635,2024-01-31 13:24:00,view,1201,Home,312,Desktop,New
975,4636,2024-01-18 01:24:00,view,1896,Electronics,165,Mobile,New
975,4636,2024-01-18 01:25:00,cart,1896,Electronics,165,Mobile,New
975,4636,2024-01-18 01:28:00,checkout,1896,Electronics,165,Mobile,New
35,4637,2024-01-06 14:48:00,view,1496,Electronics,131,Desktop,Returning
35,4637,2024-01-06 14:49:00,cart,1496,Electronics,131,Desktop,Returning
35,4637,2024-01-06 14:50:00,checkout,1496,Electronics,131,Desktop,Returning
35,4637,2024-01-06 14:53:00,purchase,1496,Electronics,131,Desktop,Returning
1542,4638,2024-01-22 09:53:00,view,1392,Electronics,403,Desktop,New
1420,4639,2024-01-17 16:10:00,view,1529,Home,150,Mobile,Returning
1420,4639,2024-01-17 16:13:00,cart,1529,Home,150,Mobile,Returning
1420,4639,2024-01-17 16:16:00,checkout,1529,Home,150,Mobile,Returning
1420,4639,2024-01-17 16:18:00,purchase,1529,Home,150,Mobile,Returning
623,4640,2024-01-10 01:00:00,view,1537,Home,303,Mobile,New
623,4640,2024-01-10 01:01:00,cart,1537,Home,303,Mobile,New
623,4640,2024-01-10 01:04:00,checkout,1537,Home,303,Mobile,New
623,4640,2024-01-10 01:06:00,purchase,1537,Home,303,Mobile,New
1318,4641,2024-01-16 15:03:00,view,1257,Fashion,68,Mobile,Returning
589,4642,2024-01-05 08:12:00,view,1530,Electronics,434,Mobile,New
1373,4643,2024-01-02 08:11:00,view,1003,Home,944,Mobile,Returning
1171,4644,2024-01-25 05:18:00,view,1905,Fashion,371,Mobile,Returning
1171,4644,2024-01-25 05:22:00,cart,1905,Fashion,371,Mobile,Returning
1171,4644,2024-01-25 05:26:00,checkout,1905,Fashion,371,Mobile,Returning
1171,4644,2024-01-25 05:30:00,purchase,1905,Fashion,371,Mobile,Returning
1091,4645,2024-01-19 09:48:00,view,1201,Home,162,Mobile,Returning
1091,4645,2024-01-19 09:49:00,cart,1201,Home,162,Mobile,Returning
1091,4645,2024-01-19 09:50:00,checkout,1201,Home,162,Mobile,Returning
1091,4645,2024-01-19 09:53:00,purchase,1201,Home,162,Mobile,Returning
904,4646,2024-01-23 07:49:00,view,1329,Fashion,66,Desktop,New
904,4646,2024-01-23 07:50:00,cart,1329,Fashion,66,Desktop,New
904,4646,2024-01-23 07:54:00,checkout,1329,Fashion,66,Desktop,New
904,4646,2024-01-23 07:58:00,purchase,1329,Fashion,66,Desktop,New
520,4647,2024-01-08 22:38:00,view,1505,Fashion,551,Mobile,New
520,4647,2024-01-08 22:39:00,cart,1505,Fashion,551,Mobile,New
520,4647,2024-01-08 22:41:00,checkout,1505,Fashion,551,Mobile,New
520,4647,2024-01-08 22:42:00,purchase,1505,Fashion,551,Mobile,New
122,4648,2024-01-27 17:15:00,view,1706,Beauty,408,Mobile,Returning
122,4648,2024-01-27 17:17:00,cart,1706,Beauty,408,Mobile,Returning
122,4648,2024-01-27 17:18:00,checkout,1706,Beauty,408,Mobile,Returning
122,4648,2024-01-27 17:20:00,purchase,1706,Beauty,408,Mobile,Returning
340,4649,2024-01-08 10:22:00,view,1779,Fashion,847,Mobile,New
340,4649,2024-01-08 10:24:00,cart,1779,Fashion,847,Mobile,New
340,4649,2024-01-08 10:28:00,checkout,1779,Fashion,847,Mobile,New
340,4649,2024-01-08 10:32:00,purchase,1779,Fashion,847,Mobile,New
175,4650,2024-01-29 18:18:00,view,1245,Electronics,75,Mobile,Returning
175,4650,2024-01-29 18:22:00,cart,1245,Electronics,75,Mobile,Returning
1924,4651,2024-02-03 12:15:00,view,1352,Home,445,Mobile,New
1924,4651,2024-02-03 12:17:00,cart,1352,Home,445,Mobile,New
1924,4651,2024-02-03 12:20:00,checkout,1352,Home,445,Mobile,New
1924,4651,2024-02-03 12:23:00,purchase,1352,Home,445,Mobile,New
1715,4652,2024-01-21 23:06:00,view,1310,Home,83,Mobile,New
1715,4652,2024-01-21 23:10:00,cart,1310,Home,83,Mobile,New
1715,4652,2024-01-21 23:13:00,checkout,1310,Home,83,Mobile,New
1715,4652,2024-01-21 23:17:00,purchase,1310,Home,83,Mobile,New
597,4653,2024-01-29 06:38:00,view,1625,Beauty,783,Mobile,Returning
451,4654,2024-01-25 18:30:00,view,1076,Home,389,Desktop,Returning
557,4655,2024-01-24 06:39:00,view,1048,Fashion,823,Desktop,New
1160,4656,2024-01-05 12:04:00,view,1379,Electronics,868,Mobile,New
1160,4656,2024-01-05 12:05:00,cart,1379,Electronics,868,Mobile,New
1879,4657,2024-01-21 13:39:00,view,1995,Beauty,262,Desktop,New
1879,4657,2024-01-21 13:41:00,cart,1995,Beauty,262,Desktop,New
1879,4657,2024-01-21 13:43:00,checkout,1995,Beauty,262,Desktop,New
1879,4657,2024-01-21 13:45:00,purchase,1995,Beauty,262,Desktop,New
1040,4658,2024-01-22 01:49:00,view,1778,Beauty,211,Desktop,New
1040,4658,2024-01-22 01:53:00,cart,1778,Beauty,211,Desktop,New
1040,4658,2024-01-22 01:57:00,checkout,1778,Beauty,211,Desktop,New
1040,4658,2024-01-22 02:00:00,purchase,1778,Beauty,211,Desktop,New
1357,4659,2024-01-23 06:30:00,view,1564,Beauty,323,Mobile,Returning
1219,4660,2024-01-12 03:04:00,view,1999,Fashion,484,Tablet,Returning
1219,4660,2024-01-12 03:05:00,cart,1999,Fashion,484,Tablet,Returning
1219,4660,2024-01-12 03:08:00,checkout,1999,Fashion,484,Tablet,Returning
1219,4660,2024-01-12 03:09:00,purchase,1999,Fashion,484,Tablet,Returning
1520,4661,2024-02-01 17:09:00,view,1419,Beauty,568,Desktop,Returning
9,4662,2024-01-18 05:10:00,view,1278,Fashion,275,Mobile,Returning
9,4662,2024-01-18 05:11:00,cart,1278,Fashion,275,Mobile,Returning
9,4662,2024-01-18 05:13:00,checkout,1278,Fashion,275,Mobile,Returning
9,4662,2024-01-18 05:16:00,purchase,1278,Fashion,275,Mobile,Returning
1852,4663,2024-01-19 20:31:00,view,1027,Fashion,224,Mobile,Returning
334,4664,2024-01-08 03:18:00,view,1536,Electronics,507,Mobile,New
334,4664,2024-01-08 03:20:00,cart,1536,Electronics,507,Mobile,New
334,4664,2024-01-08 03:21:00,checkout,1536,Electronics,507,Mobile,New
334,4664,2024-01-08 03:23:00,purchase,1536,Electronics,507,Mobile,New
1357,4665,2024-01-02 01:14:00,view,1013,Electronics,723,Mobile,Returning
1357,4665,2024-01-02 01:15:00,cart,1013,Electronics,723,Mobile,Returning
1357,4665,2024-01-02 01:16:00,checkout,1013,Electronics,723,Mobile,Returning
1017,4666,2024-01-13 02:40:00,view,1341,Home,497,Desktop,New
1017,4666,2024-01-13 02:44:00,cart,1341,Home,497,Desktop,New
1017,4666,2024-01-13 02:48:00,checkout,1341,Home,497,Desktop,New
327,4667,2024-01-03 09:39:00,view,1897,Fashion,967,Mobile,New
15,4668,2024-01-19 17:31:00,view,1104,Fashion,424,Desktop,New
839,4669,2024-01-17 07:47:00,view,1248,Fashion,338,Desktop,New
1638,4670,2024-01-14 17:27:00,view,1239,Beauty,142,Desktop,New
1638,4670,2024-01-14 17:30:00,cart,1239,Beauty,142,Desktop,New
226,4671,2024-01-18 11:37:00,view,1406,Fashion,477,Desktop,New
226,4671,2024-01-18 11:39:00,cart,1406,Fashion,477,Desktop,New
226,4671,2024-01-18 11:42:00,checkout,1406,Fashion,477,Desktop,New
226,4671,2024-01-18 11:46:00,purchase,1406,Fashion,477,Desktop,New
1449,4672,2024-01-27 19:20:00,view,1295,Beauty,630,Mobile,Returning
1449,4672,2024-01-27 19:23:00,cart,1295,Beauty,630,Mobile,Returning
1814,4673,2024-01-04 18:18:00,view,1790,Beauty,115,Mobile,New
1814,4673,2024-01-04 18:22:00,cart,1790,Beauty,115,Mobile,New
1814,4673,2024-01-04 18:24:00,checkout,1790,Beauty,115,Mobile,New
1814,4673,2024-01-04 18:26:00,purchase,1790,Beauty,115,Mobile,New
1432,4674,2024-01-10 03:32:00,view,1227,Home,220,Desktop,New
113,4675,2024-01-04 16:38:00,view,1486,Fashion,775,Mobile,Returning
113,4675,2024-01-04 16:39:00,cart,1486,Fashion,775,Mobile,Returning
113,4675,2024-01-04 16:42:00,checkout,1486,Fashion,775,Mobile,Returning
113,4675,2024-01-04 16:44:00,purchase,1486,Fashion,775,Mobile,Returning
1452,4676,2024-01-30 20:37:00,view,1230,Beauty,385,Mobile,Returning
1452,4676,2024-01-30 20:41:00,cart,1230,Beauty,385,Mobile,Returning
1452,4676,2024-01-30 20:42:00,checkout,1230,Beauty,385,Mobile,Returning
1,4677,2024-02-01 05:40:00,view,1575,Electronics,695,Desktop,New
1,4677,2024-02-01 05:42:00,cart,1575,Electronics,695,Desktop,New
1,4677,2024-02-01 05:45:00,checkout,1575,Electronics,695,Desktop,New
1,4677,2024-02-01 05:49:00,purchase,1575,Electronics,695,Desktop,New
266,4678,2024-02-04 02:40:00,view,1053,Electronics,700,Desktop,Returning
266,4678,2024-02-04 02:41:00,cart,1053,Electronics,700,Desktop,Returning
266,4678,2024-02-04 02:44:00,checkout,1053,Electronics,700,Desktop,Returning
266,4678,2024-02-04 02:47:00,purchase,1053,Electronics,700,Desktop,Returning
1515,4679,2024-01-22 12:31:00,view,1623,Fashion,509,Mobile,New
1232,4680,2024-01-24 16:14:00,view,1879,Home,927,Desktop,New
1232,4680,2024-01-24 16:15:00,cart,1879,Home,927,Desktop,New
1646,4681,2024-01-11 08:54:00,view,1270,Beauty,950,Desktop,Returning
1736,4682,2024-01-16 16:42:00,view,1269,Electronics,136,Mobile,Returning
1736,4682,2024-01-16 16:43:00,cart,1269,Electronics,136,Mobile,Returning
1736,4682,2024-01-16 16:45:00,checkout,1269,Electronics,136,Mobile,Returning
1736,4682,2024-01-16 16:46:00,purchase,1269,Electronics,136,Mobile,Returning
952,4683,2024-02-02 21:46:00,view,1898,Beauty,781,Mobile,Returning
952,4683,2024-02-02 21:50:00,cart,1898,Beauty,781,Mobile,Returning
952,4683,2024-02-02 21:53:00,checkout,1898,Beauty,781,Mobile,Returning
1393,4684,2024-02-02 22:17:00,view,1659,Fashion,853,Desktop,New
306,4685,2024-01-24 23:51:00,view,1989,Electronics,934,Mobile,Returning
306,4685,2024-01-24 23:53:00,cart,1989,Electronics,934,Mobile,Returning
306,4685,2024-01-24 23:55:00,checkout,1989,Electronics,934,Mobile,Returning
306,4685,2024-01-24 23:56:00,purchase,1989,Electronics,934,Mobile,Returning
12,4686,2024-01-25 20:44:00,view,1996,Home,799,Mobile,Returning
12,4686,2024-01-25 20:46:00,cart,1996,Home,799,Mobile,Returning
12,4686,2024-01-25 20:47:00,checkout,1996,Home,799,Mobile,Returning
12,4686,2024-01-25 20:50:00,purchase,1996,Home,799,Mobile,Returning
1369,4687,2024-01-19 06:20:00,view,1760,Fashion,513,Mobile,New
1369,4687,2024-01-19 06:21:00,cart,1760,Fashion,513,Mobile,New
1489,4688,2024-01-18 03:25:00,view,1016,Electronics,596,Desktop,New
1489,4688,2024-01-18 03:28:00,cart,1016,Electronics,596,Desktop,New
1489,4688,2024-01-18 03:32:00,checkout,1016,Electronics,596,Desktop,New
1724,4689,2024-01-13 10:08:00,view,1668,Fashion,396,Mobile,New
1690,4690,2024-01-03 17:04:00,view,1313,Beauty,831,Mobile,Returning
1518,4691,2024-01-01 06:47:00,view,1049,Electronics,854,Mobile,Returning
1518,4691,2024-01-01 06:51:00,cart,1049,Electronics,854,Mobile,Returning
1518,4691,2024-01-01 06:55:00,checkout,1049,Electronics,854,Mobile,Returning
1518,4691,2024-01-01 06:57:00,purchase,1049,Electronics,854,Mobile,Returning
1392,4692,2024-01-08 17:50:00,view,1542,Beauty,611,Tablet,New
1392,4692,2024-01-08 17:54:00,cart,1542,Beauty,611,Tablet,New
1392,4692,2024-01-08 17:57:00,checkout,1542,Beauty,611,Tablet,New
1392,4692,2024-01-08 17:58:00,purchase,1542,Beauty,611,Tablet,New
1870,4693,2024-01-13 22:31:00,view,1338,Home,439,Mobile,Returning
1870,4693,2024-01-13 22:35:00,cart,1338,Home,439,Mobile,Returning
1870,4693,2024-01-13 22:36:00,checkout,1338,Home,439,Mobile,Returning
1870,4693,2024-01-13 22:38:00,purchase,1338,Home,439,Mobile,Returning
937,4694,2024-01-08 14:24:00,view,1507,Fashion,648,Mobile,New
420,4695,2024-02-04 09:15:00,view,1943,Home,99,Desktop,Returning
420,4695,2024-02-04 09:17:00,cart,1943,Home,99,Desktop,Returning
420,4695,2024-02-04 09:20:00,checkout,1943,Home,99,Desktop,Returning
889,4696,2024-01-13 21:33:00,view,1947,Fashion,144,Mobile,New
889,4696,2024-01-13 21:34:00,cart,1947,Fashion,144,Mobile,New
1815,4697,2024-01-28 09:57:00,view,1303,Electronics,149,Tablet,New
1815,4697,2024-01-28 10:00:00,cart,1303,Electronics,149,Tablet,New
1815,4697,2024-01-28 10:02:00,checkout,1303,Electronics,149,Tablet,New
1815,4697,2024-01-28 10:04:00,purchase,1303,Electronics,149,Tablet,New
171,4698,2024-01-11 07:14:00,view,1999,Electronics,333,Desktop,Returning
134,4699,2024-01-22 16:17:00,view,1861,Fashion,173,Desktop,New
134,4699,2024-01-22 16:21:00,cart,1861,Fashion,173,Desktop,New
965,4700,2024-01-19 07:30:00,view,1182,Home,112,Mobile,New
965,4700,2024-01-19 07:33:00,cart,1182,Home,112,Mobile,New
965,4700,2024-01-19 07:37:00,checkout,1182,Home,112,Mobile,New
965,4700,2024-01-19 07:38:00,purchase,1182,Home,112,Mobile,New
1451,4701,2024-01-23 20:53:00,view,1049,Electronics,142,Desktop,New
1451,4701,2024-01-23 20:55:00,cart,1049,Electronics,142,Desktop,New
1049,4702,2024-01-25 10:23:00,view,1807,Home,20,Desktop,Returning
1554,4703,2024-01-01 05:27:00,view,1605,Electronics,121,Tablet,Returning
1554,4703,2024-01-01 05:28:00,cart,1605,Electronics,121,Tablet,Returning
1554,4703,2024-01-01 05:30:00,checkout,1605,Electronics,121,Tablet,Returning
1554,4703,2024-01-01 05:31:00,purchase,1605,Electronics,121,Tablet,Returning
1214,4704,2024-01-25 08:59:00,view,1358,Beauty,947,Mobile,Returning
1165,4705,2024-01-01 20:11:00,view,1450,Fashion,409,Desktop,New
1165,4705,2024-01-01 20:15:00,cart,1450,Fashion,409,Desktop,New
1579,4706,2024-02-04 04:25:00,view,1005,Electronics,434,Mobile,Returning
1579,4706,2024-02-04 04:26:00,cart,1005,Electronics,434,Mobile,Returning
1579,4706,2024-02-04 04:30:00,checkout,1005,Electronics,434,Mobile,Returning
1579,4706,2024-02-04 04:32:00,purchase,1005,Electronics,434,Mobile,Returning
1870,4707,2024-01-15 17:54:00,view,1267,Beauty,872,Mobile,Returning
1870,4707,2024-01-15 17:56:00,cart,1267,Beauty,872,Mobile,Returning
1820,4708,2024-01-25 12:03:00,view,1540,Home,700,Mobile,New
658,4709,2024-02-02 18:32:00,view,1864,Home,225,Desktop,New
658,4709,2024-02-02 18:34:00,cart,1864,Home,225,Desktop,New
658,4709,2024-02-02 18:38:00,checkout,1864,Home,225,Desktop,New
658,4709,2024-02-02 18:39:00,purchase,1864,Home,225,Desktop,New
1339,4710,2024-01-23 14:35:00,view,1704,Beauty,231,Mobile,New
1339,4710,2024-01-23 14:38:00,cart,1704,Beauty,231,Mobile,New
1339,4710,2024-01-23 14:42:00,checkout,1704,Beauty,231,Mobile,New
1468,4711,2024-01-22 06:37:00,view,1615,Electronics,853,Mobile,New
1468,4711,2024-01-22 06:38:00,cart,1615,Electronics,853,Mobile,New
1343,4712,2024-02-03 18:41:00,view,1027,Electronics,47,Tablet,Returning
1465,4713,2024-01-05 01:39:00,view,1236,Electronics,888,Mobile,Returning
1116,4714,2024-01-11 01:40:00,view,1084,Electronics,335,Desktop,New
1116,4714,2024-01-11 01:41:00,cart,1084,Electronics,335,Desktop,New
1116,4714,2024-01-11 01:45:00,checkout,1084,Electronics,335,Desktop,New
179,4715,2024-02-03 19:09:00,view,1227,Beauty,214,Mobile,Returning
179,4715,2024-02-03 19:11:00,cart,1227,Beauty,214,Mobile,Returning
1080,4716,2024-01-22 11:45:00,view,1647,Home,221,Mobile,Returning
1080,4716,2024-01-22 11:46:00,cart,1647,Home,221,Mobile,Returning
1080,4716,2024-01-22 11:50:00,checkout,1647,Home,221,Mobile,Returning
1080,4716,2024-01-22 11:52:00,purchase,1647,Home,221,Mobile,Returning
1179,4717,2024-01-25 15:30:00,view,1387,Home,291,Desktop,Returning
1179,4717,2024-01-25 15:34:00,cart,1387,Home,291,Desktop,Returning
1179,4717,2024-01-25 15:38:00,checkout,1387,Home,291,Desktop,Returning
1179,4717,2024-01-25 15:39:00,purchase,1387,Home,291,Desktop,Returning
1696,4718,2024-01-08 08:32:00,view,1501,Electronics,617,Desktop,New
1696,4718,2024-01-08 08:36:00,cart,1501,Electronics,617,Desktop,New
1696,4718,2024-01-08 08:40:00,checkout,1501,Electronics,617,Desktop,New
1696,4718,2024-01-08 08:44:00,purchase,1501,Electronics,617,Desktop,New
111,4719,2024-02-02 17:27:00,view,1962,Home,290,Mobile,New
111,4719,2024-02-02 17:30:00,cart,1962,Home,290,Mobile,New
111,4719,2024-02-02 17:32:00,checkout,1962,Home,290,Mobile,New
111,4719,2024-02-02 17:34:00,purchase,1962,Home,290,Mobile,New
137,4720,2024-01-13 08:38:00,view,1953,Fashion,438,Desktop,New
137,4720,2024-01-13 08:41:00,cart,1953,Fashion,438,Desktop,New
232,4721,2024-01-21 22:26:00,view,1645,Home,908,Mobile,New
232,4721,2024-01-21 22:27:00,cart,1645,Home,908,Mobile,New
232,4721,2024-01-21 22:30:00,checkout,1645,Home,908,Mobile,New
232,4721,2024-01-21 22:32:00,purchase,1645,Home,908,Mobile,New
992,4722,2024-01-29 02:15:00,view,1823,Beauty,328,Mobile,Returning
992,4722,2024-01-29 02:18:00,cart,1823,Beauty,328,Mobile,Returning
992,4722,2024-01-29 02:22:00,checkout,1823,Beauty,328,Mobile,Returning
992,4722,2024-01-29 02:26:00,purchase,1823,Beauty,328,Mobile,Returning
468,4723,2024-01-08 01:23:00,view,1616,Fashion,955,Mobile,Returning
732,4724,2024-01-24 15:06:00,view,1646,Beauty,595,Mobile,Returning
481,4725,2024-01-20 08:53:00,view,1512,Beauty,583,Mobile,Returning
1092,4726,2024-01-22 02:46:00,view,1940,Beauty,74,Mobile,Returning
1092,4726,2024-01-22 02:48:00,cart,1940,Beauty,74,Mobile,Returning
1092,4726,2024-01-22 02:49:00,checkout,1940,Beauty,74,Mobile,Returning
1092,4726,2024-01-22 02:53:00,purchase,1940,Beauty,74,Mobile,Returning
814,4727,2024-01-28 19:43:00,view,1611,Home,898,Mobile,Returning
814,4727,2024-01-28 19:46:00,cart,1611,Home,898,Mobile,Returning
814,4727,2024-01-28 19:47:00,checkout,1611,Home,898,Mobile,Returning
814,4727,2024-01-28 19:51:00,purchase,1611,Home,898,Mobile,Returning
1273,4728,2024-01-05 22:09:00,view,1442,Home,533,Mobile,Returning
1273,4728,2024-01-05 22:11:00,cart,1442,Home,533,Mobile,Returning
1273,4728,2024-01-05 22:15:00,checkout,1442,Home,533,Mobile,Returning
1273,4728,2024-01-05 22:19:00,purchase,1442,Home,533,Mobile,Returning
994,4729,2024-01-23 23:39:00,view,1077,Fashion,331,Mobile,New
994,4729,2024-01-23 23:43:00,cart,1077,Fashion,331,Mobile,New
323,4730,2024-01-18 14:48:00,view,1379,Beauty,189,Mobile,Returning
922,4731,2024-01-20 11:44:00,view,1900,Beauty,690,Desktop,New
922,4731,2024-01-20 11:47:00,cart,1900,Beauty,690,Desktop,New
904,4732,2024-01-25 20:43:00,view,1903,Beauty,243,Desktop,New
904,4732,2024-01-25 20:47:00,cart,1903,Beauty,243,Desktop,New
904,4732,2024-01-25 20:48:00,checkout,1903,Beauty,243,Desktop,New
904,4732,2024-01-25 20:52:00,purchase,1903,Beauty,243,Desktop,New
1542,4733,2024-01-28 13:19:00,view,1639,Home,477,Mobile,New
1542,4733,2024-01-28 13:22:00,cart,1639,Home,477,Mobile,New
1542,4733,2024-01-28 13:23:00,checkout,1639,Home,477,Mobile,New
1542,4733,2024-01-28 13:27:00,purchase,1639,Home,477,Mobile,New
2000,4734,2024-01-29 15:31:00,view,1514,Beauty,550,Desktop,New
1816,4735,2024-02-02 01:47:00,view,1136,Beauty,237,Desktop,Returning
1816,4735,2024-02-02 01:49:00,cart,1136,Beauty,237,Desktop,Returning
1816,4735,2024-02-02 01:50:00,checkout,1136,Beauty,237,Desktop,Returning
1816,4735,2024-02-02 01:51:00,purchase,1136,Beauty,237,Desktop,Returning
1456,4736,2024-01-17 01:13:00,view,1953,Fashion,664,Mobile,Returning
1456,4736,2024-01-17 01:16:00,cart,1953,Fashion,664,Mobile,Returning
1456,4736,2024-01-17 01:20:00,checkout,1953,Fashion,664,Mobile,Returning
1456,4736,2024-01-17 01:23:00,purchase,1953,Fashion,664,Mobile,Returning
1511,4737,2024-01-21 02:05:00,view,1891,Electronics,741,Mobile,Returning
606,4738,2024-01-12 18:32:00,view,1042,Electronics,952,Desktop,New
606,4738,2024-01-12 18:33:00,cart,1042,Electronics,952,Desktop,New
606,4738,2024-01-12 18:34:00,checkout,1042,Electronics,952,Desktop,New
429,4739,2024-01-03 23:13:00,view,1322,Electronics,571,Mobile,New
429,4739,2024-01-03 23:17:00,cart,1322,Electronics,571,Mobile,New
429,4739,2024-01-03 23:19:00,checkout,1322,Electronics,571,Mobile,New
429,4739,2024-01-03 23:23:00,purchase,1322,Electronics,571,Mobile,New
1293,4740,2024-01-02 14:09:00,view,1248,Home,287,Desktop,New
1293,4740,2024-01-02 14:13:00,cart,1248,Home,287,Desktop,New
1733,4741,2024-01-17 23:37:00,view,1471,Electronics,221,Desktop,New
1733,4741,2024-01-17 23:38:00,cart,1471,Electronics,221,Desktop,New
1733,4741,2024-01-17 23:39:00,checkout,1471,Electronics,221,Desktop,New
1733,4741,2024-01-17 23:41:00,purchase,1471,Electronics,221,Desktop,New
1561,4742,2024-01-26 20:33:00,view,1186,Electronics,642,Desktop,New
1561,4742,2024-01-26 20:34:00,cart,1186,Electronics,642,Desktop,New
1561,4742,2024-01-26 20:36:00,checkout,1186,Electronics,642,Desktop,New
1561,4742,2024-01-26 20:38:00,purchase,1186,Electronics,642,Desktop,New
148,4743,2024-01-30 11:07:00,view,1260,Beauty,184,Tablet,New
1142,4744,2024-01-21 03:53:00,view,1869,Fashion,833,Mobile,New
850,4745,2024-01-29 12:50:00,view,1793,Beauty,278,Mobile,New
850,4745,2024-01-29 12:53:00,cart,1793,Beauty,278,Mobile,New
367,4746,2024-01-01 16:32:00,view,1829,Electronics,916,Desktop,Returning
850,4747,2024-01-13 16:00:00,view,1581,Fashion,133,Mobile,New
850,4747,2024-01-13 16:02:00,cart,1581,Fashion,133,Mobile,New
1090,4748,2024-01-15 22:31:00,view,1267,Home,921,Desktop,New
1994,4749,2024-02-04 11:45:00,view,1599,Beauty,996,Tablet,New
1994,4749,2024-02-04 11:47:00,cart,1599,Beauty,996,Tablet,New
813,4750,2024-02-01 08:21:00,view,1071,Fashion,732,Desktop,New
1394,4751,2024-01-07 22:40:00,view,1995,Electronics,199,Mobile,New
175,4752,2024-01-29 07:48:00,view,1821,Beauty,575,Mobile,Returning
1855,4753,2024-01-21 05:02:00,view,1871,Electronics,165,Mobile,Returning
1855,4753,2024-01-21 05:03:00,cart,1871,Electronics,165,Mobile,Returning
1855,4753,2024-01-21 05:04:00,checkout,1871,Electronics,165,Mobile,Returning
588,4754,2024-01-30 04:37:00,view,1054,Electronics,382,Mobile,New
495,4755,2024-01-13 18:12:00,view,1940,Fashion,989,Desktop,New
973,4756,2024-01-06 02:04:00,view,1935,Electronics,741,Desktop,Returning
1138,4757,2024-01-21 06:25:00,view,1163,Electronics,326,Desktop,New
1135,4758,2024-01-08 03:16:00,view,1151,Beauty,261,Mobile,Returning
1785,4759,2024-01-19 08:22:00,view,1762,Fashion,377,Mobile,Returning
1463,4760,2024-01-23 07:20:00,view,1099,Fashion,980,Desktop,New
1463,4760,2024-01-23 07:23:00,cart,1099,Fashion,980,Desktop,New
1463,4760,2024-01-23 07:26:00,checkout,1099,Fashion,980,Desktop,New
1463,4760,2024-01-23 07:30:00,purchase,1099,Fashion,980,Desktop,New
1739,4761,2024-01-09 09:01:00,view,1153,Electronics,77,Mobile,New
1739,4761,2024-01-09 09:02:00,cart,1153,Electronics,77,Mobile,New
1171,4762,2024-01-07 20:00:00,view,1850,Home,29,Mobile,Returning
1171,4762,2024-01-07 20:03:00,cart,1850,Home,29,Mobile,Returning
1171,4762,2024-01-07 20:06:00,checkout,1850,Home,29,Mobile,Returning
35,4763,2024-01-30 14:33:00,view,1240,Electronics,312,Desktop,Returning
999,4764,2024-01-18 03:29:00,view,1187,Home,346,Desktop,Returning
999,4764,2024-01-18 03:30:00,cart,1187,Home,346,Desktop,Returning
999,4764,2024-01-18 03:33:00,checkout,1187,Home,346,Desktop,Returning
1333,4765,2024-01-27 01:02:00,view,1309,Electronics,587,Mobile,New
1333,4765,2024-01-27 01:06:00,cart,1309,Electronics,587,Mobile,New
1333,4765,2024-01-27 01:09:00,checkout,1309,Electronics,587,Mobile,New
1333,4765,2024-01-27 01:10:00,purchase,1309,Electronics,587,Mobile,New
538,4766,2024-01-31 00:47:00,view,1935,Beauty,235,Desktop,New
750,4767,2024-02-03 13:41:00,view,1062,Home,807,Mobile,Returning
1038,4768,2024-01-19 04:14:00,view,1013,Electronics,949,Tablet,Returning
1038,4768,2024-01-19 04:17:00,cart,1013,Electronics,949,Tablet,Returning
1038,4768,2024-01-19 04:18:00,checkout,1013,Electronics,949,Tablet,Returning
1038,4768,2024-01-19 04:22:00,purchase,1013,Electronics,949,Tablet,Returning
374,4769,2024-01-07 05:40:00,view,1316,Fashion,193,Mobile,Returning
374,4769,2024-01-07 05:43:00,cart,1316,Fashion,193,Mobile,Returning
374,4769,2024-01-07 05:46:00,checkout,1316,Fashion,193,Mobile,Returning
374,4769,2024-01-07 05:47:00,purchase,1316,Fashion,193,Mobile,Returning
557,4770,2024-01-26 05:10:00,view,1067,Beauty,594,Mobile,New
557,4770,2024-01-26 05:13:00,cart,1067,Beauty,594,Mobile,New
557,4770,2024-01-26 05:15:00,checkout,1067,Beauty,594,Mobile,New
557,4770,2024-01-26 05:17:00,purchase,1067,Beauty,594,Mobile,New
1452,4771,2024-01-20 05:14:00,view,1289,Electronics,33,Desktop,Returning
1752,4772,2024-01-08 20:57:00,view,1023,Fashion,412,Mobile,New
233,4773,2024-01-22 20:36:00,view,1627,Electronics,669,Desktop,New
233,4773,2024-01-22 20:37:00,cart,1627,Electronics,669,Desktop,New
233,4773,2024-01-22 20:40:00,checkout,1627,Electronics,669,Desktop,New
705,4774,2024-02-04 14:51:00,view,1995,Electronics,695,Desktop,New
705,4774,2024-02-04 14:54:00,cart,1995,Electronics,695,Desktop,New
705,4774,2024-02-04 14:56:00,checkout,1995,Electronics,695,Desktop,New
563,4775,2024-02-04 04:58:00,view,1787,Fashion,52,Desktop,New
939,4776,2024-01-26 15:20:00,view,1724,Electronics,52,Tablet,New
887,4777,2024-01-05 18:53:00,view,1731,Fashion,676,Mobile,Returning
726,4778,2024-01-29 22:43:00,view,1833,Beauty,235,Desktop,Returning
1687,4779,2024-01-27 13:21:00,view,1334,Home,348,Mobile,Returning
1687,4779,2024-01-27 13:25:00,cart,1334,Home,348,Mobile,Returning
1687,4779,2024-01-27 13:26:00,checkout,1334,Home,348,Mobile,Returning
1687,4779,2024-01-27 13:27:00,purchase,1334,Home,348,Mobile,Returning
1464,4780,2024-01-24 21:40:00,view,1429,Beauty,107,Mobile,Returning
1526,4781,2024-01-14 05:29:00,view,1944,Electronics,336,Desktop,New
1526,4781,2024-01-14 05:33:00,cart,1944,Electronics,336,Desktop,New
1299,4782,2024-01-15 02:33:00,view,1826,Home,587,Mobile,Returning
1874,4783,2024-01-11 04:24:00,view,1682,Electronics,221,Mobile,Returning
1874,4783,2024-01-11 04:27:00,cart,1682,Electronics,221,Mobile,Returning
1874,4783,2024-01-11 04:31:00,checkout,1682,Electronics,221,Mobile,Returning
1874,4783,2024-01-11 04:34:00,purchase,1682,Electronics,221,Mobile,Returning
76,4784,2024-01-15 22:12:00,view,1349,Beauty,675,Mobile,Returning
76,4784,2024-01-15 22:15:00,cart,1349,Beauty,675,Mobile,Returning
76,4784,2024-01-15 22:18:00,checkout,1349,Beauty,675,Mobile,Returning
76,4784,2024-01-15 22:19:00,purchase,1349,Beauty,675,Mobile,Returning
439,4785,2024-01-17 15:16:00,view,1724,Beauty,198,Desktop,Returning
1756,4786,2024-02-04 12:28:00,view,1022,Beauty,305,Tablet,Returning
1756,4786,2024-02-04 12:31:00,cart,1022,Beauty,305,Tablet,Returning
1756,4786,2024-02-04 12:32:00,checkout,1022,Beauty,305,Tablet,Returning
1756,4786,2024-02-04 12:36:00,purchase,1022,Beauty,305,Tablet,Returning
1884,4787,2024-01-03 23:56:00,view,1190,Fashion,208,Mobile,Returning
1884,4787,2024-01-03 23:59:00,cart,1190,Fashion,208,Mobile,Returning
1980,4788,2024-01-26 04:04:00,view,1182,Fashion,470,Mobile,Returning
1980,4788,2024-01-26 04:06:00,cart,1182,Fashion,470,Mobile,Returning
1980,4788,2024-01-26 04:07:00,checkout,1182,Fashion,470,Mobile,Returning
1980,4788,2024-01-26 04:08:00,purchase,1182,Fashion,470,Mobile,Returning
699,4789,2024-01-20 09:40:00,view,1207,Home,582,Desktop,New
1313,4790,2024-01-14 02:21:00,view,1773,Beauty,453,Mobile,New
915,4791,2024-01-25 17:32:00,view,1650,Fashion,379,Mobile,New
915,4791,2024-01-25 17:35:00,cart,1650,Fashion,379,Mobile,New
1564,4792,2024-01-19 01:10:00,view,1359,Beauty,887,Mobile,New
1564,4792,2024-01-19 01:13:00,cart,1359,Beauty,887,Mobile,New
1564,4792,2024-01-19 01:16:00,checkout,1359,Beauty,887,Mobile,New
1564,4792,2024-01-19 01:20:00,purchase,1359,Beauty,887,Mobile,New
891,4793,2024-01-26 12:23:00,view,1542,Home,101,Mobile,Returning
891,4793,2024-01-26 12:24:00,cart,1542,Home,101,Mobile,Returning
891,4793,2024-01-26 12:27:00,checkout,1542,Home,101,Mobile,Returning
891,4793,2024-01-26 12:31:00,purchase,1542,Home,101,Mobile,Returning
692,4794,2024-01-26 02:10:00,view,1615,Electronics,740,Mobile,New
253,4795,2024-01-25 20:34:00,view,1881,Electronics,837,Desktop,Returning
1150,4796,2024-01-08 23:39:00,view,1111,Home,207,Mobile,Returning
1201,4797,2024-01-29 22:06:00,view,1953,Electronics,764,Desktop,Returning
1201,4797,2024-01-29 22:10:00,cart,1953,Electronics,764,Desktop,Returning
1201,4797,2024-01-29 22:11:00,checkout,1953,Electronics,764,Desktop,Returning
1201,4797,2024-01-29 22:13:00,purchase,1953,Electronics,764,Desktop,Returning
1061,4798,2024-01-06 11:44:00,view,1408,Home,769,Desktop,Returning
1061,4798,2024-01-06 11:48:00,cart,1408,Home,769,Desktop,Returning
1061,4798,2024-01-06 11:50:00,checkout,1408,Home,769,Desktop,Returning
1061,4798,2024-01-06 11:53:00,purchase,1408,Home,769,Desktop,Returning
410,4799,2024-01-28 23:29:00,view,1087,Home,598,Desktop,New
1635,4800,2024-01-21 18:27:00,view,1440,Home,87,Mobile,Returning
1635,4800,2024-01-21 18:28:00,cart,1440,Home,87,Mobile,Returning
1635,4800,2024-01-21 18:29:00,checkout,1440,Home,87,Mobile,Returning
1635,4800,2024-01-21 18:30:00,purchase,1440,Home,87,Mobile,Returning
1634,4801,2024-01-07 14:21:00,view,1704,Beauty,15,Mobile,Returning
127,4802,2024-01-11 19:47:00,view,1656,Home,543,Mobile,Returning
127,4802,2024-01-11 19:49:00,cart,1656,Home,543,Mobile,Returning
127,4802,2024-01-11 19:52:00,checkout,1656,Home,543,Mobile,Returning
1507,4803,2024-01-20 21:36:00,view,1953,Fashion,234,Desktop,New
1192,4804,2024-01-16 20:43:00,view,1899,Electronics,952,Mobile,New
1192,4804,2024-01-16 20:46:00,cart,1899,Electronics,952,Mobile,New
592,4805,2024-01-31 05:27:00,view,1575,Fashion,992,Mobile,Returning
592,4805,2024-01-31 05:28:00,cart,1575,Fashion,992,Mobile,Returning
592,4805,2024-01-31 05:30:00,checkout,1575,Fashion,992,Mobile,Returning
592,4805,2024-01-31 05:31:00,purchase,1575,Fashion,992,Mobile,Returning
294,4806,2024-01-12 09:56:00,view,1906,Beauty,41,Mobile,New
1869,4807,2024-02-03 01:15:00,view,1523,Electronics,30,Mobile,New
1869,4807,2024-02-03 01:18:00,cart,1523,Electronics,30,Mobile,New
1869,4807,2024-02-03 01:20:00,checkout,1523,Electronics,30,Mobile,New
1869,4807,2024-02-03 01:23:00,purchase,1523,Electronics,30,Mobile,New
1662,4808,2024-01-26 07:25:00,view,1276,Beauty,106,Mobile,New
1662,4808,2024-01-26 07:29:00,cart,1276,Beauty,106,Mobile,New
1662,4808,2024-01-26 07:30:00,checkout,1276,Beauty,106,Mobile,New
1662,4808,2024-01-26 07:33:00,purchase,1276,Beauty,106,Mobile,New
1367,4809,2024-01-17 09:44:00,view,1130,Fashion,369,Mobile,Returning
1020,4810,2024-01-01 01:08:00,view,1519,Electronics,893,Mobile,New
1020,4810,2024-01-01 01:12:00,cart,1519,Electronics,893,Mobile,New
310,4811,2024-01-13 05:35:00,view,1168,Fashion,579,Mobile,New
662,4812,2024-01-09 01:09:00,view,1114,Fashion,216,Mobile,Returning
662,4812,2024-01-09 01:13:00,cart,1114,Fashion,216,Mobile,Returning
528,4813,2024-02-03 23:17:00,view,1069,Electronics,745,Desktop,New
528,4813,2024-02-03 23:20:00,cart,1069,Electronics,745,Desktop,New
528,4813,2024-02-03 23:22:00,checkout,1069,Electronics,745,Desktop,New
528,4813,2024-02-03 23:24:00,purchase,1069,Electronics,745,Desktop,New
540,4814,2024-01-15 15:18:00,view,1450,Electronics,326,Mobile,New
540,4814,2024-01-15 15:19:00,cart,1450,Electronics,326,Mobile,New
540,4814,2024-01-15 15:23:00,checkout,1450,Electronics,326,Mobile,New
540,4814,2024-01-15 15:25:00,purchase,1450,Electronics,326,Mobile,New
419,4815,2024-01-30 09:08:00,view,1177,Electronics,466,Mobile,Returning
419,4815,2024-01-30 09:09:00,cart,1177,Electronics,466,Mobile,Returning
419,4815,2024-01-30 09:11:00,checkout,1177,Electronics,466,Mobile,Returning
419,4815,2024-01-30 09:12:00,purchase,1177,Electronics,466,Mobile,Returning
444,4816,2024-01-06 19:53:00,view,1451,Electronics,900,Mobile,New
444,4816,2024-01-06 19:54:00,cart,1451,Electronics,900,Mobile,New
444,4816,2024-01-06 19:57:00,checkout,1451,Electronics,900,Mobile,New
444,4816,2024-01-06 20:01:00,purchase,1451,Electronics,900,Mobile,New
685,4817,2024-02-04 06:33:00,view,1689,Home,408,Mobile,Returning
685,4817,2024-02-04 06:34:00,cart,1689,Home,408,Mobile,Returning
685,4817,2024-02-04 06:36:00,checkout,1689,Home,408,Mobile,Returning
685,4817,2024-02-04 06:39:00,purchase,1689,Home,408,Mobile,Returning
1582,4818,2024-01-14 04:38:00,view,1924,Fashion,105,Desktop,New
1582,4818,2024-01-14 04:41:00,cart,1924,Fashion,105,Desktop,New
840,4819,2024-01-31 18:34:00,view,1374,Electronics,417,Mobile,Returning
840,4819,2024-01-31 18:38:00,cart,1374,Electronics,417,Mobile,Returning
236,4820,2024-01-03 22:49:00,view,1972,Fashion,707,Desktop,Returning
236,4820,2024-01-03 22:51:00,cart,1972,Fashion,707,Desktop,Returning
1463,4821,2024-01-29 12:14:00,view,1308,Beauty,818,Desktop,New
1463,4821,2024-01-29 12:17:00,cart,1308,Beauty,818,Desktop,New
1463,4821,2024-01-29 12:21:00,checkout,1308,Beauty,818,Desktop,New
1463,4821,2024-01-29 12:24:00,purchase,1308,Beauty,818,Desktop,New
214,4822,2024-01-22 23:55:00,view,1259,Beauty,692,Desktop,New
214,4822,2024-01-22 23:58:00,cart,1259,Beauty,692,Desktop,New
214,4822,2024-01-22 23:59:00,checkout,1259,Beauty,692,Desktop,New
214,4822,2024-01-23 00:00:00,purchase,1259,Beauty,692,Desktop,New
85,4823,2024-01-06 19:00:00,view,1797,Fashion,454,Mobile,New
85,4823,2024-01-06 19:03:00,cart,1797,Fashion,454,Mobile,New
85,4823,2024-01-06 19:07:00,checkout,1797,Fashion,454,Mobile,New
85,4823,2024-01-06 19:08:00,purchase,1797,Fashion,454,Mobile,New
794,4824,2024-01-14 00:09:00,view,1485,Fashion,848,Mobile,Returning
794,4824,2024-01-14 00:10:00,cart,1485,Fashion,848,Mobile,Returning
794,4824,2024-01-14 00:11:00,checkout,1485,Fashion,848,Mobile,Returning
794,4824,2024-01-14 00:12:00,purchase,1485,Fashion,848,Mobile,Returning
1768,4825,2024-01-30 21:22:00,view,1176,Beauty,772,Desktop,New
1768,4825,2024-01-30 21:23:00,cart,1176,Beauty,772,Desktop,New
1768,4825,2024-01-30 21:26:00,checkout,1176,Beauty,772,Desktop,New
1768,4825,2024-01-30 21:29:00,purchase,1176,Beauty,772,Desktop,New
85,4826,2024-01-29 18:23:00,view,1662,Beauty,661,Mobile,New
85,4826,2024-01-29 18:24:00,cart,1662,Beauty,661,Mobile,New
85,4826,2024-01-29 18:28:00,checkout,1662,Beauty,661,Mobile,New
1945,4827,2024-01-12 17:36:00,view,1731,Beauty,830,Desktop,Returning
1945,4827,2024-01-12 17:37:00,cart,1731,Beauty,830,Desktop,Returning
1945,4827,2024-01-12 17:39:00,checkout,1731,Beauty,830,Desktop,Returning
1945,4827,2024-01-12 17:41:00,purchase,1731,Beauty,830,Desktop,Returning
1513,4828,2024-01-31 10:15:00,view,1845,Fashion,846,Desktop,Returning
65,4829,2024-01-13 14:03:00,view,1063,Home,399,Desktop,New
65,4829,2024-01-13 14:06:00,cart,1063,Home,399,Desktop,New
65,4829,2024-01-13 14:10:00,checkout,1063,Home,399,Desktop,New
65,4829,2024-01-13 14:11:00,purchase,1063,Home,399,Desktop,New
1670,4830,2024-01-24 15:43:00,view,1118,Home,859,Mobile,Returning
1670,4830,2024-01-24 15:46:00,cart,1118,Home,859,Mobile,Returning
1670,4830,2024-01-24 15:49:00,checkout,1118,Home,859,Mobile,Returning
1670,4830,2024-01-24 15:50:00,purchase,1118,Home,859,Mobile,Returning
663,4831,2024-01-03 16:22:00,view,1597,Beauty,283,Desktop,Returning
663,4831,2024-01-03 16:24:00,cart,1597,Beauty,283,Desktop,Returning
663,4831,2024-01-03 16:28:00,checkout,1597,Beauty,283,Desktop,Returning
663,4831,2024-01-03 16:32:00,purchase,1597,Beauty,283,Desktop,Returning
627,4832,2024-01-30 09:18:00,view,1613,Home,575,Desktop,New
627,4832,2024-01-30 09:19:00,cart,1613,Home,575,Desktop,New
627,4832,2024-01-30 09:22:00,checkout,1613,Home,575,Desktop,New
627,4832,2024-01-30 09:25:00,purchase,1613,Home,575,Desktop,New
64,4833,2024-01-01 16:31:00,view,1672,Fashion,980,Desktop,New
64,4833,2024-01-01 16:34:00,cart,1672,Fashion,980,Desktop,New
1367,4834,2024-01-14 02:47:00,view,1296,Beauty,888,Mobile,Returning
939,4835,2024-01-14 16:05:00,view,1242,Fashion,218,Mobile,New
1899,4836,2024-01-25 12:31:00,view,1474,Fashion,443,Mobile,New
919,4837,2024-01-13 22:55:00,view,1055,Electronics,203,Mobile,Returning
919,4837,2024-01-13 22:58:00,cart,1055,Electronics,203,Mobile,Returning
1376,4838,2024-01-09 03:52:00,view,1860,Fashion,105,Mobile,Returning
1182,4839,2024-01-09 21:48:00,view,1722,Beauty,725,Desktop,New
1613,4840,2024-01-28 03:41:00,view,1637,Home,838,Mobile,New
491,4841,2024-01-15 17:11:00,view,1782,Home,134,Desktop,New
491,4841,2024-01-15 17:15:00,cart,1782,Home,134,Desktop,New
491,4841,2024-01-15 17:18:00,checkout,1782,Home,134,Desktop,New
1682,4842,2024-01-26 00:48:00,view,1708,Fashion,779,Mobile,Returning
1682,4842,2024-01-26 00:52:00,cart,1708,Fashion,779,Mobile,Returning
1879,4843,2024-01-09 20:15:00,view,1349,Fashion,540,Mobile,New
1879,4843,2024-01-09 20:17:00,cart,1349,Fashion,540,Mobile,New
1879,4843,2024-01-09 20:19:00,checkout,1349,Fashion,540,Mobile,New
1879,4843,2024-01-09 20:23:00,purchase,1349,Fashion,540,Mobile,New
1487,4844,2024-01-04 02:19:00,view,1139,Fashion,174,Mobile,New
1249,4845,2024-01-27 00:38:00,view,1408,Home,329,Mobile,Returning
1249,4845,2024-01-27 00:39:00,cart,1408,Home,329,Mobile,Returning
1249,4845,2024-01-27 00:43:00,checkout,1408,Home,329,Mobile,Returning
1249,4845,2024-01-27 00:47:00,purchase,1408,Home,329,Mobile,Returning
1941,4846,2024-01-31 20:46:00,view,1490,Fashion,375,Desktop,New
1941,4846,2024-01-31 20:48:00,cart,1490,Fashion,375,Desktop,New
1941,4846,2024-01-31 20:50:00,checkout,1490,Fashion,375,Desktop,New
1941,4846,2024-01-31 20:51:00,purchase,1490,Fashion,375,Desktop,New
313,4847,2024-01-30 02:27:00,view,1698,Electronics,237,Mobile,New
313,4847,2024-01-30 02:28:00,cart,1698,Electronics,237,Mobile,New
313,4847,2024-01-30 02:31:00,checkout,1698,Electronics,237,Mobile,New
313,4847,2024-01-30 02:34:00,purchase,1698,Electronics,237,Mobile,New
615,4848,2024-02-02 01:00:00,view,1471,Fashion,135,Desktop,Returning
615,4848,2024-02-02 01:03:00,cart,1471,Fashion,135,Desktop,Returning
919,4849,2024-01-21 02:53:00,view,1087,Home,16,Mobile,Returning
919,4849,2024-01-21 02:55:00,cart,1087,Home,16,Mobile,Returning
919,4849,2024-01-21 02:58:00,checkout,1087,Home,16,Mobile,Returning
919,4849,2024-01-21 03:02:00,purchase,1087,Home,16,Mobile,Returning
1883,4850,2024-01-14 18:05:00,view,1341,Fashion,666,Desktop,Returning
813,4851,2024-01-02 08:22:00,view,1578,Electronics,129,Mobile,New
813,4851,2024-01-02 08:24:00,cart,1578,Electronics,129,Mobile,New
813,4851,2024-01-02 08:28:00,checkout,1578,Electronics,129,Mobile,New
813,4851,2024-01-02 08:31:00,purchase,1578,Electronics,129,Mobile,New
940,4852,2024-02-02 01:24:00,view,1286,Fashion,377,Mobile,New
1490,4853,2024-02-02 01:54:00,view,1448,Home,302,Mobile,New
1490,4853,2024-02-02 01:55:00,cart,1448,Home,302,Mobile,New
1490,4853,2024-02-02 01:56:00,checkout,1448,Home,302,Mobile,New
1490,4853,2024-02-02 01:57:00,purchase,1448,Home,302,Mobile,New
1112,4854,2024-01-31 19:29:00,view,1632,Fashion,269,Mobile,New
1907,4855,2024-01-13 12:22:00,view,1146,Electronics,57,Mobile,Returning
1907,4855,2024-01-13 12:24:00,cart,1146,Electronics,57,Mobile,Returning
1907,4855,2024-01-13 12:28:00,checkout,1146,Electronics,57,Mobile,Returning
1907,4855,2024-01-13 12:30:00,purchase,1146,Electronics,57,Mobile,Returning
1327,4856,2024-01-08 04:26:00,view,1283,Beauty,238,Desktop,New
1327,4856,2024-01-08 04:29:00,cart,1283,Beauty,238,Desktop,New
680,4857,2024-01-26 20:00:00,view,1263,Home,917,Desktop,Returning
680,4857,2024-01-26 20:04:00,cart,1263,Home,917,Desktop,Returning
435,4858,2024-01-20 19:00:00,view,1292,Fashion,32,Desktop,New
435,4858,2024-01-20 19:02:00,cart,1292,Fashion,32,Desktop,New
435,4858,2024-01-20 19:05:00,checkout,1292,Fashion,32,Desktop,New
435,4858,2024-01-20 19:06:00,purchase,1292,Fashion,32,Desktop,New
682,4859,2024-01-12 17:50:00,view,1161,Electronics,322,Mobile,New
682,4859,2024-01-12 17:51:00,cart,1161,Electronics,322,Mobile,New
682,4859,2024-01-12 17:54:00,checkout,1161,Electronics,322,Mobile,New
682,4859,2024-01-12 17:56:00,purchase,1161,Electronics,322,Mobile,New
1159,4860,2024-02-02 16:31:00,view,1714,Beauty,901,Mobile,Returning
1159,4860,2024-02-02 16:33:00,cart,1714,Beauty,901,Mobile,Returning
1159,4860,2024-02-02 16:37:00,checkout,1714,Beauty,901,Mobile,Returning
1159,4860,2024-02-02 16:39:00,purchase,1714,Beauty,901,Mobile,Returning
1074,4861,2024-02-03 12:51:00,view,1948,Electronics,959,Mobile,New
1074,4861,2024-02-03 12:53:00,cart,1948,Electronics,959,Mobile,New
1074,4861,2024-02-03 12:56:00,checkout,1948,Electronics,959,Mobile,New
1074,4861,2024-02-03 12:59:00,purchase,1948,Electronics,959,Mobile,New
1456,4862,2024-02-01 15:52:00,view,1279,Fashion,118,Tablet,Returning
1456,4862,2024-02-01 15:53:00,cart,1279,Fashion,118,Tablet,Returning
340,4863,2024-01-22 08:24:00,view,1507,Fashion,223,Desktop,New
347,4864,2024-02-01 19:17:00,view,1308,Fashion,554,Desktop,Returning
347,4864,2024-02-01 19:19:00,cart,1308,Fashion,554,Desktop,Returning
347,4864,2024-02-01 19:20:00,checkout,1308,Fashion,554,Desktop,Returning
347,4864,2024-02-01 19:21:00,purchase,1308,Fashion,554,Desktop,Returning
646,4865,2024-01-18 04:07:00,view,1030,Electronics,96,Desktop,Returning
1371,4866,2024-01-12 00:04:00,view,1314,Fashion,813,Mobile,Returning
649,4867,2024-01-27 09:40:00,view,1741,Beauty,480,Mobile,Returning
649,4867,2024-01-27 09:43:00,cart,1741,Beauty,480,Mobile,Returning
649,4867,2024-01-27 09:45:00,checkout,1741,Beauty,480,Mobile,Returning
649,4867,2024-01-27 09:47:00,purchase,1741,Beauty,480,Mobile,Returning
245,4868,2024-01-08 04:08:00,view,1251,Home,200,Mobile,New
109,4869,2024-01-28 10:37:00,view,1644,Home,468,Mobile,New
109,4869,2024-01-28 10:38:00,cart,1644,Home,468,Mobile,New
109,4869,2024-01-28 10:42:00,checkout,1644,Home,468,Mobile,New
109,4869,2024-01-28 10:45:00,purchase,1644,Home,468,Mobile,New
1849,4870,2024-01-02 13:24:00,view,1470,Beauty,78,Mobile,Returning
1823,4871,2024-01-08 00:53:00,view,1710,Electronics,153,Mobile,Returning
1823,4871,2024-01-08 00:57:00,cart,1710,Electronics,153,Mobile,Returning
1823,4871,2024-01-08 01:00:00,checkout,1710,Electronics,153,Mobile,Returning
533,4872,2024-01-03 18:27:00,view,1296,Beauty,931,Desktop,Returning
1114,4873,2024-01-21 16:13:00,view,1136,Home,538,Desktop,New
1114,4873,2024-01-21 16:17:00,cart,1136,Home,538,Desktop,New
296,4874,2024-02-03 10:20:00,view,1362,Electronics,141,Desktop,New
296,4874,2024-02-03 10:24:00,cart,1362,Electronics,141,Desktop,New
112,4875,2024-01-03 13:25:00,view,1559,Fashion,734,Desktop,New
112,4875,2024-01-03 13:27:00,cart,1559,Fashion,734,Desktop,New
1837,4876,2024-01-23 11:04:00,view,1776,Fashion,328,Mobile,New
1613,4877,2024-01-06 15:02:00,view,1979,Fashion,797,Mobile,New
1613,4877,2024-01-06 15:05:00,cart,1979,Fashion,797,Mobile,New
1613,4877,2024-01-06 15:06:00,checkout,1979,Fashion,797,Mobile,New
1201,4878,2024-01-19 20:01:00,view,1327,Beauty,79,Desktop,Returning
1201,4878,2024-01-19 20:05:00,cart,1327,Beauty,79,Desktop,Returning
343,4879,2024-01-07 08:06:00,view,1318,Beauty,659,Mobile,New
343,4879,2024-01-07 08:09:00,cart,1318,Beauty,659,Mobile,New
343,4879,2024-01-07 08:13:00,checkout,1318,Beauty,659,Mobile,New
343,4879,2024-01-07 08:15:00,purchase,1318,Beauty,659,Mobile,New
1684,4880,2024-01-21 01:17:00,view,1477,Fashion,30,Mobile,Returning
1684,4880,2024-01-21 01:18:00,cart,1477,Fashion,30,Mobile,Returning
1684,4880,2024-01-21 01:21:00,checkout,1477,Fashion,30,Mobile,Returning
101,4881,2024-01-28 14:46:00,view,1964,Electronics,599,Mobile,New
101,4881,2024-01-28 14:48:00,cart,1964,Electronics,599,Mobile,New
101,4881,2024-01-28 14:51:00,checkout,1964,Electronics,599,Mobile,New
101,4881,2024-01-28 14:52:00,purchase,1964,Electronics,599,Mobile,New
1782,4882,2024-01-23 23:15:00,view,1654,Home,108,Mobile,Returning
629,4883,2024-01-31 19:39:00,view,1933,Home,341,Mobile,New
1628,4884,2024-02-02 21:21:00,view,1218,Home,495,Mobile,New
1628,4884,2024-02-02 21:25:00,cart,1218,Home,495,Mobile,New
1628,4884,2024-02-02 21:28:00,checkout,1218,Home,495,Mobile,New
1628,4884,2024-02-02 21:31:00,purchase,1218,Home,495,Mobile,New
1425,4885,2024-01-02 03:54:00,view,1147,Electronics,817,Mobile,Returning
28,4886,2024-01-12 07:51:00,view,1943,Home,428,Desktop,New
937,4887,2024-01-21 16:29:00,view,1695,Fashion,881,Mobile,New
937,4887,2024-01-21 16:31:00,cart,1695,Fashion,881,Mobile,New
937,4887,2024-01-21 16:35:00,checkout,1695,Fashion,881,Mobile,New
937,4887,2024-01-21 16:39:00,purchase,1695,Fashion,881,Mobile,New
1986,4888,2024-01-27 17:59:00,view,1989,Fashion,148,Mobile,New
1986,4888,2024-01-27 18:03:00,cart,1989,Fashion,148,Mobile,New
1986,4888,2024-01-27 18:04:00,checkout,1989,Fashion,148,Mobile,New
1986,4888,2024-01-27 18:08:00,purchase,1989,Fashion,148,Mobile,New
1561,4889,2024-02-04 09:57:00,view,1973,Home,99,Mobile,New
1561,4889,2024-02-04 10:01:00,cart,1973,Home,99,Mobile,New
1561,4889,2024-02-04 10:04:00,checkout,1973,Home,99,Mobile,New
58,4890,2024-01-04 21:55:00,view,1587,Home,180,Mobile,New
58,4890,2024-01-04 21:57:00,cart,1587,Home,180,Mobile,New
58,4890,2024-01-04 21:59:00,checkout,1587,Home,180,Mobile,New
58,4890,2024-01-04 22:02:00,purchase,1587,Home,180,Mobile,New
1522,4891,2024-01-19 19:58:00,view,1797,Beauty,187,Desktop,Returning
1522,4891,2024-01-19 20:00:00,cart,1797,Beauty,187,Desktop,Returning
1522,4891,2024-01-19 20:02:00,checkout,1797,Beauty,187,Desktop,Returning
1522,4891,2024-01-19 20:03:00,purchase,1797,Beauty,187,Desktop,Returning
297,4892,2024-01-24 04:47:00,view,1796,Home,645,Desktop,Returning
297,4892,2024-01-24 04:51:00,cart,1796,Home,645,Desktop,Returning
297,4892,2024-01-24 04:52:00,checkout,1796,Home,645,Desktop,Returning
297,4892,2024-01-24 04:53:00,purchase,1796,Home,645,Desktop,Returning
134,4893,2024-01-13 15:03:00,view,1227,Home,88,Desktop,New
134,4893,2024-01-13 15:07:00,cart,1227,Home,88,Desktop,New
134,4893,2024-01-13 15:10:00,checkout,1227,Home,88,Desktop,New
1355,4894,2024-01-16 07:06:00,view,1977,Electronics,669,Mobile,New
1355,4894,2024-01-16 07:08:00,cart,1977,Electronics,669,Mobile,New
1355,4894,2024-01-16 07:10:00,checkout,1977,Electronics,669,Mobile,New
1355,4894,2024-01-16 07:13:00,purchase,1977,Electronics,669,Mobile,New
249,4895,2024-01-02 21:53:00,view,1332,Home,880,Mobile,Returning
249,4895,2024-01-02 21:55:00,cart,1332,Home,880,Mobile,Returning
1021,4896,2024-01-25 13:35:00,view,1172,Electronics,736,Mobile,Returning
550,4897,2024-02-02 05:04:00,view,1951,Fashion,485,Mobile,Returning
550,4897,2024-02-02 05:05:00,cart,1951,Fashion,485,Mobile,Returning
902,4898,2024-01-15 03:09:00,view,1695,Fashion,89,Mobile,New
902,4898,2024-01-15 03:13:00,cart,1695,Fashion,89,Mobile,New
902,4898,2024-01-15 03:14:00,checkout,1695,Fashion,89,Mobile,New
902,4898,2024-01-15 03:15:00,purchase,1695,Fashion,89,Mobile,New
1965,4899,2024-01-11 12:14:00,view,1557,Home,997,Mobile,New
1965,4899,2024-01-11 12:17:00,cart,1557,Home,997,Mobile,New
1965,4899,2024-01-11 12:19:00,checkout,1557,Home,997,Mobile,New
1965,4899,2024-01-11 12:20:00,purchase,1557,Home,997,Mobile,New
1099,4900,2024-01-05 11:35:00,view,1641,Fashion,230,Mobile,Returning
1099,4900,2024-01-05 11:39:00,cart,1641,Fashion,230,Mobile,Returning
1678,4901,2024-01-05 11:52:00,view,1217,Fashion,564,Desktop,New
834,4902,2024-01-14 01:22:00,view,1121,Electronics,709,Mobile,New
834,4902,2024-01-14 01:25:00,cart,1121,Electronics,709,Mobile,New
834,4902,2024-01-14 01:26:00,checkout,1121,Electronics,709,Mobile,New
834,4902,2024-01-14 01:28:00,purchase,1121,Electronics,709,Mobile,New
1192,4903,2024-01-16 06:53:00,view,1960,Electronics,117,Desktop,New
771,4904,2024-01-05 20:17:00,view,1849,Fashion,915,Mobile,New
1527,4905,2024-01-26 00:29:00,view,1118,Fashion,36,Mobile,New
1909,4906,2024-01-06 03:41:00,view,1805,Beauty,12,Tablet,New
1909,4906,2024-01-06 03:45:00,cart,1805,Beauty,12,Tablet,New
1909,4906,2024-01-06 03:46:00,checkout,1805,Beauty,12,Tablet,New
1909,4906,2024-01-06 03:49:00,purchase,1805,Beauty,12,Tablet,New
1379,4907,2024-01-14 04:19:00,view,1262,Home,93,Tablet,New
1379,4907,2024-01-14 04:20:00,cart,1262,Home,93,Tablet,New
1249,4908,2024-01-14 04:25:00,view,1408,Home,727,Mobile,Returning
1249,4908,2024-01-14 04:26:00,cart,1408,Home,727,Mobile,Returning
1249,4908,2024-01-14 04:28:00,checkout,1408,Home,727,Mobile,Returning
1249,4908,2024-01-14 04:31:00,purchase,1408,Home,727,Mobile,Returning
1688,4909,2024-02-02 15:36:00,view,1962,Home,882,Mobile,New
1688,4909,2024-02-02 15:39:00,cart,1962,Home,882,Mobile,New
1555,4910,2024-01-14 14:41:00,view,1007,Home,989,Mobile,New
1555,4910,2024-01-14 14:45:00,cart,1007,Home,989,Mobile,New
1555,4910,2024-01-14 14:46:00,checkout,1007,Home,989,Mobile,New
1555,4910,2024-01-14 14:48:00,purchase,1007,Home,989,Mobile,New
146,4911,2024-02-02 22:03:00,view,1883,Home,970,Mobile,New
146,4911,2024-02-02 22:05:00,cart,1883,Home,970,Mobile,New
1984,4912,2024-01-24 07:59:00,view,1542,Home,931,Desktop,New
1984,4912,2024-01-24 08:02:00,cart,1542,Home,931,Desktop,New
1984,4912,2024-01-24 08:04:00,checkout,1542,Home,931,Desktop,New
1984,4912,2024-01-24 08:06:00,purchase,1542,Home,931,Desktop,New
1265,4913,2024-01-15 05:58:00,view,1172,Fashion,762,Tablet,New
1908,4914,2024-02-04 00:33:00,view,1040,Electronics,464,Desktop,New
1908,4914,2024-02-04 00:37:00,cart,1040,Electronics,464,Desktop,New
1908,4914,2024-02-04 00:38:00,checkout,1040,Electronics,464,Desktop,New
1908,4914,2024-02-04 00:42:00,purchase,1040,Electronics,464,Desktop,New
893,4915,2024-01-10 05:05:00,view,1214,Electronics,30,Mobile,Returning
344,4916,2024-01-07 14:16:00,view,1712,Fashion,170,Desktop,New
1773,4917,2024-02-01 02:45:00,view,1182,Electronics,253,Mobile,Returning
1059,4918,2024-01-09 15:40:00,view,1547,Electronics,957,Desktop,New
1059,4918,2024-01-09 15:42:00,cart,1547,Electronics,957,Desktop,New
1059,4918,2024-01-09 15:43:00,checkout,1547,Electronics,957,Desktop,New
1059,4918,2024-01-09 15:45:00,purchase,1547,Electronics,957,Desktop,New
702,4919,2024-01-24 14:51:00,view,1378,Beauty,994,Desktop,New
1,4920,2024-01-05 21:29:00,view,1328,Beauty,991,Mobile,New
1,4920,2024-01-05 21:31:00,cart,1328,Beauty,991,Mobile,New
1,4920,2024-01-05 21:33:00,checkout,1328,Beauty,991,Mobile,New
153,4921,2024-01-28 13:11:00,view,1566,Fashion,119,Mobile,New
429,4922,2024-01-04 20:48:00,view,1896,Fashion,374,Mobile,New
429,4922,2024-01-04 20:51:00,cart,1896,Fashion,374,Mobile,New
429,4922,2024-01-04 20:52:00,checkout,1896,Fashion,374,Mobile,New
429,4922,2024-01-04 20:53:00,purchase,1896,Fashion,374,Mobile,New
1969,4923,2024-01-17 18:26:00,view,1595,Home,888,Mobile,New
508,4924,2024-01-07 23:26:00,view,1485,Beauty,847,Desktop,Returning
508,4924,2024-01-07 23:28:00,cart,1485,Beauty,847,Desktop,Returning
508,4924,2024-01-07 23:29:00,checkout,1485,Beauty,847,Desktop,Returning
508,4924,2024-01-07 23:33:00,purchase,1485,Beauty,847,Desktop,Returning
1150,4925,2024-02-04 12:44:00,view,1091,Beauty,315,Mobile,Returning
1150,4925,2024-02-04 12:46:00,cart,1091,Beauty,315,Mobile,Returning
1150,4925,2024-02-04 12:49:00,checkout,1091,Beauty,315,Mobile,Returning
1150,4925,2024-02-04 12:53:00,purchase,1091,Beauty,315,Mobile,Returning
491,4926,2024-01-10 05:40:00,view,1491,Beauty,484,Mobile,New
1506,4927,2024-01-11 11:36:00,view,1386,Home,641,Mobile,New
345,4928,2024-01-20 17:12:00,view,1288,Home,670,Desktop,New
1936,4929,2024-01-03 11:14:00,view,1183,Electronics,380,Mobile,Returning
1936,4929,2024-01-03 11:16:00,cart,1183,Electronics,380,Mobile,Returning
1936,4929,2024-01-03 11:20:00,checkout,1183,Electronics,380,Mobile,Returning
1762,4930,2024-01-25 14:37:00,view,1217,Electronics,253,Desktop,Returning
1762,4930,2024-01-25 14:39:00,cart,1217,Electronics,253,Desktop,Returning
1762,4930,2024-01-25 14:40:00,checkout,1217,Electronics,253,Desktop,Returning
1762,4930,2024-01-25 14:42:00,purchase,1217,Electronics,253,Desktop,Returning
221,4931,2024-01-14 21:51:00,view,1310,Electronics,923,Desktop,Returning
221,4931,2024-01-14 21:54:00,cart,1310,Electronics,923,Desktop,Returning
1939,4932,2024-01-06 03:34:00,view,1185,Electronics,893,Desktop,New
1943,4933,2024-01-09 16:40:00,view,1625,Fashion,770,Mobile,Returning
1943,4933,2024-01-09 16:42:00,cart,1625,Fashion,770,Mobile,Returning
1943,4933,2024-01-09 16:45:00,checkout,1625,Fashion,770,Mobile,Returning
1943,4933,2024-01-09 16:49:00,purchase,1625,Fashion,770,Mobile,Returning
723,4934,2024-01-18 05:24:00,view,1882,Beauty,724,Mobile,New
723,4934,2024-01-18 05:28:00,cart,1882,Beauty,724,Mobile,New
1049,4935,2024-01-12 05:46:00,view,1587,Home,367,Mobile,Returning
1049,4935,2024-01-12 05:48:00,cart,1587,Home,367,Mobile,Returning
1049,4935,2024-01-12 05:52:00,checkout,1587,Home,367,Mobile,Returning
528,4936,2024-01-31 15:58:00,view,1449,Beauty,845,Mobile,New
1206,4937,2024-01-27 18:56:00,view,1540,Fashion,99,Mobile,Returning
1523,4938,2024-01-30 01:05:00,view,1647,Fashion,741,Desktop,New
841,4939,2024-01-11 21:57:00,view,1973,Home,999,Mobile,New
1665,4940,2024-01-30 12:48:00,view,1393,Electronics,180,Desktop,Returning
1665,4940,2024-01-30 12:52:00,cart,1393,Electronics,180,Desktop,Returning
1066,4941,2024-01-02 09:29:00,view,1276,Home,35,Mobile,Returning
1939,4942,2024-01-27 13:41:00,view,1873,Electronics,434,Desktop,New
481,4943,2024-01-04 17:21:00,view,1495,Fashion,915,Desktop,Returning
481,4943,2024-01-04 17:25:00,cart,1495,Fashion,915,Desktop,Returning
481,4943,2024-01-04 17:29:00,checkout,1495,Fashion,915,Desktop,Returning
481,4943,2024-01-04 17:32:00,purchase,1495,Fashion,915,Desktop,Returning
930,4944,2024-01-24 22:37:00,view,1368,Fashion,758,Desktop,New
930,4944,2024-01-24 22:41:00,cart,1368,Fashion,758,Desktop,New
930,4944,2024-01-24 22:44:00,checkout,1368,Fashion,758,Desktop,New
930,4944,2024-01-24 22:45:00,purchase,1368,Fashion,758,Desktop,New
1872,4945,2024-01-16 10:59:00,view,1612,Home,268,Desktop,New
1872,4945,2024-01-16 11:00:00,cart,1612,Home,268,Desktop,New
1772,4946,2024-01-26 19:12:00,view,1308,Home,27,Desktop,Returning
872,4947,2024-01-03 06:23:00,view,1330,Home,119,Desktop,New
872,4947,2024-01-03 06:25:00,cart,1330,Home,119,Desktop,New
872,4947,2024-01-03 06:26:00,checkout,1330,Home,119,Desktop,New
1463,4948,2024-01-02 05:34:00,view,1638,Home,927,Mobile,New
1463,4948,2024-01-02 05:35:00,cart,1638,Home,927,Mobile,New
1426,4949,2024-01-23 06:15:00,view,1183,Beauty,406,Mobile,Returning
1570,4950,2024-01-10 10:45:00,view,1740,Electronics,329,Mobile,New
1570,4950,2024-01-10 10:47:00,cart,1740,Electronics,329,Mobile,New
1570,4950,2024-01-10 10:50:00,checkout,1740,Electronics,329,Mobile,New
1570,4950,2024-01-10 10:54:00,purchase,1740,Electronics,329,Mobile,New
345,4951,2024-02-01 08:50:00,view,1702,Beauty,961,Mobile,New
1917,4952,2024-01-01 13:14:00,view,1089,Home,616,Mobile,Returning
45,4953,2024-01-23 07:32:00,view,1573,Home,84,Mobile,New
45,4953,2024-01-23 07:36:00,cart,1573,Home,84,Mobile,New
45,4953,2024-01-23 07:37:00,checkout,1573,Home,84,Mobile,New
45,4953,2024-01-23 07:38:00,purchase,1573,Home,84,Mobile,New
1670,4954,2024-01-01 08:56:00,view,1027,Home,492,Mobile,Returning
1670,4954,2024-01-01 08:58:00,cart,1027,Home,492,Mobile,Returning
1670,4954,2024-01-01 09:01:00,checkout,1027,Home,492,Mobile,Returning
1670,4954,2024-01-01 09:02:00,purchase,1027,Home,492,Mobile,Returning
21,4955,2024-01-02 02:44:00,view,1621,Fashion,829,Mobile,Returning
1658,4956,2024-01-22 03:05:00,view,1045,Fashion,513,Mobile,New
1658,4956,2024-01-22 03:07:00,cart,1045,Fashion,513,Mobile,New
1658,4956,2024-01-22 03:11:00,checkout,1045,Fashion,513,Mobile,New
1658,4956,2024-01-22 03:14:00,purchase,1045,Fashion,513,Mobile,New
1094,4957,2024-01-14 05:35:00,view,1708,Home,409,Desktop,New
1094,4957,2024-01-14 05:37:00,cart,1708,Home,409,Desktop,New
1888,4958,2024-01-20 09:39:00,view,1820,Electronics,217,Mobile,New
1888,4958,2024-01-20 09:42:00,cart,1820,Electronics,217,Mobile,New
873,4959,2024-01-09 02:46:00,view,1915,Beauty,288,Desktop,Returning
873,4959,2024-01-09 02:50:00,cart,1915,Beauty,288,Desktop,Returning
873,4959,2024-01-09 02:52:00,checkout,1915,Beauty,288,Desktop,Returning
48,4960,2024-01-27 06:03:00,view,1548,Home,120,Mobile,New
48,4960,2024-01-27 06:06:00,cart,1548,Home,120,Mobile,New
1515,4961,2024-01-22 01:45:00,view,1574,Home,905,Desktop,New
1515,4961,2024-01-22 01:46:00,cart,1574,Home,905,Desktop,New
1515,4961,2024-01-22 01:50:00,checkout,1574,Home,905,Desktop,New
1515,4961,2024-01-22 01:53:00,purchase,1574,Home,905,Desktop,New
551,4962,2024-01-28 23:06:00,view,1186,Beauty,982,Desktop,New
287,4963,2024-01-29 06:03:00,view,1678,Electronics,108,Desktop,New
1002,4964,2024-01-17 02:24:00,view,1757,Beauty,208,Desktop,New
1002,4964,2024-01-17 02:26:00,cart,1757,Beauty,208,Desktop,New
1002,4964,2024-01-17 02:29:00,checkout,1757,Beauty,208,Desktop,New
1002,4964,2024-01-17 02:31:00,purchase,1757,Beauty,208,Desktop,New
1034,4965,2024-01-11 04:10:00,view,1783,Beauty,408,Mobile,New
1034,4965,2024-01-11 04:13:00,cart,1783,Beauty,408,Mobile,New
1034,4965,2024-01-11 04:17:00,checkout,1783,Beauty,408,Mobile,New
1034,4965,2024-01-11 04:21:00,purchase,1783,Beauty,408,Mobile,New
542,4966,2024-02-04 05:45:00,view,1918,Fashion,27,Tablet,Returning
542,4966,2024-02-04 05:49:00,cart,1918,Fashion,27,Tablet,Returning
542,4966,2024-02-04 05:53:00,checkout,1918,Fashion,27,Tablet,Returning
542,4966,2024-02-04 05:55:00,purchase,1918,Fashion,27,Tablet,Returning
756,4967,2024-01-04 08:27:00,view,1128,Electronics,630,Desktop,Returning
756,4967,2024-01-04 08:29:00,cart,1128,Electronics,630,Desktop,Returning
756,4967,2024-01-04 08:32:00,checkout,1128,Electronics,630,Desktop,Returning
756,4967,2024-01-04 08:35:00,purchase,1128,Electronics,630,Desktop,Returning
274,4968,2024-01-16 09:15:00,view,1065,Beauty,372,Desktop,Returning
274,4968,2024-01-16 09:17:00,cart,1065,Beauty,372,Desktop,Returning
274,4968,2024-01-16 09:19:00,checkout,1065,Beauty,372,Desktop,Returning
274,4968,2024-01-16 09:23:00,purchase,1065,Beauty,372,Desktop,Returning
956,4969,2024-02-03 01:01:00,view,1241,Home,865,Desktop,New
600,4970,2024-01-20 17:04:00,view,1467,Electronics,619,Mobile,New
600,4970,2024-01-20 17:08:00,cart,1467,Electronics,619,Mobile,New
1780,4971,2024-01-29 17:53:00,view,1837,Home,768,Desktop,Returning
1780,4971,2024-01-29 17:54:00,cart,1837,Home,768,Desktop,Returning
381,4972,2024-01-22 05:31:00,view,1044,Home,852,Mobile,New
381,4972,2024-01-22 05:34:00,cart,1044,Home,852,Mobile,New
381,4972,2024-01-22 05:36:00,checkout,1044,Home,852,Mobile,New
381,4972,2024-01-22 05:38:00,purchase,1044,Home,852,Mobile,New
1353,4973,2024-01-20 21:11:00,view,1967,Home,639,Mobile,New
1353,4973,2024-01-20 21:14:00,cart,1967,Home,639,Mobile,New
1353,4973,2024-01-20 21:18:00,checkout,1967,Home,639,Mobile,New
479,4974,2024-01-03 04:21:00,view,1246,Fashion,214,Mobile,Returning
479,4974,2024-01-03 04:25:00,cart,1246,Fashion,214,Mobile,Returning
479,4974,2024-01-03 04:28:00,checkout,1246,Fashion,214,Mobile,Returning
15,4975,2024-01-24 07:58:00,view,1034,Electronics,426,Desktop,New
15,4975,2024-01-24 08:00:00,cart,1034,Electronics,426,Desktop,New
15,4975,2024-01-24 08:04:00,checkout,1034,Electronics,426,Desktop,New
15,4975,2024-01-24 08:08:00,purchase,1034,Electronics,426,Desktop,New
516,4976,2024-01-16 01:32:00,view,1533,Electronics,496,Mobile,New
516,4976,2024-01-16 01:34:00,cart,1533,Electronics,496,Mobile,New
516,4976,2024-01-16 01:37:00,checkout,1533,Electronics,496,Mobile,New
516,4976,2024-01-16 01:39:00,purchase,1533,Electronics,496,Mobile,New
191,4977,2024-01-30 05:21:00,view,1089,Beauty,119,Mobile,New
191,4977,2024-01-30 05:25:00,cart,1089,Beauty,119,Mobile,New
1192,4978,2024-01-06 13:29:00,view,1639,Home,593,Mobile,New
1192,4978,2024-01-06 13:33:00,cart,1639,Home,593,Mobile,New
1192,4978,2024-01-06 13:37:00,checkout,1639,Home,593,Mobile,New
1192,4978,2024-01-06 13:38:00,purchase,1639,Home,593,Mobile,New
1545,4979,2024-01-28 05:21:00,view,1844,Electronics,941,Desktop,Returning
1545,4979,2024-01-28 05:25:00,cart,1844,Electronics,941,Desktop,Returning
1545,4979,2024-01-28 05:27:00,checkout,1844,Electronics,941,Desktop,Returning
1545,4979,2024-01-28 05:29:00,purchase,1844,Electronics,941,Desktop,Returning
621,4980,2024-01-30 18:14:00,view,1029,Fashion,82,Desktop,New
1161,4981,2024-01-01 14:42:00,view,1796,Home,356,Mobile,Returning
1161,4981,2024-01-01 14:45:00,cart,1796,Home,356,Mobile,Returning
154,4982,2024-01-31 04:12:00,view,1830,Electronics,462,Mobile,New
154,4982,2024-01-31 04:15:00,cart,1830,Electronics,462,Mobile,New
1412,4983,2024-01-19 06:00:00,view,1368,Beauty,828,Desktop,New
1412,4983,2024-01-19 06:02:00,cart,1368,Beauty,828,Desktop,New
1412,4983,2024-01-19 06:04:00,checkout,1368,Beauty,828,Desktop,New
1233,4984,2024-01-30 10:24:00,view,1564,Fashion,260,Tablet,New
272,4985,2024-01-07 08:18:00,view,1714,Home,830,Desktop,Returning
272,4985,2024-01-07 08:20:00,cart,1714,Home,830,Desktop,Returning
272,4985,2024-01-07 08:23:00,checkout,1714,Home,830,Desktop,Returning
272,4985,2024-01-07 08:27:00,purchase,1714,Home,830,Desktop,Returning
143,4986,2024-01-06 21:52:00,view,1747,Home,790,Mobile,New
1635,4987,2024-01-09 19:25:00,view,1129,Fashion,96,Desktop,Returning
1913,4988,2024-01-31 18:41:00,view,1359,Electronics,796,Mobile,Returning
1913,4988,2024-01-31 18:44:00,cart,1359,Electronics,796,Mobile,Returning
1844,4989,2024-01-20 14:44:00,view,1809,Beauty,510,Mobile,Returning
1844,4989,2024-01-20 14:47:00,cart,1809,Beauty,510,Mobile,Returning
1844,4989,2024-01-20 14:50:00,checkout,1809,Beauty,510,Mobile,Returning
1844,4989,2024-01-20 14:53:00,purchase,1809,Beauty,510,Mobile,Returning
1093,4990,2024-01-07 18:42:00,view,1767,Fashion,796,Mobile,Returning
247,4991,2024-01-31 14:17:00,view,1609,Home,304,Mobile,New
247,4991,2024-01-31 14:20:00,cart,1609,Home,304,Mobile,New
247,4991,2024-01-31 14:24:00,checkout,1609,Home,304,Mobile,New
247,4991,2024-01-31 14:27:00,purchase,1609,Home,304,Mobile,New
1285,4992,2024-01-31 22:10:00,view,1673,Electronics,734,Desktop,New
788,4993,2024-01-26 23:59:00,view,1915,Home,838,Mobile,New
788,4993,2024-01-27 00:03:00,cart,1915,Home,838,Mobile,New
788,4993,2024-01-27 00:04:00,checkout,1915,Home,838,Mobile,New
788,4993,2024-01-27 00:06:00,purchase,1915,Home,838,Mobile,New
79,4994,2024-01-04 00:35:00,view,1134,Home,596,Mobile,New
79,4994,2024-01-04 00:37:00,cart,1134,Home,596,Mobile,New
79,4994,2024-01-04 00:40:00,checkout,1134,Home,596,Mobile,New
79,4994,2024-01-04 00:44:00,purchase,1134,Home,596,Mobile,New
1682,4995,2024-01-13 05:44:00,view,1758,Electronics,502,Mobile,Returning
1682,4995,2024-01-13 05:45:00,cart,1758,Electronics,502,Mobile,Returning
623,4996,2024-01-12 15:07:00,view,1166,Fashion,424,Mobile,New
623,4996,2024-01-12 15:11:00,cart,1166,Fashion,424,Mobile,New
1794,4997,2024-01-17 23:50:00,view,1480,Beauty,617,Mobile,Returning
1794,4997,2024-01-17 23:54:00,cart,1480,Beauty,617,Mobile,Returning
1794,4997,2024-01-17 23:57:00,checkout,1480,Beauty,617,Mobile,Returning
1794,4997,2024-01-18 00:00:00,purchase,1480,Beauty,617,Mobile,Returning
1629,4998,2024-01-19 01:45:00,view,1467,Home,111,Mobile,New
1629,4998,2024-01-19 01:49:00,cart,1467,Home,111,Mobile,New
1629,4998,2024-01-19 01:52:00,checkout,1467,Home,111,Mobile,New
1629,4998,2024-01-19 01:53:00,purchase,1467,Home,111,Mobile,New
525,4999,2024-01-01 16:59:00,view,1600,Home,517,Mobile,Returning
525,4999,2024-01-01 17:02:00,cart,1600,Home,517,Mobile,Returning
772,5000,2024-01-08 08:39:00,view,1549,Fashion,27,Desktop,Returning
938,5001,2024-01-19 02:44:00,view,1149,Beauty,349,Desktop,Returning
938,5001,2024-01-19 02:47:00,cart,1149,Beauty,349,Desktop,Returning
938,5001,2024-01-19 02:48:00,checkout,1149,Beauty,349,Desktop,Returning
938,5001,2024-01-19 02:49:00,purchase,1149,Beauty,349,Desktop,Returning
1645,5002,2024-01-10 09:56:00,view,1025,Beauty,971,Desktop,New
1645,5002,2024-01-10 09:58:00,cart,1025,Beauty,971,Desktop,New
1645,5002,2024-01-10 10:01:00,checkout,1025,Beauty,971,Desktop,New
1645,5002,2024-01-10 10:03:00,purchase,1025,Beauty,971,Desktop,New
1354,5003,2024-01-26 12:15:00,view,1429,Beauty,98,Mobile,Returning
1354,5003,2024-01-26 12:18:00,cart,1429,Beauty,98,Mobile,Returning
1213,5004,2024-01-04 21:40:00,view,1517,Beauty,350,Desktop,New
1119,5005,2024-01-29 00:13:00,view,1647,Beauty,323,Desktop,New
1119,5005,2024-01-29 00:15:00,cart,1647,Beauty,323,Desktop,New
1119,5005,2024-01-29 00:19:00,checkout,1647,Beauty,323,Desktop,New
1119,5005,2024-01-29 00:23:00,purchase,1647,Beauty,323,Desktop,New
617,5006,2024-02-03 11:57:00,view,1193,Home,428,Desktop,New
617,5006,2024-02-03 12:01:00,cart,1193,Home,428,Desktop,New
617,5006,2024-02-03 12:02:00,checkout,1193,Home,428,Desktop,New
617,5006,2024-02-03 12:06:00,purchase,1193,Home,428,Desktop,New
1032,5007,2024-01-27 10:44:00,view,1780,Beauty,526,Desktop,New
67,5008,2024-01-19 01:35:00,view,1548,Fashion,486,Mobile,New
67,5008,2024-01-19 01:36:00,cart,1548,Fashion,486,Mobile,New
67,5008,2024-01-19 01:39:00,checkout,1548,Fashion,486,Mobile,New
67,5008,2024-01-19 01:42:00,purchase,1548,Fashion,486,Mobile,New
1520,5009,2024-01-11 03:01:00,view,1887,Electronics,653,Tablet,Returning
191,5010,2024-01-01 05:40:00,view,1289,Beauty,84,Mobile,New
1390,5011,2024-01-11 11:12:00,view,1207,Beauty,658,Mobile,New
1390,5011,2024-01-11 11:13:00,cart,1207,Beauty,658,Mobile,New
1390,5011,2024-01-11 11:16:00,checkout,1207,Beauty,658,Mobile,New
768,5012,2024-01-29 01:34:00,view,1942,Electronics,648,Mobile,Returning
521,5013,2024-01-27 17:29:00,view,1246,Beauty,669,Mobile,New
521,5013,2024-01-27 17:33:00,cart,1246,Beauty,669,Mobile,New
990,5014,2024-01-18 00:04:00,view,1714,Fashion,563,Tablet,Returning
990,5014,2024-01-18 00:08:00,cart,1714,Fashion,563,Tablet,Returning
1141,5015,2024-01-08 01:54:00,view,1892,Beauty,953,Mobile,Returning
1141,5015,2024-01-08 01:58:00,cart,1892,Beauty,953,Mobile,Returning
1141,5015,2024-01-08 02:01:00,checkout,1892,Beauty,953,Mobile,Returning
267,5016,2024-01-11 00:34:00,view,1060,Beauty,360,Mobile,Returning
267,5016,2024-01-11 00:35:00,cart,1060,Beauty,360,Mobile,Returning
267,5016,2024-01-11 00:37:00,checkout,1060,Beauty,360,Mobile,Returning
267,5016,2024-01-11 00:40:00,purchase,1060,Beauty,360,Mobile,Returning
1635,5017,2024-01-02 15:15:00,view,1965,Electronics,900,Desktop,Returning
1635,5017,2024-01-02 15:19:00,cart,1965,Electronics,900,Desktop,Returning
1635,5017,2024-01-02 15:23:00,checkout,1965,Electronics,900,Desktop,Returning
1635,5017,2024-01-02 15:26:00,purchase,1965,Electronics,900,Desktop,Returning
485,5018,2024-01-03 17:55:00,view,1621,Beauty,857,Mobile,New
1533,5019,2024-01-09 09:51:00,view,1533,Electronics,466,Mobile,Returning
1533,5019,2024-01-09 09:55:00,cart,1533,Electronics,466,Mobile,Returning
1533,5019,2024-01-09 09:59:00,checkout,1533,Electronics,466,Mobile,Returning
1322,5020,2024-01-05 16:21:00,view,1379,Fashion,116,Desktop,New
1933,5021,2024-01-21 09:58:00,view,1306,Beauty,818,Desktop,New
1933,5021,2024-01-21 10:01:00,cart,1306,Beauty,818,Desktop,New
1188,5022,2024-01-02 02:17:00,view,1580,Fashion,180,Mobile,New
376,5023,2024-01-02 08:24:00,view,1861,Beauty,162,Desktop,New
376,5023,2024-01-02 08:28:00,cart,1861,Beauty,162,Desktop,New
376,5023,2024-01-02 08:31:00,checkout,1861,Beauty,162,Desktop,New
376,5023,2024-01-02 08:34:00,purchase,1861,Beauty,162,Desktop,New
653,5024,2024-01-05 17:24:00,view,1485,Home,831,Mobile,New
653,5024,2024-01-05 17:26:00,cart,1485,Home,831,Mobile,New
653,5024,2024-01-05 17:29:00,checkout,1485,Home,831,Mobile,New
653,5024,2024-01-05 17:30:00,purchase,1485,Home,831,Mobile,New
1292,5025,2024-01-28 19:17:00,view,1683,Fashion,984,Mobile,New
1292,5025,2024-01-28 19:19:00,cart,1683,Fashion,984,Mobile,New
1292,5025,2024-01-28 19:21:00,checkout,1683,Fashion,984,Mobile,New
1292,5025,2024-01-28 19:25:00,purchase,1683,Fashion,984,Mobile,New
549,5026,2024-01-22 21:09:00,view,1176,Fashion,456,Mobile,New
549,5026,2024-01-22 21:11:00,cart,1176,Fashion,456,Mobile,New
549,5026,2024-01-22 21:13:00,checkout,1176,Fashion,456,Mobile,New
1098,5027,2024-01-29 05:18:00,view,1755,Electronics,842,Mobile,New
1532,5028,2024-01-20 08:52:00,view,1804,Home,706,Desktop,Returning
1532,5028,2024-01-20 08:56:00,cart,1804,Home,706,Desktop,Returning
1532,5028,2024-01-20 08:59:00,checkout,1804,Home,706,Desktop,Returning
1532,5028,2024-01-20 09:02:00,purchase,1804,Home,706,Desktop,Returning
73,5029,2024-01-24 14:06:00,view,1434,Fashion,103,Desktop,New
308,5030,2024-01-22 01:46:00,view,1456,Electronics,440,Mobile,New
308,5030,2024-01-22 01:49:00,cart,1456,Electronics,440,Mobile,New
199,5031,2024-01-12 11:49:00,view,1568,Home,669,Mobile,Returning
1154,5032,2024-01-22 02:43:00,view,1408,Electronics,577,Desktop,Returning
1782,5033,2024-01-14 18:00:00,view,1076,Home,287,Mobile,Returning
1848,5034,2024-01-30 00:26:00,view,1653,Beauty,549,Mobile,New
1848,5034,2024-01-30 00:27:00,cart,1653,Beauty,549,Mobile,New
1848,5034,2024-01-30 00:30:00,checkout,1653,Beauty,549,Mobile,New
572,5035,2024-01-07 17:50:00,view,1892,Electronics,435,Tablet,Returning
572,5035,2024-01-07 17:54:00,cart,1892,Electronics,435,Tablet,Returning
572,5035,2024-01-07 17:58:00,checkout,1892,Electronics,435,Tablet,Returning
791,5036,2024-01-18 01:49:00,view,1630,Electronics,107,Desktop,New
791,5036,2024-01-18 01:53:00,cart,1630,Electronics,107,Desktop,New
791,5036,2024-01-18 01:56:00,checkout,1630,Electronics,107,Desktop,New
791,5036,2024-01-18 01:57:00,purchase,1630,Electronics,107,Desktop,New
1639,5037,2024-01-05 01:31:00,view,1015,Beauty,643,Tablet,Returning
1832,5038,2024-01-29 21:31:00,view,1773,Home,627,Mobile,Returning
1832,5038,2024-01-29 21:35:00,cart,1773,Home,627,Mobile,Returning
1832,5038,2024-01-29 21:39:00,checkout,1773,Home,627,Mobile,Returning
1832,5038,2024-01-29 21:40:00,purchase,1773,Home,627,Mobile,Returning
1856,5039,2024-01-05 17:15:00,view,1219,Electronics,271,Desktop,New
1856,5039,2024-01-05 17:16:00,cart,1219,Electronics,271,Desktop,New
1856,5039,2024-01-05 17:19:00,checkout,1219,Electronics,271,Desktop,New
1511,5040,2024-01-23 03:32:00,view,1965,Beauty,350,Mobile,Returning
1511,5040,2024-01-23 03:36:00,cart,1965,Beauty,350,Mobile,Returning
1511,5040,2024-01-23 03:39:00,checkout,1965,Beauty,350,Mobile,Returning
1511,5040,2024-01-23 03:40:00,purchase,1965,Beauty,350,Mobile,Returning
1877,5041,2024-01-11 18:24:00,view,1923,Home,60,Mobile,New
1175,5042,2024-01-04 07:09:00,view,1978,Fashion,590,Mobile,Returning
1693,5043,2024-01-05 20:08:00,view,1686,Home,53,Mobile,New
1230,5044,2024-01-28 18:20:00,view,1268,Electronics,897,Mobile,New
1230,5044,2024-01-28 18:24:00,cart,1268,Electronics,897,Mobile,New
1230,5044,2024-01-28 18:26:00,checkout,1268,Electronics,897,Mobile,New
179,5045,2024-01-10 04:20:00,view,1606,Home,198,Mobile,Returning
197,5046,2024-01-12 19:19:00,view,1301,Home,624,Mobile,Returning
735,5047,2024-01-05 23:21:00,view,1958,Beauty,729,Desktop,New
89,5048,2024-01-05 03:57:00,view,1550,Home,845,Mobile,Returning
89,5048,2024-01-05 04:01:00,cart,1550,Home,845,Mobile,Returning
89,5048,2024-01-05 04:03:00,checkout,1550,Home,845,Mobile,Returning
89,5048,2024-01-05 04:06:00,purchase,1550,Home,845,Mobile,Returning
799,5049,2024-01-24 22:59:00,view,1837,Home,907,Mobile,Returning
799,5049,2024-01-24 23:02:00,cart,1837,Home,907,Mobile,Returning
799,5049,2024-01-24 23:04:00,checkout,1837,Home,907,Mobile,Returning
799,5049,2024-01-24 23:07:00,purchase,1837,Home,907,Mobile,Returning
1458,5050,2024-01-12 02:57:00,view,1593,Electronics,97,Mobile,Returning
788,5051,2024-01-12 13:33:00,view,1209,Fashion,952,Mobile,New
788,5051,2024-01-12 13:37:00,cart,1209,Fashion,952,Mobile,New
788,5051,2024-01-12 13:38:00,checkout,1209,Fashion,952,Mobile,New
788,5051,2024-01-12 13:40:00,purchase,1209,Fashion,952,Mobile,New
748,5052,2024-01-22 11:15:00,view,1491,Home,940,Desktop,New
748,5052,2024-01-22 11:19:00,cart,1491,Home,940,Desktop,New
748,5052,2024-01-22 11:20:00,checkout,1491,Home,940,Desktop,New
748,5052,2024-01-22 11:24:00,purchase,1491,Home,940,Desktop,New
1207,5053,2024-01-24 10:25:00,view,1445,Home,660,Mobile,Returning
1207,5053,2024-01-24 10:26:00,cart,1445,Home,660,Mobile,Returning
209,5054,2024-01-04 12:00:00,view,1809,Home,767,Desktop,New
493,5055,2024-01-04 02:54:00,view,1024,Electronics,532,Mobile,New
1154,5056,2024-01-14 02:00:00,view,1105,Fashion,605,Mobile,Returning
665,5057,2024-01-07 15:04:00,view,1107,Beauty,980,Desktop,New
665,5057,2024-01-07 15:07:00,cart,1107,Beauty,980,Desktop,New
1037,5058,2024-02-04 06:56:00,view,1930,Beauty,612,Desktop,New
1658,5059,2024-01-03 12:51:00,view,1222,Beauty,177,Mobile,New
871,5060,2024-01-05 06:53:00,view,1530,Home,199,Desktop,New
871,5060,2024-01-05 06:56:00,cart,1530,Home,199,Desktop,New
871,5060,2024-01-05 06:58:00,checkout,1530,Home,199,Desktop,New
732,5061,2024-01-09 05:51:00,view,1310,Fashion,308,Mobile,Returning
1130,5062,2024-01-06 15:07:00,view,1192,Electronics,789,Desktop,New
1130,5062,2024-01-06 15:10:00,cart,1192,Electronics,789,Desktop,New
1130,5062,2024-01-06 15:11:00,checkout,1192,Electronics,789,Desktop,New
1130,5062,2024-01-06 15:13:00,purchase,1192,Electronics,789,Desktop,New
1399,5063,2024-01-25 03:33:00,view,1600,Electronics,401,Desktop,Returning
1399,5063,2024-01-25 03:36:00,cart,1600,Electronics,401,Desktop,Returning
1399,5063,2024-01-25 03:40:00,checkout,1600,Electronics,401,Desktop,Returning
1399,5063,2024-01-25 03:44:00,purchase,1600,Electronics,401,Desktop,Returning
1606,5064,2024-01-03 13:40:00,view,1231,Fashion,115,Desktop,New
1731,5065,2024-01-12 19:46:00,view,1532,Beauty,726,Tablet,New
1731,5065,2024-01-12 19:50:00,cart,1532,Beauty,726,Tablet,New
698,5066,2024-02-01 17:10:00,view,1519,Beauty,861,Mobile,New
1123,5067,2024-01-07 06:41:00,view,1162,Beauty,221,Desktop,Returning
594,5068,2024-01-18 03:21:00,view,1744,Beauty,926,Mobile,New
594,5068,2024-01-18 03:23:00,cart,1744,Beauty,926,Mobile,New
594,5068,2024-01-18 03:26:00,checkout,1744,Beauty,926,Mobile,New
594,5068,2024-01-18 03:30:00,purchase,1744,Beauty,926,Mobile,New
1611,5069,2024-01-16 16:49:00,view,1707,Beauty,612,Mobile,Returning
1611,5069,2024-01-16 16:51:00,cart,1707,Beauty,612,Mobile,Returning
1611,5069,2024-01-16 16:53:00,checkout,1707,Beauty,612,Mobile,Returning
1611,5069,2024-01-16 16:54:00,purchase,1707,Beauty,612,Mobile,Returning
886,5070,2024-01-20 09:08:00,view,1293,Fashion,752,Mobile,New
886,5070,2024-01-20 09:09:00,cart,1293,Fashion,752,Mobile,New
886,5070,2024-01-20 09:10:00,checkout,1293,Fashion,752,Mobile,New
886,5070,2024-01-20 09:14:00,purchase,1293,Fashion,752,Mobile,New
852,5071,2024-01-23 08:53:00,view,1977,Fashion,428,Mobile,Returning
852,5071,2024-01-23 08:55:00,cart,1977,Fashion,428,Mobile,Returning
852,5071,2024-01-23 08:56:00,checkout,1977,Fashion,428,Mobile,Returning
852,5071,2024-01-23 08:58:00,purchase,1977,Fashion,428,Mobile,Returning
1216,5072,2024-01-01 06:35:00,view,1708,Home,397,Desktop,New
1216,5072,2024-01-01 06:37:00,cart,1708,Home,397,Desktop,New
1216,5072,2024-01-01 06:38:00,checkout,1708,Home,397,Desktop,New
1216,5072,2024-01-01 06:39:00,purchase,1708,Home,397,Desktop,New
325,5073,2024-01-30 11:45:00,view,1253,Electronics,249,Mobile,Returning
979,5074,2024-01-07 01:50:00,view,1165,Fashion,900,Mobile,New
1750,5075,2024-01-09 00:30:00,view,1597,Fashion,520,Mobile,New
1750,5075,2024-01-09 00:33:00,cart,1597,Fashion,520,Mobile,New
1750,5075,2024-01-09 00:34:00,checkout,1597,Fashion,520,Mobile,New
1851,5076,2024-01-04 20:53:00,view,1580,Home,420,Mobile,New
1851,5076,2024-01-04 20:55:00,cart,1580,Home,420,Mobile,New
1851,5076,2024-01-04 20:57:00,checkout,1580,Home,420,Mobile,New
1851,5076,2024-01-04 21:01:00,purchase,1580,Home,420,Mobile,New
956,5077,2024-01-14 17:30:00,view,1630,Electronics,253,Desktop,New
1491,5078,2024-01-02 07:28:00,view,1368,Home,297,Mobile,New
894,5079,2024-01-30 11:12:00,view,1926,Fashion,606,Desktop,New
894,5079,2024-01-30 11:13:00,cart,1926,Fashion,606,Desktop,New
894,5079,2024-01-30 11:14:00,checkout,1926,Fashion,606,Desktop,New
1391,5080,2024-01-19 09:56:00,view,1735,Electronics,776,Desktop,New
1391,5080,2024-01-19 09:57:00,cart,1735,Electronics,776,Desktop,New
1342,5081,2024-02-02 06:59:00,view,1311,Home,498,Desktop,New
144,5082,2024-02-02 03:49:00,view,1688,Electronics,875,Mobile,New
384,5083,2024-01-21 05:27:00,view,1410,Home,556,Desktop,Returning
384,5083,2024-01-21 05:29:00,cart,1410,Home,556,Desktop,Returning
384,5083,2024-01-21 05:33:00,checkout,1410,Home,556,Desktop,Returning
216,5084,2024-01-12 15:43:00,view,1206,Home,883,Mobile,New
1385,5085,2024-01-16 15:06:00,view,1441,Beauty,889,Desktop,Returning
324,5086,2024-02-04 07:21:00,view,1606,Fashion,950,Mobile,New
324,5086,2024-02-04 07:25:00,cart,1606,Fashion,950,Mobile,New
324,5086,2024-02-04 07:27:00,checkout,1606,Fashion,950,Mobile,New
324,5086,2024-02-04 07:30:00,purchase,1606,Fashion,950,Mobile,New
1039,5087,2024-01-31 21:01:00,view,1845,Fashion,577,Mobile,New
217,5088,2024-01-23 13:37:00,view,1742,Beauty,18,Mobile,New
1516,5089,2024-01-18 10:55:00,view,1996,Beauty,492,Desktop,New
1516,5089,2024-01-18 10:57:00,cart,1996,Beauty,492,Desktop,New
1516,5089,2024-01-18 11:01:00,checkout,1996,Beauty,492,Desktop,New
1516,5089,2024-01-18 11:05:00,purchase,1996,Beauty,492,Desktop,New
951,5090,2024-01-20 10:10:00,view,1429,Fashion,352,Mobile,Returning
951,5090,2024-01-20 10:12:00,cart,1429,Fashion,352,Mobile,Returning
1571,5091,2024-01-05 01:13:00,view,1393,Electronics,480,Mobile,New
183,5092,2024-01-17 22:18:00,view,1321,Electronics,522,Mobile,Returning
270,5093,2024-01-14 14:07:00,view,1144,Fashion,775,Desktop,New
270,5093,2024-01-14 14:08:00,cart,1144,Fashion,775,Desktop,New
270,5093,2024-01-14 14:09:00,checkout,1144,Fashion,775,Desktop,New
270,5093,2024-01-14 14:11:00,purchase,1144,Fashion,775,Desktop,New
945,5094,2024-01-26 08:17:00,view,1733,Home,593,Desktop,New
945,5094,2024-01-26 08:21:00,cart,1733,Home,593,Desktop,New
945,5094,2024-01-26 08:23:00,checkout,1733,Home,593,Desktop,New
1491,5095,2024-01-13 02:28:00,view,1329,Home,398,Mobile,New
1491,5095,2024-01-13 02:30:00,cart,1329,Home,398,Mobile,New
870,5096,2024-01-06 22:08:00,view,1586,Electronics,938,Desktop,Returning
870,5096,2024-01-06 22:11:00,cart,1586,Electronics,938,Desktop,Returning
870,5096,2024-01-06 22:13:00,checkout,1586,Electronics,938,Desktop,Returning
870,5096,2024-01-06 22:14:00,purchase,1586,Electronics,938,Desktop,Returning
1636,5097,2024-01-26 08:49:00,view,1196,Home,243,Mobile,New
1543,5098,2024-01-22 00:57:00,view,1535,Home,518,Mobile,New
1543,5098,2024-01-22 00:59:00,cart,1535,Home,518,Mobile,New
1543,5098,2024-01-22 01:02:00,checkout,1535,Home,518,Mobile,New
1543,5098,2024-01-22 01:04:00,purchase,1535,Home,518,Mobile,New
1566,5099,2024-01-08 08:12:00,view,1878,Beauty,399,Desktop,New
1566,5099,2024-01-08 08:13:00,cart,1878,Beauty,399,Desktop,New
1566,5099,2024-01-08 08:14:00,checkout,1878,Beauty,399,Desktop,New
1566,5099,2024-01-08 08:17:00,purchase,1878,Beauty,399,Desktop,New
467,5100,2024-01-07 00:19:00,view,1519,Fashion,896,Mobile,New
467,5100,2024-01-07 00:20:00,cart,1519,Fashion,896,Mobile,New
467,5100,2024-01-07 00:21:00,checkout,1519,Fashion,896,Mobile,New
467,5100,2024-01-07 00:23:00,purchase,1519,Fashion,896,Mobile,New
305,5101,2024-01-21 21:34:00,view,1957,Beauty,270,Mobile,Returning
305,5101,2024-01-21 21:36:00,cart,1957,Beauty,270,Mobile,Returning
1168,5102,2024-01-02 20:39:00,view,1013,Fashion,681,Mobile,New
1168,5102,2024-01-02 20:41:00,cart,1013,Fashion,681,Mobile,New
111,5103,2024-01-12 12:58:00,view,1772,Electronics,682,Mobile,New
1014,5104,2024-02-01 03:49:00,view,1134,Beauty,439,Mobile,New
232,5105,2024-01-30 22:31:00,view,1776,Fashion,952,Mobile,New
1715,5106,2024-01-30 18:39:00,view,1879,Home,196,Mobile,New
1608,5107,2024-01-02 20:05:00,view,1198,Home,336,Mobile,Returning
1608,5107,2024-01-02 20:07:00,cart,1198,Home,336,Mobile,Returning
1746,5108,2024-01-09 17:17:00,view,1878,Home,265,Mobile,New
1756,5109,2024-01-03 21:03:00,view,1730,Beauty,257,Mobile,Returning
1616,5110,2024-01-09 21:24:00,view,1505,Home,847,Mobile,Returning
1524,5111,2024-01-11 09:11:00,view,1964,Beauty,638,Desktop,New
595,5112,2024-01-20 07:30:00,view,1324,Home,895,Mobile,Returning
595,5112,2024-01-20 07:33:00,cart,1324,Home,895,Mobile,Returning
595,5112,2024-01-20 07:36:00,checkout,1324,Home,895,Mobile,Returning
595,5112,2024-01-20 07:37:00,purchase,1324,Home,895,Mobile,Returning
1578,5113,2024-01-21 17:27:00,view,1459,Fashion,214,Desktop,Returning
1578,5113,2024-01-21 17:29:00,cart,1459,Fashion,214,Desktop,Returning
1578,5113,2024-01-21 17:30:00,checkout,1459,Fashion,214,Desktop,Returning
1578,5113,2024-01-21 17:31:00,purchase,1459,Fashion,214,Desktop,Returning
1297,5114,2024-01-09 07:53:00,view,1531,Fashion,982,Desktop,New
1297,5114,2024-01-09 07:56:00,cart,1531,Fashion,982,Desktop,New
1297,5114,2024-01-09 07:59:00,checkout,1531,Fashion,982,Desktop,New
1297,5114,2024-01-09 08:03:00,purchase,1531,Fashion,982,Desktop,New
1727,5115,2024-01-22 03:34:00,view,1280,Beauty,155,Desktop,New
1727,5115,2024-01-22 03:35:00,cart,1280,Beauty,155,Desktop,New
173,5116,2024-01-03 14:55:00,view,1511,Home,623,Mobile,New
173,5116,2024-01-03 14:57:00,cart,1511,Home,623,Mobile,New
173,5116,2024-01-03 15:00:00,checkout,1511,Home,623,Mobile,New
173,5116,2024-01-03 15:02:00,purchase,1511,Home,623,Mobile,New
973,5117,2024-01-24 21:26:00,view,1673,Beauty,529,Mobile,Returning
973,5117,2024-01-24 21:29:00,cart,1673,Beauty,529,Mobile,Returning
1031,5118,2024-02-04 09:31:00,view,1584,Fashion,809,Mobile,New
1179,5119,2024-01-03 05:53:00,view,1911,Home,889,Desktop,Returning
1179,5119,2024-01-03 05:54:00,cart,1911,Home,889,Desktop,Returning
1179,5119,2024-01-03 05:55:00,checkout,1911,Home,889,Desktop,Returning
1546,5120,2024-01-25 13:08:00,view,1821,Beauty,620,Mobile,New
546,5121,2024-01-01 14:46:00,view,1179,Fashion,956,Desktop,New
548,5122,2024-02-01 18:41:00,view,1394,Beauty,486,Desktop,Returning
548,5122,2024-02-01 18:43:00,cart,1394,Beauty,486,Desktop,Returning
1945,5123,2024-01-16 12:41:00,view,1325,Fashion,729,Mobile,Returning
1945,5123,2024-01-16 12:45:00,cart,1325,Fashion,729,Mobile,Returning
1945,5123,2024-01-16 12:46:00,checkout,1325,Fashion,729,Mobile,Returning
1945,5123,2024-01-16 12:48:00,purchase,1325,Fashion,729,Mobile,Returning
518,5124,2024-01-28 11:02:00,view,1829,Beauty,338,Mobile,Returning
1944,5125,2024-01-15 19:16:00,view,1023,Home,819,Desktop,Returning
914,5126,2024-01-22 09:06:00,view,1610,Electronics,205,Mobile,New
215,5127,2024-01-12 11:01:00,view,1612,Beauty,342,Mobile,Returning
134,5128,2024-01-11 09:56:00,view,1631,Beauty,964,Desktop,New
285,5129,2024-01-19 21:28:00,view,1202,Fashion,386,Mobile,New
285,5129,2024-01-19 21:29:00,cart,1202,Fashion,386,Mobile,New
1150,5130,2024-01-04 14:07:00,view,1879,Fashion,41,Desktop,Returning
1945,5131,2024-01-19 23:35:00,view,1819,Beauty,963,Desktop,Returning
1945,5131,2024-01-19 23:38:00,cart,1819,Beauty,963,Desktop,Returning
1463,5132,2024-01-20 05:31:00,view,1622,Electronics,80,Desktop,New
1463,5132,2024-01-20 05:35:00,cart,1622,Electronics,80,Desktop,New
1463,5132,2024-01-20 05:39:00,checkout,1622,Electronics,80,Desktop,New
1463,5132,2024-01-20 05:43:00,purchase,1622,Electronics,80,Desktop,New
1873,5133,2024-01-01 22:31:00,view,1570,Home,425,Mobile,New
1873,5133,2024-01-01 22:34:00,cart,1570,Home,425,Mobile,New
1873,5133,2024-01-01 22:37:00,checkout,1570,Home,425,Mobile,New
686,5134,2024-02-03 09:45:00,view,1435,Electronics,370,Mobile,New
686,5134,2024-02-03 09:46:00,cart,1435,Electronics,370,Mobile,New
1176,5135,2024-02-03 07:10:00,view,1665,Home,115,Mobile,New
1176,5135,2024-02-03 07:11:00,cart,1665,Home,115,Mobile,New
1176,5135,2024-02-03 07:13:00,checkout,1665,Home,115,Mobile,New
1176,5135,2024-02-03 07:14:00,purchase,1665,Home,115,Mobile,New
331,5136,2024-01-15 21:15:00,view,1179,Fashion,952,Mobile,New
1562,5137,2024-01-08 21:40:00,view,1399,Home,683,Mobile,New
1562,5137,2024-01-08 21:44:00,cart,1399,Home,683,Mobile,New
1562,5137,2024-01-08 21:45:00,checkout,1399,Home,683,Mobile,New
1562,5137,2024-01-08 21:49:00,purchase,1399,Home,683,Mobile,New
1407,5138,2024-01-28 04:24:00,view,1681,Beauty,574,Mobile,Returning
1139,5139,2024-01-25 13:35:00,view,1299,Home,668,Mobile,New
894,5140,2024-01-22 11:08:00,view,1884,Beauty,181,Mobile,New
1506,5141,2024-01-01 08:03:00,view,1584,Beauty,994,Desktop,New
1308,5142,2024-01-02 10:50:00,view,1084,Fashion,648,Mobile,Returning
1308,5142,2024-01-02 10:54:00,cart,1084,Fashion,648,Mobile,Returning
899,5143,2024-01-14 04:10:00,view,1647,Home,316,Mobile,New
899,5143,2024-01-14 04:14:00,cart,1647,Home,316,Mobile,New
899,5143,2024-01-14 04:18:00,checkout,1647,Home,316,Mobile,New
899,5143,2024-01-14 04:20:00,purchase,1647,Home,316,Mobile,New
1099,5144,2024-01-01 00:41:00,view,1407,Beauty,260,Desktop,Returning
1099,5144,2024-01-01 00:43:00,cart,1407,Beauty,260,Desktop,Returning
1099,5144,2024-01-01 00:45:00,checkout,1407,Beauty,260,Desktop,Returning
1099,5144,2024-01-01 00:48:00,purchase,1407,Beauty,260,Desktop,Returning
1190,5145,2024-01-08 07:03:00,view,1780,Fashion,755,Tablet,Returning
1213,5146,2024-01-15 00:35:00,view,1074,Fashion,954,Mobile,New
1213,5146,2024-01-15 00:38:00,cart,1074,Fashion,954,Mobile,New
1213,5146,2024-01-15 00:42:00,checkout,1074,Fashion,954,Mobile,New
1213,5146,2024-01-15 00:46:00,purchase,1074,Fashion,954,Mobile,New
78,5147,2024-01-22 03:12:00,view,1144,Fashion,230,Mobile,New
947,5148,2024-01-23 04:25:00,view,1004,Home,385,Mobile,New
1626,5149,2024-01-30 08:49:00,view,1766,Home,577,Desktop,Returning
1626,5149,2024-01-30 08:53:00,cart,1766,Home,577,Desktop,Returning
688,5150,2024-01-19 12:28:00,view,1162,Electronics,825,Desktop,New
688,5150,2024-01-19 12:29:00,cart,1162,Electronics,825,Desktop,New
21,5151,2024-01-19 09:19:00,view,1020,Beauty,621,Desktop,Returning
566,5152,2024-01-21 15:48:00,view,1196,Fashion,969,Mobile,New
1208,5153,2024-01-19 05:35:00,view,1377,Electronics,339,Mobile,New
1208,5153,2024-01-19 05:37:00,cart,1377,Electronics,339,Mobile,New
1895,5154,2024-01-08 20:23:00,view,1078,Fashion,249,Mobile,New
1246,5155,2024-01-20 18:47:00,view,1692,Electronics,392,Desktop,Returning
827,5156,2024-01-12 08:37:00,view,1950,Beauty,210,Desktop,New
827,5156,2024-01-12 08:40:00,cart,1950,Beauty,210,Desktop,New
827,5156,2024-01-12 08:42:00,checkout,1950,Beauty,210,Desktop,New
827,5156,2024-01-12 08:43:00,purchase,1950,Beauty,210,Desktop,New
1352,5157,2024-01-21 11:53:00,view,1097,Fashion,829,Tablet,New
179,5158,2024-01-21 11:02:00,view,1779,Home,968,Mobile,Returning
179,5158,2024-01-21 11:04:00,cart,1779,Home,968,Mobile,Returning
179,5158,2024-01-21 11:05:00,checkout,1779,Home,968,Mobile,Returning
1812,5159,2024-02-03 12:26:00,view,1639,Beauty,386,Mobile,Returning
1136,5160,2024-01-02 07:47:00,view,1440,Home,207,Mobile,New
1136,5160,2024-01-02 07:49:00,cart,1440,Home,207,Mobile,New
1136,5160,2024-01-02 07:52:00,checkout,1440,Home,207,Mobile,New
1136,5160,2024-01-02 07:56:00,purchase,1440,Home,207,Mobile,New
1760,5161,2024-01-28 22:31:00,view,1593,Electronics,636,Desktop,New
1760,5161,2024-01-28 22:33:00,cart,1593,Electronics,636,Desktop,New
1760,5161,2024-01-28 22:36:00,checkout,1593,Electronics,636,Desktop,New
1750,5162,2024-01-26 01:14:00,view,1426,Home,754,Desktop,New
1083,5163,2024-02-04 13:40:00,view,1577,Fashion,983,Mobile,New
1351,5164,2024-02-02 20:24:00,view,1190,Electronics,625,Mobile,Returning
1351,5164,2024-02-02 20:26:00,cart,1190,Electronics,625,Mobile,Returning
1351,5164,2024-02-02 20:30:00,checkout,1190,Electronics,625,Mobile,Returning
1351,5164,2024-02-02 20:33:00,purchase,1190,Electronics,625,Mobile,Returning
905,5165,2024-01-18 15:22:00,view,1917,Home,541,Mobile,New
905,5165,2024-01-18 15:26:00,cart,1917,Home,541,Mobile,New
1645,5166,2024-01-13 00:46:00,view,1706,Home,717,Mobile,New
1921,5167,2024-01-19 16:25:00,view,1996,Electronics,570,Desktop,Returning
1921,5167,2024-01-19 16:26:00,cart,1996,Electronics,570,Desktop,Returning
1921,5167,2024-01-19 16:27:00,checkout,1996,Electronics,570,Desktop,Returning
1921,5167,2024-01-19 16:30:00,purchase,1996,Electronics,570,Desktop,Returning
669,5168,2024-01-26 00:54:00,view,1430,Electronics,272,Mobile,New
669,5168,2024-01-26 00:56:00,cart,1430,Electronics,272,Mobile,New
669,5168,2024-01-26 00:59:00,checkout,1430,Electronics,272,Mobile,New
669,5168,2024-01-26 01:02:00,purchase,1430,Electronics,272,Mobile,New
191,5169,2024-01-09 00:17:00,view,1308,Electronics,762,Desktop,New
1224,5170,2024-02-03 12:57:00,view,1756,Fashion,910,Mobile,Returning
1224,5170,2024-02-03 13:00:00,cart,1756,Fashion,910,Mobile,Returning
1336,5171,2024-01-06 23:28:00,view,1700,Electronics,247,Desktop,Returning
708,5172,2024-01-01 06:02:00,view,1558,Home,743,Mobile,Returning
1059,5173,2024-01-10 17:15:00,view,1960,Fashion,425,Desktop,New
1059,5173,2024-01-10 17:17:00,cart,1960,Fashion,425,Desktop,New
1059,5173,2024-01-10 17:18:00,checkout,1960,Fashion,425,Desktop,New
1059,5173,2024-01-10 17:22:00,purchase,1960,Fashion,425,Desktop,New
379,5174,2024-01-28 03:10:00,view,1188,Home,301,Mobile,Returning
387,5175,2024-01-29 09:07:00,view,1467,Beauty,897,Mobile,New
387,5175,2024-01-29 09:11:00,cart,1467,Beauty,897,Mobile,New
387,5175,2024-01-29 09:12:00,checkout,1467,Beauty,897,Mobile,New
387,5175,2024-01-29 09:14:00,purchase,1467,Beauty,897,Mobile,New
1782,5176,2024-01-26 17:12:00,view,1792,Fashion,50,Mobile,Returning
237,5177,2024-01-31 09:38:00,view,1339,Electronics,833,Mobile,New
237,5177,2024-01-31 09:39:00,cart,1339,Electronics,833,Mobile,New
237,5177,2024-01-31 09:42:00,checkout,1339,Electronics,833,Mobile,New
237,5177,2024-01-31 09:43:00,purchase,1339,Electronics,833,Mobile,New
616,5178,2024-01-13 05:19:00,view,1714,Home,348,Mobile,Returning
616,5178,2024-01-13 05:20:00,cart,1714,Home,348,Mobile,Returning
616,5178,2024-01-13 05:22:00,checkout,1714,Home,348,Mobile,Returning
1543,5179,2024-01-13 17:01:00,view,1953,Electronics,282,Mobile,New
1543,5179,2024-01-13 17:05:00,cart,1953,Electronics,282,Mobile,New
283,5180,2024-01-08 06:48:00,view,1935,Home,961,Tablet,New
283,5180,2024-01-08 06:52:00,cart,1935,Home,961,Tablet,New
283,5180,2024-01-08 06:56:00,checkout,1935,Home,961,Tablet,New
283,5180,2024-01-08 06:57:00,purchase,1935,Home,961,Tablet,New
1,5181,2024-01-19 23:09:00,view,1915,Fashion,687,Mobile,New
1,5181,2024-01-19 23:13:00,cart,1915,Fashion,687,Mobile,New
1,5181,2024-01-19 23:16:00,checkout,1915,Fashion,687,Mobile,New
1755,5182,2024-01-01 21:00:00,view,1639,Home,80,Desktop,Returning
464,5183,2024-01-22 16:00:00,view,1777,Fashion,339,Tablet,New
1254,5184,2024-02-04 07:47:00,view,1972,Home,396,Mobile,New
1254,5184,2024-02-04 07:51:00,cart,1972,Home,396,Mobile,New
1254,5184,2024-02-04 07:54:00,checkout,1972,Home,396,Mobile,New
1254,5184,2024-02-04 07:55:00,purchase,1972,Home,396,Mobile,New
967,5185,2024-01-20 14:22:00,view,1645,Electronics,271,Desktop,Returning
967,5185,2024-01-20 14:26:00,cart,1645,Electronics,271,Desktop,Returning
172,5186,2024-01-18 21:01:00,view,1790,Home,114,Mobile,New
172,5186,2024-01-18 21:04:00,cart,1790,Home,114,Mobile,New
1111,5187,2024-01-16 02:27:00,view,1659,Beauty,57,Mobile,Returning
1577,5188,2024-01-02 09:17:00,view,1800,Fashion,187,Mobile,New
1577,5188,2024-01-02 09:18:00,cart,1800,Fashion,187,Mobile,New
1577,5188,2024-01-02 09:22:00,checkout,1800,Fashion,187,Mobile,New
1147,5189,2024-01-08 19:03:00,view,1586,Fashion,45,Desktop,Returning
1147,5189,2024-01-08 19:05:00,cart,1586,Fashion,45,Desktop,Returning
843,5190,2024-01-12 12:28:00,view,1178,Beauty,281,Mobile,New
843,5190,2024-01-12 12:29:00,cart,1178,Beauty,281,Mobile,New
843,5190,2024-01-12 12:33:00,checkout,1178,Beauty,281,Mobile,New
1322,5191,2024-01-17 09:39:00,view,1277,Beauty,804,Mobile,New
1322,5191,2024-01-17 09:42:00,cart,1277,Beauty,804,Mobile,New
1322,5191,2024-01-17 09:43:00,checkout,1277,Beauty,804,Mobile,New
1322,5191,2024-01-17 09:47:00,purchase,1277,Beauty,804,Mobile,New
1909,5192,2024-01-01 14:23:00,view,1929,Beauty,697,Mobile,New
1909,5192,2024-01-01 14:24:00,cart,1929,Beauty,697,Mobile,New
1909,5192,2024-01-01 14:28:00,checkout,1929,Beauty,697,Mobile,New
1953,5193,2024-01-24 13:12:00,view,1036,Beauty,336,Desktop,New
690,5194,2024-01-05 01:47:00,view,1511,Beauty,805,Mobile,New
575,5195,2024-01-24 08:55:00,view,1933,Beauty,233,Desktop,Returning
575,5195,2024-01-24 08:56:00,cart,1933,Beauty,233,Desktop,Returning
575,5195,2024-01-24 08:59:00,checkout,1933,Beauty,233,Desktop,Returning
1508,5196,2024-01-02 20:04:00,view,1062,Home,377,Desktop,New
1508,5196,2024-01-02 20:07:00,cart,1062,Home,377,Desktop,New
165,5197,2024-01-06 09:45:00,view,1224,Electronics,786,Desktop,New
165,5197,2024-01-06 09:46:00,cart,1224,Electronics,786,Desktop,New
1723,5198,2024-01-24 11:45:00,view,1248,Beauty,66,Desktop,New
1723,5198,2024-01-24 11:48:00,cart,1248,Beauty,66,Desktop,New
383,5199,2024-02-03 05:17:00,view,1358,Home,971,Desktop,Returning
383,5199,2024-02-03 05:21:00,cart,1358,Home,971,Desktop,Returning
383,5199,2024-02-03 05:22:00,checkout,1358,Home,971,Desktop,Returning
383,5199,2024-02-03 05:24:00,purchase,1358,Home,971,Desktop,Returning
209,5200,2024-01-22 00:55:00,view,1641,Electronics,309,Mobile,New
209,5200,2024-01-22 00:57:00,cart,1641,Electronics,309,Mobile,New
209,5200,2024-01-22 00:58:00,checkout,1641,Electronics,309,Mobile,New
209,5200,2024-01-22 00:59:00,purchase,1641,Electronics,309,Mobile,New
1763,5201,2024-01-28 23:43:00,view,1493,Beauty,871,Mobile,New
1456,5202,2024-01-04 05:09:00,view,1525,Fashion,191,Mobile,Returning
1413,5203,2024-01-08 04:45:00,view,1230,Beauty,367,Mobile,New
1413,5203,2024-01-08 04:49:00,cart,1230,Beauty,367,Mobile,New
1584,5204,2024-01-25 04:47:00,view,1071,Electronics,42,Mobile,New
224,5205,2024-02-02 12:07:00,view,1801,Fashion,116,Mobile,New
3,5206,2024-01-03 15:15:00,view,1135,Beauty,523,Mobile,Returning
3,5206,2024-01-03 15:17:00,cart,1135,Beauty,523,Mobile,Returning
3,5206,2024-01-03 15:18:00,checkout,1135,Beauty,523,Mobile,Returning
3,5206,2024-01-03 15:21:00,purchase,1135,Beauty,523,Mobile,Returning
372,5207,2024-01-22 12:11:00,view,1599,Home,953,Tablet,New
1711,5208,2024-01-25 09:07:00,view,1719,Fashion,466,Mobile,New
1470,5209,2024-01-04 05:57:00,view,1277,Home,875,Desktop,Returning
1470,5209,2024-01-04 06:01:00,cart,1277,Home,875,Desktop,Returning
1470,5209,2024-01-04 06:04:00,checkout,1277,Home,875,Desktop,Returning
611,5210,2024-01-20 19:57:00,view,1693,Fashion,765,Mobile,New
611,5210,2024-01-20 20:00:00,cart,1693,Fashion,765,Mobile,New
611,5210,2024-01-20 20:02:00,checkout,1693,Fashion,765,Mobile,New
611,5210,2024-01-20 20:03:00,purchase,1693,Fashion,765,Mobile,New
116,5211,2024-01-09 19:17:00,view,1397,Electronics,291,Desktop,Returning
116,5211,2024-01-09 19:18:00,cart,1397,Electronics,291,Desktop,Returning
116,5211,2024-01-09 19:21:00,checkout,1397,Electronics,291,Desktop,Returning
116,5211,2024-01-09 19:23:00,purchase,1397,Electronics,291,Desktop,Returning
1294,5212,2024-01-18 12:06:00,view,1127,Electronics,595,Desktop,Returning
447,5213,2024-01-23 00:09:00,view,1461,Fashion,461,Mobile,Returning
447,5213,2024-01-23 00:10:00,cart,1461,Fashion,461,Mobile,Returning
447,5213,2024-01-23 00:12:00,checkout,1461,Fashion,461,Mobile,Returning
447,5213,2024-01-23 00:16:00,purchase,1461,Fashion,461,Mobile,Returning
1392,5214,2024-01-19 18:59:00,view,1282,Electronics,946,Mobile,New
1392,5214,2024-01-19 19:03:00,cart,1282,Electronics,946,Mobile,New
1392,5214,2024-01-19 19:04:00,checkout,1282,Electronics,946,Mobile,New
1392,5214,2024-01-19 19:05:00,purchase,1282,Electronics,946,Mobile,New
1277,5215,2024-01-21 21:35:00,view,1907,Beauty,215,Mobile,New
1341,5216,2024-02-01 12:00:00,view,1790,Home,310,Mobile,New
415,5217,2024-01-29 08:29:00,view,1020,Fashion,299,Desktop,Returning
415,5217,2024-01-29 08:30:00,cart,1020,Fashion,299,Desktop,Returning
415,5217,2024-01-29 08:34:00,checkout,1020,Fashion,299,Desktop,Returning
1119,5218,2024-01-13 09:28:00,view,1029,Home,770,Desktop,New
1119,5218,2024-01-13 09:29:00,cart,1029,Home,770,Desktop,New
1119,5218,2024-01-13 09:33:00,checkout,1029,Home,770,Desktop,New
1119,5218,2024-01-13 09:35:00,purchase,1029,Home,770,Desktop,New
1809,5219,2024-01-20 12:30:00,view,1784,Electronics,822,Mobile,New
892,5220,2024-01-11 09:09:00,view,1371,Fashion,663,Mobile,Returning
892,5220,2024-01-11 09:11:00,cart,1371,Fashion,663,Mobile,Returning
892,5220,2024-01-11 09:14:00,checkout,1371,Fashion,663,Mobile,Returning
1048,5221,2024-01-18 01:58:00,view,1569,Electronics,953,Mobile,New
1652,5222,2024-01-10 00:58:00,view,1669,Electronics,701,Mobile,New
1652,5222,2024-01-10 01:01:00,cart,1669,Electronics,701,Mobile,New
1652,5222,2024-01-10 01:03:00,checkout,1669,Electronics,701,Mobile,New
1652,5222,2024-01-10 01:04:00,purchase,1669,Electronics,701,Mobile,New
663,5223,2024-01-10 21:46:00,view,1157,Home,868,Desktop,Returning
663,5223,2024-01-10 21:49:00,cart,1157,Home,868,Desktop,Returning
663,5223,2024-01-10 21:50:00,checkout,1157,Home,868,Desktop,Returning
663,5223,2024-01-10 21:52:00,purchase,1157,Home,868,Desktop,Returning
1874,5224,2024-01-22 12:37:00,view,1366,Fashion,839,Mobile,Returning
1874,5224,2024-01-22 12:40:00,cart,1366,Fashion,839,Mobile,Returning
1074,5225,2024-01-23 05:31:00,view,1372,Electronics,334,Mobile,New
1074,5225,2024-01-23 05:32:00,cart,1372,Electronics,334,Mobile,New
1074,5225,2024-01-23 05:33:00,checkout,1372,Electronics,334,Mobile,New
1074,5225,2024-01-23 05:35:00,purchase,1372,Electronics,334,Mobile,New
1526,5226,2024-01-22 12:35:00,view,1896,Electronics,190,Mobile,New
718,5227,2024-01-01 19:09:00,view,1896,Home,521,Mobile,Returning
718,5227,2024-01-01 19:13:00,cart,1896,Home,521,Mobile,Returning
718,5227,2024-01-01 19:14:00,checkout,1896,Home,521,Mobile,Returning
718,5227,2024-01-01 19:17:00,purchase,1896,Home,521,Mobile,Returning
1522,5228,2024-01-05 01:12:00,view,1944,Electronics,41,Desktop,Returning
1359,5229,2024-01-05 09:36:00,view,1258,Home,88,Mobile,New
1103,5230,2024-01-19 05:11:00,view,1366,Beauty,184,Tablet,Returning
1606,5231,2024-01-27 01:36:00,view,1721,Electronics,116,Desktop,New
1051,5232,2024-01-25 09:46:00,view,1217,Beauty,798,Mobile,Returning
1051,5232,2024-01-25 09:50:00,cart,1217,Beauty,798,Mobile,Returning
1051,5232,2024-01-25 09:53:00,checkout,1217,Beauty,798,Mobile,Returning
1051,5232,2024-01-25 09:54:00,purchase,1217,Beauty,798,Mobile,Returning
271,5233,2024-01-20 14:11:00,view,1202,Beauty,114,Mobile,Returning
271,5233,2024-01-20 14:12:00,cart,1202,Beauty,114,Mobile,Returning
562,5234,2024-02-02 04:56:00,view,1578,Beauty,233,Desktop,New
804,5235,2024-01-12 08:59:00,view,1580,Beauty,307,Desktop,Returning
804,5235,2024-01-12 09:03:00,cart,1580,Beauty,307,Desktop,Returning
804,5235,2024-01-12 09:06:00,checkout,1580,Beauty,307,Desktop,Returning
804,5235,2024-01-12 09:07:00,purchase,1580,Beauty,307,Desktop,Returning
247,5236,2024-01-03 15:23:00,view,1454,Home,69,Desktop,New
247,5236,2024-01-03 15:25:00,cart,1454,Home,69,Desktop,New
1800,5237,2024-01-05 09:47:00,view,1775,Beauty,425,Mobile,New
1800,5237,2024-01-05 09:50:00,cart,1775,Beauty,425,Mobile,New
1800,5237,2024-01-05 09:52:00,checkout,1775,Beauty,425,Mobile,New
1800,5237,2024-01-05 09:54:00,purchase,1775,Beauty,425,Mobile,New
1615,5238,2024-01-13 05:34:00,view,1761,Electronics,547,Tablet,New
1615,5238,2024-01-13 05:36:00,cart,1761,Electronics,547,Tablet,New
1615,5238,2024-01-13 05:39:00,checkout,1761,Electronics,547,Tablet,New
1615,5238,2024-01-13 05:43:00,purchase,1761,Electronics,547,Tablet,New
387,5239,2024-01-14 16:31:00,view,1390,Beauty,115,Mobile,New
702,5240,2024-01-29 06:56:00,view,1257,Electronics,298,Desktop,New
702,5240,2024-01-29 06:59:00,cart,1257,Electronics,298,Desktop,New
702,5240,2024-01-29 07:03:00,checkout,1257,Electronics,298,Desktop,New
702,5240,2024-01-29 07:05:00,purchase,1257,Electronics,298,Desktop,New
559,5241,2024-01-07 04:43:00,view,1112,Home,639,Desktop,Returning
559,5241,2024-01-07 04:46:00,cart,1112,Home,639,Desktop,Returning
559,5241,2024-01-07 04:48:00,checkout,1112,Home,639,Desktop,Returning
973,5242,2024-01-02 14:14:00,view,1220,Fashion,752,Mobile,Returning
973,5242,2024-01-02 14:16:00,cart,1220,Fashion,752,Mobile,Returning
973,5242,2024-01-02 14:18:00,checkout,1220,Fashion,752,Mobile,Returning
973,5242,2024-01-02 14:21:00,purchase,1220,Fashion,752,Mobile,Returning
1385,5243,2024-01-29 05:52:00,view,1934,Electronics,719,Desktop,Returning
1385,5243,2024-01-29 05:55:00,cart,1934,Electronics,719,Desktop,Returning
1385,5243,2024-01-29 05:57:00,checkout,1934,Electronics,719,Desktop,Returning
1890,5244,2024-01-13 02:32:00,view,1963,Fashion,143,Mobile,Returning
1890,5244,2024-01-13 02:33:00,cart,1963,Fashion,143,Mobile,Returning
984,5245,2024-02-02 12:13:00,view,1451,Fashion,434,Tablet,New
1512,5246,2024-01-17 09:08:00,view,1935,Beauty,385,Mobile,Returning
1512,5246,2024-01-17 09:10:00,cart,1935,Beauty,385,Mobile,Returning
1512,5246,2024-01-17 09:12:00,checkout,1935,Beauty,385,Mobile,Returning
1512,5246,2024-01-17 09:14:00,purchase,1935,Beauty,385,Mobile,Returning
352,5247,2024-01-07 21:17:00,view,1878,Fashion,438,Tablet,Returning
352,5247,2024-01-07 21:21:00,cart,1878,Fashion,438,Tablet,Returning
352,5247,2024-01-07 21:25:00,checkout,1878,Fashion,438,Tablet,Returning
352,5247,2024-01-07 21:27:00,purchase,1878,Fashion,438,Tablet,Returning
1725,5248,2024-01-20 20:59:00,view,1380,Fashion,369,Mobile,Returning
1725,5248,2024-01-20 21:00:00,cart,1380,Fashion,369,Mobile,Returning
1952,5249,2024-01-11 20:05:00,view,1953,Beauty,29,Desktop,New
1952,5249,2024-01-11 20:08:00,cart,1953,Beauty,29,Desktop,New
1952,5249,2024-01-11 20:12:00,checkout,1953,Beauty,29,Desktop,New
1952,5249,2024-01-11 20:16:00,purchase,1953,Beauty,29,Desktop,New
1280,5250,2024-01-11 19:02:00,view,1810,Fashion,750,Mobile,New
1246,5251,2024-01-11 21:13:00,view,1851,Electronics,237,Mobile,Returning
1246,5251,2024-01-11 21:14:00,cart,1851,Electronics,237,Mobile,Returning
1246,5251,2024-01-11 21:15:00,checkout,1851,Electronics,237,Mobile,Returning
1246,5251,2024-01-11 21:16:00,purchase,1851,Electronics,237,Mobile,Returning
1908,5252,2024-01-24 18:12:00,view,1290,Electronics,314,Mobile,New
753,5253,2024-01-27 03:30:00,view,1476,Electronics,300,Desktop,Returning
753,5253,2024-01-27 03:31:00,cart,1476,Electronics,300,Desktop,Returning
753,5253,2024-01-27 03:35:00,checkout,1476,Electronics,300,Desktop,Returning
753,5253,2024-01-27 03:37:00,purchase,1476,Electronics,300,Desktop,Returning
781,5254,2024-02-01 07:55:00,view,1582,Home,848,Mobile,Returning
781,5254,2024-02-01 07:57:00,cart,1582,Home,848,Mobile,Returning
781,5254,2024-02-01 07:59:00,checkout,1582,Home,848,Mobile,Returning
781,5254,2024-02-01 08:02:00,purchase,1582,Home,848,Mobile,Returning
1025,5255,2024-01-10 20:15:00,view,1943,Electronics,211,Mobile,Returning
546,5256,2024-01-26 02:20:00,view,1092,Electronics,480,Mobile,New
546,5256,2024-01-26 02:21:00,cart,1092,Electronics,480,Mobile,New
1470,5257,2024-01-20 03:33:00,view,1732,Electronics,911,Tablet,Returning
79,5258,2024-01-29 13:41:00,view,1498,Electronics,723,Mobile,New
79,5258,2024-01-29 13:45:00,cart,1498,Electronics,723,Mobile,New
79,5258,2024-01-29 13:48:00,checkout,1498,Electronics,723,Mobile,New
79,5258,2024-01-29 13:49:00,purchase,1498,Electronics,723,Mobile,New
1260,5259,2024-02-03 03:12:00,view,1377,Electronics,825,Mobile,New
1260,5259,2024-02-03 03:14:00,cart,1377,Electronics,825,Mobile,New
1260,5259,2024-02-03 03:16:00,checkout,1377,Electronics,825,Mobile,New
1260,5259,2024-02-03 03:17:00,purchase,1377,Electronics,825,Mobile,New
334,5260,2024-01-21 20:14:00,view,1435,Home,809,Mobile,New
889,5261,2024-01-26 22:27:00,view,1589,Fashion,331,Mobile,New
1373,5262,2024-01-01 21:04:00,view,1893,Fashion,189,Mobile,Returning
1122,5263,2024-01-31 08:50:00,view,1495,Beauty,38,Mobile,Returning
1106,5264,2024-01-02 06:32:00,view,1647,Beauty,747,Desktop,New
1106,5264,2024-01-02 06:33:00,cart,1647,Beauty,747,Desktop,New
1106,5264,2024-01-02 06:36:00,checkout,1647,Beauty,747,Desktop,New
1106,5264,2024-01-02 06:40:00,purchase,1647,Beauty,747,Desktop,New
502,5265,2024-01-31 13:57:00,view,1783,Beauty,232,Desktop,New
502,5265,2024-01-31 13:58:00,cart,1783,Beauty,232,Desktop,New
502,5265,2024-01-31 14:00:00,checkout,1783,Beauty,232,Desktop,New
1991,5266,2024-01-08 17:24:00,view,1873,Beauty,55,Mobile,Returning
1501,5267,2024-01-06 05:39:00,view,1426,Home,315,Mobile,New
1501,5267,2024-01-06 05:42:00,cart,1426,Home,315,Mobile,New
1951,5268,2024-01-21 15:04:00,view,1741,Beauty,412,Desktop,New
1951,5268,2024-01-21 15:06:00,cart,1741,Beauty,412,Desktop,New
1951,5268,2024-01-21 15:10:00,checkout,1741,Beauty,412,Desktop,New
1728,5269,2024-01-23 02:11:00,view,1440,Electronics,208,Mobile,Returning
1728,5269,2024-01-23 02:15:00,cart,1440,Electronics,208,Mobile,Returning
1728,5269,2024-01-23 02:17:00,checkout,1440,Electronics,208,Mobile,Returning
1728,5269,2024-01-23 02:21:00,purchase,1440,Electronics,208,Mobile,Returning
765,5270,2024-01-03 22:11:00,view,1121,Beauty,535,Desktop,New
921,5271,2024-01-26 16:17:00,view,1730,Beauty,16,Mobile,Returning
550,5272,2024-01-20 10:57:00,view,1912,Beauty,405,Mobile,Returning
550,5272,2024-01-20 11:00:00,cart,1912,Beauty,405,Mobile,Returning
14,5273,2024-01-15 20:35:00,view,1681,Beauty,645,Mobile,New
14,5273,2024-01-15 20:39:00,cart,1681,Beauty,645,Mobile,New
14,5273,2024-01-15 20:40:00,checkout,1681,Beauty,645,Mobile,New
14,5273,2024-01-15 20:42:00,purchase,1681,Beauty,645,Mobile,New
392,5274,2024-01-26 03:38:00,view,1003,Home,45,Desktop,New
1371,5275,2024-01-23 09:17:00,view,1911,Home,492,Mobile,Returning
310,5276,2024-01-28 21:03:00,view,1057,Electronics,816,Mobile,New
310,5276,2024-01-28 21:06:00,cart,1057,Electronics,816,Mobile,New
310,5276,2024-01-28 21:09:00,checkout,1057,Electronics,816,Mobile,New
310,5276,2024-01-28 21:11:00,purchase,1057,Electronics,816,Mobile,New
386,5277,2024-01-23 10:43:00,view,1980,Beauty,801,Mobile,Returning
1233,5278,2024-01-30 20:04:00,view,1928,Beauty,81,Desktop,New
1381,5279,2024-01-02 07:24:00,view,1769,Beauty,389,Desktop,New
1381,5279,2024-01-02 07:27:00,cart,1769,Beauty,389,Desktop,New
974,5280,2024-01-17 14:59:00,view,1020,Electronics,225,Mobile,New
974,5280,2024-01-17 15:03:00,cart,1020,Electronics,225,Mobile,New
974,5280,2024-01-17 15:06:00,checkout,1020,Electronics,225,Mobile,New
1625,5281,2024-01-21 19:42:00,view,1190,Beauty,970,Mobile,New
1625,5281,2024-01-21 19:44:00,cart,1190,Beauty,970,Mobile,New
1592,5282,2024-01-21 08:38:00,view,1193,Electronics,969,Desktop,Returning
1592,5282,2024-01-21 08:42:00,cart,1193,Electronics,969,Desktop,Returning
1118,5283,2024-01-31 06:32:00,view,1824,Beauty,18,Mobile,Returning
1118,5283,2024-01-31 06:36:00,cart,1824,Beauty,18,Mobile,Returning
1118,5283,2024-01-31 06:38:00,checkout,1824,Beauty,18,Mobile,Returning
1118,5283,2024-01-31 06:41:00,purchase,1824,Beauty,18,Mobile,Returning
1117,5284,2024-01-29 16:20:00,view,1860,Beauty,721,Mobile,New
340,5285,2024-01-29 10:00:00,view,1967,Home,485,Mobile,New
340,5285,2024-01-29 10:03:00,cart,1967,Home,485,Mobile,New
340,5285,2024-01-29 10:07:00,checkout,1967,Home,485,Mobile,New
340,5285,2024-01-29 10:08:00,purchase,1967,Home,485,Mobile,New
597,5286,2024-01-05 07:44:00,view,1281,Fashion,380,Desktop,Returning
597,5286,2024-01-05 07:45:00,cart,1281,Fashion,380,Desktop,Returning
597,5286,2024-01-05 07:49:00,checkout,1281,Fashion,380,Desktop,Returning
597,5286,2024-01-05 07:51:00,purchase,1281,Fashion,380,Desktop,Returning
1469,5287,2024-01-25 17:22:00,view,1373,Electronics,649,Mobile,Returning
757,5288,2024-01-28 17:49:00,view,1005,Electronics,905,Desktop,Returning
757,5288,2024-01-28 17:51:00,cart,1005,Electronics,905,Desktop,Returning
757,5288,2024-01-28 17:53:00,checkout,1005,Electronics,905,Desktop,Returning
757,5288,2024-01-28 17:55:00,purchase,1005,Electronics,905,Desktop,Returning
1046,5289,2024-01-30 00:28:00,view,1440,Fashion,31,Mobile,Returning
1046,5289,2024-01-30 00:30:00,cart,1440,Fashion,31,Mobile,Returning
1046,5289,2024-01-30 00:33:00,checkout,1440,Fashion,31,Mobile,Returning
1046,5289,2024-01-30 00:36:00,purchase,1440,Fashion,31,Mobile,Returning
291,5290,2024-01-01 07:43:00,view,1651,Home,211,Mobile,New
291,5290,2024-01-01 07:45:00,cart,1651,Home,211,Mobile,New
291,5290,2024-01-01 07:47:00,checkout,1651,Home,211,Mobile,New
291,5290,2024-01-01 07:50:00,purchase,1651,Home,211,Mobile,New
1509,5291,2024-01-26 17:30:00,view,1986,Fashion,330,Desktop,Returning
1509,5291,2024-01-26 17:32:00,cart,1986,Fashion,330,Desktop,Returning
1509,5291,2024-01-26 17:36:00,checkout,1986,Fashion,330,Desktop,Returning
1808,5292,2024-01-09 03:16:00,view,1985,Beauty,884,Mobile,New
1808,5292,2024-01-09 03:19:00,cart,1985,Beauty,884,Mobile,New
1808,5292,2024-01-09 03:23:00,checkout,1985,Beauty,884,Mobile,New
1808,5292,2024-01-09 03:24:00,purchase,1985,Beauty,884,Mobile,New
306,5293,2024-01-25 08:31:00,view,1498,Electronics,949,Mobile,Returning
634,5294,2024-01-11 08:44:00,view,1159,Fashion,497,Desktop,New
634,5294,2024-01-11 08:46:00,cart,1159,Fashion,497,Desktop,New
1152,5295,2024-01-27 08:35:00,view,1971,Beauty,840,Desktop,Returning
1152,5295,2024-01-27 08:38:00,cart,1971,Beauty,840,Desktop,Returning
1152,5295,2024-01-27 08:41:00,checkout,1971,Beauty,840,Desktop,Returning
1152,5295,2024-01-27 08:44:00,purchase,1971,Beauty,840,Desktop,Returning
625,5296,2024-01-19 10:55:00,view,1696,Electronics,126,Desktop,Returning
625,5296,2024-01-19 10:57:00,cart,1696,Electronics,126,Desktop,Returning
625,5296,2024-01-19 11:01:00,checkout,1696,Electronics,126,Desktop,Returning
625,5296,2024-01-19 11:05:00,purchase,1696,Electronics,126,Desktop,Returning
939,5297,2024-01-08 14:11:00,view,1200,Beauty,564,Tablet,New
1297,5298,2024-01-01 03:57:00,view,1205,Home,761,Desktop,New
1297,5298,2024-01-01 04:01:00,cart,1205,Home,761,Desktop,New
1297,5298,2024-01-01 04:05:00,checkout,1205,Home,761,Desktop,New
1297,5298,2024-01-01 04:06:00,purchase,1205,Home,761,Desktop,New
848,5299,2024-01-27 01:54:00,view,1221,Beauty,261,Mobile,Returning
848,5299,2024-01-27 01:56:00,cart,1221,Beauty,261,Mobile,Returning
848,5299,2024-01-27 01:58:00,checkout,1221,Beauty,261,Mobile,Returning
442,5300,2024-01-14 10:40:00,view,1975,Fashion,176,Mobile,Returning
503,5301,2024-02-02 03:24:00,view,1859,Electronics,147,Desktop,New
130,5302,2024-01-24 09:23:00,view,1584,Home,777,Mobile,New
130,5302,2024-01-24 09:26:00,cart,1584,Home,777,Mobile,New
1156,5303,2024-01-26 04:59:00,view,1727,Beauty,982,Desktop,Returning
1156,5303,2024-01-26 05:03:00,cart,1727,Beauty,982,Desktop,Returning
597,5304,2024-01-23 08:24:00,view,1975,Fashion,870,Desktop,Returning
597,5304,2024-01-23 08:26:00,cart,1975,Fashion,870,Desktop,Returning
597,5304,2024-01-23 08:29:00,checkout,1975,Fashion,870,Desktop,Returning
597,5304,2024-01-23 08:33:00,purchase,1975,Fashion,870,Desktop,Returning
1959,5305,2024-01-07 04:36:00,view,1329,Fashion,954,Mobile,Returning
1506,5306,2024-01-29 05:40:00,view,1146,Electronics,644,Desktop,New
1506,5306,2024-01-29 05:41:00,cart,1146,Electronics,644,Desktop,New
1506,5306,2024-01-29 05:45:00,checkout,1146,Electronics,644,Desktop,New
1506,5306,2024-01-29 05:47:00,purchase,1146,Electronics,644,Desktop,New
862,5307,2024-01-28 18:50:00,view,1705,Beauty,782,Mobile,New
1414,5308,2024-01-04 18:41:00,view,1275,Home,447,Mobile,New
1414,5308,2024-01-04 18:45:00,cart,1275,Home,447,Mobile,New
1414,5308,2024-01-04 18:48:00,checkout,1275,Home,447,Mobile,New
1414,5308,2024-01-04 18:52:00,purchase,1275,Home,447,Mobile,New
593,5309,2024-01-24 21:52:00,view,1802,Fashion,508,Tablet,New
999,5310,2024-01-07 22:37:00,view,1999,Electronics,304,Mobile,Returning
999,5310,2024-01-07 22:40:00,cart,1999,Electronics,304,Mobile,Returning
325,5311,2024-01-19 16:41:00,view,1401,Beauty,902,Mobile,Returning
1093,5312,2024-01-26 08:09:00,view,1004,Home,348,Mobile,Returning
1684,5313,2024-01-15 05:11:00,view,1215,Beauty,171,Desktop,Returning
1684,5313,2024-01-15 05:15:00,cart,1215,Beauty,171,Desktop,Returning
1684,5313,2024-01-15 05:16:00,checkout,1215,Beauty,171,Desktop,Returning
448,5314,2024-02-03 21:32:00,view,1227,Fashion,47,Desktop,Returning
1552,5315,2024-01-19 09:33:00,view,1277,Fashion,646,Desktop,Returning
1552,5315,2024-01-19 09:37:00,cart,1277,Fashion,646,Desktop,Returning
1552,5315,2024-01-19 09:41:00,checkout,1277,Fashion,646,Desktop,Returning
1552,5315,2024-01-19 09:42:00,purchase,1277,Fashion,646,Desktop,Returning
819,5316,2024-01-26 19:06:00,view,1676,Fashion,255,Desktop,New
819,5316,2024-01-26 19:09:00,cart,1676,Fashion,255,Desktop,New
819,5316,2024-01-26 19:11:00,checkout,1676,Fashion,255,Desktop,New
819,5316,2024-01-26 19:14:00,purchase,1676,Fashion,255,Desktop,New
1641,5317,2024-01-19 13:16:00,view,1865,Fashion,616,Mobile,New
1641,5317,2024-01-19 13:19:00,cart,1865,Fashion,616,Mobile,New
1641,5317,2024-01-19 13:20:00,checkout,1865,Fashion,616,Mobile,New
1641,5317,2024-01-19 13:23:00,purchase,1865,Fashion,616,Mobile,New
1189,5318,2024-01-21 02:52:00,view,1929,Beauty,12,Desktop,New
1189,5318,2024-01-21 02:56:00,cart,1929,Beauty,12,Desktop,New
1189,5318,2024-01-21 03:00:00,checkout,1929,Beauty,12,Desktop,New
1189,5318,2024-01-21 03:02:00,purchase,1929,Beauty,12,Desktop,New
1512,5319,2024-01-07 19:04:00,view,1773,Fashion,129,Desktop,Returning
1512,5319,2024-01-07 19:06:00,cart,1773,Fashion,129,Desktop,Returning
1737,5320,2024-01-11 05:16:00,view,1340,Home,960,Mobile,New
1737,5320,2024-01-11 05:19:00,cart,1340,Home,960,Mobile,New
709,5321,2024-01-09 15:26:00,view,1660,Electronics,906,Mobile,New
709,5321,2024-01-09 15:27:00,cart,1660,Electronics,906,Mobile,New
1450,5322,2024-01-13 13:29:00,view,1736,Electronics,820,Tablet,Returning
1450,5322,2024-01-13 13:30:00,cart,1736,Electronics,820,Tablet,Returning
1450,5322,2024-01-13 13:31:00,checkout,1736,Electronics,820,Tablet,Returning
1450,5322,2024-01-13 13:33:00,purchase,1736,Electronics,820,Tablet,Returning
1721,5323,2024-01-03 06:49:00,view,1457,Fashion,506,Desktop,New
1858,5324,2024-01-24 21:19:00,view,1681,Home,742,Desktop,New
265,5325,2024-01-19 22:16:00,view,1780,Beauty,617,Desktop,Returning
265,5325,2024-01-19 22:18:00,cart,1780,Beauty,617,Desktop,Returning
265,5325,2024-01-19 22:21:00,checkout,1780,Beauty,617,Desktop,Returning
265,5325,2024-01-19 22:23:00,purchase,1780,Beauty,617,Desktop,Returning
1899,5326,2024-01-10 12:29:00,view,1401,Fashion,62,Mobile,New
1899,5326,2024-01-10 12:30:00,cart,1401,Fashion,62,Mobile,New
612,5327,2024-01-23 10:05:00,view,1448,Beauty,716,Desktop,Returning
612,5327,2024-01-23 10:09:00,cart,1448,Beauty,716,Desktop,Returning
612,5327,2024-01-23 10:10:00,checkout,1448,Beauty,716,Desktop,Returning
612,5327,2024-01-23 10:13:00,purchase,1448,Beauty,716,Desktop,Returning
1366,5328,2024-01-14 22:36:00,view,1308,Fashion,523,Mobile,New
1366,5328,2024-01-14 22:40:00,cart,1308,Fashion,523,Mobile,New
832,5329,2024-01-10 10:46:00,view,1036,Home,950,Mobile,New
832,5329,2024-01-10 10:49:00,cart,1036,Home,950,Mobile,New
832,5329,2024-01-10 10:53:00,checkout,1036,Home,950,Mobile,New
1750,5330,2024-02-02 22:17:00,view,1438,Electronics,112,Desktop,New
1302,5331,2024-01-15 19:05:00,view,1812,Fashion,47,Mobile,Returning
1302,5331,2024-01-15 19:06:00,cart,1812,Fashion,47,Mobile,Returning
674,5332,2024-01-10 17:59:00,view,1154,Electronics,705,Desktop,New
1463,5333,2024-01-02 22:55:00,view,1488,Electronics,916,Mobile,New
157,5334,2024-01-09 22:30:00,view,1674,Electronics,342,Mobile,Returning
157,5334,2024-01-09 22:32:00,cart,1674,Electronics,342,Mobile,Returning
157,5334,2024-01-09 22:34:00,checkout,1674,Electronics,342,Mobile,Returning
1446,5335,2024-01-05 16:20:00,view,1015,Electronics,384,Mobile,New
251,5336,2024-01-24 10:26:00,view,1894,Home,269,Mobile,New
878,5337,2024-02-03 02:00:00,view,1922,Electronics,469,Mobile,Returning
1633,5338,2024-01-26 12:03:00,view,1762,Fashion,940,Mobile,Returning
530,5339,2024-01-11 17:47:00,view,1833,Fashion,109,Tablet,Returning
530,5339,2024-01-11 17:51:00,cart,1833,Fashion,109,Tablet,Returning
530,5339,2024-01-11 17:55:00,checkout,1833,Fashion,109,Tablet,Returning
530,5339,2024-01-11 17:59:00,purchase,1833,Fashion,109,Tablet,Returning
327,5340,2024-01-20 10:20:00,view,1041,Beauty,773,Mobile,New
327,5340,2024-01-20 10:23:00,cart,1041,Beauty,773,Mobile,New
961,5341,2024-01-14 21:49:00,view,1630,Fashion,676,Mobile,New
961,5341,2024-01-14 21:51:00,cart,1630,Fashion,676,Mobile,New
961,5341,2024-01-14 21:55:00,checkout,1630,Fashion,676,Mobile,New
961,5341,2024-01-14 21:58:00,purchase,1630,Fashion,676,Mobile,New
895,5342,2024-01-10 11:00:00,view,1434,Home,177,Mobile,Returning
895,5342,2024-01-10 11:02:00,cart,1434,Home,177,Mobile,Returning
895,5342,2024-01-10 11:06:00,checkout,1434,Home,177,Mobile,Returning
895,5342,2024-01-10 11:10:00,purchase,1434,Home,177,Mobile,Returning
97,5343,2024-01-07 18:57:00,view,1057,Beauty,752,Desktop,New
513,5344,2024-01-27 07:47:00,view,1681,Fashion,998,Mobile,Returning
513,5344,2024-01-27 07:49:00,cart,1681,Fashion,998,Mobile,Returning
513,5344,2024-01-27 07:53:00,checkout,1681,Fashion,998,Mobile,Returning
513,5344,2024-01-27 07:56:00,purchase,1681,Fashion,998,Mobile,Returning
216,5345,2024-01-24 13:08:00,view,1352,Beauty,565,Desktop,New
216,5345,2024-01-24 13:10:00,cart,1352,Beauty,565,Desktop,New
1156,5346,2024-01-17 00:48:00,view,1065,Fashion,774,Desktop,Returning
1156,5346,2024-01-17 00:49:00,cart,1065,Fashion,774,Desktop,Returning
1156,5346,2024-01-17 00:52:00,checkout,1065,Fashion,774,Desktop,Returning
1156,5346,2024-01-17 00:56:00,purchase,1065,Fashion,774,Desktop,Returning
1284,5347,2024-01-04 19:58:00,view,1692,Beauty,223,Mobile,New
1284,5347,2024-01-04 19:59:00,cart,1692,Beauty,223,Mobile,New
1284,5347,2024-01-04 20:03:00,checkout,1692,Beauty,223,Mobile,New
1284,5347,2024-01-04 20:07:00,purchase,1692,Beauty,223,Mobile,New
125,5348,2024-01-18 04:41:00,view,1902,Fashion,864,Mobile,New
125,5348,2024-01-18 04:44:00,cart,1902,Fashion,864,Mobile,New
1106,5349,2024-01-09 02:20:00,view,1547,Beauty,700,Desktop,New
1106,5349,2024-01-09 02:21:00,cart,1547,Beauty,700,Desktop,New
1106,5349,2024-01-09 02:25:00,checkout,1547,Beauty,700,Desktop,New
1307,5350,2024-01-25 16:55:00,view,1504,Fashion,79,Desktop,Returning
1307,5350,2024-01-25 16:56:00,cart,1504,Fashion,79,Desktop,Returning
1307,5350,2024-01-25 16:59:00,checkout,1504,Fashion,79,Desktop,Returning
1307,5350,2024-01-25 17:00:00,purchase,1504,Fashion,79,Desktop,Returning
1707,5351,2024-01-29 14:49:00,view,1706,Fashion,920,Desktop,Returning
1707,5351,2024-01-29 14:51:00,cart,1706,Fashion,920,Desktop,Returning
1707,5351,2024-01-29 14:54:00,checkout,1706,Fashion,920,Desktop,Returning
1707,5351,2024-01-29 14:56:00,purchase,1706,Fashion,920,Desktop,Returning
59,5352,2024-01-13 06:43:00,view,1761,Electronics,940,Mobile,New
1568,5353,2024-01-28 05:24:00,view,1010,Fashion,893,Mobile,New
1568,5353,2024-01-28 05:26:00,cart,1010,Fashion,893,Mobile,New
161,5354,2024-01-05 18:38:00,view,1477,Electronics,575,Mobile,New
161,5354,2024-01-05 18:40:00,cart,1477,Electronics,575,Mobile,New
161,5354,2024-01-05 18:41:00,checkout,1477,Electronics,575,Mobile,New
161,5354,2024-01-05 18:42:00,purchase,1477,Electronics,575,Mobile,New
284,5355,2024-02-04 09:32:00,view,1820,Electronics,447,Mobile,New
106,5356,2024-01-31 22:22:00,view,1664,Home,813,Mobile,New
1129,5357,2024-01-15 00:05:00,view,1182,Beauty,760,Desktop,New
1129,5357,2024-01-15 00:09:00,cart,1182,Beauty,760,Desktop,New
1463,5358,2024-01-22 08:19:00,view,1677,Beauty,474,Mobile,New
1463,5358,2024-01-22 08:20:00,cart,1677,Beauty,474,Mobile,New
228,5359,2024-01-29 07:00:00,view,1187,Beauty,905,Desktop,New
228,5359,2024-01-29 07:01:00,cart,1187,Beauty,905,Desktop,New
1724,5360,2024-01-20 06:33:00,view,1603,Fashion,808,Desktop,New
1606,5361,2024-01-22 00:47:00,view,1871,Beauty,426,Mobile,New
1606,5361,2024-01-22 00:48:00,cart,1871,Beauty,426,Mobile,New
1606,5361,2024-01-22 00:51:00,checkout,1871,Beauty,426,Mobile,New
1606,5361,2024-01-22 00:55:00,purchase,1871,Beauty,426,Mobile,New
318,5362,2024-01-06 01:11:00,view,1349,Beauty,158,Desktop,New
318,5362,2024-01-06 01:13:00,cart,1349,Beauty,158,Desktop,New
318,5362,2024-01-06 01:14:00,checkout,1349,Beauty,158,Desktop,New
318,5362,2024-01-06 01:15:00,purchase,1349,Beauty,158,Desktop,New
1488,5363,2024-01-30 11:06:00,view,1036,Electronics,448,Mobile,Returning
1488,5363,2024-01-30 11:09:00,cart,1036,Electronics,448,Mobile,Returning
1488,5363,2024-01-30 11:11:00,checkout,1036,Electronics,448,Mobile,Returning
1488,5363,2024-01-30 11:15:00,purchase,1036,Electronics,448,Mobile,Returning
802,5364,2024-01-27 00:31:00,view,1373,Beauty,948,Desktop,New
1623,5365,2024-01-29 14:51:00,view,1315,Electronics,134,Mobile,New
1623,5365,2024-01-29 14:53:00,cart,1315,Electronics,134,Mobile,New
1623,5365,2024-01-29 14:56:00,checkout,1315,Electronics,134,Mobile,New
1623,5365,2024-01-29 14:57:00,purchase,1315,Electronics,134,Mobile,New
1906,5366,2024-01-13 01:59:00,view,1723,Home,385,Mobile,New
1906,5366,2024-01-13 02:02:00,cart,1723,Home,385,Mobile,New
1906,5366,2024-01-13 02:04:00,checkout,1723,Home,385,Mobile,New
1906,5366,2024-01-13 02:05:00,purchase,1723,Home,385,Mobile,New
874,5367,2024-01-01 11:10:00,view,1274,Fashion,783,Desktop,New
874,5367,2024-01-01 11:13:00,cart,1274,Fashion,783,Desktop,New
874,5367,2024-01-01 11:17:00,checkout,1274,Fashion,783,Desktop,New
874,5367,2024-01-01 11:18:00,purchase,1274,Fashion,783,Desktop,New
472,5368,2024-01-02 20:19:00,view,1078,Beauty,576,Mobile,Returning
472,5368,2024-01-02 20:21:00,cart,1078,Beauty,576,Mobile,Returning
1080,5369,2024-01-11 04:30:00,view,1975,Electronics,307,Desktop,Returning
1080,5369,2024-01-11 04:32:00,cart,1975,Electronics,307,Desktop,Returning
1080,5369,2024-01-11 04:36:00,checkout,1975,Electronics,307,Desktop,Returning
625,5370,2024-01-24 14:47:00,view,1157,Home,793,Mobile,Returning
13,5371,2024-01-17 09:41:00,view,1120,Electronics,211,Mobile,Returning
1464,5372,2024-02-02 09:10:00,view,1566,Home,729,Mobile,Returning
1464,5372,2024-02-02 09:14:00,cart,1566,Home,729,Mobile,Returning
1042,5373,2024-01-03 14:47:00,view,1815,Electronics,168,Mobile,Returning
694,5374,2024-01-15 14:14:00,view,1870,Fashion,547,Mobile,New
694,5374,2024-01-15 14:18:00,cart,1870,Fashion,547,Mobile,New
694,5374,2024-01-15 14:19:00,checkout,1870,Fashion,547,Mobile,New
694,5374,2024-01-15 14:20:00,purchase,1870,Fashion,547,Mobile,New
973,5375,2024-01-17 18:31:00,view,1838,Electronics,398,Desktop,Returning
113,5376,2024-01-21 07:53:00,view,1151,Beauty,625,Desktop,Returning
113,5376,2024-01-21 07:57:00,cart,1151,Beauty,625,Desktop,Returning
113,5376,2024-01-21 07:59:00,checkout,1151,Beauty,625,Desktop,Returning
229,5377,2024-02-04 03:37:00,view,1666,Electronics,799,Desktop,Returning
171,5378,2024-01-10 16:53:00,view,1397,Fashion,206,Tablet,Returning
295,5379,2024-01-11 05:35:00,view,1468,Fashion,744,Mobile,New
189,5380,2024-02-04 05:53:00,view,1293,Fashion,68,Desktop,New
189,5380,2024-02-04 05:57:00,cart,1293,Fashion,68,Desktop,New
426,5381,2024-01-04 16:28:00,view,1109,Home,878,Mobile,New
977,5382,2024-01-29 08:51:00,view,1851,Beauty,306,Desktop,New
977,5382,2024-01-29 08:52:00,cart,1851,Beauty,306,Desktop,New
977,5382,2024-01-29 08:53:00,checkout,1851,Beauty,306,Desktop,New
977,5382,2024-01-29 08:57:00,purchase,1851,Beauty,306,Desktop,New
1103,5383,2024-01-12 14:48:00,view,1078,Home,481,Mobile,Returning
1103,5383,2024-01-12 14:51:00,cart,1078,Home,481,Mobile,Returning
1103,5383,2024-01-12 14:53:00,checkout,1078,Home,481,Mobile,Returning
1103,5383,2024-01-12 14:54:00,purchase,1078,Home,481,Mobile,Returning
658,5384,2024-01-20 13:13:00,view,1708,Beauty,377,Tablet,New
658,5384,2024-01-20 13:14:00,cart,1708,Beauty,377,Tablet,New
658,5384,2024-01-20 13:16:00,checkout,1708,Beauty,377,Tablet,New
658,5384,2024-01-20 13:18:00,purchase,1708,Beauty,377,Tablet,New
919,5385,2024-01-14 12:54:00,view,1586,Beauty,870,Desktop,Returning
1206,5386,2024-01-03 15:25:00,view,1557,Fashion,313,Tablet,Returning
499,5387,2024-01-19 07:39:00,view,1859,Electronics,863,Desktop,Returning
1822,5388,2024-01-15 06:26:00,view,1228,Electronics,461,Desktop,New
762,5389,2024-01-27 18:11:00,view,1144,Home,604,Desktop,New
866,5390,2024-01-20 23:43:00,view,1342,Home,109,Mobile,New
826,5391,2024-01-13 10:41:00,view,1889,Fashion,660,Mobile,Returning
826,5391,2024-01-13 10:43:00,cart,1889,Fashion,660,Mobile,Returning
826,5391,2024-01-13 10:47:00,checkout,1889,Fashion,660,Mobile,Returning
826,5391,2024-01-13 10:48:00,purchase,1889,Fashion,660,Mobile,Returning
1732,5392,2024-01-17 15:20:00,view,1358,Electronics,840,Mobile,Returning
1732,5392,2024-01-17 15:22:00,cart,1358,Electronics,840,Mobile,Returning
1859,5393,2024-01-11 04:43:00,view,1409,Electronics,258,Mobile,Returning
1859,5393,2024-01-11 04:47:00,cart,1409,Electronics,258,Mobile,Returning
71,5394,2024-02-04 05:47:00,view,1528,Fashion,222,Mobile,Returning
248,5395,2024-01-25 12:34:00,view,1762,Beauty,428,Mobile,Returning
248,5395,2024-01-25 12:36:00,cart,1762,Beauty,428,Mobile,Returning
248,5395,2024-01-25 12:37:00,checkout,1762,Beauty,428,Mobile,Returning
248,5395,2024-01-25 12:40:00,purchase,1762,Beauty,428,Mobile,Returning
146,5396,2024-01-30 07:48:00,view,1175,Beauty,756,Mobile,New
1642,5397,2024-01-09 23:28:00,view,1534,Electronics,331,Tablet,Returning
1799,5398,2024-01-12 01:35:00,view,1639,Beauty,815,Desktop,New
1799,5398,2024-01-12 01:38:00,cart,1639,Beauty,815,Desktop,New
1799,5398,2024-01-12 01:42:00,checkout,1639,Beauty,815,Desktop,New
1320,5399,2024-01-08 17:58:00,view,1627,Electronics,121,Mobile,New
582,5400,2024-01-01 16:32:00,view,1051,Beauty,407,Mobile,Returning
582,5400,2024-01-01 16:33:00,cart,1051,Beauty,407,Mobile,Returning
470,5401,2024-02-04 04:27:00,view,1424,Electronics,838,Mobile,Returning
470,5401,2024-02-04 04:28:00,cart,1424,Electronics,838,Mobile,Returning
470,5401,2024-02-04 04:31:00,checkout,1424,Electronics,838,Mobile,Returning
470,5401,2024-02-04 04:34:00,purchase,1424,Electronics,838,Mobile,Returning
1530,5402,2024-01-03 19:49:00,view,1372,Beauty,917,Mobile,New
1530,5402,2024-01-03 19:52:00,cart,1372,Beauty,917,Mobile,New
1530,5402,2024-01-03 19:54:00,checkout,1372,Beauty,917,Mobile,New
193,5403,2024-01-17 14:10:00,view,1384,Fashion,102,Desktop,Returning
1092,5404,2024-01-23 15:27:00,view,1030,Electronics,307,Mobile,Returning
1092,5404,2024-01-23 15:30:00,cart,1030,Electronics,307,Mobile,Returning
1092,5404,2024-01-23 15:34:00,checkout,1030,Electronics,307,Mobile,Returning
1092,5404,2024-01-23 15:37:00,purchase,1030,Electronics,307,Mobile,Returning
494,5405,2024-02-04 15:33:00,view,1840,Beauty,78,Mobile,New
1841,5406,2024-01-27 20:49:00,view,1336,Home,32,Desktop,New
1841,5406,2024-01-27 20:50:00,cart,1336,Home,32,Desktop,New
1841,5406,2024-01-27 20:52:00,checkout,1336,Home,32,Desktop,New
1841,5406,2024-01-27 20:55:00,purchase,1336,Home,32,Desktop,New
52,5407,2024-01-31 20:18:00,view,1605,Fashion,795,Desktop,Returning
52,5407,2024-01-31 20:19:00,cart,1605,Fashion,795,Desktop,Returning
882,5408,2024-01-11 22:04:00,view,1232,Fashion,649,Mobile,Returning
882,5408,2024-01-11 22:06:00,cart,1232,Fashion,649,Mobile,Returning
882,5408,2024-01-11 22:08:00,checkout,1232,Fashion,649,Mobile,Returning
882,5408,2024-01-11 22:10:00,purchase,1232,Fashion,649,Mobile,Returning
363,5409,2024-01-09 07:58:00,view,1269,Electronics,37,Desktop,New
363,5409,2024-01-09 08:00:00,cart,1269,Electronics,37,Desktop,New
1821,5410,2024-01-02 19:10:00,view,1781,Electronics,255,Mobile,New
1821,5410,2024-01-02 19:13:00,cart,1781,Electronics,255,Mobile,New
1821,5410,2024-01-02 19:17:00,checkout,1781,Electronics,255,Mobile,New
1821,5410,2024-01-02 19:19:00,purchase,1781,Electronics,255,Mobile,New
917,5411,2024-01-18 12:21:00,view,1422,Beauty,29,Mobile,New
474,5412,2024-01-16 14:11:00,view,1917,Fashion,43,Mobile,Returning
1870,5413,2024-01-27 07:20:00,view,1783,Electronics,783,Mobile,Returning
521,5414,2024-01-30 13:23:00,view,1657,Electronics,544,Mobile,New
521,5414,2024-01-30 13:26:00,cart,1657,Electronics,544,Mobile,New
1787,5415,2024-01-12 02:34:00,view,1052,Home,782,Mobile,Returning
1787,5415,2024-01-12 02:38:00,cart,1052,Home,782,Mobile,Returning
1787,5415,2024-01-12 02:40:00,checkout,1052,Home,782,Mobile,Returning
1787,5415,2024-01-12 02:42:00,purchase,1052,Home,782,Mobile,Returning
1455,5416,2024-01-13 13:42:00,view,1846,Electronics,333,Desktop,New
1455,5416,2024-01-13 13:46:00,cart,1846,Electronics,333,Desktop,New
1868,5417,2024-01-16 15:45:00,view,1660,Beauty,45,Desktop,New
1868,5417,2024-01-16 15:47:00,cart,1660,Beauty,45,Desktop,New
1322,5418,2024-02-01 00:27:00,view,1203,Beauty,402,Mobile,New
1459,5419,2024-01-13 07:14:00,view,1894,Fashion,417,Mobile,New
1720,5420,2024-01-14 12:04:00,view,1040,Fashion,250,Desktop,New
691,5421,2024-01-12 08:32:00,view,1362,Home,723,Mobile,New
1222,5422,2024-01-15 14:54:00,view,1143,Fashion,549,Desktop,New
1222,5422,2024-01-15 14:55:00,cart,1143,Fashion,549,Desktop,New
1152,5423,2024-01-01 08:17:00,view,1021,Home,808,Desktop,Returning
1152,5423,2024-01-01 08:21:00,cart,1021,Home,808,Desktop,Returning
1152,5423,2024-01-01 08:23:00,checkout,1021,Home,808,Desktop,Returning
532,5424,2024-01-19 21:30:00,view,1026,Fashion,341,Mobile,Returning
1435,5425,2024-02-01 21:16:00,view,1506,Fashion,389,Mobile,New
1435,5425,2024-02-01 21:17:00,cart,1506,Fashion,389,Mobile,New
1435,5425,2024-02-01 21:19:00,checkout,1506,Fashion,389,Mobile,New
1435,5425,2024-02-01 21:23:00,purchase,1506,Fashion,389,Mobile,New
1958,5426,2024-01-26 09:26:00,view,1667,Fashion,284,Mobile,New
1958,5426,2024-01-26 09:28:00,cart,1667,Fashion,284,Mobile,New
1958,5426,2024-01-26 09:29:00,checkout,1667,Fashion,284,Mobile,New
1958,5426,2024-01-26 09:31:00,purchase,1667,Fashion,284,Mobile,New
840,5427,2024-01-23 14:50:00,view,1981,Electronics,88,Mobile,Returning
1089,5428,2024-01-02 13:36:00,view,1244,Fashion,782,Mobile,Returning
1089,5428,2024-01-02 13:40:00,cart,1244,Fashion,782,Mobile,Returning
1089,5428,2024-01-02 13:43:00,checkout,1244,Fashion,782,Mobile,Returning
1718,5429,2024-01-26 09:26:00,view,1827,Fashion,403,Desktop,Returning
241,5430,2024-01-01 05:23:00,view,1919,Electronics,123,Mobile,Returning
1393,5431,2024-01-17 04:12:00,view,1520,Fashion,237,Mobile,New
536,5432,2024-01-22 20:38:00,view,1727,Fashion,744,Mobile,Returning
536,5432,2024-01-22 20:40:00,cart,1727,Fashion,744,Mobile,Returning
536,5432,2024-01-22 20:42:00,checkout,1727,Fashion,744,Mobile,Returning
1408,5433,2024-01-28 14:10:00,view,1104,Electronics,531,Mobile,Returning
1408,5433,2024-01-28 14:12:00,cart,1104,Electronics,531,Mobile,Returning
1408,5433,2024-01-28 14:13:00,checkout,1104,Electronics,531,Mobile,Returning
1408,5433,2024-01-28 14:15:00,purchase,1104,Electronics,531,Mobile,Returning
1455,5434,2024-01-20 20:27:00,view,1589,Electronics,73,Mobile,New
1991,5435,2024-02-01 15:01:00,view,1318,Beauty,192,Mobile,Returning
1991,5435,2024-02-01 15:05:00,cart,1318,Beauty,192,Mobile,Returning
1991,5435,2024-02-01 15:09:00,checkout,1318,Beauty,192,Mobile,Returning
1991,5435,2024-02-01 15:12:00,purchase,1318,Beauty,192,Mobile,Returning
83,5436,2024-01-19 00:48:00,view,1618,Fashion,713,Mobile,New
982,5437,2024-01-25 12:47:00,view,1472,Fashion,973,Desktop,Returning
982,5437,2024-01-25 12:48:00,cart,1472,Fashion,973,Desktop,Returning
982,5437,2024-01-25 12:50:00,checkout,1472,Fashion,973,Desktop,Returning
982,5437,2024-01-25 12:52:00,purchase,1472,Fashion,973,Desktop,Returning
1855,5438,2024-01-14 05:49:00,view,1756,Home,173,Mobile,Returning
1721,5439,2024-01-01 05:29:00,view,1206,Electronics,135,Desktop,New
951,5440,2024-01-27 14:02:00,view,1598,Home,420,Mobile,Returning
951,5440,2024-01-27 14:03:00,cart,1598,Home,420,Mobile,Returning
951,5440,2024-01-27 14:04:00,checkout,1598,Home,420,Mobile,Returning
951,5440,2024-01-27 14:07:00,purchase,1598,Home,420,Mobile,Returning
1852,5441,2024-02-02 11:01:00,view,1317,Beauty,858,Mobile,Returning
611,5442,2024-01-03 20:31:00,view,1450,Electronics,134,Mobile,New
611,5442,2024-01-03 20:33:00,cart,1450,Electronics,134,Mobile,New
611,5442,2024-01-03 20:37:00,checkout,1450,Electronics,134,Mobile,New
611,5442,2024-01-03 20:39:00,purchase,1450,Electronics,134,Mobile,New
574,5443,2024-01-24 19:35:00,view,1568,Electronics,868,Desktop,Returning
574,5443,2024-01-24 19:36:00,cart,1568,Electronics,868,Desktop,Returning
286,5444,2024-01-29 03:46:00,view,1029,Home,874,Mobile,New
286,5444,2024-01-29 03:49:00,cart,1029,Home,874,Mobile,New
989,5445,2024-01-18 22:25:00,view,1157,Electronics,704,Mobile,New
1558,5446,2024-01-15 08:31:00,view,1744,Electronics,875,Mobile,New
459,5447,2024-01-01 22:36:00,view,1701,Electronics,181,Mobile,New
459,5447,2024-01-01 22:37:00,cart,1701,Electronics,181,Mobile,New
1236,5448,2024-01-24 06:18:00,view,1150,Beauty,86,Mobile,New
126,5449,2024-01-25 18:46:00,view,1907,Electronics,779,Desktop,New
126,5449,2024-01-25 18:50:00,cart,1907,Electronics,779,Desktop,New
126,5449,2024-01-25 18:51:00,checkout,1907,Electronics,779,Desktop,New
1437,5450,2024-01-19 23:09:00,view,1809,Beauty,550,Mobile,New
1523,5451,2024-01-07 17:48:00,view,1268,Electronics,470,Desktop,New
425,5452,2024-01-27 17:25:00,view,1570,Beauty,971,Mobile,New
425,5452,2024-01-27 17:26:00,cart,1570,Beauty,971,Mobile,New
425,5452,2024-01-27 17:27:00,checkout,1570,Beauty,971,Mobile,New
425,5452,2024-01-27 17:31:00,purchase,1570,Beauty,971,Mobile,New
554,5453,2024-01-01 08:12:00,view,1501,Home,747,Desktop,New
610,5454,2024-01-20 10:44:00,view,1435,Home,100,Desktop,Returning
1985,5455,2024-01-30 15:37:00,view,1995,Fashion,198,Mobile,New
1985,5455,2024-01-30 15:40:00,cart,1995,Fashion,198,Mobile,New
1985,5455,2024-01-30 15:42:00,checkout,1995,Fashion,198,Mobile,New
1985,5455,2024-01-30 15:44:00,purchase,1995,Fashion,198,Mobile,New
1567,5456,2024-01-22 00:23:00,view,1683,Beauty,142,Desktop,Returning
1182,5457,2024-01-26 03:26:00,view,1958,Beauty,70,Desktop,New
1182,5457,2024-01-26 03:29:00,cart,1958,Beauty,70,Desktop,New
112,5458,2024-01-27 19:51:00,view,1683,Fashion,447,Mobile,New
112,5458,2024-01-27 19:55:00,cart,1683,Fashion,447,Mobile,New
112,5458,2024-01-27 19:58:00,checkout,1683,Fashion,447,Mobile,New
112,5458,2024-01-27 20:01:00,purchase,1683,Fashion,447,Mobile,New
402,5459,2024-01-29 21:13:00,view,1755,Fashion,786,Mobile,Returning
402,5459,2024-01-29 21:15:00,cart,1755,Fashion,786,Mobile,Returning
1783,5460,2024-02-02 14:12:00,view,1329,Electronics,557,Desktop,New
122,5461,2024-01-04 17:35:00,view,1247,Beauty,876,Mobile,Returning
273,5462,2024-01-10 21:03:00,view,1434,Fashion,781,Mobile,Returning
273,5462,2024-01-10 21:06:00,cart,1434,Fashion,781,Mobile,Returning
273,5462,2024-01-10 21:07:00,checkout,1434,Fashion,781,Mobile,Returning
273,5462,2024-01-10 21:09:00,purchase,1434,Fashion,781,Mobile,Returning
1318,5463,2024-01-22 18:55:00,view,1056,Electronics,492,Desktop,Returning
1318,5463,2024-01-22 18:57:00,cart,1056,Electronics,492,Desktop,Returning
398,5464,2024-01-06 15:34:00,view,1557,Fashion,556,Mobile,New
398,5464,2024-01-06 15:38:00,cart,1557,Fashion,556,Mobile,New
398,5464,2024-01-06 15:42:00,checkout,1557,Fashion,556,Mobile,New
398,5464,2024-01-06 15:45:00,purchase,1557,Fashion,556,Mobile,New
471,5465,2024-01-13 12:39:00,view,1881,Fashion,135,Desktop,New
471,5465,2024-01-13 12:40:00,cart,1881,Fashion,135,Desktop,New
471,5465,2024-01-13 12:43:00,checkout,1881,Fashion,135,Desktop,New
471,5465,2024-01-13 12:45:00,purchase,1881,Fashion,135,Desktop,New
985,5466,2024-01-08 10:32:00,view,1362,Beauty,560,Desktop,Returning
1231,5467,2024-01-05 06:33:00,view,1366,Home,371,Tablet,Returning
1231,5467,2024-01-05 06:34:00,cart,1366,Home,371,Tablet,Returning
1134,5468,2024-01-14 08:39:00,view,1962,Beauty,597,Mobile,New
1134,5468,2024-01-14 08:42:00,cart,1962,Beauty,597,Mobile,New
1134,5468,2024-01-14 08:46:00,checkout,1962,Beauty,597,Mobile,New
1134,5468,2024-01-14 08:48:00,purchase,1962,Beauty,597,Mobile,New
1464,5469,2024-01-21 09:31:00,view,1347,Beauty,303,Mobile,Returning
1464,5469,2024-01-21 09:33:00,cart,1347,Beauty,303,Mobile,Returning
1464,5469,2024-01-21 09:36:00,checkout,1347,Beauty,303,Mobile,Returning
1464,5469,2024-01-21 09:39:00,purchase,1347,Beauty,303,Mobile,Returning
1302,5470,2024-01-02 13:28:00,view,1920,Home,626,Mobile,Returning
1987,5471,2024-02-02 16:37:00,view,1063,Electronics,745,Mobile,Returning
1987,5471,2024-02-02 16:40:00,cart,1063,Electronics,745,Mobile,Returning
1987,5471,2024-02-02 16:44:00,checkout,1063,Electronics,745,Mobile,Returning
1987,5471,2024-02-02 16:48:00,purchase,1063,Electronics,745,Mobile,Returning
1592,5472,2024-01-13 14:51:00,view,1321,Fashion,179,Mobile,Returning
1592,5472,2024-01-13 14:53:00,cart,1321,Fashion,179,Mobile,Returning
1592,5472,2024-01-13 14:54:00,checkout,1321,Fashion,179,Mobile,Returning
1592,5472,2024-01-13 14:58:00,purchase,1321,Fashion,179,Mobile,Returning
1911,5473,2024-01-12 00:02:00,view,1641,Fashion,102,Mobile,New
1939,5474,2024-01-25 22:35:00,view,1403,Fashion,490,Mobile,New
1939,5474,2024-01-25 22:39:00,cart,1403,Fashion,490,Mobile,New
1939,5474,2024-01-25 22:40:00,checkout,1403,Fashion,490,Mobile,New
1939,5474,2024-01-25 22:41:00,purchase,1403,Fashion,490,Mobile,New
569,5475,2024-01-17 11:44:00,view,1608,Beauty,994,Mobile,Returning
569,5475,2024-01-17 11:46:00,cart,1608,Beauty,994,Mobile,Returning
569,5475,2024-01-17 11:49:00,checkout,1608,Beauty,994,Mobile,Returning
569,5475,2024-01-17 11:50:00,purchase,1608,Beauty,994,Mobile,Returning
1964,5476,2024-01-15 12:11:00,view,1581,Electronics,810,Desktop,New
1506,5477,2024-01-24 15:33:00,view,1345,Beauty,575,Desktop,New
1506,5477,2024-01-24 15:37:00,cart,1345,Beauty,575,Desktop,New
1506,5477,2024-01-24 15:41:00,checkout,1345,Beauty,575,Desktop,New
1506,5477,2024-01-24 15:42:00,purchase,1345,Beauty,575,Desktop,New
1827,5478,2024-01-24 12:48:00,view,1528,Fashion,248,Desktop,New
1827,5478,2024-01-24 12:52:00,cart,1528,Fashion,248,Desktop,New
1827,5478,2024-01-24 12:54:00,checkout,1528,Fashion,248,Desktop,New
1827,5478,2024-01-24 12:56:00,purchase,1528,Fashion,248,Desktop,New
1138,5479,2024-01-01 03:11:00,view,1185,Beauty,938,Desktop,New
1138,5479,2024-01-01 03:13:00,cart,1185,Beauty,938,Desktop,New
1138,5479,2024-01-01 03:16:00,checkout,1185,Beauty,938,Desktop,New
1138,5479,2024-01-01 03:18:00,purchase,1185,Beauty,938,Desktop,New
1917,5480,2024-02-02 12:31:00,view,1148,Fashion,475,Mobile,Returning
1917,5480,2024-02-02 12:34:00,cart,1148,Fashion,475,Mobile,Returning
897,5481,2024-01-28 10:03:00,view,1815,Home,691,Tablet,New
820,5482,2024-01-11 02:34:00,view,1507,Electronics,605,Desktop,New
853,5483,2024-01-07 18:30:00,view,1069,Fashion,99,Mobile,New
853,5483,2024-01-07 18:34:00,cart,1069,Fashion,99,Mobile,New
853,5483,2024-01-07 18:36:00,checkout,1069,Fashion,99,Mobile,New
1501,5484,2024-01-01 07:13:00,view,1123,Electronics,892,Mobile,New
1501,5484,2024-01-01 07:14:00,cart,1123,Electronics,892,Mobile,New
1501,5484,2024-01-01 07:18:00,checkout,1123,Electronics,892,Mobile,New
710,5485,2024-01-31 06:06:00,view,1888,Fashion,66,Mobile,Returning
1957,5486,2024-02-02 06:00:00,view,1370,Home,327,Mobile,Returning
321,5487,2024-01-02 23:28:00,view,1266,Home,103,Mobile,New
321,5487,2024-01-02 23:32:00,cart,1266,Home,103,Mobile,New
321,5487,2024-01-02 23:34:00,checkout,1266,Home,103,Mobile,New
179,5488,2024-01-18 21:45:00,view,1631,Beauty,631,Mobile,Returning
897,5489,2024-01-09 21:07:00,view,1659,Home,442,Desktop,New
897,5489,2024-01-09 21:08:00,cart,1659,Home,442,Desktop,New
897,5489,2024-01-09 21:12:00,checkout,1659,Home,442,Desktop,New
897,5489,2024-01-09 21:16:00,purchase,1659,Home,442,Desktop,New
219,5490,2024-01-27 11:40:00,view,1007,Fashion,330,Mobile,Returning
219,5490,2024-01-27 11:43:00,cart,1007,Fashion,330,Mobile,Returning
789,5491,2024-01-21 07:41:00,view,1279,Beauty,836,Mobile,New
1973,5492,2024-01-01 13:10:00,view,1813,Fashion,994,Desktop,New
1973,5492,2024-01-01 13:14:00,cart,1813,Fashion,994,Desktop,New
1552,5493,2024-01-07 21:39:00,view,1907,Home,109,Mobile,Returning
1552,5493,2024-01-07 21:42:00,cart,1907,Home,109,Mobile,Returning
492,5494,2024-01-07 19:40:00,view,1942,Beauty,989,Tablet,Returning
1915,5495,2024-01-17 23:06:00,view,1343,Beauty,857,Mobile,New
61,5496,2024-01-17 10:50:00,view,1703,Electronics,62,Tablet,New
61,5496,2024-01-17 10:51:00,cart,1703,Electronics,62,Tablet,New
61,5496,2024-01-17 10:52:00,checkout,1703,Electronics,62,Tablet,New
1078,5497,2024-01-04 00:18:00,view,1428,Fashion,926,Mobile,Returning
1704,5498,2024-01-04 21:43:00,view,1193,Electronics,406,Mobile,New
1704,5498,2024-01-04 21:44:00,cart,1193,Electronics,406,Mobile,New
1704,5498,2024-01-04 21:46:00,checkout,1193,Electronics,406,Mobile,New
1704,5498,2024-01-04 21:49:00,purchase,1193,Electronics,406,Mobile,New
538,5499,2024-01-27 11:01:00,view,1572,Beauty,485,Mobile,New
538,5499,2024-01-27 11:03:00,cart,1572,Beauty,485,Mobile,New
538,5499,2024-01-27 11:05:00,checkout,1572,Beauty,485,Mobile,New
538,5499,2024-01-27 11:07:00,purchase,1572,Beauty,485,Mobile,New
848,5500,2024-01-18 15:52:00,view,1699,Beauty,946,Desktop,Returning
848,5500,2024-01-18 15:53:00,cart,1699,Beauty,946,Desktop,Returning
848,5500,2024-01-18 15:56:00,checkout,1699,Beauty,946,Desktop,Returning
848,5500,2024-01-18 15:59:00,purchase,1699,Beauty,946,Desktop,Returning
988,5501,2024-01-08 05:56:00,view,1652,Home,338,Desktop,New
65,5502,2024-01-30 08:56:00,view,1719,Home,773,Mobile,New
65,5502,2024-01-30 08:59:00,cart,1719,Home,773,Mobile,New
65,5502,2024-01-30 09:02:00,checkout,1719,Home,773,Mobile,New
65,5502,2024-01-30 09:06:00,purchase,1719,Home,773,Mobile,New
1636,5503,2024-01-29 05:25:00,view,1552,Home,524,Desktop,New
586,5504,2024-01-06 06:41:00,view,1626,Home,202,Mobile,New
586,5504,2024-01-06 06:42:00,cart,1626,Home,202,Mobile,New
586,5504,2024-01-06 06:46:00,checkout,1626,Home,202,Mobile,New
1728,5505,2024-01-19 17:57:00,view,1223,Electronics,836,Desktop,Returning
1728,5505,2024-01-19 17:58:00,cart,1223,Electronics,836,Desktop,Returning
171,5506,2024-01-28 00:47:00,view,1640,Home,901,Desktop,Returning
171,5506,2024-01-28 00:50:00,cart,1640,Home,901,Desktop,Returning
1297,5507,2024-01-02 13:45:00,view,1755,Fashion,195,Mobile,New
1297,5507,2024-01-02 13:46:00,cart,1755,Fashion,195,Mobile,New
1913,5508,2024-01-16 22:07:00,view,1555,Electronics,497,Mobile,Returning
1723,5509,2024-01-04 01:36:00,view,1488,Electronics,515,Desktop,New
1723,5509,2024-01-04 01:40:00,cart,1488,Electronics,515,Desktop,New
535,5510,2024-01-13 00:31:00,view,1059,Fashion,566,Desktop,Returning
535,5510,2024-01-13 00:32:00,cart,1059,Fashion,566,Desktop,Returning
535,5510,2024-01-13 00:35:00,checkout,1059,Fashion,566,Desktop,Returning
1415,5511,2024-02-02 23:06:00,view,1109,Fashion,615,Tablet,New
1415,5511,2024-02-02 23:10:00,cart,1109,Fashion,615,Tablet,New
1415,5511,2024-02-02 23:11:00,checkout,1109,Fashion,615,Tablet,New
1415,5511,2024-02-02 23:13:00,purchase,1109,Fashion,615,Tablet,New
1964,5512,2024-01-23 00:08:00,view,1537,Home,106,Desktop,New
1964,5512,2024-01-23 00:09:00,cart,1537,Home,106,Desktop,New
1964,5512,2024-01-23 00:13:00,checkout,1537,Home,106,Desktop,New
693,5513,2024-01-23 23:33:00,view,1954,Fashion,578,Mobile,New
1351,5514,2024-01-03 15:00:00,view,1646,Fashion,771,Desktop,Returning
1351,5514,2024-01-03 15:04:00,cart,1646,Fashion,771,Desktop,Returning
1351,5514,2024-01-03 15:05:00,checkout,1646,Fashion,771,Desktop,Returning
1351,5514,2024-01-03 15:07:00,purchase,1646,Fashion,771,Desktop,Returning
108,5515,2024-01-01 01:51:00,view,1572,Home,962,Mobile,Returning
108,5515,2024-01-01 01:55:00,cart,1572,Home,962,Mobile,Returning
1871,5516,2024-01-14 07:45:00,view,1451,Beauty,663,Tablet,Returning
1871,5516,2024-01-14 07:49:00,cart,1451,Beauty,663,Tablet,Returning
1871,5516,2024-01-14 07:52:00,checkout,1451,Beauty,663,Tablet,Returning
1186,5517,2024-01-17 14:23:00,view,1883,Electronics,227,Mobile,Returning
1186,5517,2024-01-17 14:26:00,cart,1883,Electronics,227,Mobile,Returning
1186,5517,2024-01-17 14:28:00,checkout,1883,Electronics,227,Mobile,Returning
1186,5517,2024-01-17 14:32:00,purchase,1883,Electronics,227,Mobile,Returning
814,5518,2024-01-28 02:12:00,view,1179,Beauty,867,Mobile,Returning
814,5518,2024-01-28 02:14:00,cart,1179,Beauty,867,Mobile,Returning
814,5518,2024-01-28 02:17:00,checkout,1179,Beauty,867,Mobile,Returning
1005,5519,2024-01-23 11:25:00,view,1621,Fashion,930,Mobile,Returning
1005,5519,2024-01-23 11:26:00,cart,1621,Fashion,930,Mobile,Returning
1005,5519,2024-01-23 11:29:00,checkout,1621,Fashion,930,Mobile,Returning
1005,5519,2024-01-23 11:33:00,purchase,1621,Fashion,930,Mobile,Returning
452,5520,2024-01-21 18:00:00,view,1973,Beauty,416,Mobile,New
452,5520,2024-01-21 18:02:00,cart,1973,Beauty,416,Mobile,New
452,5520,2024-01-21 18:05:00,checkout,1973,Beauty,416,Mobile,New
1230,5521,2024-01-13 13:01:00,view,1988,Beauty,297,Mobile,New
1230,5521,2024-01-13 13:05:00,cart,1988,Beauty,297,Mobile,New
590,5522,2024-01-31 02:15:00,view,1960,Home,557,Desktop,New
1040,5523,2024-01-28 12:26:00,view,1262,Fashion,547,Desktop,New
327,5524,2024-02-04 10:41:00,view,1420,Fashion,399,Mobile,New
327,5524,2024-02-04 10:45:00,cart,1420,Fashion,399,Mobile,New
327,5524,2024-02-04 10:46:00,checkout,1420,Fashion,399,Mobile,New
327,5524,2024-02-04 10:50:00,purchase,1420,Fashion,399,Mobile,New
608,5525,2024-01-14 09:46:00,view,1051,Electronics,699,Desktop,New
608,5525,2024-01-14 09:47:00,cart,1051,Electronics,699,Desktop,New
659,5526,2024-01-03 04:55:00,view,1505,Electronics,191,Desktop,Returning
2,5527,2024-01-29 18:15:00,view,1017,Electronics,162,Mobile,Returning
2,5527,2024-01-29 18:18:00,cart,1017,Electronics,162,Mobile,Returning
2,5527,2024-01-29 18:20:00,checkout,1017,Electronics,162,Mobile,Returning
2,5527,2024-01-29 18:21:00,purchase,1017,Electronics,162,Mobile,Returning
1034,5528,2024-01-14 06:03:00,view,1629,Fashion,476,Mobile,New
434,5529,2024-01-01 09:31:00,view,1682,Beauty,848,Desktop,New
434,5529,2024-01-01 09:35:00,cart,1682,Beauty,848,Desktop,New
434,5529,2024-01-01 09:36:00,checkout,1682,Beauty,848,Desktop,New
125,5530,2024-01-12 11:03:00,view,1038,Home,963,Desktop,New
1105,5531,2024-01-03 14:40:00,view,1019,Fashion,601,Mobile,Returning
1105,5531,2024-01-03 14:41:00,cart,1019,Fashion,601,Mobile,Returning
1105,5531,2024-01-03 14:44:00,checkout,1019,Fashion,601,Mobile,Returning
1105,5531,2024-01-03 14:47:00,purchase,1019,Fashion,601,Mobile,Returning
485,5532,2024-01-24 20:21:00,view,1477,Home,221,Desktop,New
485,5532,2024-01-24 20:25:00,cart,1477,Home,221,Desktop,New
485,5532,2024-01-24 20:26:00,checkout,1477,Home,221,Desktop,New
652,5533,2024-01-04 12:16:00,view,1918,Home,212,Mobile,New
1862,5534,2024-01-08 10:56:00,view,1145,Beauty,466,Mobile,Returning
1862,5534,2024-01-08 11:00:00,cart,1145,Beauty,466,Mobile,Returning
1174,5535,2024-01-08 18:28:00,view,1155,Home,301,Mobile,New
800,5536,2024-01-30 20:57:00,view,1441,Fashion,359,Mobile,Returning
873,5537,2024-01-24 23:38:00,view,1427,Fashion,216,Desktop,Returning
1364,5538,2024-01-01 07:22:00,view,1584,Home,267,Desktop,Returning
129,5539,2024-02-02 18:38:00,view,1699,Electronics,439,Mobile,New
438,5540,2024-01-16 14:29:00,view,1300,Home,229,Mobile,Returning
438,5540,2024-01-16 14:31:00,cart,1300,Home,229,Mobile,Returning
751,5541,2024-01-02 14:37:00,view,1689,Fashion,409,Desktop,New
501,5542,2024-02-01 03:09:00,view,1444,Fashion,143,Desktop,Returning
501,5542,2024-02-01 03:10:00,cart,1444,Fashion,143,Desktop,Returning
501,5542,2024-02-01 03:13:00,checkout,1444,Fashion,143,Desktop,Returning
501,5542,2024-02-01 03:17:00,purchase,1444,Fashion,143,Desktop,Returning
1082,5543,2024-01-11 04:24:00,view,1406,Electronics,535,Desktop,New
1222,5544,2024-02-01 02:15:00,view,1468,Beauty,387,Desktop,New
211,5545,2024-01-01 00:56:00,view,1280,Home,999,Mobile,New
1938,5546,2024-01-08 01:20:00,view,1674,Beauty,20,Desktop,Returning
902,5547,2024-02-01 01:09:00,view,1548,Electronics,973,Mobile,New
902,5547,2024-02-01 01:13:00,cart,1548,Electronics,973,Mobile,New
902,5547,2024-02-01 01:16:00,checkout,1548,Electronics,973,Mobile,New
902,5547,2024-02-01 01:19:00,purchase,1548,Electronics,973,Mobile,New
45,5548,2024-01-17 23:50:00,view,1581,Electronics,511,Mobile,New
45,5548,2024-01-17 23:52:00,cart,1581,Electronics,511,Mobile,New
1121,5549,2024-01-05 14:35:00,view,1637,Beauty,438,Mobile,Returning
1121,5549,2024-01-05 14:37:00,cart,1637,Beauty,438,Mobile,Returning
1121,5549,2024-01-05 14:39:00,checkout,1637,Beauty,438,Mobile,Returning
1121,5549,2024-01-05 14:40:00,purchase,1637,Beauty,438,Mobile,Returning
1303,5550,2024-02-03 15:39:00,view,1729,Home,781,Mobile,New
1303,5550,2024-02-03 15:40:00,cart,1729,Home,781,Mobile,New
535,5551,2024-01-20 03:40:00,view,1880,Electronics,968,Desktop,Returning
535,5551,2024-01-20 03:43:00,cart,1880,Electronics,968,Desktop,Returning
535,5551,2024-01-20 03:46:00,checkout,1880,Electronics,968,Desktop,Returning
535,5551,2024-01-20 03:50:00,purchase,1880,Electronics,968,Desktop,Returning
1434,5552,2024-01-27 21:28:00,view,1516,Beauty,846,Desktop,Returning
461,5553,2024-01-14 01:46:00,view,1057,Beauty,888,Mobile,New
461,5553,2024-01-14 01:50:00,cart,1057,Beauty,888,Mobile,New
461,5553,2024-01-14 01:54:00,checkout,1057,Beauty,888,Mobile,New
461,5553,2024-01-14 01:58:00,purchase,1057,Beauty,888,Mobile,New
391,5554,2024-01-06 08:23:00,view,1600,Home,805,Mobile,Returning
391,5554,2024-01-06 08:26:00,cart,1600,Home,805,Mobile,Returning
391,5554,2024-01-06 08:27:00,checkout,1600,Home,805,Mobile,Returning
391,5554,2024-01-06 08:31:00,purchase,1600,Home,805,Mobile,Returning
1871,5555,2024-01-30 10:15:00,view,1484,Electronics,704,Mobile,Returning
1068,5556,2024-01-05 19:08:00,view,1120,Fashion,487,Mobile,New
1068,5556,2024-01-05 19:10:00,cart,1120,Fashion,487,Mobile,New
27,5557,2024-01-25 11:54:00,view,1256,Beauty,287,Desktop,New
27,5557,2024-01-25 11:56:00,cart,1256,Beauty,287,Desktop,New
794,5558,2024-01-14 09:15:00,view,1688,Home,719,Desktop,Returning
794,5558,2024-01-14 09:19:00,cart,1688,Home,719,Desktop,Returning
794,5558,2024-01-14 09:23:00,checkout,1688,Home,719,Desktop,Returning
794,5558,2024-01-14 09:27:00,purchase,1688,Home,719,Desktop,Returning
1121,5559,2024-01-09 00:24:00,view,1937,Fashion,269,Tablet,Returning
975,5560,2024-01-11 11:05:00,view,1739,Fashion,931,Desktop,New
548,5561,2024-01-23 08:59:00,view,1004,Home,345,Desktop,Returning
548,5561,2024-01-23 09:03:00,cart,1004,Home,345,Desktop,Returning
621,5562,2024-01-02 00:03:00,view,1180,Electronics,744,Mobile,New
621,5562,2024-01-02 00:05:00,cart,1180,Electronics,744,Mobile,New
621,5562,2024-01-02 00:07:00,checkout,1180,Electronics,744,Mobile,New
621,5562,2024-01-02 00:08:00,purchase,1180,Electronics,744,Mobile,New
567,5563,2024-01-24 19:47:00,view,1789,Home,957,Mobile,New
567,5563,2024-01-24 19:51:00,cart,1789,Home,957,Mobile,New
567,5563,2024-01-24 19:52:00,checkout,1789,Home,957,Mobile,New
567,5563,2024-01-24 19:54:00,purchase,1789,Home,957,Mobile,New
704,5564,2024-01-08 04:20:00,view,1092,Fashion,895,Mobile,New
1243,5565,2024-01-09 16:35:00,view,1211,Beauty,342,Mobile,Returning
185,5566,2024-01-06 20:12:00,view,1985,Home,636,Desktop,New
1093,5567,2024-01-05 06:09:00,view,1355,Fashion,582,Mobile,Returning
1093,5567,2024-01-05 06:11:00,cart,1355,Fashion,582,Mobile,Returning
1853,5568,2024-01-16 01:48:00,view,1419,Fashion,331,Mobile,Returning
1853,5568,2024-01-16 01:52:00,cart,1419,Fashion,331,Mobile,Returning
1154,5569,2024-01-23 06:17:00,view,1006,Beauty,690,Mobile,Returning
1154,5569,2024-01-23 06:19:00,cart,1006,Beauty,690,Mobile,Returning
1154,5569,2024-01-23 06:23:00,checkout,1006,Beauty,690,Mobile,Returning
1154,5569,2024-01-23 06:24:00,purchase,1006,Beauty,690,Mobile,Returning
1591,5570,2024-01-23 21:57:00,view,1916,Beauty,610,Tablet,Returning
1591,5570,2024-01-23 21:59:00,cart,1916,Beauty,610,Tablet,Returning
1591,5570,2024-01-23 22:00:00,checkout,1916,Beauty,610,Tablet,Returning
1591,5570,2024-01-23 22:03:00,purchase,1916,Beauty,610,Tablet,Returning
1914,5571,2024-01-15 13:43:00,view,1007,Home,314,Mobile,New
1914,5571,2024-01-15 13:46:00,cart,1007,Home,314,Mobile,New
1914,5571,2024-01-15 13:48:00,checkout,1007,Home,314,Mobile,New
1914,5571,2024-01-15 13:50:00,purchase,1007,Home,314,Mobile,New
1633,5572,2024-01-15 03:01:00,view,1169,Beauty,30,Desktop,Returning
1633,5572,2024-01-15 03:02:00,cart,1169,Beauty,30,Desktop,Returning
1633,5572,2024-01-15 03:04:00,checkout,1169,Beauty,30,Desktop,Returning
1633,5572,2024-01-15 03:06:00,purchase,1169,Beauty,30,Desktop,Returning
848,5573,2024-01-15 00:36:00,view,1064,Home,659,Desktop,Returning
848,5573,2024-01-15 00:37:00,cart,1064,Home,659,Desktop,Returning
848,5573,2024-01-15 00:38:00,checkout,1064,Home,659,Desktop,Returning
848,5573,2024-01-15 00:40:00,purchase,1064,Home,659,Desktop,Returning
599,5574,2024-01-25 18:00:00,view,1499,Beauty,525,Mobile,New
599,5574,2024-01-25 18:04:00,cart,1499,Beauty,525,Mobile,New
599,5574,2024-01-25 18:06:00,checkout,1499,Beauty,525,Mobile,New
599,5574,2024-01-25 18:07:00,purchase,1499,Beauty,525,Mobile,New
806,5575,2024-01-30 21:51:00,view,1928,Home,777,Mobile,Returning
1655,5576,2024-01-26 00:29:00,view,1306,Fashion,666,Desktop,New
1655,5576,2024-01-26 00:32:00,cart,1306,Fashion,666,Desktop,New
1655,5576,2024-01-26 00:33:00,checkout,1306,Fashion,666,Desktop,New
1655,5576,2024-01-26 00:37:00,purchase,1306,Fashion,666,Desktop,New
1744,5577,2024-01-25 20:02:00,view,1603,Fashion,452,Mobile,New
1744,5577,2024-01-25 20:04:00,cart,1603,Fashion,452,Mobile,New
1358,5578,2024-01-03 12:38:00,view,1686,Home,263,Desktop,New
1358,5578,2024-01-03 12:39:00,cart,1686,Home,263,Desktop,New
1949,5579,2024-01-30 20:25:00,view,1780,Beauty,411,Mobile,New
1178,5580,2024-01-15 09:48:00,view,1876,Beauty,730,Mobile,New
1571,5581,2024-01-28 17:08:00,view,1573,Beauty,566,Desktop,New
79,5582,2024-01-21 05:33:00,view,1436,Home,791,Desktop,New
79,5582,2024-01-21 05:36:00,cart,1436,Home,791,Desktop,New
79,5582,2024-01-21 05:40:00,checkout,1436,Home,791,Desktop,New
79,5582,2024-01-21 05:41:00,purchase,1436,Home,791,Desktop,New
579,5583,2024-02-02 13:36:00,view,1614,Home,713,Tablet,New
1879,5584,2024-01-30 09:28:00,view,1849,Home,765,Desktop,New
1879,5584,2024-01-30 09:30:00,cart,1849,Home,765,Desktop,New
1879,5584,2024-01-30 09:34:00,checkout,1849,Home,765,Desktop,New
413,5585,2024-01-17 19:42:00,view,1950,Beauty,870,Desktop,Returning
413,5585,2024-01-17 19:45:00,cart,1950,Beauty,870,Desktop,Returning
413,5585,2024-01-17 19:47:00,checkout,1950,Beauty,870,Desktop,Returning
546,5586,2024-01-18 12:06:00,view,1027,Electronics,948,Desktop,New
546,5586,2024-01-18 12:09:00,cart,1027,Electronics,948,Desktop,New
546,5586,2024-01-18 12:11:00,checkout,1027,Electronics,948,Desktop,New
1633,5587,2024-01-20 12:36:00,view,1643,Home,874,Desktop,Returning
169,5588,2024-01-23 08:02:00,view,1531,Fashion,197,Mobile,New
169,5588,2024-01-23 08:06:00,cart,1531,Fashion,197,Mobile,New
681,5589,2024-01-20 15:00:00,view,1407,Home,27,Mobile,Returning
681,5589,2024-01-20 15:02:00,cart,1407,Home,27,Mobile,Returning
681,5589,2024-01-20 15:03:00,checkout,1407,Home,27,Mobile,Returning
681,5589,2024-01-20 15:05:00,purchase,1407,Home,27,Mobile,Returning
1687,5590,2024-01-16 10:29:00,view,1802,Fashion,29,Desktop,Returning
1687,5590,2024-01-16 10:32:00,cart,1802,Fashion,29,Desktop,Returning
583,5591,2024-01-16 14:58:00,view,1691,Home,18,Mobile,New
583,5591,2024-01-16 14:59:00,cart,1691,Home,18,Mobile,New
515,5592,2024-01-24 21:19:00,view,1350,Fashion,328,Mobile,New
1338,5593,2024-01-18 01:49:00,view,1344,Home,46,Mobile,Returning
1338,5593,2024-01-18 01:50:00,cart,1344,Home,46,Mobile,Returning
1338,5593,2024-01-18 01:54:00,checkout,1344,Home,46,Mobile,Returning
1338,5593,2024-01-18 01:55:00,purchase,1344,Home,46,Mobile,Returning
32,5594,2024-01-29 22:20:00,view,1592,Fashion,826,Mobile,New
287,5595,2024-01-23 08:11:00,view,1760,Fashion,299,Mobile,New
594,5596,2024-01-04 20:08:00,view,1690,Home,932,Mobile,New
594,5596,2024-01-04 20:09:00,cart,1690,Home,932,Mobile,New
594,5596,2024-01-04 20:13:00,checkout,1690,Home,932,Mobile,New
594,5596,2024-01-04 20:14:00,purchase,1690,Home,932,Mobile,New
1067,5597,2024-02-01 19:41:00,view,1651,Electronics,111,Desktop,New
1067,5597,2024-02-01 19:42:00,cart,1651,Electronics,111,Desktop,New
1067,5597,2024-02-01 19:43:00,checkout,1651,Electronics,111,Desktop,New
1067,5597,2024-02-01 19:44:00,purchase,1651,Electronics,111,Desktop,New
1927,5598,2024-01-08 22:02:00,view,1471,Fashion,34,Mobile,New
1927,5598,2024-01-08 22:03:00,cart,1471,Fashion,34,Mobile,New
1927,5598,2024-01-08 22:05:00,checkout,1471,Fashion,34,Mobile,New
1927,5598,2024-01-08 22:08:00,purchase,1471,Fashion,34,Mobile,New
617,5599,2024-01-15 08:05:00,view,1214,Fashion,77,Mobile,New
617,5599,2024-01-15 08:06:00,cart,1214,Fashion,77,Mobile,New
617,5599,2024-01-15 08:08:00,checkout,1214,Fashion,77,Mobile,New
617,5599,2024-01-15 08:11:00,purchase,1214,Fashion,77,Mobile,New
1025,5600,2024-01-20 07:56:00,view,1785,Home,310,Mobile,Returning
1025,5600,2024-01-20 07:57:00,cart,1785,Home,310,Mobile,Returning
1025,5600,2024-01-20 07:59:00,checkout,1785,Home,310,Mobile,Returning
1025,5600,2024-01-20 08:02:00,purchase,1785,Home,310,Mobile,Returning
1597,5601,2024-01-13 16:02:00,view,1805,Electronics,995,Mobile,New
270,5602,2024-01-04 21:07:00,view,1760,Beauty,447,Mobile,New
1204,5603,2024-01-06 02:49:00,view,1221,Electronics,658,Desktop,New
1204,5603,2024-01-06 02:51:00,cart,1221,Electronics,658,Desktop,New
1204,5603,2024-01-06 02:55:00,checkout,1221,Electronics,658,Desktop,New
1204,5603,2024-01-06 02:58:00,purchase,1221,Electronics,658,Desktop,New
1760,5604,2024-01-19 04:15:00,view,1735,Home,594,Mobile,New
518,5605,2024-01-12 00:50:00,view,1749,Electronics,254,Desktop,Returning
1127,5606,2024-01-27 20:04:00,view,1142,Electronics,565,Mobile,New
1127,5606,2024-01-27 20:07:00,cart,1142,Electronics,565,Mobile,New
1127,5606,2024-01-27 20:08:00,checkout,1142,Electronics,565,Mobile,New
1127,5606,2024-01-27 20:09:00,purchase,1142,Electronics,565,Mobile,New
1034,5607,2024-01-28 13:20:00,view,1582,Beauty,991,Mobile,New
1034,5607,2024-01-28 13:23:00,cart,1582,Beauty,991,Mobile,New
1034,5607,2024-01-28 13:24:00,checkout,1582,Beauty,991,Mobile,New
1034,5607,2024-01-28 13:28:00,purchase,1582,Beauty,991,Mobile,New
583,5608,2024-02-02 03:24:00,view,1392,Fashion,741,Mobile,New
583,5608,2024-02-02 03:25:00,cart,1392,Fashion,741,Mobile,New
583,5608,2024-02-02 03:27:00,checkout,1392,Fashion,741,Mobile,New
583,5608,2024-02-02 03:31:00,purchase,1392,Fashion,741,Mobile,New
1114,5609,2024-01-31 12:53:00,view,1360,Electronics,338,Mobile,New
1114,5609,2024-01-31 12:57:00,cart,1360,Electronics,338,Mobile,New
1114,5609,2024-01-31 12:58:00,checkout,1360,Electronics,338,Mobile,New
1114,5609,2024-01-31 13:02:00,purchase,1360,Electronics,338,Mobile,New
226,5610,2024-01-15 17:26:00,view,1836,Home,734,Desktop,New
670,5611,2024-01-06 00:04:00,view,1263,Beauty,326,Desktop,New
1764,5612,2024-01-18 17:12:00,view,1932,Home,272,Desktop,New
1764,5612,2024-01-18 17:16:00,cart,1932,Home,272,Desktop,New
1764,5612,2024-01-18 17:18:00,checkout,1932,Home,272,Desktop,New
917,5613,2024-01-22 07:15:00,view,1035,Beauty,179,Mobile,New
917,5613,2024-01-22 07:18:00,cart,1035,Beauty,179,Mobile,New
917,5613,2024-01-22 07:19:00,checkout,1035,Beauty,179,Mobile,New
917,5613,2024-01-22 07:20:00,purchase,1035,Beauty,179,Mobile,New
126,5614,2024-01-27 19:30:00,view,1436,Beauty,170,Mobile,New
126,5614,2024-01-27 19:31:00,cart,1436,Beauty,170,Mobile,New
126,5614,2024-01-27 19:35:00,checkout,1436,Beauty,170,Mobile,New
126,5614,2024-01-27 19:36:00,purchase,1436,Beauty,170,Mobile,New
956,5615,2024-01-11 14:49:00,view,1621,Beauty,267,Mobile,New
956,5615,2024-01-11 14:50:00,cart,1621,Beauty,267,Mobile,New
956,5615,2024-01-11 14:52:00,checkout,1621,Beauty,267,Mobile,New
956,5615,2024-01-11 14:53:00,purchase,1621,Beauty,267,Mobile,New
1233,5616,2024-01-24 13:39:00,view,1233,Fashion,838,Tablet,New
1233,5616,2024-01-24 13:41:00,cart,1233,Fashion,838,Tablet,New
1121,5617,2024-01-24 09:39:00,view,1209,Fashion,814,Mobile,Returning
1121,5617,2024-01-24 09:43:00,cart,1209,Fashion,814,Mobile,Returning
1121,5617,2024-01-24 09:47:00,checkout,1209,Fashion,814,Mobile,Returning
74,5618,2024-02-02 20:08:00,view,1947,Electronics,231,Desktop,Returning
74,5618,2024-02-02 20:10:00,cart,1947,Electronics,231,Desktop,Returning
74,5618,2024-02-02 20:13:00,checkout,1947,Electronics,231,Desktop,Returning
74,5618,2024-02-02 20:15:00,purchase,1947,Electronics,231,Desktop,Returning
1651,5619,2024-01-29 06:02:00,view,1406,Beauty,56,Mobile,New
1651,5619,2024-01-29 06:05:00,cart,1406,Beauty,56,Mobile,New
1651,5619,2024-01-29 06:07:00,checkout,1406,Beauty,56,Mobile,New
1651,5619,2024-01-29 06:11:00,purchase,1406,Beauty,56,Mobile,New
1215,5620,2024-01-14 12:55:00,view,1264,Electronics,200,Mobile,Returning
1706,5621,2024-01-10 18:05:00,view,1245,Home,152,Mobile,New
1706,5621,2024-01-10 18:07:00,cart,1245,Home,152,Mobile,New
1706,5621,2024-01-10 18:09:00,checkout,1245,Home,152,Mobile,New
1706,5621,2024-01-10 18:10:00,purchase,1245,Home,152,Mobile,New
1843,5622,2024-01-05 10:18:00,view,1414,Fashion,556,Mobile,New
1843,5622,2024-01-05 10:19:00,cart,1414,Fashion,556,Mobile,New
1984,5623,2024-01-19 16:54:00,view,1559,Beauty,823,Desktop,New
1984,5623,2024-01-19 16:58:00,cart,1559,Beauty,823,Desktop,New
1740,5624,2024-02-02 13:08:00,view,1229,Electronics,812,Mobile,New
56,5625,2024-01-31 10:03:00,view,1917,Beauty,153,Desktop,Returning
56,5625,2024-01-31 10:06:00,cart,1917,Beauty,153,Desktop,Returning
56,5625,2024-01-31 10:09:00,checkout,1917,Beauty,153,Desktop,Returning
56,5625,2024-01-31 10:10:00,purchase,1917,Beauty,153,Desktop,Returning
720,5626,2024-01-05 13:05:00,view,1298,Home,215,Mobile,Returning
720,5626,2024-01-05 13:06:00,cart,1298,Home,215,Mobile,Returning
720,5626,2024-01-05 13:10:00,checkout,1298,Home,215,Mobile,Returning
720,5626,2024-01-05 13:14:00,purchase,1298,Home,215,Mobile,Returning
553,5627,2024-01-13 13:51:00,view,1819,Home,709,Tablet,New
32,5628,2024-01-09 23:04:00,view,1771,Beauty,496,Mobile,New
32,5628,2024-01-09 23:05:00,cart,1771,Beauty,496,Mobile,New
32,5628,2024-01-09 23:06:00,checkout,1771,Beauty,496,Mobile,New
32,5628,2024-01-09 23:10:00,purchase,1771,Beauty,496,Mobile,New
1551,5629,2024-01-24 00:35:00,view,1639,Fashion,585,Desktop,Returning
574,5630,2024-01-28 08:12:00,view,1381,Beauty,983,Desktop,Returning
667,5631,2024-01-10 19:49:00,view,1663,Fashion,113,Tablet,New
284,5632,2024-01-23 19:19:00,view,1054,Fashion,973,Mobile,New
284,5632,2024-01-23 19:23:00,cart,1054,Fashion,973,Mobile,New
284,5632,2024-01-23 19:24:00,checkout,1054,Fashion,973,Mobile,New
284,5632,2024-01-23 19:27:00,purchase,1054,Fashion,973,Mobile,New
1745,5633,2024-01-20 06:19:00,view,1908,Home,441,Desktop,New
1745,5633,2024-01-20 06:22:00,cart,1908,Home,441,Desktop,New
1745,5633,2024-01-20 06:23:00,checkout,1908,Home,441,Desktop,New
1745,5633,2024-01-20 06:27:00,purchase,1908,Home,441,Desktop,New
1856,5634,2024-01-13 10:54:00,view,1589,Fashion,298,Mobile,New
1856,5634,2024-01-13 10:57:00,cart,1589,Fashion,298,Mobile,New
1856,5634,2024-01-13 11:00:00,checkout,1589,Fashion,298,Mobile,New
1856,5634,2024-01-13 11:03:00,purchase,1589,Fashion,298,Mobile,New
1518,5635,2024-01-08 19:29:00,view,1914,Fashion,271,Mobile,Returning
1518,5635,2024-01-08 19:33:00,cart,1914,Fashion,271,Mobile,Returning
187,5636,2024-01-02 09:06:00,view,1909,Beauty,329,Mobile,Returning
187,5636,2024-01-02 09:08:00,cart,1909,Beauty,329,Mobile,Returning
187,5636,2024-01-02 09:12:00,checkout,1909,Beauty,329,Mobile,Returning
187,5636,2024-01-02 09:14:00,purchase,1909,Beauty,329,Mobile,Returning
498,5637,2024-01-26 16:32:00,view,1913,Beauty,657,Mobile,New
498,5637,2024-01-26 16:35:00,cart,1913,Beauty,657,Mobile,New
1466,5638,2024-01-26 14:27:00,view,1155,Home,552,Tablet,New
1466,5638,2024-01-26 14:30:00,cart,1155,Home,552,Tablet,New
1466,5638,2024-01-26 14:34:00,checkout,1155,Home,552,Tablet,New
130,5639,2024-01-10 18:48:00,view,1250,Home,556,Mobile,New
639,5640,2024-01-31 02:09:00,view,1440,Electronics,557,Mobile,New
639,5640,2024-01-31 02:12:00,cart,1440,Electronics,557,Mobile,New
1316,5641,2024-01-14 07:04:00,view,1059,Beauty,283,Desktop,Returning
114,5642,2024-01-21 16:35:00,view,1220,Fashion,122,Mobile,Returning
114,5642,2024-01-21 16:37:00,cart,1220,Fashion,122,Mobile,Returning
1223,5643,2024-01-11 04:59:00,view,1780,Home,272,Desktop,New
13,5644,2024-02-03 15:01:00,view,1719,Electronics,276,Mobile,Returning
1295,5645,2024-01-19 22:04:00,view,1918,Fashion,992,Mobile,Returning
1295,5645,2024-01-19 22:08:00,cart,1918,Fashion,992,Mobile,Returning
1295,5645,2024-01-19 22:12:00,checkout,1918,Fashion,992,Mobile,Returning
1295,5645,2024-01-19 22:14:00,purchase,1918,Fashion,992,Mobile,Returning
1625,5646,2024-01-21 03:05:00,view,1999,Beauty,642,Mobile,New
1625,5646,2024-01-21 03:07:00,cart,1999,Beauty,642,Mobile,New
1625,5646,2024-01-21 03:10:00,checkout,1999,Beauty,642,Mobile,New
1239,5647,2024-01-03 09:44:00,view,1078,Fashion,810,Desktop,Returning
1239,5647,2024-01-03 09:48:00,cart,1078,Fashion,810,Desktop,Returning
1239,5647,2024-01-03 09:52:00,checkout,1078,Fashion,810,Desktop,Returning
1239,5647,2024-01-03 09:56:00,purchase,1078,Fashion,810,Desktop,Returning
444,5648,2024-01-17 13:20:00,view,1752,Electronics,81,Desktop,New
444,5648,2024-01-17 13:23:00,cart,1752,Electronics,81,Desktop,New
1814,5649,2024-01-28 01:35:00,view,1770,Electronics,284,Tablet,New
1536,5650,2024-01-25 14:57:00,view,1328,Home,331,Mobile,New
1536,5650,2024-01-25 14:58:00,cart,1328,Home,331,Mobile,New
1536,5650,2024-01-25 15:02:00,checkout,1328,Home,331,Mobile,New
1536,5650,2024-01-25 15:05:00,purchase,1328,Home,331,Mobile,New
447,5651,2024-01-26 06:40:00,view,1381,Home,703,Mobile,Returning
447,5651,2024-01-26 06:42:00,cart,1381,Home,703,Mobile,Returning
447,5651,2024-01-26 06:46:00,checkout,1381,Home,703,Mobile,Returning
447,5651,2024-01-26 06:47:00,purchase,1381,Home,703,Mobile,Returning
986,5652,2024-01-08 10:34:00,view,1519,Electronics,125,Mobile,New
986,5652,2024-01-08 10:38:00,cart,1519,Electronics,125,Mobile,New
986,5652,2024-01-08 10:42:00,checkout,1519,Electronics,125,Mobile,New
986,5652,2024-01-08 10:44:00,purchase,1519,Electronics,125,Mobile,New
993,5653,2024-01-31 14:17:00,view,1101,Fashion,407,Mobile,New
993,5653,2024-01-31 14:19:00,cart,1101,Fashion,407,Mobile,New
993,5653,2024-01-31 14:22:00,checkout,1101,Fashion,407,Mobile,New
715,5654,2024-01-25 00:31:00,view,1914,Home,231,Mobile,New
715,5654,2024-01-25 00:33:00,cart,1914,Home,231,Mobile,New
715,5654,2024-01-25 00:34:00,checkout,1914,Home,231,Mobile,New
715,5654,2024-01-25 00:35:00,purchase,1914,Home,231,Mobile,New
74,5655,2024-01-02 08:04:00,view,1875,Electronics,360,Desktop,Returning
537,5656,2024-01-25 08:42:00,view,1114,Fashion,737,Mobile,Returning
537,5656,2024-01-25 08:44:00,cart,1114,Fashion,737,Mobile,Returning
537,5656,2024-01-25 08:48:00,checkout,1114,Fashion,737,Mobile,Returning
537,5656,2024-01-25 08:49:00,purchase,1114,Fashion,737,Mobile,Returning
101,5657,2024-01-23 08:38:00,view,1146,Beauty,387,Mobile,New
176,5658,2024-01-27 18:42:00,view,1526,Home,144,Desktop,New
427,5659,2024-01-19 00:12:00,view,1232,Home,215,Desktop,New
427,5659,2024-01-19 00:15:00,cart,1232,Home,215,Desktop,New
427,5659,2024-01-19 00:16:00,checkout,1232,Home,215,Desktop,New
427,5659,2024-01-19 00:20:00,purchase,1232,Home,215,Desktop,New
1141,5660,2024-01-16 06:29:00,view,1795,Fashion,614,Mobile,Returning
1141,5660,2024-01-16 06:31:00,cart,1795,Fashion,614,Mobile,Returning
1141,5660,2024-01-16 06:35:00,checkout,1795,Fashion,614,Mobile,Returning
1141,5660,2024-01-16 06:38:00,purchase,1795,Fashion,614,Mobile,Returning
1190,5661,2024-01-21 11:49:00,view,1346,Electronics,213,Mobile,Returning
1190,5661,2024-01-21 11:50:00,cart,1346,Electronics,213,Mobile,Returning
1190,5661,2024-01-21 11:54:00,checkout,1346,Electronics,213,Mobile,Returning
41,5662,2024-01-01 04:09:00,view,1110,Fashion,216,Mobile,New
429,5663,2024-01-21 01:04:00,view,1939,Home,754,Mobile,New
429,5663,2024-01-21 01:06:00,cart,1939,Home,754,Mobile,New
344,5664,2024-01-26 23:32:00,view,1746,Electronics,753,Desktop,New
344,5664,2024-01-26 23:34:00,cart,1746,Electronics,753,Desktop,New
344,5664,2024-01-26 23:35:00,checkout,1746,Electronics,753,Desktop,New
1448,5665,2024-01-12 23:03:00,view,1290,Home,202,Mobile,Returning
1448,5665,2024-01-12 23:04:00,cart,1290,Home,202,Mobile,Returning
366,5666,2024-01-03 04:32:00,view,1106,Electronics,57,Desktop,New
366,5666,2024-01-03 04:34:00,cart,1106,Electronics,57,Desktop,New
366,5666,2024-01-03 04:37:00,checkout,1106,Electronics,57,Desktop,New
366,5666,2024-01-03 04:38:00,purchase,1106,Electronics,57,Desktop,New
1144,5667,2024-01-14 09:34:00,view,1725,Electronics,547,Desktop,New
1144,5667,2024-01-14 09:37:00,cart,1725,Electronics,547,Desktop,New
1144,5667,2024-01-14 09:38:00,checkout,1725,Electronics,547,Desktop,New
1144,5667,2024-01-14 09:42:00,purchase,1725,Electronics,547,Desktop,New
609,5668,2024-01-02 08:37:00,view,1345,Beauty,150,Desktop,New
657,5669,2024-01-07 04:01:00,view,1117,Electronics,417,Mobile,New
728,5670,2024-01-14 08:53:00,view,1443,Electronics,813,Mobile,Returning
728,5670,2024-01-14 08:55:00,cart,1443,Electronics,813,Mobile,Returning
728,5670,2024-01-14 08:57:00,checkout,1443,Electronics,813,Mobile,Returning
728,5670,2024-01-14 09:01:00,purchase,1443,Electronics,813,Mobile,Returning
229,5671,2024-01-07 05:45:00,view,1675,Electronics,268,Desktop,Returning
229,5671,2024-01-07 05:46:00,cart,1675,Electronics,268,Desktop,Returning
229,5671,2024-01-07 05:47:00,checkout,1675,Electronics,268,Desktop,Returning
229,5671,2024-01-07 05:51:00,purchase,1675,Electronics,268,Desktop,Returning
825,5672,2024-01-11 14:38:00,view,1392,Fashion,380,Mobile,New
825,5672,2024-01-11 14:39:00,cart,1392,Fashion,380,Mobile,New
1154,5673,2024-02-04 13:19:00,view,1947,Electronics,856,Mobile,Returning
1154,5673,2024-02-04 13:21:00,cart,1947,Electronics,856,Mobile,Returning
1154,5673,2024-02-04 13:24:00,checkout,1947,Electronics,856,Mobile,Returning
1154,5673,2024-02-04 13:28:00,purchase,1947,Electronics,856,Mobile,Returning
1376,5674,2024-01-31 16:30:00,view,1498,Home,549,Mobile,Returning
1376,5674,2024-01-31 16:32:00,cart,1498,Home,549,Mobile,Returning
1376,5674,2024-01-31 16:33:00,checkout,1498,Home,549,Mobile,Returning
1376,5674,2024-01-31 16:37:00,purchase,1498,Home,549,Mobile,Returning
889,5675,2024-01-11 07:50:00,view,1474,Electronics,720,Mobile,New
1342,5676,2024-01-01 16:37:00,view,1591,Beauty,517,Desktop,New
1342,5676,2024-01-01 16:39:00,cart,1591,Beauty,517,Desktop,New
1342,5676,2024-01-01 16:43:00,checkout,1591,Beauty,517,Desktop,New
1342,5676,2024-01-01 16:45:00,purchase,1591,Beauty,517,Desktop,New
984,5677,2024-01-10 01:36:00,view,1093,Home,596,Mobile,New
984,5677,2024-01-10 01:37:00,cart,1093,Home,596,Mobile,New
984,5677,2024-01-10 01:41:00,checkout,1093,Home,596,Mobile,New
984,5677,2024-01-10 01:43:00,purchase,1093,Home,596,Mobile,New
1673,5678,2024-01-31 22:54:00,view,1903,Beauty,911,Mobile,Returning
1673,5678,2024-01-31 22:57:00,cart,1903,Beauty,911,Mobile,Returning
1673,5678,2024-01-31 23:01:00,checkout,1903,Beauty,911,Mobile,Returning
1673,5678,2024-01-31 23:04:00,purchase,1903,Beauty,911,Mobile,Returning
836,5679,2024-01-20 06:05:00,view,1999,Beauty,48,Mobile,New
1361,5680,2024-01-13 10:54:00,view,1958,Fashion,444,Mobile,Returning
1297,5681,2024-01-06 04:45:00,view,1358,Fashion,571,Desktop,New
1297,5681,2024-01-06 04:46:00,cart,1358,Fashion,571,Desktop,New
1297,5681,2024-01-06 04:49:00,checkout,1358,Fashion,571,Desktop,New
117,5682,2024-01-22 13:34:00,view,1662,Electronics,293,Desktop,Returning
117,5682,2024-01-22 13:37:00,cart,1662,Electronics,293,Desktop,Returning
117,5682,2024-01-22 13:41:00,checkout,1662,Electronics,293,Desktop,Returning
117,5682,2024-01-22 13:42:00,purchase,1662,Electronics,293,Desktop,Returning
818,5683,2024-01-20 10:13:00,view,1895,Beauty,632,Mobile,New
368,5684,2024-01-29 23:15:00,view,1748,Beauty,288,Mobile,Returning
1118,5685,2024-01-12 07:28:00,view,1498,Fashion,69,Mobile,Returning
1118,5685,2024-01-12 07:32:00,cart,1498,Fashion,69,Mobile,Returning
1118,5685,2024-01-12 07:34:00,checkout,1498,Fashion,69,Mobile,Returning
1118,5685,2024-01-12 07:36:00,purchase,1498,Fashion,69,Mobile,Returning
168,5686,2024-01-03 08:28:00,view,1752,Beauty,808,Desktop,New
168,5686,2024-01-03 08:32:00,cart,1752,Beauty,808,Desktop,New
168,5686,2024-01-03 08:36:00,checkout,1752,Beauty,808,Desktop,New
168,5686,2024-01-03 08:39:00,purchase,1752,Beauty,808,Desktop,New
954,5687,2024-02-04 14:29:00,view,1860,Beauty,530,Mobile,Returning
1739,5688,2024-01-02 17:21:00,view,1582,Home,793,Desktop,New
1365,5689,2024-02-03 00:27:00,view,1134,Beauty,510,Mobile,Returning
1365,5689,2024-02-03 00:30:00,cart,1134,Beauty,510,Mobile,Returning
1365,5689,2024-02-03 00:33:00,checkout,1134,Beauty,510,Mobile,Returning
1365,5689,2024-02-03 00:37:00,purchase,1134,Beauty,510,Mobile,Returning
661,5690,2024-02-03 16:43:00,view,1480,Electronics,160,Desktop,New
661,5690,2024-02-03 16:45:00,cart,1480,Electronics,160,Desktop,New
1938,5691,2024-01-19 19:59:00,view,1957,Home,260,Mobile,Returning
1938,5691,2024-01-19 20:00:00,cart,1957,Home,260,Mobile,Returning
1938,5691,2024-01-19 20:04:00,checkout,1957,Home,260,Mobile,Returning
1938,5691,2024-01-19 20:08:00,purchase,1957,Home,260,Mobile,Returning
695,5692,2024-01-21 23:19:00,view,1271,Beauty,701,Desktop,New
925,5693,2024-01-31 09:20:00,view,1748,Beauty,657,Mobile,New
152,5694,2024-01-09 00:11:00,view,1063,Beauty,926,Desktop,New
152,5694,2024-01-09 00:14:00,cart,1063,Beauty,926,Desktop,New
152,5694,2024-01-09 00:17:00,checkout,1063,Beauty,926,Desktop,New
152,5694,2024-01-09 00:19:00,purchase,1063,Beauty,926,Desktop,New
586,5695,2024-01-28 14:22:00,view,1922,Electronics,595,Mobile,New
586,5695,2024-01-28 14:26:00,cart,1922,Electronics,595,Mobile,New
586,5695,2024-01-28 14:27:00,checkout,1922,Electronics,595,Mobile,New
586,5695,2024-01-28 14:31:00,purchase,1922,Electronics,595,Mobile,New
1901,5696,2024-01-04 06:51:00,view,1562,Fashion,819,Mobile,New
913,5697,2024-01-06 09:27:00,view,1112,Home,451,Desktop,Returning
913,5697,2024-01-06 09:28:00,cart,1112,Home,451,Desktop,Returning
274,5698,2024-01-16 04:40:00,view,1099,Beauty,568,Mobile,Returning
1578,5699,2024-01-29 17:21:00,view,1900,Beauty,762,Desktop,Returning
1578,5699,2024-01-29 17:23:00,cart,1900,Beauty,762,Desktop,Returning
496,5700,2024-01-07 14:56:00,view,1234,Beauty,802,Desktop,New
496,5700,2024-01-07 14:58:00,cart,1234,Beauty,802,Desktop,New
496,5700,2024-01-07 15:02:00,checkout,1234,Beauty,802,Desktop,New
1748,5701,2024-01-25 01:31:00,view,1093,Home,188,Mobile,New
101,5702,2024-01-26 02:44:00,view,1301,Beauty,960,Mobile,New
557,5703,2024-01-08 12:24:00,view,1585,Beauty,869,Mobile,New
557,5703,2024-01-08 12:25:00,cart,1585,Beauty,869,Mobile,New
557,5703,2024-01-08 12:29:00,checkout,1585,Beauty,869,Mobile,New
557,5703,2024-01-08 12:32:00,purchase,1585,Beauty,869,Mobile,New
1106,5704,2024-01-05 12:01:00,view,1720,Home,208,Mobile,New
1553,5705,2024-01-22 18:00:00,view,1649,Beauty,370,Mobile,Returning
1553,5705,2024-01-22 18:02:00,cart,1649,Beauty,370,Mobile,Returning
1553,5705,2024-01-22 18:06:00,checkout,1649,Beauty,370,Mobile,Returning
1553,5705,2024-01-22 18:08:00,purchase,1649,Beauty,370,Mobile,Returning
73,5706,2024-01-16 19:02:00,view,1247,Fashion,221,Desktop,New
73,5706,2024-01-16 19:03:00,cart,1247,Fashion,221,Desktop,New
73,5706,2024-01-16 19:06:00,checkout,1247,Fashion,221,Desktop,New
73,5706,2024-01-16 19:09:00,purchase,1247,Fashion,221,Desktop,New
1038,5707,2024-01-28 17:28:00,view,1388,Beauty,479,Mobile,Returning
1038,5707,2024-01-28 17:30:00,cart,1388,Beauty,479,Mobile,Returning
1038,5707,2024-01-28 17:32:00,checkout,1388,Beauty,479,Mobile,Returning
1038,5707,2024-01-28 17:33:00,purchase,1388,Beauty,479,Mobile,Returning
1457,5708,2024-01-29 08:07:00,view,1791,Home,453,Mobile,Returning
1457,5708,2024-01-29 08:10:00,cart,1791,Home,453,Mobile,Returning
1457,5708,2024-01-29 08:13:00,checkout,1791,Home,453,Mobile,Returning
1457,5708,2024-01-29 08:17:00,purchase,1791,Home,453,Mobile,Returning
157,5709,2024-01-21 19:09:00,view,1941,Home,336,Mobile,Returning
735,5710,2024-01-24 19:11:00,view,1789,Home,530,Mobile,New
132,5711,2024-01-09 14:43:00,view,1346,Electronics,267,Mobile,New
132,5711,2024-01-09 14:46:00,cart,1346,Electronics,267,Mobile,New
132,5711,2024-01-09 14:47:00,checkout,1346,Electronics,267,Mobile,New
132,5711,2024-01-09 14:50:00,purchase,1346,Electronics,267,Mobile,New
1362,5712,2024-01-24 03:44:00,view,1934,Fashion,357,Desktop,New
1362,5712,2024-01-24 03:48:00,cart,1934,Fashion,357,Desktop,New
1019,5713,2024-01-09 22:57:00,view,1276,Electronics,376,Desktop,Returning
1428,5714,2024-01-24 23:04:00,view,1060,Beauty,743,Mobile,Returning
1400,5715,2024-01-16 03:50:00,view,1146,Home,916,Tablet,Returning
1400,5715,2024-01-16 03:51:00,cart,1146,Home,916,Tablet,Returning
1400,5715,2024-01-16 03:53:00,checkout,1146,Home,916,Tablet,Returning
1912,5716,2024-02-01 07:05:00,view,1509,Electronics,26,Mobile,Returning
1912,5716,2024-02-01 07:08:00,cart,1509,Electronics,26,Mobile,Returning
1912,5716,2024-02-01 07:09:00,checkout,1509,Electronics,26,Mobile,Returning
1912,5716,2024-02-01 07:12:00,purchase,1509,Electronics,26,Mobile,Returning
559,5717,2024-02-04 07:24:00,view,1805,Beauty,212,Desktop,Returning
559,5717,2024-02-04 07:26:00,cart,1805,Beauty,212,Desktop,Returning
559,5717,2024-02-04 07:28:00,checkout,1805,Beauty,212,Desktop,Returning
559,5717,2024-02-04 07:30:00,purchase,1805,Beauty,212,Desktop,Returning
107,5718,2024-01-05 02:56:00,view,1674,Electronics,624,Desktop,New
107,5718,2024-01-05 03:00:00,cart,1674,Electronics,624,Desktop,New
1644,5719,2024-01-08 10:48:00,view,1606,Fashion,922,Desktop,Returning
1644,5719,2024-01-08 10:50:00,cart,1606,Fashion,922,Desktop,Returning
1644,5719,2024-01-08 10:54:00,checkout,1606,Fashion,922,Desktop,Returning
1644,5719,2024-01-08 10:57:00,purchase,1606,Fashion,922,Desktop,Returning
265,5720,2024-02-02 14:05:00,view,1496,Electronics,402,Mobile,Returning
265,5720,2024-02-02 14:07:00,cart,1496,Electronics,402,Mobile,Returning
265,5720,2024-02-02 14:10:00,checkout,1496,Electronics,402,Mobile,Returning
265,5720,2024-02-02 14:12:00,purchase,1496,Electronics,402,Mobile,Returning
1229,5721,2024-01-05 09:32:00,view,1255,Electronics,158,Mobile,Returning
1103,5722,2024-01-01 14:26:00,view,1442,Home,917,Mobile,Returning
155,5723,2024-01-10 17:59:00,view,1676,Fashion,353,Desktop,Returning
155,5723,2024-01-10 18:02:00,cart,1676,Fashion,353,Desktop,Returning
155,5723,2024-01-10 18:05:00,checkout,1676,Fashion,353,Desktop,Returning
155,5723,2024-01-10 18:08:00,purchase,1676,Fashion,353,Desktop,Returning
1807,5724,2024-01-18 16:09:00,view,1619,Electronics,947,Mobile,Returning
1807,5724,2024-01-18 16:13:00,cart,1619,Electronics,947,Mobile,Returning
988,5725,2024-01-17 22:10:00,view,1697,Beauty,472,Desktop,New
997,5726,2024-01-31 10:44:00,view,1381,Fashion,617,Mobile,Returning
997,5726,2024-01-31 10:45:00,cart,1381,Fashion,617,Mobile,Returning
997,5726,2024-01-31 10:47:00,checkout,1381,Fashion,617,Mobile,Returning
997,5726,2024-01-31 10:49:00,purchase,1381,Fashion,617,Mobile,Returning
247,5727,2024-01-20 05:01:00,view,1219,Beauty,983,Desktop,New
247,5727,2024-01-20 05:02:00,cart,1219,Beauty,983,Desktop,New
247,5727,2024-01-20 05:06:00,checkout,1219,Beauty,983,Desktop,New
247,5727,2024-01-20 05:09:00,purchase,1219,Beauty,983,Desktop,New
531,5728,2024-01-04 16:25:00,view,1115,Fashion,325,Mobile,Returning
531,5728,2024-01-04 16:29:00,cart,1115,Fashion,325,Mobile,Returning
858,5729,2024-02-01 18:35:00,view,1406,Beauty,45,Mobile,New
858,5729,2024-02-01 18:37:00,cart,1406,Beauty,45,Mobile,New
858,5729,2024-02-01 18:41:00,checkout,1406,Beauty,45,Mobile,New
858,5729,2024-02-01 18:42:00,purchase,1406,Beauty,45,Mobile,New
1972,5730,2024-01-02 13:25:00,view,1366,Electronics,914,Mobile,Returning
538,5731,2024-01-07 08:54:00,view,1166,Beauty,626,Mobile,New
538,5731,2024-01-07 08:58:00,cart,1166,Beauty,626,Mobile,New
538,5731,2024-01-07 08:59:00,checkout,1166,Beauty,626,Mobile,New
729,5732,2024-01-11 21:51:00,view,1170,Electronics,204,Mobile,New
729,5732,2024-01-11 21:53:00,cart,1170,Electronics,204,Mobile,New
729,5732,2024-01-11 21:57:00,checkout,1170,Electronics,204,Mobile,New
729,5732,2024-01-11 21:59:00,purchase,1170,Electronics,204,Mobile,New
1178,5733,2024-01-31 23:55:00,view,1282,Electronics,957,Desktop,New
1178,5733,2024-01-31 23:57:00,cart,1282,Electronics,957,Desktop,New
1178,5733,2024-02-01 00:00:00,checkout,1282,Electronics,957,Desktop,New
154,5734,2024-01-14 12:12:00,view,1824,Home,696,Mobile,New
154,5734,2024-01-14 12:14:00,cart,1824,Home,696,Mobile,New
1710,5735,2024-01-02 21:01:00,view,1100,Home,752,Mobile,Returning
1710,5735,2024-01-02 21:02:00,cart,1100,Home,752,Mobile,Returning
1710,5735,2024-01-02 21:06:00,checkout,1100,Home,752,Mobile,Returning
92,5736,2024-02-04 10:47:00,view,1124,Beauty,644,Desktop,Returning
92,5736,2024-02-04 10:49:00,cart,1124,Beauty,644,Desktop,Returning
92,5736,2024-02-04 10:52:00,checkout,1124,Beauty,644,Desktop,Returning
92,5736,2024-02-04 10:54:00,purchase,1124,Beauty,644,Desktop,Returning
1457,5737,2024-01-16 02:10:00,view,1675,Electronics,978,Mobile,Returning
338,5738,2024-01-09 00:15:00,view,1448,Home,723,Desktop,Returning
338,5738,2024-01-09 00:19:00,cart,1448,Home,723,Desktop,Returning
1504,5739,2024-02-03 14:19:00,view,1339,Home,287,Tablet,New
1717,5740,2024-01-06 06:59:00,view,1705,Home,89,Mobile,New
1717,5740,2024-01-06 07:03:00,cart,1705,Home,89,Mobile,New
1717,5740,2024-01-06 07:07:00,checkout,1705,Home,89,Mobile,New
1717,5740,2024-01-06 07:09:00,purchase,1705,Home,89,Mobile,New
1155,5741,2024-01-19 23:46:00,view,1539,Beauty,580,Mobile,Returning
450,5742,2024-01-07 17:47:00,view,1150,Beauty,126,Mobile,New
810,5743,2024-01-03 16:23:00,view,1983,Home,738,Desktop,New
787,5744,2024-01-02 01:06:00,view,1753,Fashion,294,Mobile,New
787,5744,2024-01-02 01:07:00,cart,1753,Fashion,294,Mobile,New
273,5745,2024-01-23 01:40:00,view,1548,Home,212,Desktop,Returning
1953,5746,2024-01-28 22:14:00,view,1134,Beauty,649,Desktop,New
1953,5746,2024-01-28 22:15:00,cart,1134,Beauty,649,Desktop,New
588,5747,2024-01-09 12:45:00,view,1881,Fashion,496,Mobile,New
177,5748,2024-01-14 11:54:00,view,1565,Fashion,495,Desktop,Returning
177,5748,2024-01-14 11:55:00,cart,1565,Fashion,495,Desktop,Returning
177,5748,2024-01-14 11:57:00,checkout,1565,Fashion,495,Desktop,Returning
177,5748,2024-01-14 12:01:00,purchase,1565,Fashion,495,Desktop,Returning
1720,5749,2024-01-24 23:13:00,view,1014,Home,958,Desktop,New
1720,5749,2024-01-24 23:14:00,cart,1014,Home,958,Desktop,New
1720,5749,2024-01-24 23:16:00,checkout,1014,Home,958,Desktop,New
1720,5749,2024-01-24 23:18:00,purchase,1014,Home,958,Desktop,New
831,5750,2024-01-03 10:29:00,view,1921,Home,874,Mobile,New
643,5751,2024-02-03 14:55:00,view,1372,Beauty,408,Desktop,New
643,5751,2024-02-03 14:56:00,cart,1372,Beauty,408,Desktop,New
643,5751,2024-02-03 14:57:00,checkout,1372,Beauty,408,Desktop,New
1899,5752,2024-01-17 07:13:00,view,1827,Fashion,86,Desktop,New
1899,5752,2024-01-17 07:15:00,cart,1827,Fashion,86,Desktop,New
1073,5753,2024-01-10 17:34:00,view,1630,Home,509,Mobile,New
567,5754,2024-01-06 21:11:00,view,1241,Home,367,Mobile,New
567,5754,2024-01-06 21:14:00,cart,1241,Home,367,Mobile,New
666,5755,2024-01-08 16:12:00,view,1476,Beauty,975,Mobile,New
1379,5756,2024-01-04 20:25:00,view,1384,Home,445,Mobile,New
1379,5756,2024-01-04 20:28:00,cart,1384,Home,445,Mobile,New
1379,5756,2024-01-04 20:32:00,checkout,1384,Home,445,Mobile,New
1736,5757,2024-01-25 23:31:00,view,1005,Beauty,435,Tablet,Returning
1332,5758,2024-01-08 20:19:00,view,1594,Beauty,231,Mobile,Returning
868,5759,2024-01-08 16:18:00,view,1211,Beauty,566,Desktop,New
868,5759,2024-01-08 16:20:00,cart,1211,Beauty,566,Desktop,New
868,5759,2024-01-08 16:23:00,checkout,1211,Beauty,566,Desktop,New
868,5759,2024-01-08 16:25:00,purchase,1211,Beauty,566,Desktop,New
1909,5760,2024-01-23 20:55:00,view,1523,Beauty,577,Mobile,New
1909,5760,2024-01-23 20:57:00,cart,1523,Beauty,577,Mobile,New
1654,5761,2024-01-13 02:31:00,view,1136,Home,62,Mobile,New
1654,5761,2024-01-13 02:33:00,cart,1136,Home,62,Mobile,New
1654,5761,2024-01-13 02:36:00,checkout,1136,Home,62,Mobile,New
1654,5761,2024-01-13 02:40:00,purchase,1136,Home,62,Mobile,New
1799,5762,2024-01-20 23:59:00,view,1603,Fashion,892,Desktop,New
1070,5763,2024-01-13 15:24:00,view,1700,Fashion,719,Desktop,New
1070,5763,2024-01-13 15:27:00,cart,1700,Fashion,719,Desktop,New
1070,5763,2024-01-13 15:29:00,checkout,1700,Fashion,719,Desktop,New
1070,5763,2024-01-13 15:31:00,purchase,1700,Fashion,719,Desktop,New
302,5764,2024-01-20 11:08:00,view,1794,Electronics,640,Mobile,New
868,5765,2024-01-18 23:36:00,view,1254,Home,680,Mobile,New
868,5765,2024-01-18 23:38:00,cart,1254,Home,680,Mobile,New
868,5765,2024-01-18 23:42:00,checkout,1254,Home,680,Mobile,New
868,5765,2024-01-18 23:44:00,purchase,1254,Home,680,Mobile,New
912,5766,2024-01-29 22:55:00,view,1787,Electronics,708,Mobile,New
408,5767,2024-01-25 04:46:00,view,1500,Home,468,Mobile,New
408,5767,2024-01-25 04:50:00,cart,1500,Home,468,Mobile,New
408,5767,2024-01-25 04:51:00,checkout,1500,Home,468,Mobile,New
408,5767,2024-01-25 04:53:00,purchase,1500,Home,468,Mobile,New
1213,5768,2024-01-19 13:24:00,view,1157,Fashion,593,Mobile,New
822,5769,2024-01-07 10:14:00,view,1010,Electronics,243,Mobile,New
822,5769,2024-01-07 10:15:00,cart,1010,Electronics,243,Mobile,New
822,5769,2024-01-07 10:19:00,checkout,1010,Electronics,243,Mobile,New
1854,5770,2024-01-28 14:25:00,view,1941,Fashion,191,Tablet,Returning
1153,5771,2024-01-28 08:00:00,view,1296,Fashion,391,Mobile,Returning
1153,5771,2024-01-28 08:01:00,cart,1296,Fashion,391,Mobile,Returning
561,5772,2024-01-31 09:24:00,view,1722,Beauty,737,Desktop,Returning
561,5772,2024-01-31 09:25:00,cart,1722,Beauty,737,Desktop,Returning
561,5772,2024-01-31 09:28:00,checkout,1722,Beauty,737,Desktop,Returning
561,5772,2024-01-31 09:30:00,purchase,1722,Beauty,737,Desktop,Returning
1561,5773,2024-01-21 08:41:00,view,1691,Home,982,Desktop,New
1561,5773,2024-01-21 08:44:00,cart,1691,Home,982,Desktop,New
1561,5773,2024-01-21 08:48:00,checkout,1691,Home,982,Desktop,New
1290,5774,2024-01-31 21:41:00,view,1753,Electronics,661,Mobile,New
1290,5774,2024-01-31 21:44:00,cart,1753,Electronics,661,Mobile,New
1142,5775,2024-02-04 06:13:00,view,1606,Fashion,512,Desktop,New
1142,5775,2024-02-04 06:17:00,cart,1606,Fashion,512,Desktop,New
1142,5775,2024-02-04 06:21:00,checkout,1606,Fashion,512,Desktop,New
1142,5775,2024-02-04 06:25:00,purchase,1606,Fashion,512,Desktop,New
464,5776,2024-01-18 05:44:00,view,1036,Fashion,980,Mobile,New
144,5777,2024-01-10 08:14:00,view,1444,Home,431,Desktop,New
144,5777,2024-01-10 08:15:00,cart,1444,Home,431,Desktop,New
442,5778,2024-01-29 09:24:00,view,1456,Home,912,Mobile,Returning
442,5778,2024-01-29 09:26:00,cart,1456,Home,912,Mobile,Returning
442,5778,2024-01-29 09:29:00,checkout,1456,Home,912,Mobile,Returning
442,5778,2024-01-29 09:32:00,purchase,1456,Home,912,Mobile,Returning
1224,5779,2024-01-18 02:41:00,view,1054,Home,690,Mobile,Returning
1224,5779,2024-01-18 02:44:00,cart,1054,Home,690,Mobile,Returning
1224,5779,2024-01-18 02:48:00,checkout,1054,Home,690,Mobile,Returning
1224,5779,2024-01-18 02:50:00,purchase,1054,Home,690,Mobile,Returning
1181,5780,2024-01-30 23:15:00,view,1663,Beauty,719,Desktop,Returning
1181,5780,2024-01-30 23:17:00,cart,1663,Beauty,719,Desktop,Returning
487,5781,2024-01-29 02:11:00,view,1911,Home,219,Mobile,New
487,5781,2024-01-29 02:15:00,cart,1911,Home,219,Mobile,New
487,5781,2024-01-29 02:16:00,checkout,1911,Home,219,Mobile,New
487,5781,2024-01-29 02:19:00,purchase,1911,Home,219,Mobile,New
860,5782,2024-01-09 11:03:00,view,1723,Electronics,763,Desktop,New
1158,5783,2024-01-23 19:23:00,view,1384,Fashion,25,Desktop,Returning
1158,5783,2024-01-23 19:25:00,cart,1384,Fashion,25,Desktop,Returning
1936,5784,2024-01-21 15:46:00,view,1791,Fashion,989,Mobile,Returning
1936,5784,2024-01-21 15:47:00,cart,1791,Fashion,989,Mobile,Returning
148,5785,2024-01-14 11:22:00,view,1829,Home,364,Mobile,New
1360,5786,2024-01-17 16:29:00,view,1556,Home,842,Mobile,New
1360,5786,2024-01-17 16:31:00,cart,1556,Home,842,Mobile,New
1360,5786,2024-01-17 16:34:00,checkout,1556,Home,842,Mobile,New
1360,5786,2024-01-17 16:35:00,purchase,1556,Home,842,Mobile,New
1095,5787,2024-02-03 04:37:00,view,1859,Beauty,931,Desktop,New
1095,5787,2024-02-03 04:39:00,cart,1859,Beauty,931,Desktop,New
1257,5788,2024-01-04 20:03:00,view,1980,Electronics,558,Desktop,New
1358,5789,2024-01-15 23:30:00,view,1921,Home,422,Mobile,New
1358,5789,2024-01-15 23:34:00,cart,1921,Home,422,Mobile,New
811,5790,2024-01-24 02:39:00,view,1595,Beauty,245,Mobile,Returning
811,5790,2024-01-24 02:41:00,cart,1595,Beauty,245,Mobile,Returning
811,5790,2024-01-24 02:42:00,checkout,1595,Beauty,245,Mobile,Returning
811,5790,2024-01-24 02:46:00,purchase,1595,Beauty,245,Mobile,Returning
666,5791,2024-01-02 21:54:00,view,1587,Fashion,149,Desktop,New
90,5792,2024-01-11 22:11:00,view,1916,Electronics,316,Mobile,New
90,5792,2024-01-11 22:13:00,cart,1916,Electronics,316,Mobile,New
90,5792,2024-01-11 22:17:00,checkout,1916,Electronics,316,Mobile,New
90,5792,2024-01-11 22:19:00,purchase,1916,Electronics,316,Mobile,New
1358,5793,2024-01-27 21:01:00,view,1711,Home,954,Desktop,New
1358,5793,2024-01-27 21:05:00,cart,1711,Home,954,Desktop,New
199,5794,2024-01-10 09:30:00,view,1838,Home,348,Desktop,Returning
199,5794,2024-01-10 09:34:00,cart,1838,Home,348,Desktop,Returning
199,5794,2024-01-10 09:36:00,checkout,1838,Home,348,Desktop,Returning
199,5794,2024-01-10 09:37:00,purchase,1838,Home,348,Desktop,Returning
1185,5795,2024-02-01 03:09:00,view,1987,Beauty,670,Desktop,New
1185,5795,2024-02-01 03:13:00,cart,1987,Beauty,670,Desktop,New
538,5796,2024-01-21 02:42:00,view,1721,Home,90,Mobile,New
1145,5797,2024-01-31 00:46:00,view,1731,Fashion,899,Mobile,New
1145,5797,2024-01-31 00:47:00,cart,1731,Fashion,899,Mobile,New
301,5798,2024-01-25 15:18:00,view,1779,Electronics,783,Mobile,New
301,5798,2024-01-25 15:22:00,cart,1779,Electronics,783,Mobile,New
301,5798,2024-01-25 15:23:00,checkout,1779,Electronics,783,Mobile,New
301,5798,2024-01-25 15:26:00,purchase,1779,Electronics,783,Mobile,New
724,5799,2024-02-03 01:51:00,view,1217,Electronics,184,Mobile,Returning
724,5799,2024-02-03 01:53:00,cart,1217,Electronics,184,Mobile,Returning
1599,5800,2024-01-10 16:34:00,view,1772,Electronics,198,Tablet,New
963,5801,2024-01-10 22:16:00,view,1484,Beauty,139,Mobile,New
1460,5802,2024-01-09 17:57:00,view,1554,Home,360,Desktop,Returning
1460,5802,2024-01-09 17:59:00,cart,1554,Home,360,Desktop,Returning
1460,5802,2024-01-09 18:00:00,checkout,1554,Home,360,Desktop,Returning
68,5803,2024-02-02 04:02:00,view,1911,Fashion,12,Mobile,Returning
68,5803,2024-02-02 04:06:00,cart,1911,Fashion,12,Mobile,Returning
68,5803,2024-02-02 04:09:00,checkout,1911,Fashion,12,Mobile,Returning
1789,5804,2024-01-24 08:58:00,view,1872,Fashion,241,Mobile,New
1789,5804,2024-01-24 09:00:00,cart,1872,Fashion,241,Mobile,New
1789,5804,2024-01-24 09:04:00,checkout,1872,Fashion,241,Mobile,New
1789,5804,2024-01-24 09:07:00,purchase,1872,Fashion,241,Mobile,New
1946,5805,2024-01-25 11:50:00,view,1434,Electronics,541,Mobile,New
459,5806,2024-01-10 04:32:00,view,1952,Home,348,Desktop,New
459,5806,2024-01-10 04:33:00,cart,1952,Home,348,Desktop,New
459,5806,2024-01-10 04:34:00,checkout,1952,Home,348,Desktop,New
459,5806,2024-01-10 04:38:00,purchase,1952,Home,348,Desktop,New
1538,5807,2024-02-02 12:56:00,view,1964,Fashion,549,Mobile,Returning
1538,5807,2024-02-02 12:57:00,cart,1964,Fashion,549,Mobile,Returning
398,5808,2024-01-02 03:11:00,view,1668,Beauty,15,Mobile,New
398,5808,2024-01-02 03:15:00,cart,1668,Beauty,15,Mobile,New
398,5808,2024-01-02 03:17:00,checkout,1668,Beauty,15,Mobile,New
398,5808,2024-01-02 03:19:00,purchase,1668,Beauty,15,Mobile,New
620,5809,2024-02-04 09:54:00,view,1888,Beauty,105,Desktop,Returning
620,5809,2024-02-04 09:55:00,cart,1888,Beauty,105,Desktop,Returning
620,5809,2024-02-04 09:59:00,checkout,1888,Beauty,105,Desktop,Returning
620,5809,2024-02-04 10:01:00,purchase,1888,Beauty,105,Desktop,Returning
1310,5810,2024-01-23 13:28:00,view,1720,Home,792,Mobile,Returning
1585,5811,2024-01-12 21:41:00,view,1096,Beauty,792,Mobile,Returning
1164,5812,2024-01-28 15:52:00,view,1667,Beauty,527,Mobile,Returning
730,5813,2024-01-09 04:15:00,view,1190,Electronics,825,Mobile,New
730,5813,2024-01-09 04:18:00,cart,1190,Electronics,825,Mobile,New
730,5813,2024-01-09 04:19:00,checkout,1190,Electronics,825,Mobile,New
730,5813,2024-01-09 04:21:00,purchase,1190,Electronics,825,Mobile,New
556,5814,2024-01-20 00:40:00,view,1789,Electronics,659,Desktop,New
556,5814,2024-01-20 00:42:00,cart,1789,Electronics,659,Desktop,New
556,5814,2024-01-20 00:45:00,checkout,1789,Electronics,659,Desktop,New
556,5814,2024-01-20 00:48:00,purchase,1789,Electronics,659,Desktop,New
1953,5815,2024-01-10 18:22:00,view,1673,Home,906,Mobile,New
1953,5815,2024-01-10 18:25:00,cart,1673,Home,906,Mobile,New
1953,5815,2024-01-10 18:29:00,checkout,1673,Home,906,Mobile,New
1953,5815,2024-01-10 18:33:00,purchase,1673,Home,906,Mobile,New
781,5816,2024-01-04 07:53:00,view,1423,Beauty,737,Mobile,Returning
781,5816,2024-01-04 07:54:00,cart,1423,Beauty,737,Mobile,Returning
781,5816,2024-01-04 07:55:00,checkout,1423,Beauty,737,Mobile,Returning
781,5816,2024-01-04 07:58:00,purchase,1423,Beauty,737,Mobile,Returning
1614,5817,2024-01-28 12:04:00,view,1259,Home,310,Mobile,New
1614,5817,2024-01-28 12:08:00,cart,1259,Home,310,Mobile,New
1614,5817,2024-01-28 12:09:00,checkout,1259,Home,310,Mobile,New
1614,5817,2024-01-28 12:12:00,purchase,1259,Home,310,Mobile,New
1752,5818,2024-01-18 15:11:00,view,1982,Fashion,207,Desktop,New
894,5819,2024-01-07 10:49:00,view,1470,Home,718,Mobile,New
894,5819,2024-01-07 10:53:00,cart,1470,Home,718,Mobile,New
894,5819,2024-01-07 10:54:00,checkout,1470,Home,718,Mobile,New
894,5819,2024-01-07 10:56:00,purchase,1470,Home,718,Mobile,New
610,5820,2024-01-24 17:28:00,view,1038,Fashion,241,Desktop,Returning
748,5821,2024-01-18 00:52:00,view,1975,Beauty,709,Mobile,New
748,5821,2024-01-18 00:56:00,cart,1975,Beauty,709,Mobile,New
282,5822,2024-01-11 17:58:00,view,1134,Home,441,Mobile,New
282,5822,2024-01-11 17:59:00,cart,1134,Home,441,Mobile,New
282,5822,2024-01-11 18:02:00,checkout,1134,Home,441,Mobile,New
282,5822,2024-01-11 18:06:00,purchase,1134,Home,441,Mobile,New
661,5823,2024-01-13 13:29:00,view,1220,Home,251,Desktop,New
924,5824,2024-01-27 21:49:00,view,1675,Fashion,927,Mobile,Returning
1840,5825,2024-01-17 10:14:00,view,1995,Beauty,889,Desktop,New
1840,5825,2024-01-17 10:16:00,cart,1995,Beauty,889,Desktop,New
1840,5825,2024-01-17 10:20:00,checkout,1995,Beauty,889,Desktop,New
1840,5825,2024-01-17 10:22:00,purchase,1995,Beauty,889,Desktop,New
996,5826,2024-01-22 18:57:00,view,1439,Beauty,101,Mobile,New
996,5826,2024-01-22 18:58:00,cart,1439,Beauty,101,Mobile,New
996,5826,2024-01-22 19:00:00,checkout,1439,Beauty,101,Mobile,New
996,5826,2024-01-22 19:01:00,purchase,1439,Beauty,101,Mobile,New
1960,5827,2024-01-16 08:17:00,view,1096,Home,607,Desktop,Returning
1602,5828,2024-02-04 04:47:00,view,1476,Home,963,Mobile,New
1602,5828,2024-02-04 04:50:00,cart,1476,Home,963,Mobile,New
746,5829,2024-01-04 00:05:00,view,1512,Fashion,838,Desktop,Returning
746,5829,2024-01-04 00:06:00,cart,1512,Fashion,838,Desktop,Returning
1481,5830,2024-01-22 02:24:00,view,1026,Beauty,406,Mobile,Returning
1481,5830,2024-01-22 02:25:00,cart,1026,Beauty,406,Mobile,Returning
1481,5830,2024-01-22 02:26:00,checkout,1026,Beauty,406,Mobile,Returning
1481,5830,2024-01-22 02:28:00,purchase,1026,Beauty,406,Mobile,Returning
87,5831,2024-01-16 00:43:00,view,1454,Fashion,111,Mobile,Returning
87,5831,2024-01-16 00:44:00,cart,1454,Fashion,111,Mobile,Returning
87,5831,2024-01-16 00:45:00,checkout,1454,Fashion,111,Mobile,Returning
87,5831,2024-01-16 00:49:00,purchase,1454,Fashion,111,Mobile,Returning
1103,5832,2024-01-19 01:24:00,view,1787,Fashion,505,Mobile,Returning
1229,5833,2024-01-27 01:54:00,view,1298,Electronics,232,Mobile,Returning
1229,5833,2024-01-27 01:56:00,cart,1298,Electronics,232,Mobile,Returning
1229,5833,2024-01-27 01:57:00,checkout,1298,Electronics,232,Mobile,Returning
1229,5833,2024-01-27 01:59:00,purchase,1298,Electronics,232,Mobile,Returning
791,5834,2024-01-05 07:54:00,view,1280,Beauty,163,Mobile,New
1361,5835,2024-01-18 21:06:00,view,1085,Home,944,Mobile,Returning
1361,5835,2024-01-18 21:07:00,cart,1085,Home,944,Mobile,Returning
1361,5835,2024-01-18 21:09:00,checkout,1085,Home,944,Mobile,Returning
1361,5835,2024-01-18 21:12:00,purchase,1085,Home,944,Mobile,Returning
1278,5836,2024-01-14 11:37:00,view,1633,Beauty,885,Mobile,Returning
304,5837,2024-01-18 09:46:00,view,1661,Home,837,Desktop,Returning
1404,5838,2024-01-12 03:58:00,view,1130,Fashion,264,Desktop,Returning
130,5839,2024-01-17 18:52:00,view,1531,Electronics,386,Desktop,New
130,5839,2024-01-17 18:53:00,cart,1531,Electronics,386,Desktop,New
130,5839,2024-01-17 18:56:00,checkout,1531,Electronics,386,Desktop,New
130,5839,2024-01-17 18:59:00,purchase,1531,Electronics,386,Desktop,New
596,5840,2024-01-07 04:18:00,view,1487,Electronics,154,Mobile,New
1300,5841,2024-01-15 11:39:00,view,1947,Fashion,190,Mobile,Returning
1723,5842,2024-01-12 16:09:00,view,1214,Electronics,69,Mobile,New
558,5843,2024-01-15 16:41:00,view,1191,Fashion,882,Desktop,New
558,5843,2024-01-15 16:42:00,cart,1191,Fashion,882,Desktop,New
558,5843,2024-01-15 16:45:00,checkout,1191,Fashion,882,Desktop,New
558,5843,2024-01-15 16:48:00,purchase,1191,Fashion,882,Desktop,New
899,5844,2024-01-28 06:21:00,view,1058,Home,912,Mobile,New
1207,5845,2024-01-29 11:38:00,view,1028,Home,682,Mobile,Returning
1207,5845,2024-01-29 11:39:00,cart,1028,Home,682,Mobile,Returning
1207,5845,2024-01-29 11:43:00,checkout,1028,Home,682,Mobile,Returning
1207,5845,2024-01-29 11:44:00,purchase,1028,Home,682,Mobile,Returning
1292,5846,2024-02-04 11:32:00,view,1597,Beauty,841,Desktop,New
1832,5847,2024-01-23 09:17:00,view,1776,Electronics,387,Mobile,Returning
1346,5848,2024-01-13 20:12:00,view,1123,Home,851,Desktop,New
1346,5848,2024-01-13 20:14:00,cart,1123,Home,851,Desktop,New
1346,5848,2024-01-13 20:16:00,checkout,1123,Home,851,Desktop,New
1536,5849,2024-01-16 13:39:00,view,1389,Home,703,Desktop,New
1536,5849,2024-01-16 13:41:00,cart,1389,Home,703,Desktop,New
1536,5849,2024-01-16 13:43:00,checkout,1389,Home,703,Desktop,New
1536,5849,2024-01-16 13:47:00,purchase,1389,Home,703,Desktop,New
1636,5850,2024-01-06 06:41:00,view,1942,Beauty,851,Mobile,New
1636,5850,2024-01-06 06:42:00,cart,1942,Beauty,851,Mobile,New
78,5851,2024-01-23 15:21:00,view,1891,Home,546,Mobile,New
78,5851,2024-01-23 15:25:00,cart,1891,Home,546,Mobile,New
78,5851,2024-01-23 15:27:00,checkout,1891,Home,546,Mobile,New
784,5852,2024-01-13 02:04:00,view,1031,Home,710,Mobile,New
784,5852,2024-01-13 02:08:00,cart,1031,Home,710,Mobile,New
784,5852,2024-01-13 02:12:00,checkout,1031,Home,710,Mobile,New
784,5852,2024-01-13 02:13:00,purchase,1031,Home,710,Mobile,New
1363,5853,2024-02-02 02:13:00,view,1928,Fashion,965,Desktop,Returning
1363,5853,2024-02-02 02:16:00,cart,1928,Fashion,965,Desktop,Returning
1363,5853,2024-02-02 02:17:00,checkout,1928,Fashion,965,Desktop,Returning
1363,5853,2024-02-02 02:20:00,purchase,1928,Fashion,965,Desktop,Returning
674,5854,2024-01-17 09:51:00,view,1423,Home,131,Mobile,New
1580,5855,2024-01-08 02:31:00,view,1116,Home,935,Desktop,New
1580,5855,2024-01-08 02:35:00,cart,1116,Home,935,Desktop,New
1580,5855,2024-01-08 02:37:00,checkout,1116,Home,935,Desktop,New
1580,5855,2024-01-08 02:38:00,purchase,1116,Home,935,Desktop,New
1533,5856,2024-01-10 12:19:00,view,1165,Fashion,535,Mobile,Returning
1533,5856,2024-01-10 12:22:00,cart,1165,Fashion,535,Mobile,Returning
1533,5856,2024-01-10 12:26:00,checkout,1165,Fashion,535,Mobile,Returning
1533,5856,2024-01-10 12:28:00,purchase,1165,Fashion,535,Mobile,Returning
238,5857,2024-01-28 05:41:00,view,1834,Fashion,723,Mobile,New
238,5857,2024-01-28 05:43:00,cart,1834,Fashion,723,Mobile,New
1158,5858,2024-01-20 03:47:00,view,1768,Home,178,Mobile,Returning
1997,5859,2024-01-15 13:16:00,view,1760,Beauty,891,Desktop,Returning
1216,5860,2024-01-10 17:32:00,view,1018,Fashion,69,Mobile,New
1216,5860,2024-01-10 17:33:00,cart,1018,Fashion,69,Mobile,New
1216,5860,2024-01-10 17:37:00,checkout,1018,Fashion,69,Mobile,New
1216,5860,2024-01-10 17:41:00,purchase,1018,Fashion,69,Mobile,New
1380,5861,2024-01-27 22:05:00,view,1859,Home,606,Desktop,New
278,5862,2024-01-31 01:00:00,view,1989,Beauty,655,Mobile,Returning
1042,5863,2024-01-09 08:56:00,view,1878,Home,387,Mobile,Returning
524,5864,2024-01-21 05:52:00,view,1854,Fashion,674,Desktop,Returning
180,5865,2024-01-09 12:25:00,view,1643,Beauty,281,Desktop,New
123,5866,2024-02-01 17:29:00,view,1645,Beauty,529,Mobile,New
1270,5867,2024-01-30 01:33:00,view,1886,Electronics,830,Mobile,New
1270,5867,2024-01-30 01:37:00,cart,1886,Electronics,830,Mobile,New
1270,5867,2024-01-30 01:40:00,checkout,1886,Electronics,830,Mobile,New
1270,5867,2024-01-30 01:44:00,purchase,1886,Electronics,830,Mobile,New
1758,5868,2024-01-24 17:56:00,view,1957,Beauty,143,Desktop,New
1758,5868,2024-01-24 17:59:00,cart,1957,Beauty,143,Desktop,New
1758,5868,2024-01-24 18:02:00,checkout,1957,Beauty,143,Desktop,New
1397,5869,2024-01-20 04:26:00,view,1196,Beauty,18,Mobile,New
1397,5869,2024-01-20 04:30:00,cart,1196,Beauty,18,Mobile,New
1397,5869,2024-01-20 04:33:00,checkout,1196,Beauty,18,Mobile,New
1397,5869,2024-01-20 04:36:00,purchase,1196,Beauty,18,Mobile,New
1075,5870,2024-02-04 03:26:00,view,1795,Beauty,13,Mobile,Returning
1075,5870,2024-02-04 03:30:00,cart,1795,Beauty,13,Mobile,Returning
1075,5870,2024-02-04 03:33:00,checkout,1795,Beauty,13,Mobile,Returning
1075,5870,2024-02-04 03:37:00,purchase,1795,Beauty,13,Mobile,Returning
1095,5871,2024-01-15 15:39:00,view,1357,Electronics,850,Desktop,New
1095,5871,2024-01-15 15:43:00,cart,1357,Electronics,850,Desktop,New
1095,5871,2024-01-15 15:47:00,checkout,1357,Electronics,850,Desktop,New
1095,5871,2024-01-15 15:48:00,purchase,1357,Electronics,850,Desktop,New
480,5872,2024-01-16 17:13:00,view,1492,Electronics,869,Mobile,New
1584,5873,2024-01-19 03:04:00,view,1055,Electronics,60,Mobile,New
1043,5874,2024-01-20 08:57:00,view,1051,Electronics,609,Mobile,New
1043,5874,2024-01-20 09:01:00,cart,1051,Electronics,609,Mobile,New
1043,5874,2024-01-20 09:02:00,checkout,1051,Electronics,609,Mobile,New
1043,5874,2024-01-20 09:04:00,purchase,1051,Electronics,609,Mobile,New
1798,5875,2024-02-02 11:50:00,view,1240,Home,332,Desktop,New
84,5876,2024-02-03 19:17:00,view,1263,Fashion,611,Desktop,New
84,5876,2024-02-03 19:21:00,cart,1263,Fashion,611,Desktop,New
84,5876,2024-02-03 19:24:00,checkout,1263,Fashion,611,Desktop,New
84,5876,2024-02-03 19:26:00,purchase,1263,Fashion,611,Desktop,New
1179,5877,2024-01-12 13:21:00,view,1916,Electronics,367,Mobile,Returning
1179,5877,2024-01-12 13:24:00,cart,1916,Electronics,367,Mobile,Returning
1179,5877,2024-01-12 13:27:00,checkout,1916,Electronics,367,Mobile,Returning
565,5878,2024-01-24 23:46:00,view,1097,Electronics,525,Mobile,New
565,5878,2024-01-24 23:47:00,cart,1097,Electronics,525,Mobile,New
565,5878,2024-01-24 23:48:00,checkout,1097,Electronics,525,Mobile,New
619,5879,2024-01-05 02:57:00,view,1450,Beauty,760,Mobile,Returning
619,5879,2024-01-05 03:01:00,cart,1450,Beauty,760,Mobile,Returning
619,5879,2024-01-05 03:03:00,checkout,1450,Beauty,760,Mobile,Returning
619,5879,2024-01-05 03:06:00,purchase,1450,Beauty,760,Mobile,Returning
357,5880,2024-01-13 06:21:00,view,1118,Beauty,565,Desktop,New
357,5880,2024-01-13 06:24:00,cart,1118,Beauty,565,Desktop,New
357,5880,2024-01-13 06:25:00,checkout,1118,Beauty,565,Desktop,New
357,5880,2024-01-13 06:27:00,purchase,1118,Beauty,565,Desktop,New
816,5881,2024-02-02 19:57:00,view,1813,Beauty,425,Mobile,New
647,5882,2024-01-05 00:26:00,view,1637,Home,174,Desktop,New
647,5882,2024-01-05 00:28:00,cart,1637,Home,174,Desktop,New
647,5882,2024-01-05 00:30:00,checkout,1637,Home,174,Desktop,New
647,5882,2024-01-05 00:34:00,purchase,1637,Home,174,Desktop,New
443,5883,2024-01-28 04:42:00,view,1298,Home,862,Mobile,New
443,5883,2024-01-28 04:43:00,cart,1298,Home,862,Mobile,New
443,5883,2024-01-28 04:44:00,checkout,1298,Home,862,Mobile,New
443,5883,2024-01-28 04:48:00,purchase,1298,Home,862,Mobile,New
1093,5884,2024-01-27 23:52:00,view,1296,Fashion,102,Tablet,Returning
1093,5884,2024-01-27 23:54:00,cart,1296,Fashion,102,Tablet,Returning
1093,5884,2024-01-27 23:56:00,checkout,1296,Fashion,102,Tablet,Returning
523,5885,2024-01-25 06:58:00,view,1374,Electronics,692,Mobile,Returning
143,5886,2024-02-01 23:07:00,view,1758,Beauty,631,Desktop,New
143,5886,2024-02-01 23:09:00,cart,1758,Beauty,631,Desktop,New
192,5887,2024-01-01 00:12:00,view,1864,Fashion,234,Mobile,Returning
1411,5888,2024-01-18 12:51:00,view,1268,Fashion,783,Mobile,New
378,5889,2024-01-11 01:08:00,view,1119,Beauty,323,Desktop,New
378,5889,2024-01-11 01:09:00,cart,1119,Beauty,323,Desktop,New
378,5889,2024-01-11 01:11:00,checkout,1119,Beauty,323,Desktop,New
378,5889,2024-01-11 01:13:00,purchase,1119,Beauty,323,Desktop,New
581,5890,2024-01-23 17:41:00,view,1085,Home,945,Desktop,New
581,5890,2024-01-23 17:45:00,cart,1085,Home,945,Desktop,New
535,5891,2024-01-03 02:40:00,view,1147,Home,590,Mobile,Returning
1717,5892,2024-01-21 22:35:00,view,1676,Fashion,195,Desktop,New
1717,5892,2024-01-21 22:37:00,cart,1676,Fashion,195,Desktop,New
1317,5893,2024-02-01 07:26:00,view,1195,Fashion,430,Mobile,New
1033,5894,2024-01-20 18:48:00,view,1569,Home,606,Desktop,New
1033,5894,2024-01-20 18:52:00,cart,1569,Home,606,Desktop,New
1033,5894,2024-01-20 18:56:00,checkout,1569,Home,606,Desktop,New
1033,5894,2024-01-20 18:58:00,purchase,1569,Home,606,Desktop,New
1295,5895,2024-01-31 01:52:00,view,1616,Fashion,123,Mobile,Returning
1411,5896,2024-01-27 12:26:00,view,1162,Beauty,452,Mobile,New
1411,5896,2024-01-27 12:30:00,cart,1162,Beauty,452,Mobile,New
93,5897,2024-01-03 04:33:00,view,1880,Fashion,110,Mobile,Returning
93,5897,2024-01-03 04:36:00,cart,1880,Fashion,110,Mobile,Returning
1990,5898,2024-01-04 10:08:00,view,1296,Home,913,Mobile,Returning
1990,5898,2024-01-04 10:12:00,cart,1296,Home,913,Mobile,Returning
1990,5898,2024-01-04 10:14:00,checkout,1296,Home,913,Mobile,Returning
1990,5898,2024-01-04 10:15:00,purchase,1296,Home,913,Mobile,Returning
529,5899,2024-01-15 10:33:00,view,1354,Home,940,Desktop,New
529,5899,2024-01-15 10:36:00,cart,1354,Home,940,Desktop,New
529,5899,2024-01-15 10:39:00,checkout,1354,Home,940,Desktop,New
529,5899,2024-01-15 10:41:00,purchase,1354,Home,940,Desktop,New
1178,5900,2024-01-13 14:27:00,view,1100,Beauty,853,Mobile,New
1178,5900,2024-01-13 14:29:00,cart,1100,Beauty,853,Mobile,New
405,5901,2024-01-06 08:19:00,view,1968,Beauty,501,Mobile,New
405,5901,2024-01-06 08:22:00,cart,1968,Beauty,501,Mobile,New
405,5901,2024-01-06 08:25:00,checkout,1968,Beauty,501,Mobile,New
405,5901,2024-01-06 08:27:00,purchase,1968,Beauty,501,Mobile,New
840,5902,2024-01-16 15:49:00,view,1991,Home,819,Mobile,Returning
840,5902,2024-01-16 15:50:00,cart,1991,Home,819,Mobile,Returning
1173,5903,2024-01-20 14:51:00,view,1160,Home,724,Desktop,Returning
889,5904,2024-01-10 23:21:00,view,1704,Fashion,699,Mobile,New
889,5904,2024-01-10 23:22:00,cart,1704,Fashion,699,Mobile,New
889,5904,2024-01-10 23:26:00,checkout,1704,Fashion,699,Mobile,New
889,5904,2024-01-10 23:28:00,purchase,1704,Fashion,699,Mobile,New
1291,5905,2024-01-27 03:27:00,view,1372,Fashion,71,Mobile,New
1291,5905,2024-01-27 03:31:00,cart,1372,Fashion,71,Mobile,New
422,5906,2024-01-12 05:25:00,view,1935,Beauty,95,Desktop,Returning
1864,5907,2024-01-15 00:00:00,view,1294,Home,16,Mobile,New
1864,5907,2024-01-15 00:04:00,cart,1294,Home,16,Mobile,New
1642,5908,2024-01-05 07:51:00,view,1033,Electronics,535,Desktop,Returning
472,5909,2024-01-22 02:11:00,view,1328,Fashion,761,Desktop,Returning
472,5909,2024-01-22 02:13:00,cart,1328,Fashion,761,Desktop,Returning
472,5909,2024-01-22 02:15:00,checkout,1328,Fashion,761,Desktop,Returning
472,5909,2024-01-22 02:17:00,purchase,1328,Fashion,761,Desktop,Returning
893,5910,2024-01-30 06:11:00,view,1913,Beauty,437,Mobile,Returning
893,5910,2024-01-30 06:15:00,cart,1913,Beauty,437,Mobile,Returning
893,5910,2024-01-30 06:19:00,checkout,1913,Beauty,437,Mobile,Returning
547,5911,2024-01-20 18:46:00,view,1867,Home,700,Desktop,New
547,5911,2024-01-20 18:50:00,cart,1867,Home,700,Desktop,New
547,5911,2024-01-20 18:54:00,checkout,1867,Home,700,Desktop,New
547,5911,2024-01-20 18:56:00,purchase,1867,Home,700,Desktop,New
631,5912,2024-01-16 06:25:00,view,1425,Fashion,946,Desktop,Returning
631,5912,2024-01-16 06:28:00,cart,1425,Fashion,946,Desktop,Returning
1550,5913,2024-02-02 10:49:00,view,1624,Home,825,Mobile,Returning
1550,5913,2024-02-02 10:51:00,cart,1624,Home,825,Mobile,Returning
1527,5914,2024-01-03 03:46:00,view,1046,Fashion,727,Mobile,New
1038,5915,2024-01-08 21:36:00,view,1568,Home,81,Desktop,Returning
1038,5915,2024-01-08 21:39:00,cart,1568,Home,81,Desktop,Returning
1038,5915,2024-01-08 21:43:00,checkout,1568,Home,81,Desktop,Returning
1038,5915,2024-01-08 21:45:00,purchase,1568,Home,81,Desktop,Returning
778,5916,2024-01-13 20:33:00,view,1981,Beauty,645,Mobile,Returning
1676,5917,2024-01-10 13:30:00,view,1423,Electronics,738,Desktop,New
1676,5917,2024-01-10 13:34:00,cart,1423,Electronics,738,Desktop,New
1830,5918,2024-02-03 17:17:00,view,1142,Home,560,Mobile,New
1830,5918,2024-02-03 17:21:00,cart,1142,Home,560,Mobile,New
364,5919,2024-01-12 07:45:00,view,1925,Fashion,155,Mobile,New
364,5919,2024-01-12 07:47:00,cart,1925,Fashion,155,Mobile,New
119,5920,2024-01-29 07:10:00,view,1667,Home,985,Mobile,Returning
119,5920,2024-01-29 07:14:00,cart,1667,Home,985,Mobile,Returning
119,5920,2024-01-29 07:17:00,checkout,1667,Home,985,Mobile,Returning
119,5920,2024-01-29 07:19:00,purchase,1667,Home,985,Mobile,Returning
1262,5921,2024-01-24 07:04:00,view,1509,Fashion,544,Mobile,Returning
546,5922,2024-01-08 09:36:00,view,1328,Electronics,187,Mobile,New
1193,5923,2024-01-05 03:22:00,view,1171,Beauty,697,Desktop,New
522,5924,2024-01-17 18:47:00,view,1979,Electronics,947,Desktop,New
522,5924,2024-01-17 18:50:00,cart,1979,Electronics,947,Desktop,New
522,5924,2024-01-17 18:52:00,checkout,1979,Electronics,947,Desktop,New
522,5924,2024-01-17 18:55:00,purchase,1979,Electronics,947,Desktop,New
634,5925,2024-01-28 23:46:00,view,1038,Electronics,918,Desktop,New
634,5925,2024-01-28 23:50:00,cart,1038,Electronics,918,Desktop,New
1937,5926,2024-01-04 04:47:00,view,1672,Electronics,849,Desktop,New
1937,5926,2024-01-04 04:48:00,cart,1672,Electronics,849,Desktop,New
1937,5926,2024-01-04 04:51:00,checkout,1672,Electronics,849,Desktop,New
1937,5926,2024-01-04 04:53:00,purchase,1672,Electronics,849,Desktop,New
1681,5927,2024-01-11 08:23:00,view,1112,Electronics,877,Desktop,New
963,5928,2024-01-17 09:35:00,view,1073,Home,183,Mobile,New
963,5928,2024-01-17 09:36:00,cart,1073,Home,183,Mobile,New
963,5928,2024-01-17 09:37:00,checkout,1073,Home,183,Mobile,New
963,5928,2024-01-17 09:40:00,purchase,1073,Home,183,Mobile,New
958,5929,2024-01-13 14:12:00,view,1440,Beauty,537,Desktop,New
958,5929,2024-01-13 14:16:00,cart,1440,Beauty,537,Desktop,New
958,5929,2024-01-13 14:20:00,checkout,1440,Beauty,537,Desktop,New
1759,5930,2024-01-29 21:52:00,view,1854,Fashion,313,Mobile,New
883,5931,2024-01-22 23:02:00,view,1037,Fashion,960,Desktop,New
1793,5932,2024-01-06 03:00:00,view,1081,Electronics,590,Desktop,New
780,5933,2024-01-31 09:41:00,view,1049,Beauty,830,Mobile,Returning
871,5934,2024-01-13 15:11:00,view,1105,Beauty,704,Mobile,New
871,5934,2024-01-13 15:15:00,cart,1105,Beauty,704,Mobile,New
871,5934,2024-01-13 15:19:00,checkout,1105,Beauty,704,Mobile,New
871,5934,2024-01-13 15:23:00,purchase,1105,Beauty,704,Mobile,New
516,5935,2024-01-29 22:06:00,view,1655,Beauty,477,Mobile,New
938,5936,2024-01-26 05:13:00,view,1153,Fashion,194,Mobile,Returning
1421,5937,2024-02-03 05:02:00,view,1384,Fashion,276,Mobile,New
1421,5937,2024-02-03 05:04:00,cart,1384,Fashion,276,Mobile,New
1421,5937,2024-02-03 05:08:00,checkout,1384,Fashion,276,Mobile,New
866,5938,2024-01-08 15:51:00,view,1184,Home,587,Mobile,New
866,5938,2024-01-08 15:53:00,cart,1184,Home,587,Mobile,New
106,5939,2024-01-03 01:38:00,view,1652,Fashion,748,Mobile,New
106,5939,2024-01-03 01:42:00,cart,1652,Fashion,748,Mobile,New
106,5939,2024-01-03 01:46:00,checkout,1652,Fashion,748,Mobile,New
106,5939,2024-01-03 01:47:00,purchase,1652,Fashion,748,Mobile,New
1109,5940,2024-01-27 11:37:00,view,1442,Electronics,270,Desktop,Returning
214,5941,2024-01-28 11:45:00,view,1968,Beauty,117,Desktop,New
214,5941,2024-01-28 11:47:00,cart,1968,Beauty,117,Desktop,New
214,5941,2024-01-28 11:50:00,checkout,1968,Beauty,117,Desktop,New
1145,5942,2024-02-03 21:21:00,view,1318,Fashion,636,Desktop,New
1145,5942,2024-02-03 21:23:00,cart,1318,Fashion,636,Desktop,New
1156,5943,2024-01-27 08:17:00,view,1558,Home,66,Desktop,Returning
850,5944,2024-02-01 18:11:00,view,1107,Beauty,484,Mobile,New
197,5945,2024-01-02 02:41:00,view,1176,Electronics,189,Mobile,Returning
19,5946,2024-01-20 01:24:00,view,1036,Electronics,701,Desktop,New
19,5946,2024-01-20 01:26:00,cart,1036,Electronics,701,Desktop,New
19,5946,2024-01-20 01:28:00,checkout,1036,Electronics,701,Desktop,New
19,5946,2024-01-20 01:30:00,purchase,1036,Electronics,701,Desktop,New
642,5947,2024-01-06 16:25:00,view,1441,Fashion,278,Tablet,New
1036,5948,2024-01-18 13:54:00,view,1066,Beauty,187,Mobile,Returning
1105,5949,2024-01-26 02:10:00,view,1549,Home,316,Desktop,Returning
1105,5949,2024-01-26 02:11:00,cart,1549,Home,316,Desktop,Returning
330,5950,2024-01-28 15:40:00,view,1133,Home,123,Desktop,New
330,5950,2024-01-28 15:44:00,cart,1133,Home,123,Desktop,New
866,5951,2024-01-27 18:07:00,view,1925,Home,289,Desktop,New
774,5952,2024-01-19 09:41:00,view,1071,Home,820,Desktop,New
392,5953,2024-01-05 11:31:00,view,1325,Beauty,210,Mobile,New
392,5953,2024-01-05 11:33:00,cart,1325,Beauty,210,Mobile,New
637,5954,2024-01-19 05:05:00,view,1069,Fashion,923,Tablet,New
637,5954,2024-01-19 05:08:00,cart,1069,Fashion,923,Tablet,New
307,5955,2024-01-20 02:37:00,view,1757,Home,181,Desktop,New
307,5955,2024-01-20 02:38:00,cart,1757,Home,181,Desktop,New
1291,5956,2024-01-31 10:54:00,view,1516,Electronics,273,Mobile,New
1291,5956,2024-01-31 10:57:00,cart,1516,Electronics,273,Mobile,New
1291,5956,2024-01-31 10:58:00,checkout,1516,Electronics,273,Mobile,New
1291,5956,2024-01-31 11:00:00,purchase,1516,Electronics,273,Mobile,New
1471,5957,2024-01-25 00:16:00,view,1958,Beauty,400,Desktop,New
1471,5957,2024-01-25 00:20:00,cart,1958,Beauty,400,Desktop,New
1471,5957,2024-01-25 00:24:00,checkout,1958,Beauty,400,Desktop,New
1471,5957,2024-01-25 00:27:00,purchase,1958,Beauty,400,Desktop,New
1465,5958,2024-01-25 22:43:00,view,1196,Electronics,453,Mobile,Returning
895,5959,2024-01-21 04:30:00,view,1763,Home,419,Mobile,Returning
652,5960,2024-01-04 12:22:00,view,1508,Fashion,746,Mobile,New
841,5961,2024-01-18 20:18:00,view,1293,Beauty,680,Mobile,New
1026,5962,2024-01-19 14:18:00,view,1460,Fashion,246,Mobile,New
1026,5962,2024-01-19 14:20:00,cart,1460,Fashion,246,Mobile,New
1026,5962,2024-01-19 14:22:00,checkout,1460,Fashion,246,Mobile,New
1026,5962,2024-01-19 14:25:00,purchase,1460,Fashion,246,Mobile,New
520,5963,2024-02-04 05:11:00,view,1142,Electronics,443,Desktop,New
520,5963,2024-02-04 05:13:00,cart,1142,Electronics,443,Desktop,New
520,5963,2024-02-04 05:14:00,checkout,1142,Electronics,443,Desktop,New
1786,5964,2024-01-09 02:02:00,view,1816,Fashion,554,Mobile,Returning
1786,5964,2024-01-09 02:03:00,cart,1816,Fashion,554,Mobile,Returning
1675,5965,2024-01-26 07:30:00,view,1669,Home,782,Mobile,Returning
1675,5965,2024-01-26 07:32:00,cart,1669,Home,782,Mobile,Returning
1675,5965,2024-01-26 07:33:00,checkout,1669,Home,782,Mobile,Returning
1675,5965,2024-01-26 07:35:00,purchase,1669,Home,782,Mobile,Returning
636,5966,2024-01-20 07:14:00,view,1605,Home,361,Mobile,New
1333,5967,2024-01-16 08:41:00,view,1534,Electronics,658,Mobile,New
740,5968,2024-01-28 05:52:00,view,1503,Electronics,705,Desktop,New
1546,5969,2024-02-01 11:44:00,view,1825,Beauty,193,Desktop,New
1546,5969,2024-02-01 11:47:00,cart,1825,Beauty,193,Desktop,New
1546,5969,2024-02-01 11:48:00,checkout,1825,Beauty,193,Desktop,New
1546,5969,2024-02-01 11:50:00,purchase,1825,Beauty,193,Desktop,New
469,5970,2024-02-04 15:45:00,view,1765,Fashion,823,Desktop,New
212,5971,2024-01-19 22:47:00,view,1926,Beauty,69,Desktop,Returning
212,5971,2024-01-19 22:49:00,cart,1926,Beauty,69,Desktop,Returning
212,5971,2024-01-19 22:51:00,checkout,1926,Beauty,69,Desktop,Returning
212,5971,2024-01-19 22:52:00,purchase,1926,Beauty,69,Desktop,Returning
1136,5972,2024-01-02 17:01:00,view,1987,Home,983,Mobile,New
1136,5972,2024-01-02 17:03:00,cart,1987,Home,983,Mobile,New
1136,5972,2024-01-02 17:07:00,checkout,1987,Home,983,Mobile,New
1136,5972,2024-01-02 17:11:00,purchase,1987,Home,983,Mobile,New
1032,5973,2024-01-03 19:04:00,view,1535,Beauty,996,Desktop,New
804,5974,2024-01-11 18:36:00,view,1974,Fashion,254,Desktop,Returning
804,5974,2024-01-11 18:37:00,cart,1974,Fashion,254,Desktop,Returning
804,5974,2024-01-11 18:40:00,checkout,1974,Fashion,254,Desktop,Returning
804,5974,2024-01-11 18:41:00,purchase,1974,Fashion,254,Desktop,Returning
477,5975,2024-01-07 17:30:00,view,1383,Home,899,Mobile,New
477,5975,2024-01-07 17:32:00,cart,1383,Home,899,Mobile,New
477,5975,2024-01-07 17:33:00,checkout,1383,Home,899,Mobile,New
477,5975,2024-01-07 17:34:00,purchase,1383,Home,899,Mobile,New
874,5976,2024-01-27 04:13:00,view,1265,Fashion,479,Desktop,New
874,5976,2024-01-27 04:14:00,cart,1265,Fashion,479,Desktop,New
874,5976,2024-01-27 04:18:00,checkout,1265,Fashion,479,Desktop,New
460,5977,2024-01-13 09:34:00,view,1004,Fashion,881,Desktop,New
253,5978,2024-01-10 15:52:00,view,1260,Electronics,637,Desktop,Returning
253,5978,2024-01-10 15:55:00,cart,1260,Electronics,637,Desktop,Returning
1550,5979,2024-01-29 05:08:00,view,1227,Electronics,519,Mobile,Returning
752,5980,2024-01-23 03:04:00,view,1675,Fashion,188,Desktop,Returning
1462,5981,2024-01-30 07:14:00,view,1287,Home,919,Mobile,Returning
1778,5982,2024-01-17 20:38:00,view,1394,Fashion,476,Mobile,New
981,5983,2024-01-28 09:49:00,view,1808,Beauty,397,Mobile,New
854,5984,2024-01-15 17:42:00,view,1519,Electronics,184,Mobile,Returning
854,5984,2024-01-15 17:44:00,cart,1519,Electronics,184,Mobile,Returning
1685,5985,2024-01-10 05:47:00,view,1116,Fashion,356,Mobile,New
236,5986,2024-01-03 02:54:00,view,1010,Home,840,Mobile,Returning
236,5986,2024-01-03 02:56:00,cart,1010,Home,840,Mobile,Returning
236,5986,2024-01-03 02:58:00,checkout,1010,Home,840,Mobile,Returning
1330,5987,2024-01-09 18:48:00,view,1978,Fashion,974,Desktop,New
1330,5987,2024-01-09 18:49:00,cart,1978,Fashion,974,Desktop,New
478,5988,2024-01-29 02:16:00,view,1210,Home,373,Desktop,New
478,5988,2024-01-29 02:20:00,cart,1210,Home,373,Desktop,New
478,5988,2024-01-29 02:23:00,checkout,1210,Home,373,Desktop,New
478,5988,2024-01-29 02:26:00,purchase,1210,Home,373,Desktop,New
679,5989,2024-01-27 15:36:00,view,1929,Home,980,Tablet,Returning
679,5989,2024-01-27 15:38:00,cart,1929,Home,980,Tablet,Returning
1044,5990,2024-01-20 14:03:00,view,1416,Beauty,171,Mobile,Returning
1044,5990,2024-01-20 14:07:00,cart,1416,Beauty,171,Mobile,Returning
216,5991,2024-01-17 07:00:00,view,1979,Electronics,507,Mobile,New
216,5991,2024-01-17 07:02:00,cart,1979,Electronics,507,Mobile,New
216,5991,2024-01-17 07:04:00,checkout,1979,Electronics,507,Mobile,New
216,5991,2024-01-17 07:07:00,purchase,1979,Electronics,507,Mobile,New
855,5992,2024-01-15 15:04:00,view,1883,Electronics,470,Desktop,New
135,5993,2024-01-07 17:58:00,view,1527,Home,133,Mobile,Returning
905,5994,2024-01-19 07:40:00,view,1198,Fashion,48,Desktop,New
1153,5995,2024-01-03 01:43:00,view,1352,Beauty,989,Desktop,Returning
1153,5995,2024-01-03 01:47:00,cart,1352,Beauty,989,Desktop,Returning
1153,5995,2024-01-03 01:49:00,checkout,1352,Beauty,989,Desktop,Returning
1153,5995,2024-01-03 01:52:00,purchase,1352,Beauty,989,Desktop,Returning
410,5996,2024-01-22 07:34:00,view,1863,Home,439,Mobile,New
410,5996,2024-01-22 07:38:00,cart,1863,Home,439,Mobile,New
1446,5997,2024-01-12 16:52:00,view,1117,Beauty,788,Desktop,New
1446,5997,2024-01-12 16:53:00,cart,1117,Beauty,788,Desktop,New
1446,5997,2024-01-12 16:56:00,checkout,1117,Beauty,788,Desktop,New
1446,5997,2024-01-12 17:00:00,purchase,1117,Beauty,788,Desktop,New
1318,5998,2024-01-28 20:53:00,view,1333,Home,14,Desktop,Returning
1270,5999,2024-01-01 06:15:00,view,1953,Fashion,154,Mobile,New
1270,5999,2024-01-01 06:18:00,cart,1953,Fashion,154,Mobile,New
1270,5999,2024-01-01 06:21:00,checkout,1953,Fashion,154,Mobile,New
1270,5999,2024-01-01 06:24:00,purchase,1953,Fashion,154,Mobile,New
1725,6000,2024-02-01 21:01:00,view,1703,Beauty,78,Mobile,Returning
