session_id,carted,checked_out,purchased,viewed,revenue,category,device_type,user_type,price_bucket
1,1,1,1,1,162.0,Beauty,Mobile,Returning,Medium
2,0,0,0,1,0.0,Home,Mobile,New,Medium
3,0,0,0,1,0.0,Fashion,Desktop,Returning,High
4,1,0,0,1,0.0,Home,Mobile,New,Medium
5,0,0,0,1,0.0,Fashion,Mobile,Returning,High
6,1,1,1,1,918.0,Electronics,Desktop,New,High
7,1,0,0,1,0.0,Fashion,Mobile,Returning,Medium
8,0,0,0,1,0.0,Beauty,Mobile,Returning,High
9,1,1,0,1,0.0,Electronics,Tablet,New,Medium
10,1,0,0,1,0.0,Fashion,Mobile,New,Low
11,0,0,0,1,0.0,Beauty,Desktop,Returning,High
12,0,0,0,1,0.0,Home,Mobile,Returning,High
13,0,0,0,1,0.0,Fashion,Mobile,New,Medium
14,1,1,1,1,396.0,Electronics,Mobile,Returning,Medium
15,1,1,0,1,0.0,Fashion,Mobile,Returning,High
16,0,0,0,1,0.0,Beauty,Mobile,New,Medium
17,0,0,0,1,0.0,Beauty,Desktop,New,High
18,0,0,0,1,0.0,Electronics,Mobile,New,High
19,0,0,0,1,0.0,Home,Mobile,New,Medium
20,0,0,0,1,0.0,Fashion,Mobile,New,Medium
21,1,1,0,1,0.0,Fashion,Desktop,New,Low
22,0,0,0,1,0.0,Beauty,Mobile,New,Medium
23,1,1,1,1,200.0,Electronics,Mobile,Returning,Medium
24,0,0,0,1,0.0,Home,Mobile,Returning,High
25,0,0,0,1,0.0,Home,Mobile,New,High
26,0,0,0,1,0.0,Fashion,Mobile,Returning,Medium
27,1,0,0,1,0.0,Electronics,Desktop,Returning,High
28,1,0,0,1,0.0,Electronics,Mobile,New,High
29,0,0,0,1,0.0,Beauty,Mobile,New,High
30,0,0,0,1,0.0,Electronics,Mobile,New,Medium
31,0,0,0,1,0.0,Fashion,Desktop,New,High
32,1,0,0,1,0.0,Electronics,Mobile,New,High
33,1,1,1,1,873.0,Home,Mobile,New,High
34,0,0,0,1,0.0,Electronics,Mobile,New,Medium
35,0,0,0,1,0.0,Fashion,Mobile,Returning,Medium
36,0,0,0,1,0.0,Home,Mobile,Returning,Low
37,0,0,0,1,0.0,Home,Mobile,New,Medium
38,0,0,0,1,0.0,Home,Mobile,Returning,High
39,0,0,0,1,0.0,Beauty,Mobile,Returning,Medium
40,0,0,0,1,0.0,Electronics,Mobile,New,High
41,0,0,0,1,0.0,Electronics,Mobile,Returning,Medium
42,1,1,1,1,401.0,Electronics,Mobile,Returning,Medium
43,1,1,1,1,455.0,Fashion,Desktop,New,Medium
44,1,1,0,1,0.0,Fashion,Tablet,Returning,High
45,0,0,0,1,0.0,Beauty,Tablet,Returning,High
46,0,0,0,1,0.0,Home,Desktop,Returning,Low
47,0,0,0,1,0.0,Beauty,Desktop,Returning,Low
48,1,1,1,1,994.0,Electronics,Desktop,New,High
49,0,0,0,1,0.0,Electronics,Mobile,New,Medium
50,1,1,1,1,932.0,Beauty,Desktop,New,High
51,1,1,1,1,198.0,Fashion,Mobile,New,Medium
52,0,0,0,1,0.0,Electronics,Mobile,Returning,High
53,1,0,0,1,0.0,Beauty,Desktop,Returning,High
54,0,0,0,1,0.0,Fashion,Mobile,New,Medium
55,1,1,1,1,310.0,Fashion,Mobile,New,Medium
56,1,0,0,1,0.0,Beauty,Desktop,Returning,Medium
57,0,0,0,1,0.0,Electronics,Mobile,New,High
58,1,0,0,1,0.0,Beauty,Mobile,New,High
59,0,0,0,1,0.0,Home,Desktop,Returning,High
60,0,0,0,1,0.0,Fashion,Desktop,New,Medium
61,0,0,0,1,0.0,Electronics,Mobile,Returning,Medium
62,0,0,0,1,0.0,Beauty,Mobile,New,High
63,1,0,0,1,0.0,Beauty,Mobile,New,Low
64,0,0,0,1,0.0,Beauty,Desktop,Returning,Low
65,1,1,1,1,284.0,Fashion,Mobile,New,Medium
66,0,0,0,1,0.0,Beauty,Mobile,Returning,High
67,1,1,1,1,551.0,Beauty,Mobile,New,High
68,1,1,1,1,932.0,Home,Mobile,Returning,High
69,1,0,0,1,0.0,Fashion,Tablet,New,High
70,1,1,1,1,710.0,Electronics,Mobile,New,High
71,1,1,1,1,863.0,Electronics,Desktop,New,High
72,1,0,0,1,0.0,Electronics,Mobile,New,High
73,1,1,1,1,946.0,Beauty,Desktop,Returning,High
74,1,1,0,1,0.0,Fashion,Desktop,Returning,Medium
75,0,0,0,1,0.0,Home,Mobile,Returning,High
76,1,1,1,1,529.0,Electronics,Mobile,New,High
77,1,1,0,1,0.0,Fashion,Mobile,New,Medium
78,1,1,0,1,0.0,Fashion,Desktop,New,Medium
79,1,0,0,1,0.0,Electronics,Mobile,Returning,High
80,1,1,0,1,0.0,Fashion,Desktop,New,High
81,1,1,1,1,677.0,Fashion,Desktop,New,High
82,1,1,0,1,0.0,Electronics,Desktop,New,High
83,0,0,0,1,0.0,Electronics,Desktop,New,High
84,1,0,0,1,0.0,Electronics,Mobile,New,Low
85,0,0,0,1,0.0,Home,Mobile,New,Medium
86,0,0,0,1,0.0,Electronics,Mobile,New,High
87,1,0,0,1,0.0,Beauty,Desktop,Returning,Medium
88,1,1,1,1,465.0,Home,Desktop,New,Medium
89,0,0,0,1,0.0,Fashion,Desktop,New,High
90,0,0,0,1,0.0,Home,Mobile,New,Medium
91,0,0,0,1,0.0,Fashion,Mobile,New,Medium
92,1,0,0,1,0.0,Home,Desktop,Returning,High
93,1,1,0,1,0.0,Electronics,Mobile,New,High
94,1,1,1,1,91.0,Beauty,Mobile,Returning,Low
95,1,1,0,1,0.0,Beauty,Desktop,New,High
96,1,1,1,1,520.0,Home,Mobile,Returning,High
97,1,0,0,1,0.0,Home,Mobile,Returning,Low
98,1,1,1,1,157.0,Electronics,Mobile,Returning,Medium
99,0,0,0,1,0.0,Home,Mobile,New,High
100,1,0,0,1,0.0,Electronics,Tablet,Returning,High
101,1,1,1,1,989.0,Electronics,Mobile,New,High
102,0,0,0,1,0.0,Fashion,Mobile,Returning,Medium
103,1,1,1,1,338.0,Electronics,Mobile,Returning,Medium
104,1,0,0,1,0.0,Electronics,Desktop,New,High
105,1,1,1,1,689.0,Electronics,Mobile,New,High
106,0,0,0,1,0.0,Home,Mobile,Returning,High
107,0,0,0,1,0.0,Fashion,Mobile,New,High
108,1,0,0,1,0.0,Fashion,Mobile,Returning,Medium
109,1,1,1,1,895.0,Home,Mobile,New,High
110,0,0,0,1,0.0,Electronics,Desktop,New,High
111,1,1,0,1,0.0,Home,Desktop,New,Medium
112,1,1,0,1,0.0,Beauty,Mobile,New,Low
113,1,0,0,1,0.0,Fashion,Mobile,New,High
114,1,1,1,1,893.0,Fashion,Desktop,New,High
115,1,1,0,1,0.0,Beauty,Mobile,New,Medium
116,1,0,0,1,0.0,Home,Desktop,New,Medium
117,1,1,1,1,726.0,Beauty,Mobile,New,High
118,1,1,1,1,474.0,Electronics,Desktop,Returning,Medium
119,1,1,0,1,0.0,Home,Desktop,Returning,Medium
120,0,0,0,1,0.0,Electronics,Desktop,Returning,Medium
121,1,1,0,1,0.0,Beauty,Desktop,New,High
122,1,1,0,1,0.0,Fashion,Mobile,Returning,Medium
123,0,0,0,1,0.0,Fashion,Desktop,New,High
124,1,0,0,1,0.0,Beauty,Mobile,Returning,High
125,0,0,0,1,0.0,Fashion,Mobile,Returning,High
126,0,0,0,1,0.0,Electronics,Desktop,Returning,High
127,0,0,0,1,0.0,Home,Desktop,Returning,High
128,1,1,1,1,389.0,Fashion,Desktop,Returning,Medium
129,1,0,0,1,0.0,Fashion,Mobile,New,Medium
130,0,0,0,1,0.0,Fashion,Desktop,Returning,High
131,0,0,0,1,0.0,Electronics,Desktop,Returning,High
132,0,0,0,1,0.0,Electronics,Mobile,Returning,High
133,1,0,0,1,0.0,Home,Mobile,New,High
134,0,0,0,1,0.0,Fashion,Mobile,Returning,High
135,1,1,1,1,781.0,Fashion,Mobile,Returning,High
136,1,1,1,1,336.0,Electronics,Tablet,New,Medium
137,1,0,0,1,0.0,Electronics,Desktop,New,Medium
138,0,0,0,1,0.0,Beauty,Desktop,New,Medium
139,0,0,0,1,0.0,Home,Tablet,New,Medium
140,1,1,1,1,402.0,Electronics,Mobile,New,Medium
141,1,0,0,1,0.0,Fashion,Desktop,New,High
142,1,1,1,1,527.0,Electronics,Mobile,Returning,High
143,1,1,1,1,94.0,Electronics,Desktop,New,Low
144,1,0,0,1,0.0,Beauty,Mobile,New,High
145,0,0,0,1,0.0,Home,Desktop,Returning,Low
146,1,0,0,1,0.0,Fashion,Mobile,New,Medium
147,1,1,1,1,78.0,Home,Mobile,New,Low
148,1,0,0,1,0.0,Fashion,Desktop,New,High
149,0,0,0,1,0.0,Home,Mobile,Returning,Medium
150,1,1,1,1,713.0,Electronics,Desktop,New,High
151,0,0,0,1,0.0,Electronics,Mobile,Returning,Low
152,0,0,0,1,0.0,Home,Desktop,New,Medium
153,0,0,0,1,0.0,Electronics,Mobile,New,Medium
154,1,1,1,1,206.0,Home,Mobile,New,Medium
155,0,0,0,1,0.0,Home,Mobile,New,Medium
156,1,0,0,1,0.0,Home,Mobile,Returning,High
157,0,0,0,1,0.0,Home,Mobile,New,High
158,1,1,1,1,424.0,Fashion,Mobile,Returning,Medium
159,1,1,1,1,567.0,Home,Mobile,Returning,High
160,0,0,0,1,0.0,Home,Mobile,Returning,Low
161,0,0,0,1,0.0,Home,Mobile,Returning,High
162,1,1,1,1,10.0,Beauty,Desktop,New,Low
163,0,0,0,1,0.0,Fashion,Mobile,New,High
164,0,0,0,1,0.0,Fashion,Mobile,Returning,High
165,1,1,1,1,759.0,Beauty,Desktop,Returning,High
166,1,1,1,1,388.0,Fashion,Mobile,Returning,Medium
167,1,1,1,1,510.0,Beauty,Desktop,Returning,High
168,0,0,0,1,0.0,Electronics,Mobile,New,Medium
169,0,0,0,1,0.0,Fashion,Mobile,Returning,High
170,1,1,0,1,0.0,Electronics,Mobile,Returning,High
171,1,1,1,1,518.0,Fashion,Desktop,New,High
172,1,1,1,1,23.0,Home,Desktop,New,Low
173,1,0,0,1,0.0,Home,Mobile,Returning,Medium
174,1,0,0,1,0.0,Electronics,Mobile,New,High
175,0,0,0,1,0.0,Fashion,Tablet,New,Medium
176,1,0,0,1,0.0,Fashion,Mobile,New,High
177,1,1,1,1,541.0,Home,Mobile,New,High
178,1,1,1,1,871.0,Home,Desktop,New,High
179,1,1,1,1,871.0,Electronics,Desktop,Returning,High
180,1,1,1,1,877.0,Home,Mobile,Returning,High
181,1,1,1,1,386.0,Beauty,Desktop,Returning,Medium
182,1,1,1,1,198.0,Beauty,Desktop,New,Medium
183,1,1,1,1,804.0,Beauty,Mobile,Returning,High
184,1,1,1,1,190.0,Electronics,Mobile,Returning,Medium
185,0,0,0,1,0.0,Beauty,Mobile,Returning,High
186,0,0,0,1,0.0,Electronics,Tablet,Returning,High
187,1,0,0,1,0.0,Fashion,Desktop,New,High
188,1,1,1,1,858.0,Beauty,Mobile,New,High
189,1,0,0,1,0.0,Home,Desktop,New,High
190,1,0,0,1,0.0,Electronics,Mobile,New,Medium
191,0,0,0,1,0.0,Home,Mobile,New,Medium
192,1,0,0,1,0.0,Home,Mobile,New,High
193,1,1,1,1,60.0,Beauty,Mobile,New,Low
194,1,0,0,1,0.0,Fashion,Desktop,Returning,High
195,1,0,0,1,0.0,Electronics,Mobile,Returning,High
196,1,1,1,1,775.0,Fashion,Desktop,New,High
197,0,0,0,1,0.0,Home,Mobile,New,High
198,0,0,0,1,0.0,Beauty,Mobile,New,High
199,0,0,0,1,0.0,Beauty,Tablet,New,High
200,1,1,0,1,0.0,Electronics,Mobile,New,High
201,1,1,0,1,0.0,Fashion,Mobile,New,Low
202,1,1,1,1,115.0,Home,Mobile,Returning,Medium
203,0,0,0,1,0.0,Electronics,Desktop,Returning,High
204,1,1,1,1,943.0,Beauty,Mobile,New,High
205,0,0,0,1,0.0,Electronics,Mobile,Returning,Medium
206,1,1,1,1,264.0,Beauty,Mobile,Returning,Medium
207,1,0,0,1,0.0,Electronics,Mobile,Returning,High
208,0,0,0,1,0.0,Beauty,Desktop,New,Medium
209,0,0,0,1,0.0,Electronics,Mobile,Returning,Medium
210,1,1,0,1,0.0,Beauty,Mobile,New,High
211,1,0,0,1,0.0,Electronics,Mobile,New,High
212,1,1,1,1,688.0,Electronics,Mobile,Returning,High
213,1,0,0,1,0.0,Fashion,Desktop,New,High
214,1,1,1,1,642.0,Electronics,Mobile,New,High
215,1,0,0,1,0.0,Home,Tablet,Returning,Medium
216,0,0,0,1,0.0,Beauty,Mobile,Returning,High
217,1,1,1,1,603.0,Electronics,Mobile,Returning,High
218,1,0,0,1,0.0,Beauty,Desktop,Returning,High
219,0,0,0,1,0.0,Home,Mobile,Returning,Medium
220,0,0,0,1,0.0,Electronics,Desktop,Returning,High
221,0,0,0,1,0.0,Electronics,Tablet,New,Medium
222,1,1,1,1,611.0,Home,Mobile,Returning,High
223,0,0,0,1,0.0,Beauty,Mobile,New,High
224,0,0,0,1,0.0,Home,Desktop,Returning,Medium
225,1,1,1,1,730.0,Fashion,Mobile,New,High
226,0,0,0,1,0.0,Beauty,Mobile,New,High
227,1,1,1,1,349.0,Electronics,Mobile,Returning,Medium
228,1,1,1,1,713.0,Beauty,Mobile,New,High
229,0,0,0,1,0.0,Electronics,Desktop,Returning,Medium
230,0,0,0,1,0.0,Electronics,Mobile,New,Medium
231,1,1,0,1,0.0,Home,Mobile,New,High
232,1,1,1,1,317.0,Electronics,Desktop,Returning,Medium
233,0,0,0,1,0.0,Home,Mobile,Returning,Medium
234,0,0,0,1,0.0,Beauty,Mobile,Returning,High
235,0,0,0,1,0.0,Beauty,Desktop,Returning,High
236,0,0,0,1,0.0,Electronics,Mobile,New,Medium
237,1,1,0,1,0.0,Beauty,Desktop,New,High
238,1,1,1,1,947.0,Fashion,Desktop,Returning,High
239,0,0,0,1,0.0,Home,Mobile,New,Medium
240,1,1,1,1,417.0,Home,Mobile,New,Medium
241,1,1,1,1,680.0,Beauty,Mobile,Returning,High
242,1,1,1,1,647.0,Home,Mobile,Returning,High
243,0,0,0,1,0.0,Fashion,Desktop,New,High
244,1,1,0,1,0.0,Beauty,Desktop,New,High
245,0,0,0,1,0.0,Beauty,Mobile,Returning,Medium
246,0,0,0,1,0.0,Beauty,Desktop,Returning,Medium
247,0,0,0,1,0.0,Home,Desktop,New,Medium
248,1,1,1,1,608.0,Electronics,Tablet,New,High
249,1,1,1,1,225.0,Beauty,Mobile,Returning,Medium
250,1,0,0,1,0.0,Beauty,Mobile,New,High
251,0,0,0,1,0.0,Home,Mobile,Returning,High
252,0,0,0,1,0.0,Beauty,Tablet,New,Low
253,1,1,1,1,896.0,Fashion,Mobile,New,High
254,1,0,0,1,0.0,Electronics,Mobile,New,Medium
255,0,0,0,1,0.0,Home,Mobile,Returning,High
256,0,0,0,1,0.0,Home,Mobile,New,Low
257,1,0,0,1,0.0,Electronics,Mobile,New,High
258,0,0,0,1,0.0,Fashion,Tablet,Returning,Medium
259,0,0,0,1,0.0,Electronics,Mobile,Returning,High
260,1,0,0,1,0.0,Home,Mobile,New,High
261,1,0,0,1,0.0,Beauty,Mobile,New,Medium
262,0,0,0,1,0.0,Electronics,Mobile,Returning,High
263,1,0,0,1,0.0,Beauty,Mobile,New,Medium
264,1,1,1,1,57.0,Home,Mobile,New,Low
265,1,1,0,1,0.0,Electronics,Mobile,New,Medium
266,1,0,0,1,0.0,Beauty,Mobile,New,Medium
267,0,0,0,1,0.0,Home,Mobile,Returning,High
268,0,0,0,1,0.0,Home,Mobile,New,High
269,0,0,0,1,0.0,Electronics,Tablet,New,High
270,1,1,1,1,558.0,Home,Desktop,New,High
271,0,0,0,1,0.0,Home,Mobile,Returning,Medium
272,0,0,0,1,0.0,Home,Mobile,New,High
273,0,0,0,1,0.0,Home,Desktop,Returning,High
274,1,0,0,1,0.0,Home,Mobile,New,High
275,1,1,1,1,83.0,Home,Desktop,Returning,Low
276,1,0,0,1,0.0,Fashion,Desktop,Returning,Medium
277,1,0,0,1,0.0,Electronics,Mobile,Returning,High
278,1,1,1,1,428.0,Home,Mobile,Returning,Medium
279,0,0,0,1,0.0,Home,Tablet,Returning,Medium
280,1,1,1,1,911.0,Home,Mobile,New,High
281,1,1,1,1,277.0,Home,Mobile,New,Medium
282,1,1,1,1,218.0,Fashion,Mobile,New,Medium
283,1,1,1,1,988.0,Fashion,Mobile,New,High
284,0,0,0,1,0.0,Fashion,Desktop,New,High
285,1,1,0,1,0.0,Home,Desktop,New,High
286,1,1,0,1,0.0,Home,Tablet,Returning,Medium
287,0,0,0,1,0.0,Fashion,Mobile,New,High
288,1,1,1,1,301.0,Home,Mobile,Returning,Medium
289,0,0,0,1,0.0,Home,Mobile,New,Medium
290,1,1,1,1,159.0,Home,Mobile,New,Medium
291,1,1,1,1,132.0,Electronics,Mobile,New,Medium
292,1,1,1,1,475.0,Fashion,Tablet,Returning,Medium
293,1,1,1,1,939.0,Fashion,Desktop,Returning,High
294,1,0,0,1,0.0,Beauty,Mobile,Returning,Medium
295,0,0,0,1,0.0,Electronics,Desktop,New,Low
296,0,0,0,1,0.0,Home,Mobile,Returning,Medium
297,1,1,1,1,670.0,Fashion,Mobile,New,High
298,0,0,0,1,0.0,Beauty,Desktop,New,High
299,0,0,0,1,0.0,Fashion,Mobile,New,High
300,0,0,0,1,0.0,Electronics,Tablet,New,Medium
301,1,1,1,1,529.0,Electronics,Desktop,Returning,High
302,0,0,0,1,0.0,Electronics,Mobile,Returning,Medium
303,0,0,0,1,0.0,Fashion,Desktop,New,Medium
304,1,1,1,1,173.0,Electronics,Mobile,Returning,Medium
305,0,0,0,1,0.0,Beauty,Mobile,New,Low
306,0,0,0,1,0.0,Fashion,Mobile,Returning,High
307,0,0,0,1,0.0,Beauty,Mobile,Returning,Medium
308,0,0,0,1,0.0,Electronics,Desktop,New,High
309,1,1,0,1,0.0,Electronics,Mobile,New,High
310,1,0,0,1,0.0,Beauty,Desktop,New,High
311,0,0,0,1,0.0,Home,Mobile,Returning,Medium
312,0,0,0,1,0.0,Electronics,Mobile,Returning,High
313,1,1,0,1,0.0,Electronics,Desktop,Returning,Medium
314,0,0,0,1,0.0,Electronics,Mobile,Returning,High
315,0,0,0,1,0.0,Beauty,Mobile,New,High
316,1,1,1,1,756.0,Electronics,Mobile,Returning,High
317,0,0,0,1,0.0,Beauty,Mobile,New,Medium
318,1,1,1,1,395.0,Fashion,Mobile,New,Medium
319,0,0,0,1,0.0,Home,Desktop,Returning,High
320,1,1,1,1,19.0,Home,Mobile,Returning,Low
321,1,1,1,1,711.0,Home,Mobile,Returning,High
322,1,1,0,1,0.0,Electronics,Tablet,Returning,Medium
323,1,1,1,1,998.0,Home,Mobile,Returning,High
324,0,0,0,1,0.0,Electronics,Desktop,New,High
325,0,0,0,1,0.0,Beauty,Mobile,Returning,High
326,1,0,0,1,0.0,Home,Mobile,Returning,Low
327,0,0,0,1,0.0,Home,Desktop,New,High
328,1,1,1,1,833.0,Home,Mobile,New,High
329,0,0,0,1,0.0,Home,Desktop,Returning,Low
330,0,0,0,1,0.0,Fashion,Mobile,Returning,High
331,1,0,0,1,0.0,Fashion,Mobile,Returning,Medium
332,0,0,0,1,0.0,Electronics,Mobile,Returning,Medium
333,0,0,0,1,0.0,Fashion,Mobile,New,High
334,0,0,0,1,0.0,Fashion,Desktop,New,Medium
335,1,1,1,1,469.0,Fashion,Mobile,New,Medium
336,0,0,0,1,0.0,Home,Tablet,Returning,High
337,1,1,0,1,0.0,Fashion,Tablet,New,Medium
338,0,0,0,1,0.0,Beauty,Mobile,New,High
339,1,0,0,1,0.0,Electronics,Mobile,Returning,Medium
340,1,0,0,1,0.0,Fashion,Desktop,Returning,High
341,1,1,0,1,0.0,Beauty,Tablet,Returning,High
342,0,0,0,1,0.0,Electronics,Mobile,Returning,High
343,0,0,0,1,0.0,Fashion,Mobile,New,Medium
344,1,1,0,1,0.0,Beauty,Mobile,New,High
345,1,1,1,1,356.0,Electronics,Desktop,New,Medium
346,0,0,0,1,0.0,Home,Mobile,New,Low
347,0,0,0,1,0.0,Fashion,Desktop,New,High
348,0,0,0,1,0.0,Beauty,Mobile,New,Medium
349,1,1,1,1,927.0,Fashion,Mobile,New,High
350,0,0,0,1,0.0,Beauty,Mobile,New,Low
351,0,0,0,1,0.0,Fashion,Mobile,New,Low
352,1,1,1,1,414.0,Beauty,Mobile,Returning,Medium
353,0,0,0,1,0.0,Electronics,Mobile,Returning,High
354,0,0,0,1,0.0,Beauty,Mobile,Returning,High
355,0,0,0,1,0.0,Beauty,Mobile,New,Low
356,1,1,1,1,949.0,Beauty,Mobile,New,High
357,0,0,0,1,0.0,Fashion,Tablet,Returning,Low
358,0,0,0,1,0.0,Fashion,Mobile,Returning,Low
359,0,0,0,1,0.0,Electronics,Mobile,Returning,High
360,0,0,0,1,0.0,Beauty,Mobile,New,Medium
361,1,1,0,1,0.0,Electronics,Tablet,New,High
362,1,0,0,1,0.0,Fashion,Mobile,Returning,Medium
363,0,0,0,1,0.0,Fashion,Desktop,New,High
364,1,1,1,1,297.0,Fashion,Desktop,New,Medium
365,1,1,1,1,925.0,Home,Desktop,New,High
366,0,0,0,1,0.0,Beauty,Mobile,Returning,High
367,1,1,1,1,286.0,Beauty,Desktop,New,Medium
368,0,0,0,1,0.0,Electronics,Mobile,New,Medium
369,0,0,0,1,0.0,Beauty,Mobile,New,High
370,0,0,0,1,0.0,Home,Desktop,Returning,High
371,1,1,1,1,130.0,Beauty,Mobile,New,Medium
372,0,0,0,1,0.0,Home,Desktop,Returning,High
373,0,0,0,1,0.0,Electronics,Mobile,New,High
374,0,0,0,1,0.0,Beauty,Desktop,New,Medium
375,0,0,0,1,0.0,Home,Mobile,New,Medium
376,0,0,0,1,0.0,Home,Mobile,Returning,Medium
377,1,1,1,1,602.0,Beauty,Mobile,New,High
378,1,1,1,1,324.0,Electronics,Tablet,Returning,Medium
379,0,0,0,1,0.0,Beauty,Mobile,New,Medium
380,0,0,0,1,0.0,Fashion,Mobile,Returning,Low
381,0,0,0,1,0.0,Beauty,Mobile,New,High
382,1,0,0,1,0.0,Fashion,Desktop,New,Low
383,1,0,0,1,0.0,Fashion,Mobile,New,Low
384,0,0,0,1,0.0,Fashion,Mobile,New,High
385,1,1,1,1,969.0,Beauty,Mobile,Returning,High
386,0,0,0,1,0.0,Beauty,Mobile,New,Medium
387,0,0,0,1,0.0,Fashion,Mobile,Returning,High
388,1,0,0,1,0.0,Electronics,Mobile,Returning,High
389,0,0,0,1,0.0,Beauty,Desktop,Returning,High
390,1,1,1,1,711.0,Electronics,Mobile,New,High
391,1,1,0,1,0.0,Home,Mobile,New,Low
392,0,0,0,1,0.0,Electronics,Mobile,Returning,High
393,1,0,0,1,0.0,Home,Tablet,New,High
394,1,1,1,1,324.0,Home,Tablet,Returning,Medium
395,0,0,0,1,0.0,Home,Desktop,New,High
396,0,0,0,1,0.0,Fashion,Mobile,New,High
397,1,1,1,1,464.0,Beauty,Mobile,Returning,Medium
398,0,0,0,1,0.0,Home,Mobile,Returning,High
399,1,1,1,1,806.0,Fashion,Mobile,New,High
400,1,0,0,1,0.0,Fashion,Mobile,New,High
401,1,1,1,1,543.0,Fashion,Desktop,New,High
402,0,0,0,1,0.0,Electronics,Desktop,New,High
403,1,1,1,1,774.0,Home,Desktop,New,High
404,0,0,0,1,0.0,Electronics,Mobile,New,High
405,1,0,0,1,0.0,Beauty,Desktop,Returning,Medium
406,1,1,1,1,436.0,Home,Mobile,New,Medium
407,0,0,0,1,0.0,Fashion,Mobile,New,Medium
408,0,0,0,1,0.0,Electronics,Desktop,Returning,High
409,0,0,0,1,0.0,Home,Mobile,New,Medium
410,1,0,0,1,0.0,Home,Mobile,New,Medium
411,1,0,0,1,0.0,Electronics,Mobile,Returning,High
412,1,0,0,1,0.0,Electronics,Desktop,Returning,Low
413,1,0,0,1,0.0,Fashion,Desktop,New,High
414,1,1,1,1,808.0,Beauty,Mobile,New,High
415,1,1,1,1,694.0,Fashion,Desktop,New,High
416,1,0,0,1,0.0,Fashion,Mobile,New,High
417,1,1,1,1,142.0,Fashion,Mobile,Returning,Medium
418,1,0,0,1,0.0,Fashion,Desktop,Returning,High
419,1,1,1,1,722.0,Fashion,Desktop,Returning,High
420,0,0,0,1,0.0,Fashion,Tablet,New,High
421,0,0,0,1,0.0,Home,Mobile,New,High
422,0,0,0,1,0.0,Beauty,Desktop,New,Medium
423,1,0,0,1,0.0,Home,Desktop,Returning,Medium
424,0,0,0,1,0.0,Beauty,Desktop,New,High
425,0,0,0,1,0.0,Home,Mobile,Returning,Medium
426,1,1,1,1,452.0,Beauty,Desktop,New,Medium
427,1,1,1,1,822.0,Home,Mobile,Returning,High
428,0,0,0,1,0.0,Electronics,Mobile,Returning,High
429,1,1,1,1,191.0,Fashion,Mobile,New,Medium
430,0,0,0,1,0.0,Electronics,Mobile,New,Medium
431,1,1,1,1,179.0,Electronics,Mobile,New,Medium
432,1,1,1,1,57.0,Home,Desktop,New,Low
433,1,1,1,1,525.0,Fashion,Mobile,Returning,High
434,0,0,0,1,0.0,Beauty,Desktop,Returning,Medium
435,1,1,1,1,52.0,Fashion,Mobile,New,Low
436,0,0,0,1,0.0,Electronics,Mobile,Returning,High
437,0,0,0,1,0.0,Beauty,Mobile,New,Low
438,1,0,0,1,0.0,Beauty,Mobile,Returning,Medium
439,1,1,1,1,557.0,Electronics,Mobile,New,High
440,1,1,1,1,81.0,Home,Mobile,New,Low
441,0,0,0,1,0.0,Electronics,Mobile,Returning,Medium
442,0,0,0,1,0.0,Electronics,Mobile,New,Medium
443,0,0,0,1,0.0,Fashion,Mobile,Returning,Medium
444,0,0,0,1,0.0,Home,Mobile,New,High
445,1,1,1,1,634.0,Beauty,Mobile,New,High
446,1,1,1,1,931.0,Beauty,Desktop,Returning,High
447,0,0,0,1,0.0,Home,Desktop,New,High
448,1,1,1,1,744.0,Electronics,Desktop,New,High
449,1,1,0,1,0.0,Home,Mobile,Returning,High
450,1,1,1,1,883.0,Fashion,Desktop,New,High
451,0,0,0,1,0.0,Home,Desktop,New,Medium
452,1,0,0,1,0.0,Beauty,Desktop,New,High
453,0,0,0,1,0.0,Electronics,Mobile,Returning,High
454,1,1,1,1,569.0,Fashion,Desktop,Returning,High
455,0,0,0,1,0.0,Home,Desktop,New,Medium
456,0,0,0,1,0.0,Fashion,Mobile,New,Medium
457,0,0,0,1,0.0,Beauty,Desktop,Returning,High
458,0,0,0,1,0.0,Beauty,Mobile,Returning,High
459,1,1,1,1,237.0,Electronics,Mobile,Returning,Medium
460,1,0,0,1,0.0,Fashion,Mobile,Returning,High
461,0,0,0,1,0.0,Fashion,Desktop,New,Medium
462,1,1,1,1,52.0,Fashion,Mobile,New,Low
463,0,0,0,1,0.0,Beauty,Mobile,Returning,Medium
464,1,1,1,1,424.0,Beauty,Mobile,Returning,Medium
465,0,0,0,1,0.0,Beauty,Mobile,New,High
466,1,1,1,1,966.0,Home,Mobile,New,High
467,0,0,0,1,0.0,Home,Desktop,New,High
468,1,1,1,1,965.0,Electronics,Desktop,New,High
469,0,0,0,1,0.0,Beauty,Mobile,New,Medium
470,0,0,0,1,0.0,Home,Mobile,New,High
471,1,1,1,1,94.0,Home,Mobile,Returning,Low
472,0,0,0,1,0.0,Beauty,Desktop,New,High
473,1,0,0,1,0.0,Fashion,Mobile,Returning,High
474,1,0,0,1,0.0,Electronics,Mobile,New,High
475,1,1,0,1,0.0,Home,Mobile,Returning,High
476,1,1,1,1,643.0,Home,Desktop,Returning,High
477,1,1,0,1,0.0,Beauty,Desktop,New,High
478,1,0,0,1,0.0,Beauty,Desktop,New,Medium
479,1,1,1,1,196.0,Home,Desktop,New,Medium
480,0,0,0,1,0.0,Fashion,Mobile,New,Medium
481,0,0,0,1,0.0,Electronics,Mobile,New,High
482,1,1,1,1,312.0,Electronics,Mobile,Returning,Medium
483,1,1,1,1,456.0,Beauty,Mobile,Returning,Medium
484,0,0,0,1,0.0,Home,Mobile,Returning,High
485,0,0,0,1,0.0,Electronics,Mobile,Returning,High
486,1,1,1,1,650.0,Home,Mobile,Returning,High
487,0,0,0,1,0.0,Fashion,Desktop,New,High
488,1,1,0,1,0.0,Electronics,Desktop,New,Medium
489,0,0,0,1,0.0,Home,Desktop,Returning,Medium
490,1,1,1,1,566.0,Electronics,Desktop,New,High
491,0,0,0,1,0.0,Home,Mobile,Returning,Medium
492,1,1,1,1,58.0,Home,Desktop,Returning,Low
493,0,0,0,1,0.0,Electronics,Mobile,New,High
494,1,1,1,1,707.0,Home,Desktop,New,High
495,0,0,0,1,0.0,Fashion,Mobile,New,Medium
496,1,1,1,1,777.0,Fashion,Tablet,Returning,High
497,1,0,0,1,0.0,Electronics,Mobile,Returning,High
498,1,1,0,1,0.0,Electronics,Mobile,New,High
499,1,1,1,1,795.0,Fashion,Desktop,Returning,High
500,1,1,1,1,116.0,Electronics,Mobile,New,Medium
501,1,0,0,1,0.0,Electronics,Desktop,Returning,High
502,1,0,0,1,0.0,Home,Desktop,New,High
503,1,1,1,1,286.0,Electronics,Desktop,New,Medium
504,1,0,0,1,0.0,Electronics,Tablet,Returning,High
505,0,0,0,1,0.0,Beauty,Tablet,Returning,Medium
506,1,1,1,1,85.0,Beauty,Mobile,Returning,Low
507,0,0,0,1,0.0,Home,Desktop,Returning,Medium
508,1,1,1,1,282.0,Electronics,Desktop,New,Medium
509,1,0,0,1,0.0,Home,Desktop,Returning,Medium
510,1,1,0,1,0.0,Beauty,Mobile,New,High
511,0,0,0,1,0.0,Electronics,Desktop,Returning,Medium
512,1,0,0,1,0.0,Beauty,Tablet,Returning,Medium
513,0,0,0,1,0.0,Fashion,Desktop,Returning,High
514,1,1,1,1,243.0,Home,Mobile,New,Medium
515,1,0,0,1,0.0,Beauty,Mobile,New,High
516,1,1,0,1,0.0,Beauty,Mobile,Returning,Medium
517,0,0,0,1,0.0,Electronics,Desktop,New,High
518,1,1,1,1,62.0,Electronics,Desktop,Returning,Low
519,0,0,0,1,0.0,Fashion,Mobile,New,High
520,0,0,0,1,0.0,Beauty,Mobile,Returning,Low
521,1,1,1,1,744.0,Beauty,Mobile,Returning,High
522,1,0,0,1,0.0,Electronics,Mobile,Returning,Medium
523,1,0,0,1,0.0,Electronics,Desktop,New,High
524,0,0,0,1,0.0,Beauty,Desktop,Returning,High
525,1,1,1,1,43.0,Electronics,Mobile,New,Low
526,1,1,1,1,542.0,Fashion,Mobile,New,High
527,1,1,0,1,0.0,Beauty,Mobile,Returning,Medium
528,0,0,0,1,0.0,Electronics,Tablet,New,Medium
529,1,1,0,1,0.0,Home,Mobile,New,Low
530,1,0,0,1,0.0,Fashion,Mobile,Returning,Medium
531,0,0,0,1,0.0,Home,Mobile,Returning,Medium
532,1,1,1,1,399.0,Home,Desktop,Returning,Medium
533,1,1,0,1,0.0,Fashion,Desktop,New,High
534,0,0,0,1,0.0,Home,Desktop,New,Medium
535,1,0,0,1,0.0,Fashion,Mobile,Returning,Medium
536,1,1,1,1,868.0,Beauty,Mobile,New,High
537,1,1,0,1,0.0,Electronics,Mobile,Returning,Medium
538,1,1,1,1,125.0,Electronics,Desktop,Returning,Medium
539,0,0,0,1,0.0,Beauty,Mobile,Returning,Medium
540,1,0,0,1,0.0,Fashion,Mobile,Returning,High
541,0,0,0,1,0.0,Beauty,Desktop,Returning,Medium
542,0,0,0,1,0.0,Electronics,Desktop,New,High
543,1,1,0,1,0.0,Home,Mobile,Returning,Low
544,0,0,0,1,0.0,Fashion,Mobile,Returning,High
545,1,1,0,1,0.0,Beauty,Mobile,New,High
546,1,1,1,1,576.0,Beauty,Desktop,New,High
547,1,1,1,1,922.0,Fashion,Desktop,New,High
548,0,0,0,1,0.0,Beauty,Mobile,Returning,High
549,1,0,0,1,0.0,Beauty,Mobile,New,High
550,1,0,0,1,0.0,Electronics,Desktop,New,Medium
551,0,0,0,1,0.0,Beauty,Desktop,New,High
552,1,1,1,1,497.0,Fashion,Mobile,Returning,Medium
553,0,0,0,1,0.0,Electronics,Mobile,Returning,High
554,0,0,0,1,0.0,Beauty,Mobile,New,High
555,1,0,0,1,0.0,Home,Mobile,New,Medium
556,0,0,0,1,0.0,Beauty,Desktop,Returning,Medium
557,1,1,1,1,143.0,Home,Desktop,New,Medium
558,1,0,0,1,0.0,Beauty,Desktop,Returning,High
559,1,1,1,1,312.0,Beauty,Mobile,Returning,Medium
560,1,0,0,1,0.0,Home,Desktop,Returning,Medium
561,1,1,1,1,134.0,Beauty,Mobile,New,Medium
562,1,1,1,1,741.0,Home,Mobile,Returning,High
563,1,0,0,1,0.0,Beauty,Mobile,New,Low
564,1,1,1,1,972.0,Electronics,Mobile,Returning,High
565,0,0,0,1,0.0,Home,Desktop,New,High
566,0,0,0,1,0.0,Home,Mobile,Returning,High
567,1,1,1,1,822.0,Electronics,Mobile,New,High
568,1,1,1,1,441.0,Beauty,Mobile,New,Medium
569,1,1,0,1,0.0,Home,Mobile,Returning,High
570,1,0,0,1,0.0,Fashion,Mobile,Returning,High
571,1,1,1,1,800.0,Electronics,Mobile,New,High
572,0,0,0,1,0.0,Fashion,Desktop,New,High
573,1,0,0,1,0.0,Electronics,Mobile,Returning,High
574,0,0,0,1,0.0,Fashion,Mobile,New,High
575,1,1,1,1,586.0,Electronics,Mobile,New,High
576,1,1,0,1,0.0,Beauty,Desktop,New,Medium
577,1,1,1,1,181.0,Fashion,Mobile,New,Medium
578,0,0,0,1,0.0,Beauty,Mobile,New,Medium
579,1,1,1,1,333.0,Home,Mobile,New,Medium
580,1,0,0,1,0.0,Fashion,Mobile,Returning,Medium
581,0,0,0,1,0.0,Beauty,Mobile,New,High
582,1,1,0,1,0.0,Electronics,Desktop,Returning,Medium
583,0,0,0,1,0.0,Home,Desktop,Returning,High
584,1,1,1,1,284.0,Electronics,Mobile,Returning,Medium
585,0,0,0,1,0.0,Fashion,Desktop,New,High
586,1,1,1,1,526.0,Beauty,Desktop,New,High
587,1,1,1,1,756.0,Home,Mobile,Returning,High
588,0,0,0,1,0.0,Electronics,Mobile,New,High
589,0,0,0,1,0.0,Beauty,Mobile,New,Medium
590,1,1,1,1,730.0,Home,Mobile,New,High
591,0,0,0,1,0.0,Electronics,Desktop,New,High
592,1,0,0,1,0.0,Fashion,Desktop,New,High
593,0,0,0,1,0.0,Beauty,Tablet,New,High
594,1,1,1,1,313.0,Beauty,Desktop,Returning,Medium
595,1,1,0,1,0.0,Beauty,Mobile,New,High
596,1,1,1,1,915.0,Fashion,Mobile,Returning,High
597,0,0,0,1,0.0,Beauty,Desktop,New,High
598,1,0,0,1,0.0,Home,Mobile,Returning,Medium
599,0,0,0,1,0.0,Beauty,Desktop,Returning,Medium
600,0,0,0,1,0.0,Fashion,Desktop,Returning,High
601,0,0,0,1,0.0,Home,Desktop,New,High
602,1,1,1,1,466.0,Fashion,Desktop,New,Medium
603,0,0,0,1,0.0,Electronics,Mobile,Returning,Medium
604,1,1,1,1,793.0,Beauty,Desktop,New,High
605,1,1,1,1,376.0,Electronics,Desktop,New,Medium
606,1,1,1,1,488.0,Home,Mobile,New,Medium
607,0,0,0,1,0.0,Electronics,Desktop,Returning,Low
608,0,0,0,1,0.0,Beauty,Mobile,Returning,Medium
609,0,0,0,1,0.0,Fashion,Tablet,Returning,High
610,0,0,0,1,0.0,Home,Mobile,New,High
611,1,0,0,1,0.0,Fashion,Mobile,New,High
612,0,0,0,1,0.0,Fashion,Mobile,Returning,High
613,0,0,0,1,0.0,Fashion,Desktop,Returning,Medium
614,0,0,0,1,0.0,Electronics,Mobile,Returning,High
615,1,0,0,1,0.0,Fashion,Mobile,Returning,High
616,1,0,0,1,0.0,Home,Mobile,Returning,Medium
617,1,1,1,1,251.0,Fashion,Desktop,Returning,Medium
618,1,0,0,1,0.0,Beauty,Mobile,Returning,High
619,1,1,1,1,542.0,Fashion,Mobile,Returning,High
620,0,0,0,1,0.0,Electronics,Desktop,New,High
621,1,1,1,1,743.0,Electronics,Mobile,New,High
622,0,0,0,1,0.0,Home,Desktop,New,High
623,1,1,1,1,327.0,Electronics,Mobile,New,Medium
624,1,1,1,1,697.0,Beauty,Desktop,Returning,High
625,1,1,0,1,0.0,Fashion,Mobile,New,Medium
626,0,0,0,1,0.0,Home,Mobile,Returning,Medium
627,1,0,0,1,0.0,Home,Desktop,New,Medium
628,1,1,1,1,321.0,Fashion,Mobile,New,Medium
629,0,0,0,1,0.0,Home,Desktop,New,Medium
630,0,0,0,1,0.0,Beauty,Mobile,New,Medium
631,1,1,1,1,278.0,Electronics,Mobile,New,Medium
632,0,0,0,1,0.0,Home,Mobile,Returning,High
633,1,0,0,1,0.0,Home,Tablet,New,Medium
634,0,0,0,1,0.0,Home,Mobile,New,High
635,1,1,1,1,852.0,Beauty,Mobile,Returning,High
636,0,0,0,1,0.0,Home,Mobile,New,High
637,0,0,0,1,0.0,Fashion,Mobile,New,High
638,1,1,1,1,185.0,Beauty,Mobile,New,Medium
639,1,0,0,1,0.0,Fashion,Desktop,New,Medium
640,0,0,0,1,0.0,Electronics,Mobile,Returning,Medium
641,1,1,1,1,314.0,Beauty,Desktop,New,Medium
642,0,0,0,1,0.0,Electronics,Mobile,Returning,Medium
643,0,0,0,1,0.0,Electronics,Desktop,New,High
644,1,1,1,1,254.0,Fashion,Desktop,New,Medium
645,1,0,0,1,0.0,Beauty,Mobile,Returning,High
646,1,0,0,1,0.0,Beauty,Tablet,New,Medium
647,0,0,0,1,0.0,Beauty,Mobile,Returning,Low
648,1,1,1,1,842.0,Electronics,Desktop,New,High
649,1,1,1,1,618.0,Electronics,Desktop,New,High
650,0,0,0,1,0.0,Beauty,Mobile,Returning,Medium
651,0,0,0,1,0.0,Electronics,Mobile,New,Medium
652,1,1,1,1,690.0,Beauty,Mobile,New,High
653,0,0,0,1,0.0,Beauty,Mobile,New,High
654,0,0,0,1,0.0,Beauty,Mobile,Returning,High
655,1,1,0,1,0.0,Fashion,Mobile,New,High
656,1,0,0,1,0.0,Home,Mobile,New,High
657,1,0,0,1,0.0,Home,Desktop,Returning,High
658,0,0,0,1,0.0,Electronics,Mobile,New,High
659,0,0,0,1,0.0,Beauty,Mobile,New,Medium
660,0,0,0,1,0.0,Home,Desktop,Returning,Low
661,1,0,0,1,0.0,Fashion,Mobile,New,Medium
662,1,1,1,1,53.0,Beauty,Mobile,New,Low
663,1,1,0,1,0.0,Beauty,Mobile,Returning,Medium
664,1,1,1,1,764.0,Electronics,Desktop,Returning,High
665,1,1,1,1,923.0,Beauty,Desktop,Returning,High
666,1,1,1,1,214.0,Beauty,Mobile,New,Medium
667,1,1,1,1,165.0,Electronics,Desktop,Returning,Medium
668,1,1,1,1,335.0,Electronics,Mobile,Returning,Medium
669,1,0,0,1,0.0,Electronics,Desktop,New,High
670,0,0,0,1,0.0,Home,Desktop,Returning,High
671,1,1,1,1,528.0,Home,Desktop,New,High
672,1,1,1,1,137.0,Beauty,Mobile,New,Medium
673,0,0,0,1,0.0,Electronics,Mobile,New,High
674,0,0,0,1,0.0,Home,Mobile,New,Medium
675,1,0,0,1,0.0,Home,Desktop,Returning,Medium
676,0,0,0,1,0.0,Electronics,Mobile,Returning,Medium
677,1,1,0,1,0.0,Fashion,Desktop,New,High
678,1,1,1,1,585.0,Electronics,Tablet,New,High
679,1,0,0,1,0.0,Electronics,Mobile,Returning,Medium
680,1,0,0,1,0.0,Home,Desktop,New,Medium
681,0,0,0,1,0.0,Home,Desktop,New,Low
682,1,0,0,1,0.0,Electronics,Tablet,New,High
683,0,0,0,1,0.0,Home,Tablet,New,Medium
684,1,0,0,1,0.0,Electronics,Desktop,Returning,High
685,0,0,0,1,0.0,Electronics,Mobile,New,Medium
686,0,0,0,1,0.0,Beauty,Desktop,New,High
687,0,0,0,1,0.0,Home,Mobile,New,Low
688,1,1,1,1,55.0,Electronics,Desktop,New,Low
689,1,1,1,1,882.0,Beauty,Desktop,New,High
690,1,0,0,1,0.0,Fashion,Mobile,New,High
691,1,1,1,1,675.0,Home,Desktop,New,High
692,1,0,0,1,0.0,Electronics,Mobile,New,Medium
693,1,1,1,1,804.0,Fashion,Mobile,New,High
694,1,1,0,1,0.0,Beauty,Mobile,New,Medium
695,0,0,0,1,0.0,Home,Desktop,Returning,High
696,1,0,0,1,0.0,Home,Desktop,Returning,High
697,1,1,1,1,980.0,Electronics,Desktop,New,High
698,1,1,1,1,202.0,Beauty,Mobile,New,Medium
699,1,1,1,1,572.0,Fashion,Desktop,Returning,High
700,0,0,0,1,0.0,Beauty,Desktop,New,Medium
701,1,1,0,1,0.0,Electronics,Mobile,New,Medium
702,0,0,0,1,0.0,Beauty,Mobile,New,High
703,1,0,0,1,0.0,Beauty,Mobile,Returning,Medium
704,1,1,1,1,698.0,Fashion,Desktop,New,High
705,0,0,0,1,0.0,Electronics,Desktop,New,High
706,0,0,0,1,0.0,Beauty,Desktop,Returning,High
707,1,0,0,1,0.0,Fashion,Mobile,Returning,High
708,1,1,1,1,191.0,Electronics,Desktop,New,Medium
709,0,0,0,1,0.0,Beauty,Mobile,Returning,High
710,1,1,1,1,884.0,Home,Mobile,Returning,High
711,0,0,0,1,0.0,Beauty,Desktop,New,High
712,0,0,0,1,0.0,Fashion,Mobile,Returning,Medium
713,1,1,1,1,345.0,Home,Desktop,Returning,Medium
714,1,1,1,1,954.0,Home,Mobile,New,High
715,1,0,0,1,0.0,Home,Desktop,New,High
716,1,1,1,1,703.0,Electronics,Mobile,New,High
717,0,0,0,1,0.0,Home,Mobile,New,Medium
718,1,1,1,1,529.0,Beauty,Mobile,Returning,High
719,1,1,1,1,95.0,Home,Mobile,Returning,Low
720,0,0,0,1,0.0,Home,Desktop,New,High
721,1,0,0,1,0.0,Home,Mobile,Returning,High
722,1,1,1,1,387.0,Beauty,Desktop,New,Medium
723,0,0,0,1,0.0,Fashion,Tablet,Returning,Medium
724,0,0,0,1,0.0,Fashion,Mobile,New,Medium
725,0,0,0,1,0.0,Beauty,Mobile,New,High
726,1,1,0,1,0.0,Fashion,Desktop,Returning,High
727,1,1,1,1,234.0,Home,Tablet,Returning,Medium
728,1,0,0,1,0.0,Home,Desktop,New,Medium
729,0,0,0,1,0.0,Fashion,Mobile,Returning,Medium
730,1,1,1,1,630.0,Home,Desktop,Returning,High
731,1,1,0,1,0.0,Fashion,Mobile,Returning,High
732,1,1,1,1,877.0,Beauty,Tablet,Returning,High
733,1,1,0,1,0.0,Fashion,Tablet,Returning,High
734,1,1,1,1,179.0,Beauty,Mobile,New,Medium
735,1,1,1,1,939.0,Fashion,Mobile,Returning,High
736,1,0,0,1,0.0,Electronics,Mobile,New,Medium
737,1,1,1,1,873.0,Beauty,Mobile,New,High
738,0,0,0,1,0.0,Fashion,Desktop,New,High
739,1,1,0,1,0.0,Beauty,Mobile,New,Medium
740,1,1,1,1,830.0,Electronics,Mobile,Returning,High
741,0,0,0,1,0.0,Beauty,Mobile,New,Medium
742,1,0,0,1,0.0,Electronics,Tablet,New,Medium
743,0,0,0,1,0.0,Fashion,Desktop,Returning,High
744,1,1,1,1,827.0,Home,Mobile,Returning,High
745,1,1,1,1,243.0,Fashion,Mobile,New,Medium
746,0,0,0,1,0.0,Electronics,Tablet,New,Low
747,1,0,0,1,0.0,Home,Desktop,New,High
748,0,0,0,1,0.0,Fashion,Mobile,Returning,Medium
749,0,0,0,1,0.0,Electronics,Mobile,New,Medium
750,1,0,0,1,0.0,Electronics,Mobile,New,High
751,0,0,0,1,0.0,Electronics,Mobile,Returning,High
752,1,1,1,1,377.0,Home,Mobile,New,Medium
753,1,1,0,1,0.0,Fashion,Desktop,New,High
754,1,1,1,1,921.0,Beauty,Mobile,Returning,High
755,0,0,0,1,0.0,Home,Desktop,Returning,High
756,1,1,0,1,0.0,Fashion,Mobile,Returning,High
757,1,1,1,1,888.0,Fashion,Desktop,Returning,High
758,1,1,1,1,552.0,Home,Desktop,New,High
759,0,0,0,1,0.0,Fashion,Mobile,New,High
760,0,0,0,1,0.0,Beauty,Mobile,Returning,High
761,1,1,1,1,325.0,Fashion,Desktop,New,Medium
762,1,1,0,1,0.0,Home,Mobile,Returning,Medium
763,1,1,1,1,174.0,Electronics,Mobile,Returning,Medium
764,0,0,0,1,0.0,Beauty,Mobile,Returning,High
765,1,1,1,1,839.0,Home,Tablet,New,High
766,1,1,1,1,644.0,Electronics,Mobile,New,High
767,0,0,0,1,0.0,Beauty,Desktop,Returning,High
768,0,0,0,1,0.0,Fashion,Mobile,New,Medium
769,1,1,0,1,0.0,Electronics,Desktop,New,Low
770,1,1,1,1,945.0,Electronics,Mobile,Returning,High
771,0,0,0,1,0.0,Beauty,Desktop,Returning,Low
772,1,1,1,1,282.0,Home,Mobile,New,Medium
773,0,0,0,1,0.0,Fashion,Desktop,New,Medium
774,0,0,0,1,0.0,Fashion,Desktop,Returning,Medium
775,1,0,0,1,0.0,Fashion,Mobile,Returning,Medium
776,0,0,0,1,0.0,Fashion,Mobile,Returning,Medium
777,0,0,0,1,0.0,Fashion,Mobile,New,High
778,1,0,0,1,0.0,Beauty,Mobile,Returning,Medium
779,1,0,0,1,0.0,Beauty,Desktop,New,Medium
780,1,0,0,1,0.0,Beauty,Mobile,New,High
781,0,0,0,1,0.0,Electronics,Mobile,Returning,High
782,0,0,0,1,0.0,Fashion,Desktop,New,High
783,1,1,1,1,633.0,Beauty,Mobile,Returning,High
784,0,0,0,1,0.0,Fashion,Mobile,New,Medium
785,1,0,0,1,0.0,Fashion,Mobile,New,High
786,0,0,0,1,0.0,Electronics,Tablet,New,High
787,0,0,0,1,0.0,Fashion,Desktop,New,High
788,1,1,1,1,112.0,Fashion,Desktop,New,Medium
789,1,0,0,1,0.0,Fashion,Mobile,New,High
790,1,0,0,1,0.0,Beauty,Desktop,New,High
791,1,1,0,1,0.0,Home,Mobile,Returning,High
792,1,0,0,1,0.0,Home,Mobile,Returning,High
793,1,1,1,1,426.0,Electronics,Mobile,Returning,Medium
794,0,0,0,1,0.0,Home,Mobile,New,Medium
795,1,1,1,1,99.0,Beauty,Mobile,New,Low
796,1,1,1,1,100.0,Fashion,Mobile,New,Low
797,0,0,0,1,0.0,Beauty,Mobile,Returning,Medium
798,0,0,0,1,0.0,Electronics,Mobile,New,Medium
799,0,0,0,1,0.0,Electronics,Desktop,Returning,High
800,1,1,0,1,0.0,Fashion,Mobile,New,Medium
801,0,0,0,1,0.0,Fashion,Desktop,Returning,High
802,1,1,1,1,400.0,Home,Mobile,New,Medium
803,1,0,0,1,0.0,Home,Desktop,Returning,High
804,1,1,1,1,589.0,Electronics,Mobile,New,High
805,0,0,0,1,0.0,Electronics,Mobile,Returning,High
806,0,0,0,1,0.0,Beauty,Mobile,Returning,Medium
807,1,1,1,1,471.0,Fashion,Desktop,New,Medium
808,0,0,0,1,0.0,Electronics,Desktop,Returning,Medium
809,1,1,1,1,306.0,Beauty,Mobile,Returning,Medium
810,0,0,0,1,0.0,Electronics,Mobile,New,High
811,1,1,1,1,78.0,Beauty,Desktop,New,Low
812,1,1,1,1,439.0,Fashion,Desktop,Returning,Medium
813,1,1,1,1,179.0,Electronics,Mobile,New,Medium
814,1,1,1,1,311.0,Electronics,Mobile,New,Medium
815,1,1,1,1,388.0,Electronics,Mobile,Returning,Medium
816,0,0,0,1,0.0,Electronics,Desktop,Returning,Medium
817,1,1,1,1,514.0,Home,Mobile,New,High
818,0,0,0,1,0.0,Fashion,Tablet,New,High
819,0,0,0,1,0.0,Beauty,Mobile,Returning,Low
820,0,0,0,1,0.0,Electronics,Mobile,New,High
821,1,0,0,1,0.0,Electronics,Mobile,Returning,High
822,1,1,1,1,507.0,Home,Desktop,New,High
823,1,0,0,1,0.0,Fashion,Desktop,Returning,High
824,1,1,1,1,730.0,Fashion,Mobile,New,High
825,1,0,0,1,0.0,Home,Desktop,New,High
826,1,0,0,1,0.0,Beauty,Mobile,New,High
827,1,1,0,1,0.0,Home,Mobile,New,High
828,1,1,1,1,112.0,Home,Mobile,Returning,Medium
829,0,0,0,1,0.0,Electronics,Mobile,New,Medium
830,0,0,0,1,0.0,Home,Mobile,New,High
831,1,0,0,1,0.0,Home,Desktop,Returning,High
832,1,1,1,1,352.0,Beauty,Mobile,New,Medium
833,1,1,1,1,37.0,Home,Tablet,Returning,Low
834,1,1,1,1,851.0,Beauty,Mobile,New,High
835,1,1,1,1,558.0,Beauty,Desktop,New,High
836,1,0,0,1,0.0,Beauty,Mobile,Returning,Medium
837,1,1,1,1,986.0,Home,Mobile,New,High
838,1,1,0,1,0.0,Home,Mobile,Returning,High
839,1,1,1,1,399.0,Fashion,Mobile,Returning,Medium
840,1,1,1,1,958.0,Fashion,Desktop,Returning,High
841,0,0,0,1,0.0,Electronics,Mobile,Returning,Low
842,0,0,0,1,0.0,Electronics,Desktop,Returning,High
843,0,0,0,1,0.0,Home,Mobile,New,Medium
844,0,0,0,1,0.0,Electronics,Mobile,Returning,Medium
845,1,1,0,1,0.0,Electronics,Mobile,Returning,Medium
846,1,1,1,1,842.0,Beauty,Desktop,New,High
847,0,0,0,1,0.0,Beauty,Desktop,New,Medium
848,0,0,0,1,0.0,Fashion,Mobile,New,Medium
849,1,1,1,1,536.0,Beauty,Mobile,New,High
850,0,0,0,1,0.0,Beauty,Mobile,New,High
851,1,0,0,1,0.0,Electronics,Tablet,New,Medium
852,0,0,0,1,0.0,Beauty,Desktop,New,Medium
853,0,0,0,1,0.0,Fashion,Mobile,Returning,High
854,1,1,0,1,0.0,Beauty,Mobile,Returning,High
855,1,0,0,1,0.0,Home,Mobile,Returning,Medium
856,1,1,1,1,182.0,Home,Tablet,Returning,Medium
857,0,0,0,1,0.0,Fashion,Mobile,New,Medium
858,0,0,0,1,0.0,Beauty,Desktop,Returning,High
859,1,1,0,1,0.0,Home,Mobile,Returning,High
860,1,1,1,1,949.0,Home,Desktop,New,High
861,1,1,0,1,0.0,Beauty,Desktop,New,High
862,0,0,0,1,0.0,Home,Desktop,Returning,High
863,0,0,0,1,0.0,Home,Desktop,New,Low
864,0,0,0,1,0.0,Fashion,Desktop,Returning,Medium
865,0,0,0,1,0.0,Electronics,Mobile,New,Medium
866,0,0,0,1,0.0,Home,Mobile,New,Medium
867,0,0,0,1,0.0,Fashion,Mobile,New,Medium
868,1,1,1,1,521.0,Beauty,Tablet,New,High
869,0,0,0,1,0.0,Electronics,Mobile,Returning,High
870,1,1,1,1,338.0,Beauty,Desktop,New,Medium
871,1,0,0,1,0.0,Beauty,Desktop,Returning,Medium
872,0,0,0,1,0.0,Home,Mobile,New,Medium
873,1,0,0,1,0.0,Home,Mobile,Returning,Medium
874,1,1,0,1,0.0,Home,Mobile,New,Medium
875,0,0,0,1,0.0,Fashion,Mobile,New,Medium
876,0,0,0,1,0.0,Fashion,Mobile,New,Medium
877,0,0,0,1,0.0,Beauty,Mobile,New,High
878,1,1,1,1,425.0,Home,Desktop,Returning,Medium
879,1,1,1,1,253.0,Fashion,Tablet,Returning,Medium
880,0,0,0,1,0.0,Fashion,Mobile,Returning,High
881,0,0,0,1,0.0,Beauty,Mobile,New,Low
882,0,0,0,1,0.0,Fashion,Mobile,New,Medium
883,0,0,0,1,0.0,Electronics,Desktop,Returning,High
884,1,0,0,1,0.0,Beauty,Desktop,New,High
885,1,1,1,1,696.0,Home,Mobile,New,High
886,1,0,0,1,0.0,Home,Mobile,New,High
887,1,1,1,1,124.0,Beauty,Desktop,New,Medium
888,1,1,1,1,465.0,Beauty,Desktop,New,Medium
889,1,0,0,1,0.0,Home,Mobile,New,High
890,1,1,0,1,0.0,Electronics,Desktop,Returning,High
891,1,1,1,1,646.0,Fashion,Mobile,New,High
892,0,0,0,1,0.0,Electronics,Mobile,New,High
893,1,1,1,1,673.0,Fashion,Desktop,Returning,High
894,1,0,0,1,0.0,Fashion,Desktop,New,High
895,1,1,0,1,0.0,Home,Mobile,New,High
896,0,0,0,1,0.0,Electronics,Desktop,New,High
897,0,0,0,1,0.0,Home,Mobile,New,High
898,0,0,0,1,0.0,Fashion,Desktop,Returning,Low
899,0,0,0,1,0.0,Fashion,Mobile,Returning,Medium
900,0,0,0,1,0.0,Electronics,Desktop,Returning,High
901,1,1,0,1,0.0,Beauty,Desktop,Returning,Medium
902,1,1,1,1,315.0,Beauty,Mobile,Returning,Medium
903,0,0,0,1,0.0,Beauty,Desktop,New,High
904,1,0,0,1,0.0,Electronics,Desktop,New,High
905,1,0,0,1,0.0,Beauty,Desktop,Returning,Medium
906,0,0,0,1,0.0,Home,Mobile,New,Medium
907,0,0,0,1,0.0,Home,Desktop,New,High
908,0,0,0,1,0.0,Fashion,Desktop,New,Low
909,1,1,0,1,0.0,Fashion,Mobile,New,High
910,1,0,0,1,0.0,Home,Tablet,Returning,Medium
911,0,0,0,1,0.0,Electronics,Mobile,New,Medium
912,0,0,0,1,0.0,Electronics,Mobile,New,High
913,0,0,0,1,0.0,Home,Mobile,Returning,High
914,1,0,0,1,0.0,Electronics,Mobile,New,High
915,0,0,0,1,0.0,Fashion,Desktop,New,Medium
916,0,0,0,1,0.0,Fashion,Mobile,Returning,High
917,1,1,1,1,589.0,Home,Tablet,New,High
918,1,1,1,1,340.0,Electronics,Mobile,New,Medium
919,0,0,0,1,0.0,Fashion,Mobile,Returning,High
920,1,1,1,1,509.0,Beauty,Mobile,New,High
921,0,0,0,1,0.0,Beauty,Mobile,New,Medium
922,1,1,1,1,144.0,Beauty,Desktop,Returning,Medium
923,0,0,0,1,0.0,Electronics,Desktop,Returning,Low
924,1,1,0,1,0.0,Home,Desktop,Returning,High
925,0,0,0,1,0.0,Fashion,Mobile,New,High
926,1,0,0,1,0.0,Home,Mobile,Returning,Medium
927,1,0,0,1,0.0,Electronics,Mobile,New,High
928,1,0,0,1,0.0,Beauty,Mobile,Returning,High
929,0,0,0,1,0.0,Home,Mobile,Returning,High
930,0,0,0,1,0.0,Beauty,Desktop,New,Medium
931,1,1,1,1,284.0,Fashion,Mobile,Returning,Medium
932,1,1,1,1,488.0,Fashion,Desktop,New,Medium
933,1,1,0,1,0.0,Fashion,Mobile,Returning,High
934,0,0,0,1,0.0,Electronics,Mobile,Returning,High
935,0,0,0,1,0.0,Home,Desktop,Returning,Medium
936,0,0,0,1,0.0,Beauty,Mobile,New,Medium
937,1,1,1,1,604.0,Home,Desktop,New,High
938,0,0,0,1,0.0,Beauty,Desktop,Returning,Medium
939,1,1,1,1,152.0,Electronics,Mobile,New,Medium
940,0,0,0,1,0.0,Beauty,Tablet,New,High
941,0,0,0,1,0.0,Electronics,Mobile,New,Medium
942,1,1,1,1,290.0,Beauty,Mobile,New,Medium
943,0,0,0,1,0.0,Electronics,Desktop,New,Low
944,0,0,0,1,0.0,Electronics,Mobile,Returning,Medium
945,1,1,1,1,679.0,Fashion,Desktop,New,High
946,1,1,0,1,0.0,Home,Desktop,Returning,High
947,0,0,0,1,0.0,Fashion,Tablet,New,Medium
948,0,0,0,1,0.0,Home,Mobile,Returning,Medium
949,1,1,1,1,562.0,Electronics,Mobile,Returning,High
950,0,0,0,1,0.0,Electronics,Desktop,Returning,High
951,0,0,0,1,0.0,Electronics,Mobile,New,High
952,1,1,1,1,261.0,Fashion,Mobile,New,Medium
953,0,0,0,1,0.0,Beauty,Mobile,Returning,High
954,1,0,0,1,0.0,Fashion,Mobile,Returning,High
955,0,0,0,1,0.0,Home,Mobile,New,Medium
956,1,1,1,1,340.0,Home,Desktop,Returning,Medium
957,1,1,1,1,494.0,Electronics,Desktop,New,Medium
958,0,0,0,1,0.0,Beauty,Mobile,New,High
959,1,1,0,1,0.0,Beauty,Mobile,Returning,Medium
960,0,0,0,1,0.0,Fashion,Mobile,Returning,High
961,1,1,1,1,147.0,Home,Desktop,Returning,Medium
962,0,0,0,1,0.0,Fashion,Mobile,New,Medium
963,1,1,1,1,963.0,Electronics,Desktop,New,High
964,1,1,0,1,0.0,Fashion,Mobile,Returning,High
965,1,1,0,1,0.0,Fashion,Desktop,New,High
966,1,1,1,1,406.0,Home,Mobile,New,Medium
967,0,0,0,1,0.0,Beauty,Desktop,New,Medium
968,1,0,0,1,0.0,Electronics,Mobile,New,High
969,0,0,0,1,0.0,Fashion,Desktop,Returning,Medium
970,0,0,0,1,0.0,Home,Mobile,New,Medium
971,1,0,0,1,0.0,Home,Desktop,New,High
972,1,1,1,1,452.0,Fashion,Desktop,New,Medium
973,1,0,0,1,0.0,Beauty,Mobile,New,High
974,1,0,0,1,0.0,Home,Desktop,New,High
975,1,0,0,1,0.0,Fashion,Mobile,Returning,Medium
976,1,1,1,1,277.0,Beauty,Mobile,Returning,Medium
977,1,0,0,1,0.0,Fashion,Mobile,New,Medium
978,1,1,1,1,934.0,Electronics,Mobile,New,High
979,0,0,0,1,0.0,Home,Desktop,New,High
980,1,1,1,1,186.0,Fashion,Desktop,Returning,Medium
981,1,1,1,1,137.0,Electronics,Mobile,Returning,Medium
982,1,1,0,1,0.0,Beauty,Mobile,New,Medium
983,1,1,1,1,414.0,Home,Desktop,Returning,Medium
984,1,0,0,1,0.0,Home,Desktop,Returning,High
985,0,0,0,1,0.0,Electronics,Mobile,New,Medium
986,1,0,0,1,0.0,Fashion,Tablet,Returning,Medium
987,0,0,0,1,0.0,Beauty,Mobile,New,High
988,1,1,1,1,541.0,Electronics,Mobile,New,High
989,1,0,0,1,0.0,Beauty,Desktop,Returning,Low
990,0,0,0,1,0.0,Beauty,Mobile,New,High
991,1,1,1,1,499.0,Electronics,Mobile,New,Medium
992,1,1,1,1,224.0,Fashion,Mobile,Returning,Medium
993,1,0,0,1,0.0,Home,Desktop,New,Medium
994,0,0,0,1,0.0,Electronics,Desktop,New,High
995,1,0,0,1,0.0,Home,Mobile,New,High
996,1,1,1,1,888.0,Fashion,Mobile,Returning,High
997,1,1,1,1,337.0,Beauty,Mobile,Returning,Medium
998,1,1,1,1,202.0,Home,Mobile,New,Medium
999,0,0,0,1,0.0,Electronics,Mobile,New,High
1000,0,0,0,1,0.0,Beauty,Desktop,New,Medium
1001,1,1,0,1,0.0,Home,Mobile,New,High
1002,0,0,0,1,0.0,Beauty,Mobile,Returning,High
1003,1,0,0,1,0.0,Beauty,Mobile,New,Medium
1004,1,1,1,1,189.0,Home,Mobile,Returning,Medium
1005,1,1,1,1,169.0,Electronics,Desktop,Returning,Medium
1006,1,1,1,1,105.0,Beauty,Mobile,Returning,Medium
1007,1,1,1,1,286.0,Fashion,Mobile,New,Medium
1008,0,0,0,1,0.0,Electronics,Mobile,Returning,High
1009,1,1,1,1,60.0,Beauty,Mobile,New,Low
1010,0,0,0,1,0.0,Electronics,Mobile,New,High
1011,1,1,1,1,483.0,Home,Mobile,New,Medium
1012,0,0,0,1,0.0,Beauty,Mobile,Returning,High
1013,1,0,0,1,0.0,Electronics,Mobile,New,High
1014,1,1,0,1,0.0,Electronics,Mobile,New,High
1015,0,0,0,1,0.0,Fashion,Mobile,Returning,High
1016,1,1,0,1,0.0,Beauty,Tablet,Returning,High
1017,0,0,0,1,0.0,Beauty,Mobile,Returning,Medium
1018,1,0,0,1,0.0,Fashion,Mobile,Returning,Low
1019,1,1,1,1,470.0,Home,Mobile,New,Medium
1020,0,0,0,1,0.0,Beauty,Mobile,New,Low
1021,0,0,0,1,0.0,Fashion,Desktop,Returning,Medium
1022,1,1,1,1,308.0,Fashion,Mobile,New,Medium
1023,0,0,0,1,0.0,Electronics,Desktop,New,High
1024,1,1,1,1,933.0,Beauty,Mobile,Returning,High
1025,1,1,1,1,25.0,Fashion,Mobile,New,Low
1026,0,0,0,1,0.0,Fashion,Desktop,New,High
1027,0,0,0,1,0.0,Beauty,Mobile,New,Medium
1028,1,1,1,1,165.0,Home,Mobile,Returning,Medium
1029,1,1,0,1,0.0,Beauty,Mobile,Returning,Low
1030,1,1,1,1,986.0,Electronics,Desktop,New,High
1031,1,0,0,1,0.0,Home,Mobile,New,Medium
1032,0,0,0,1,0.0,Fashion,Desktop,New,Medium
1033,0,0,0,1,0.0,Beauty,Mobile,Returning,High
1034,1,1,0,1,0.0,Electronics,Desktop,New,Medium
1035,1,1,1,1,204.0,Electronics,Mobile,New,Medium
1036,1,0,0,1,0.0,Fashion,Desktop,New,Low
1037,1,0,0,1,0.0,Fashion,Mobile,Returning,High
1038,1,1,1,1,684.0,Electronics,Desktop,Returning,High
1039,0,0,0,1,0.0,Fashion,Mobile,Returning,Medium
1040,0,0,0,1,0.0,Electronics,Mobile,Returning,Medium
1041,1,1,1,1,736.0,Home,Mobile,Returning,High
1042,1,0,0,1,0.0,Home,Mobile,New,High
1043,1,1,1,1,405.0,Fashion,Mobile,New,Medium
1044,0,0,0,1,0.0,Beauty,Desktop,Returning,High
1045,1,0,0,1,0.0,Fashion,Tablet,Returning,Medium
1046,1,1,1,1,41.0,Home,Mobile,New,Low
1047,1,1,1,1,409.0,Fashion,Desktop,Returning,Medium
1048,1,1,1,1,69.0,Fashion,Mobile,New,Low
1049,1,1,1,1,697.0,Fashion,Mobile,New,High
1050,0,0,0,1,0.0,Beauty,Desktop,Returning,High
1051,0,0,0,1,0.0,Electronics,Desktop,Returning,High
1052,0,0,0,1,0.0,Fashion,Tablet,New,High
1053,1,1,1,1,221.0,Home,Mobile,Returning,Medium
1054,1,1,0,1,0.0,Electronics,Desktop,Returning,High
1055,1,1,1,1,487.0,Beauty,Mobile,New,Medium
1056,0,0,0,1,0.0,Beauty,Mobile,Returning,High
1057,0,0,0,1,0.0,Fashion,Mobile,Returning,Medium
1058,1,1,1,1,830.0,Electronics,Tablet,Returning,High
1059,1,0,0,1,0.0,Fashion,Desktop,Returning,Medium
1060,0,0,0,1,0.0,Beauty,Desktop,New,Medium
1061,1,1,1,1,688.0,Fashion,Mobile,New,High
1062,0,0,0,1,0.0,Home,Mobile,Returning,High
1063,0,0,0,1,0.0,Beauty,Mobile,New,High
1064,1,1,1,1,469.0,Fashion,Mobile,New,Medium
1065,0,0,0,1,0.0,Home,Mobile,Returning,Medium
1066,1,1,1,1,736.0,Beauty,Desktop,New,High
1067,0,0,0,1,0.0,Home,Mobile,New,High
1068,0,0,0,1,0.0,Fashion,Mobile,New,High
1069,0,0,0,1,0.0,Fashion,Mobile,New,Medium
1070,1,1,1,1,22.0,Electronics,Mobile,Returning,Low
1071,0,0,0,1,0.0,Electronics,Mobile,New,High
1072,0,0,0,1,0.0,Electronics,Desktop,New,Low
1073,0,0,0,1,0.0,Home,Desktop,New,Medium
1074,0,0,0,1,0.0,Electronics,Desktop,Returning,Medium
1075,1,1,1,1,369.0,Electronics,Mobile,New,Medium
1076,0,0,0,1,0.0,Beauty,Mobile,Returning,Medium
1077,1,0,0,1,0.0,Home,Mobile,New,Medium
1078,1,1,1,1,534.0,Fashion,Desktop,New,High
1079,0,0,0,1,0.0,Home,Desktop,New,Medium
1080,0,0,0,1,0.0,Fashion,Mobile,Returning,Medium
1081,1,1,1,1,429.0,Fashion,Mobile,Returning,Medium
1082,1,1,1,1,84.0,Home,Mobile,Returning,Low
1083,1,1,1,1,619.0,Electronics,Desktop,New,High
1084,1,1,0,1,0.0,Fashion,Desktop,New,High
1085,0,0,0,1,0.0,Beauty,Mobile,New,Medium
1086,1,1,0,1,0.0,Fashion,Mobile,Returning,High
1087,1,1,1,1,779.0,Fashion,Mobile,New,High
1088,1,1,1,1,738.0,Electronics,Mobile,Returning,High
1089,1,0,0,1,0.0,Home,Mobile,New,High
1090,1,1,1,1,273.0,Fashion,Mobile,New,Medium
1091,1,1,1,1,367.0,Electronics,Desktop,New,Medium
1092,0,0,0,1,0.0,Electronics,Desktop,New,Medium
1093,0,0,0,1,0.0,Home,Mobile,Returning,Medium
1094,1,1,1,1,205.0,Electronics,Desktop,New,Medium
1095,1,0,0,1,0.0,Home,Mobile,Returning,Medium
1096,0,0,0,1,0.0,Electronics,Mobile,Returning,Medium
1097,1,1,1,1,135.0,Home,Mobile,New,Medium
1098,1,1,1,1,749.0,Home,Mobile,New,High
1099,1,1,1,1,639.0,Beauty,Mobile,Returning,High
1100,0,0,0,1,0.0,Fashion,Mobile,New,Medium
1101,0,0,0,1,0.0,Electronics,Mobile,New,Medium
1102,1,0,0,1,0.0,Home,Tablet,New,Medium
1103,1,1,1,1,294.0,Beauty,Mobile,Returning,Medium
1104,0,0,0,1,0.0,Home,Mobile,New,High
1105,1,0,0,1,0.0,Beauty,Mobile,New,High
1106,1,1,1,1,334.0,Beauty,Desktop,Returning,Medium
1107,0,0,0,1,0.0,Fashion,Mobile,Returning,High
1108,1,1,1,1,777.0,Electronics,Desktop,New,High
1109,1,0,0,1,0.0,Beauty,Mobile,New,Medium
1110,0,0,0,1,0.0,Beauty,Mobile,New,Medium
1111,1,1,1,1,598.0,Home,Mobile,Returning,High
1112,1,0,0,1,0.0,Fashion,Mobile,New,Medium
1113,0,0,0,1,0.0,Beauty,Mobile,Returning,Low
1114,0,0,0,1,0.0,Beauty,Mobile,New,High
1115,1,0,0,1,0.0,Fashion,Mobile,Returning,Medium
1116,1,1,1,1,179.0,Home,Mobile,Returning,Medium
1117,0,0,0,1,0.0,Home,Mobile,New,High
1118,1,0,0,1,0.0,Fashion,Tablet,Returning,Medium
1119,1,1,1,1,971.0,Electronics,Mobile,Returning,High
1120,1,0,0,1,0.0,Electronics,Desktop,New,Medium
1121,1,0,0,1,0.0,Home,Desktop,Returning,High
1122,1,0,0,1,0.0,Home,Mobile,New,High
1123,1,1,1,1,813.0,Home,Mobile,Returning,High
1124,1,1,1,1,986.0,Home,Mobile,New,High
1125,1,1,1,1,392.0,Fashion,Desktop,New,Medium
1126,1,1,1,1,908.0,Home,Desktop,New,High
1127,1,1,1,1,77.0,Electronics,Desktop,Returning,Low
1128,1,1,1,1,128.0,Beauty,Desktop,Returning,Medium
1129,1,1,1,1,916.0,Home,Desktop,New,High
1130,1,0,0,1,0.0,Fashion,Mobile,New,Medium
1131,0,0,0,1,0.0,Electronics,Mobile,Returning,Low
1132,1,1,1,1,80.0,Beauty,Desktop,New,Low
1133,1,1,1,1,425.0,Home,Mobile,Returning,Medium
1134,1,1,1,1,221.0,Fashion,Mobile,Returning,Medium
1135,1,0,0,1,0.0,Fashion,Desktop,Returning,Low
1136,1,1,0,1,0.0,Home,Mobile,Returning,Medium
1137,1,1,1,1,474.0,Electronics,Desktop,Returning,Medium
1138,0,0,0,1,0.0,Fashion,Desktop,New,High
1139,1,0,0,1,0.0,Electronics,Mobile,Returning,Medium
1140,0,0,0,1,0.0,Home,Desktop,Returning,Medium
1141,1,1,1,1,583.0,Home,Mobile,New,High
1142,0,0,0,1,0.0,Fashion,Mobile,New,High
1143,1,1,0,1,0.0,Fashion,Mobile,New,Medium
1144,0,0,0,1,0.0,Electronics,Mobile,New,Medium
1145,1,1,1,1,794.0,Home,Mobile,Returning,High
1146,0,0,0,1,0.0,Home,Mobile,New,High
1147,1,0,0,1,0.0,Home,Mobile,New,Medium
1148,1,0,0,1,0.0,Beauty,Mobile,Returning,High
1149,0,0,0,1,0.0,Electronics,Desktop,New,Medium
1150,0,0,0,1,0.0,Home,Desktop,Returning,High
1151,0,0,0,1,0.0,Electronics,Mobile,New,High
1152,1,1,1,1,806.0,Home,Mobile,Returning,High
1153,0,0,0,1,0.0,Fashion,Mobile,New,High
1154,1,1,0,1,0.0,Beauty,Mobile,Returning,Medium
1155,0,0,0,1,0.0,Home,Desktop,Returning,Medium
1156,1,1,1,1,153.0,Home,Desktop,New,Medium
1157,1,1,1,1,610.0,Beauty,Mobile,New,High
1158,0,0,0,1,0.0,Home,Mobile,Returning,High
1159,1,1,1,1,539.0,Beauty,Mobile,Returning,High
1160,0,0,0,1,0.0,Electronics,Desktop,New,High
1161,0,0,0,1,0.0,Fashion,Mobile,New,High
1162,1,0,0,1,0.0,Home,Tablet,Returning,Low
1163,1,1,1,1,482.0,Electronics,Desktop,New,Medium
1164,1,0,0,1,0.0,Beauty,Mobile,Returning,Medium
1165,1,1,1,1,112.0,Electronics,Mobile,New,Medium
1166,1,1,0,1,0.0,Beauty,Desktop,New,High
1167,0,0,0,1,0.0,Beauty,Mobile,Returning,Medium
1168,1,1,1,1,66.0,Electronics,Mobile,New,Low
1169,1,0,0,1,0.0,Electronics,Mobile,New,Medium
1170,0,0,0,1,0.0,Home,Desktop,New,High
1171,1,0,0,1,0.0,Fashion,Desktop,Returning,High
1172,1,1,0,1,0.0,Electronics,Desktop,New,High
1173,1,0,0,1,0.0,Beauty,Desktop,Returning,High
1174,0,0,0,1,0.0,Beauty,Desktop,New,Medium
1175,0,0,0,1,0.0,Home,Desktop,Returning,Low
1176,0,0,0,1,0.0,Electronics,Mobile,Returning,High
1177,1,1,1,1,671.0,Fashion,Mobile,Returning,High
1178,0,0,0,1,0.0,Home,Desktop,New,Medium
1179,1,0,0,1,0.0,Home,Desktop,Returning,Medium
1180,1,1,1,1,908.0,Electronics,Desktop,New,High
1181,1,0,0,1,0.0,Electronics,Mobile,Returning,High
1182,1,0,0,1,0.0,Beauty,Desktop,Returning,High
1183,1,1,1,1,211.0,Fashion,Desktop,New,Medium
1184,1,1,1,1,557.0,Beauty,Mobile,New,High
1185,1,1,1,1,551.0,Home,Mobile,New,High
1186,1,1,0,1,0.0,Fashion,Mobile,New,High
1187,1,1,1,1,914.0,Home,Mobile,New,High
1188,1,1,1,1,89.0,Beauty,Mobile,New,Low
1189,1,1,1,1,569.0,Beauty,Mobile,New,High
1190,0,0,0,1,0.0,Electronics,Mobile,New,Medium
1191,1,1,0,1,0.0,Home,Desktop,New,Medium
1192,1,0,0,1,0.0,Home,Desktop,Returning,High
1193,0,0,0,1,0.0,Electronics,Desktop,New,High
1194,1,0,0,1,0.0,Home,Mobile,New,Medium
1195,1,1,0,1,0.0,Electronics,Mobile,New,High
1196,1,1,1,1,638.0,Fashion,Desktop,New,High
1197,1,0,0,1,0.0,Fashion,Mobile,Returning,Medium
1198,1,1,1,1,533.0,Fashion,Tablet,Returning,High
1199,0,0,0,1,0.0,Electronics,Desktop,New,Medium
1200,1,1,1,1,129.0,Home,Mobile,New,Medium
1201,1,0,0,1,0.0,Home,Tablet,New,Low
1202,0,0,0,1,0.0,Electronics,Mobile,Returning,High
1203,0,0,0,1,0.0,Beauty,Mobile,New,High
1204,1,1,0,1,0.0,Electronics,Desktop,Returning,High
1205,1,1,1,1,241.0,Home,Mobile,New,Medium
1206,0,0,0,1,0.0,Home,Desktop,New,High
1207,1,1,1,1,274.0,Home,Mobile,New,Medium
1208,0,0,0,1,0.0,Home,Mobile,Returning,High
1209,0,0,0,1,0.0,Electronics,Mobile,New,High
1210,0,0,0,1,0.0,Electronics,Desktop,New,Medium
1211,1,1,1,1,154.0,Beauty,Mobile,New,Medium
1212,0,0,0,1,0.0,Beauty,Mobile,Returning,Low
1213,1,1,0,1,0.0,Fashion,Desktop,Returning,Medium
1214,1,1,1,1,585.0,Fashion,Mobile,Returning,High
1215,0,0,0,1,0.0,Home,Desktop,Returning,High
1216,0,0,0,1,0.0,Beauty,Mobile,New,Medium
1217,0,0,0,1,0.0,Fashion,Desktop,New,Low
1218,1,1,1,1,985.0,Home,Desktop,Returning,High
1219,0,0,0,1,0.0,Home,Mobile,New,Low
1220,0,0,0,1,0.0,Fashion,Mobile,Returning,High
1221,0,0,0,1,0.0,Electronics,Desktop,Returning,Medium
1222,1,0,0,1,0.0,Fashion,Mobile,New,High
1223,1,1,1,1,450.0,Home,Tablet,Returning,Medium
1224,0,0,0,1,0.0,Beauty,Mobile,Returning,Low
1225,0,0,0,1,0.0,Fashion,Mobile,New,Medium
1226,1,1,1,1,492.0,Beauty,Mobile,Returning,Medium
1227,1,0,0,1,0.0,Electronics,Tablet,New,Medium
1228,1,1,1,1,750.0,Home,Mobile,New,High
1229,1,1,1,1,109.0,Home,Desktop,New,Medium
1230,1,1,1,1,502.0,Fashion,Desktop,Returning,High
1231,1,0,0,1,0.0,Home,Mobile,New,High
1232,1,1,1,1,473.0,Fashion,Mobile,Returning,Medium
1233,1,1,1,1,482.0,Beauty,Desktop,Returning,Medium
1234,0,0,0,1,0.0,Electronics,Mobile,New,High
1235,1,1,1,1,437.0,Electronics,Desktop,Returning,Medium
1236,0,0,0,1,0.0,Home,Mobile,Returning,High
1237,1,1,1,1,510.0,Fashion,Mobile,Returning,High
1238,1,0,0,1,0.0,Fashion,Desktop,Returning,Medium
1239,0,0,0,1,0.0,Electronics,Mobile,New,Low
1240,1,1,1,1,279.0,Electronics,Mobile,Returning,Medium
1241,1,1,1,1,512.0,Home,Mobile,New,High
1242,0,0,0,1,0.0,Home,Mobile,New,High
1243,1,1,1,1,219.0,Electronics,Mobile,New,Medium
1244,1,1,1,1,816.0,Beauty,Desktop,Returning,High
1245,1,1,1,1,870.0,Electronics,Mobile,Returning,High
1246,0,0,0,1,0.0,Beauty,Mobile,Returning,Medium
1247,1,1,1,1,680.0,Beauty,Desktop,Returning,High
1248,1,0,0,1,0.0,Electronics,Mobile,Returning,High
1249,0,0,0,1,0.0,Beauty,Mobile,New,High
1250,1,0,0,1,0.0,Fashion,Desktop,Returning,High
1251,1,1,0,1,0.0,Home,Desktop,New,High
1252,1,1,1,1,534.0,Home,Mobile,New,High
1253,1,1,1,1,972.0,Electronics,Desktop,New,High
1254,1,1,1,1,283.0,Fashion,Mobile,New,Medium
1255,1,1,1,1,234.0,Home,Desktop,Returning,Medium
1256,1,0,0,1,0.0,Home,Mobile,New,High
1257,1,0,0,1,0.0,Beauty,Mobile,New,High
1258,1,1,1,1,737.0,Home,Mobile,New,High
1259,1,0,0,1,0.0,Fashion,Mobile,New,High
1260,0,0,0,1,0.0,Home,Mobile,New,High
1261,0,0,0,1,0.0,Fashion,Tablet,New,Low
1262,1,1,1,1,268.0,Beauty,Mobile,Returning,Medium
1263,1,1,1,1,868.0,Fashion,Mobile,Returning,High
1264,1,1,1,1,779.0,Electronics,Mobile,New,High
1265,0,0,0,1,0.0,Beauty,Mobile,Returning,High
1266,1,1,1,1,606.0,Electronics,Desktop,New,High
1267,1,0,0,1,0.0,Beauty,Mobile,New,High
1268,0,0,0,1,0.0,Electronics,Mobile,Returning,Medium
1269,0,0,0,1,0.0,Home,Mobile,New,High
1270,1,0,0,1,0.0,Home,Desktop,New,Medium
1271,1,1,1,1,825.0,Electronics,Mobile,New,High
1272,1,0,0,1,0.0,Electronics,Mobile,Returning,High
1273,0,0,0,1,0.0,Electronics,Mobile,Returning,High
1274,0,0,0,1,0.0,Home,Mobile,Returning,Low
1275,0,0,0,1,0.0,Electronics,Mobile,New,High
1276,0,0,0,1,0.0,Electronics,Desktop,Returning,Medium
1277,0,0,0,1,0.0,Home,Desktop,New,Low
1278,1,1,1,1,915.0,Home,Desktop,Returning,High
1279,1,0,0,1,0.0,Home,Mobile,Returning,Medium
1280,0,0,0,1,0.0,Home,Mobile,Returning,Medium
1281,1,1,0,1,0.0,Beauty,Mobile,New,High
1282,0,0,0,1,0.0,Fashion,Tablet,New,Medium
1283,0,0,0,1,0.0,Fashion,Mobile,New,High
1284,0,0,0,1,0.0,Home,Desktop,Returning,Medium
1285,0,0,0,1,0.0,Fashion,Mobile,Returning,Low
1286,1,1,1,1,21.0,Electronics,Mobile,Returning,Low
1287,0,0,0,1,0.0,Beauty,Mobile,Returning,Medium
1288,0,0,0,1,0.0,Beauty,Mobile,Returning,Medium
1289,0,0,0,1,0.0,Fashion,Desktop,Returning,Low
1290,1,1,0,1,0.0,Fashion,Tablet,New,High
1291,1,1,1,1,575.0,Fashion,Mobile,Returning,High
1292,1,0,0,1,0.0,Electronics,Mobile,New,High
1293,1,0,0,1,0.0,Electronics,Desktop,New,High
1294,1,1,1,1,424.0,Fashion,Desktop,Returning,Medium
1295,0,0,0,1,0.0,Home,Mobile,Returning,High
1296,1,1,1,1,646.0,Home,Mobile,New,High
1297,1,1,1,1,195.0,Home,Mobile,New,Medium
1298,1,1,0,1,0.0,Electronics,Mobile,Returning,Medium
1299,1,1,1,1,818.0,Beauty,Mobile,Returning,High
1300,1,1,1,1,117.0,Electronics,Mobile,Returning,Medium
1301,0,0,0,1,0.0,Electronics,Mobile,Returning,Medium
1302,1,0,0,1,0.0,Beauty,Mobile,New,Medium
1303,1,1,0,1,0.0,Fashion,Mobile,New,Medium
1304,1,1,1,1,880.0,Fashion,Desktop,New,High
1305,1,0,0,1,0.0,Fashion,Desktop,Returning,Medium
1306,1,1,1,1,732.0,Home,Mobile,Returning,High
1307,0,0,0,1,0.0,Fashion,Desktop,Returning,High
1308,1,1,1,1,897.0,Fashion,Desktop,New,High
1309,1,1,1,1,477.0,Fashion,Mobile,Returning,Medium
1310,0,0,0,1,0.0,Home,Mobile,New,Medium
1311,0,0,0,1,0.0,Fashion,Desktop,Returning,High
1312,1,1,1,1,232.0,Fashion,Desktop,New,Medium
1313,0,0,0,1,0.0,Home,Tablet,New,High
1314,1,1,1,1,566.0,Fashion,Desktop,New,High
1315,1,0,0,1,0.0,Fashion,Desktop,Returning,Medium
1316,1,0,0,1,0.0,Fashion,Mobile,Returning,High
1317,1,0,0,1,0.0,Beauty,Mobile,Returning,High
1318,1,0,0,1,0.0,Home,Mobile,Returning,Medium
1319,1,1,1,1,25.0,Home,Mobile,New,Low
1320,0,0,0,1,0.0,Fashion,Desktop,New,High
1321,1,1,1,1,214.0,Beauty,Mobile,Returning,Medium
1322,0,0,0,1,0.0,Home,Desktop,New,Medium
1323,1,1,1,1,319.0,Home,Mobile,New,Medium
1324,1,1,1,1,395.0,Electronics,Mobile,New,Medium
1325,1,0,0,1,0.0,Home,Mobile,New,Medium
1326,1,1,1,1,537.0,Fashion,Mobile,Returning,High
1327,0,0,0,1,0.0,Home,Desktop,Returning,High
1328,0,0,0,1,0.0,Fashion,Desktop,New,High
1329,1,0,0,1,0.0,Electronics,Tablet,New,High
1330,1,0,0,1,0.0,Fashion,Mobile,Returning,High
1331,1,1,1,1,94.0,Home,Mobile,Returning,Low
1332,1,1,1,1,487.0,Electronics,Mobile,New,Medium
1333,1,1,1,1,140.0,Home,Mobile,New,Medium
1334,1,1,1,1,40.0,Beauty,Desktop,New,Low
1335,1,1,0,1,0.0,Home,Desktop,Returning,High
1336,0,0,0,1,0.0,Electronics,Desktop,New,Medium
1337,0,0,0,1,0.0,Fashion,Mobile,Returning,Medium
1338,1,1,1,1,520.0,Beauty,Desktop,Returning,High
1339,0,0,0,1,0.0,Beauty,Mobile,New,Low
1340,1,1,1,1,768.0,Electronics,Desktop,New,High
1341,1,0,0,1,0.0,Electronics,Mobile,New,Medium
1342,0,0,0,1,0.0,Electronics,Mobile,New,Medium
1343,1,1,1,1,795.0,Electronics,Mobile,New,High
1344,1,1,0,1,0.0,Beauty,Desktop,Returning,Medium
1345,0,0,0,1,0.0,Beauty,Mobile,New,High
1346,1,1,1,1,919.0,Beauty,Mobile,New,High
1347,1,0,0,1,0.0,Beauty,Desktop,New,High
1348,1,1,1,1,405.0,Fashion,Mobile,New,Medium
1349,0,0,0,1,0.0,Beauty,Mobile,New,High
1350,1,1,1,1,363.0,Beauty,Mobile,Returning,Medium
1351,0,0,0,1,0.0,Home,Mobile,New,High
1352,1,1,1,1,181.0,Electronics,Desktop,Returning,Medium
1353,1,1,0,1,0.0,Home,Desktop,Returning,Medium
1354,1,1,1,1,200.0,Beauty,Mobile,Returning,Medium
1355,1,1,1,1,563.0,Beauty,Tablet,Returning,High
1356,1,1,1,1,962.0,Home,Mobile,New,High
1357,1,1,1,1,984.0,Electronics,Mobile,New,High
1358,0,0,0,1,0.0,Electronics,Mobile,New,Medium
1359,0,0,0,1,0.0,Electronics,Mobile,New,High
1360,1,1,1,1,243.0,Fashion,Mobile,Returning,Medium
1361,1,1,0,1,0.0,Home,Desktop,Returning,High
1362,0,0,0,1,0.0,Beauty,Desktop,New,High
1363,0,0,0,1,0.0,Beauty,Mobile,Returning,High
1364,1,0,0,1,0.0,Home,Mobile,New,High
1365,0,0,0,1,0.0,Fashion,Desktop,New,High
1366,0,0,0,1,0.0,Electronics,Desktop,New,Medium
1367,1,1,1,1,678.0,Fashion,Desktop,Returning,High
1368,0,0,0,1,0.0,Beauty,Mobile,New,High
1369,1,1,1,1,939.0,Electronics,Desktop,New,High
1370,0,0,0,1,0.0,Beauty,Mobile,New,High
1371,0,0,0,1,0.0,Beauty,Mobile,Returning,Medium
1372,1,1,1,1,626.0,Fashion,Mobile,Returning,High
1373,1,1,1,1,932.0,Home,Mobile,New,High
1374,1,1,0,1,0.0,Fashion,Mobile,New,High
1375,1,1,1,1,676.0,Home,Mobile,New,High
1376,0,0,0,1,0.0,Fashion,Mobile,New,Medium
1377,0,0,0,1,0.0,Fashion,Desktop,Returning,Medium
1378,0,0,0,1,0.0,Fashion,Mobile,New,High
1379,1,1,1,1,26.0,Home,Mobile,New,Low
1380,0,0,0,1,0.0,Home,Mobile,New,Medium
1381,0,0,0,1,0.0,Home,Tablet,Returning,Medium
1382,0,0,0,1,0.0,Beauty,Mobile,Returning,Medium
1383,1,0,0,1,0.0,Fashion,Mobile,New,High
1384,0,0,0,1,0.0,Fashion,Mobile,New,Medium
1385,1,1,1,1,490.0,Beauty,Desktop,New,Medium
1386,1,0,0,1,0.0,Beauty,Tablet,New,Medium
1387,0,0,0,1,0.0,Electronics,Mobile,New,High
1388,1,1,1,1,51.0,Fashion,Mobile,New,Low
1389,1,1,1,1,465.0,Home,Desktop,New,Medium
1390,0,0,0,1,0.0,Fashion,Mobile,Returning,High
1391,0,0,0,1,0.0,Fashion,Desktop,Returning,Low
1392,1,1,1,1,890.0,Electronics,Mobile,Returning,High
1393,1,0,0,1,0.0,Electronics,Mobile,New,Medium
1394,0,0,0,1,0.0,Home,Mobile,Returning,Medium
1395,0,0,0,1,0.0,Fashion,Mobile,Returning,High
1396,1,0,0,1,0.0,Beauty,Desktop,Returning,Medium
1397,0,0,0,1,0.0,Beauty,Desktop,Returning,Medium
1398,0,0,0,1,0.0,Electronics,Mobile,New,High
1399,1,1,1,1,518.0,Beauty,Desktop,Returning,High
1400,1,1,1,1,572.0,Electronics,Mobile,Returning,High
1401,1,0,0,1,0.0,Fashion,Mobile,New,High
1402,1,0,0,1,0.0,Home,Mobile,New,High
1403,0,0,0,1,0.0,Beauty,Desktop,New,Medium
1404,1,1,1,1,253.0,Home,Desktop,New,Medium
1405,0,0,0,1,0.0,Home,Desktop,New,Medium
1406,1,1,0,1,0.0,Fashion,Desktop,Returning,High
1407,1,1,0,1,0.0,Fashion,Desktop,New,Medium
1408,0,0,0,1,0.0,Electronics,Tablet,New,High
1409,1,1,0,1,0.0,Electronics,Desktop,New,Medium
1410,0,0,0,1,0.0,Beauty,Desktop,New,Medium
1411,0,0,0,1,0.0,Electronics,Mobile,New,Medium
1412,0,0,0,1,0.0,Home,Mobile,New,Medium
1413,0,0,0,1,0.0,Electronics,Mobile,New,High
1414,1,1,1,1,653.0,Fashion,Mobile,New,High
1415,1,1,1,1,379.0,Home,Mobile,New,Medium
1416,0,0,0,1,0.0,Fashion,Mobile,New,Medium
1417,0,0,0,1,0.0,Electronics,Desktop,New,High
1418,0,0,0,1,0.0,Electronics,Mobile,Returning,High
1419,1,1,1,1,860.0,Electronics,Mobile,New,High
1420,0,0,0,1,0.0,Home,Mobile,New,Low
1421,1,1,0,1,0.0,Electronics,Tablet,Returning,Medium
1422,1,0,0,1,0.0,Fashion,Mobile,Returning,High
1423,1,1,1,1,415.0,Beauty,Mobile,Returning,Medium
1424,1,0,0,1,0.0,Fashion,Desktop,Returning,Medium
1425,1,1,1,1,574.0,Beauty,Desktop,Returning,High
1426,0,0,0,1,0.0,Fashion,Mobile,Returning,Medium
1427,0,0,0,1,0.0,Fashion,Mobile,Returning,High
1428,1,1,1,1,637.0,Fashion,Mobile,Returning,High
1429,1,0,0,1,0.0,Home,Tablet,New,High
1430,1,1,1,1,435.0,Electronics,Mobile,New,Medium
1431,1,1,1,1,533.0,Fashion,Mobile,Returning,High
1432,1,1,1,1,89.0,Electronics,Mobile,New,Low
1433,1,1,1,1,455.0,Fashion,Mobile,Returning,Medium
1434,1,1,1,1,75.0,Electronics,Desktop,New,Low
1435,1,1,1,1,499.0,Fashion,Mobile,New,Medium
1436,1,0,0,1,0.0,Home,Mobile,Returning,High
1437,1,1,1,1,298.0,Beauty,Mobile,New,Medium
1438,1,0,0,1,0.0,Beauty,Mobile,New,High
1439,1,0,0,1,0.0,Beauty,Mobile,New,High
1440,1,1,0,1,0.0,Fashion,Desktop,New,High
1441,0,0,0,1,0.0,Beauty,Desktop,New,High
1442,1,1,0,1,0.0,Electronics,Desktop,New,Medium
1443,0,0,0,1,0.0,Beauty,Desktop,Returning,Medium
1444,1,1,1,1,136.0,Beauty,Desktop,Returning,Medium
1445,1,1,1,1,972.0,Beauty,Mobile,New,High
1446,1,1,1,1,123.0,Electronics,Desktop,Returning,Medium
1447,0,0,0,1,0.0,Fashion,Desktop,New,Medium
1448,1,1,0,1,0.0,Beauty,Desktop,Returning,High
1449,1,1,1,1,165.0,Home,Mobile,Returning,Medium
1450,1,1,1,1,239.0,Home,Mobile,New,Medium
1451,0,0,0,1,0.0,Beauty,Desktop,New,High
1452,1,1,1,1,339.0,Beauty,Desktop,New,Medium
1453,1,1,1,1,775.0,Fashion,Tablet,Returning,High
1454,0,0,0,1,0.0,Beauty,Mobile,Returning,Medium
1455,1,0,0,1,0.0,Beauty,Mobile,Returning,High
1456,1,1,1,1,707.0,Fashion,Mobile,Returning,High
1457,1,0,0,1,0.0,Home,Desktop,New,Medium
1458,1,1,0,1,0.0,Beauty,Mobile,Returning,Medium
1459,1,1,1,1,533.0,Home,Mobile,Returning,High
1460,0,0,0,1,0.0,Home,Tablet,Returning,Low
1461,0,0,0,1,0.0,Home,Mobile,Returning,High
1462,1,1,1,1,593.0,Electronics,Desktop,New,High
1463,1,1,1,1,695.0,Beauty,Mobile,New,High
1464,1,1,1,1,923.0,Home,Desktop,New,High
1465,1,1,0,1,0.0,Electronics,Mobile,New,Medium
1466,1,0,0,1,0.0,Fashion,Desktop,Returning,Medium
1467,1,0,0,1,0.0,Home,Desktop,Returning,Medium
1468,0,0,0,1,0.0,Home,Mobile,New,Low
1469,0,0,0,1,0.0,Home,Mobile,New,Medium
1470,0,0,0,1,0.0,Fashion,Mobile,Returning,Medium
1471,1,1,1,1,897.0,Electronics,Desktop,New,High
1472,1,1,1,1,539.0,Fashion,Desktop,Returning,High
1473,0,0,0,1,0.0,Fashion,Mobile,New,High
1474,0,0,0,1,0.0,Beauty,Desktop,New,High
1475,1,1,1,1,354.0,Fashion,Mobile,New,Medium
1476,0,0,0,1,0.0,Home,Desktop,New,High
1477,0,0,0,1,0.0,Beauty,Tablet,New,Low
1478,0,0,0,1,0.0,Home,Mobile,Returning,High
1479,1,0,0,1,0.0,Electronics,Mobile,New,High
1480,0,0,0,1,0.0,Fashion,Mobile,New,Medium
1481,1,1,0,1,0.0,Beauty,Mobile,Returning,High
1482,0,0,0,1,0.0,Fashion,Mobile,New,Medium
1483,1,1,1,1,179.0,Electronics,Mobile,Returning,Medium
1484,1,1,1,1,66.0,Home,Mobile,New,Low
1485,1,1,1,1,762.0,Home,Mobile,New,High
1486,1,0,0,1,0.0,Electronics,Mobile,Returning,High
1487,1,1,1,1,164.0,Beauty,Mobile,Returning,Medium
1488,0,0,0,1,0.0,Beauty,Mobile,New,Medium
1489,0,0,0,1,0.0,Fashion,Desktop,New,High
1490,0,0,0,1,0.0,Home,Desktop,Returning,Medium
1491,1,1,0,1,0.0,Home,Mobile,Returning,High
1492,1,1,1,1,432.0,Electronics,Mobile,New,Medium
1493,1,1,1,1,387.0,Beauty,Desktop,New,Medium
1494,0,0,0,1,0.0,Home,Tablet,Returning,Low
1495,0,0,0,1,0.0,Fashion,Mobile,Returning,Medium
1496,1,1,1,1,561.0,Fashion,Mobile,New,High
1497,1,1,1,1,437.0,Fashion,Mobile,New,Medium
1498,0,0,0,1,0.0,Electronics,Mobile,Returning,High
1499,1,0,0,1,0.0,Fashion,Mobile,New,High
1500,1,1,1,1,329.0,Beauty,Mobile,Returning,Medium
1501,1,1,1,1,565.0,Beauty,Desktop,New,High
1502,1,1,1,1,856.0,Fashion,Mobile,Returning,High
1503,1,1,1,1,909.0,Electronics,Mobile,New,High
1504,0,0,0,1,0.0,Fashion,Mobile,Returning,Medium
1505,0,0,0,1,0.0,Home,Mobile,Returning,High
1506,0,0,0,1,0.0,Beauty,Mobile,New,High
1507,0,0,0,1,0.0,Electronics,Mobile,New,High
1508,0,0,0,1,0.0,Home,Desktop,New,High
1509,1,0,0,1,0.0,Electronics,Mobile,Returning,Low
1510,1,1,1,1,623.0,Beauty,Desktop,New,High
1511,0,0,0,1,0.0,Home,Desktop,New,High
1512,1,1,0,1,0.0,Beauty,Mobile,Returning,Medium
1513,0,0,0,1,0.0,Fashion,Mobile,New,Medium
1514,1,1,1,1,763.0,Fashion,Mobile,New,High
1515,1,1,1,1,386.0,Fashion,Desktop,New,Medium
1516,1,1,1,1,109.0,Beauty,Desktop,New,Medium
1517,0,0,0,1,0.0,Electronics,Desktop,New,Medium
1518,0,0,0,1,0.0,Beauty,Mobile,New,Medium
1519,1,0,0,1,0.0,Fashion,Desktop,New,High
1520,1,1,1,1,466.0,Fashion,Mobile,Returning,Medium
1521,1,1,1,1,671.0,Home,Mobile,Returning,High
1522,1,0,0,1,0.0,Electronics,Mobile,New,Medium
1523,1,1,1,1,671.0,Fashion,Mobile,New,High
1524,1,0,0,1,0.0,Beauty,Desktop,New,High
1525,1,1,0,1,0.0,Beauty,Mobile,Returning,Medium
1526,1,1,0,1,0.0,Beauty,Mobile,New,High
1527,1,0,0,1,0.0,Fashion,Mobile,New,High
1528,0,0,0,1,0.0,Home,Desktop,Returning,Medium
1529,1,1,0,1,0.0,Beauty,Desktop,New,High
1530,1,0,0,1,0.0,Fashion,Mobile,New,Medium
1531,1,0,0,1,0.0,Home,Mobile,New,High
1532,0,0,0,1,0.0,Beauty,Mobile,New,Medium
1533,1,1,1,1,499.0,Home,Desktop,New,Medium
1534,1,1,1,1,403.0,Home,Mobile,New,Medium
1535,1,1,1,1,631.0,Home,Mobile,Returning,High
1536,0,0,0,1,0.0,Electronics,Mobile,New,Medium
1537,1,0,0,1,0.0,Fashion,Mobile,New,Medium
1538,1,0,0,1,0.0,Home,Desktop,New,Low
1539,1,1,1,1,835.0,Electronics,Mobile,New,High
1540,1,1,0,1,0.0,Electronics,Mobile,New,High
1541,0,0,0,1,0.0,Beauty,Mobile,Returning,Medium
1542,0,0,0,1,0.0,Fashion,Mobile,New,High
1543,1,1,1,1,956.0,Beauty,Desktop,New,High
1544,0,0,0,1,0.0,Beauty,Mobile,New,High
1545,1,1,1,1,348.0,Home,Desktop,Returning,Medium
1546,1,1,1,1,94.0,Beauty,Desktop,Returning,Low
1547,0,0,0,1,0.0,Fashion,Mobile,New,Low
1548,0,0,0,1,0.0,Fashion,Mobile,New,High
1549,0,0,0,1,0.0,Home,Mobile,New,Medium
1550,0,0,0,1,0.0,Beauty,Desktop,Returning,High
1551,1,1,1,1,562.0,Home,Mobile,New,High
1552,0,0,0,1,0.0,Home,Mobile,Returning,High
1553,1,1,1,1,467.0,Beauty,Mobile,New,Medium
1554,1,0,0,1,0.0,Home,Desktop,New,High
1555,0,0,0,1,0.0,Fashion,Mobile,New,Low
1556,1,0,0,1,0.0,Electronics,Mobile,Returning,Medium
1557,1,1,1,1,154.0,Beauty,Mobile,New,Medium
1558,1,1,0,1,0.0,Home,Mobile,New,High
1559,0,0,0,1,0.0,Electronics,Desktop,Returning,Medium
1560,0,0,0,1,0.0,Fashion,Mobile,New,Medium
1561,0,0,0,1,0.0,Electronics,Desktop,New,Low
1562,0,0,0,1,0.0,Home,Desktop,New,Medium
1563,1,1,1,1,649.0,Home,Mobile,New,High
1564,1,0,0,1,0.0,Fashion,Desktop,Returning,High
1565,0,0,0,1,0.0,Fashion,Mobile,New,Medium
1566,1,1,1,1,903.0,Fashion,Mobile,Returning,High
1567,1,1,1,1,40.0,Electronics,Desktop,Returning,Low
1568,0,0,0,1,0.0,Home,Mobile,New,High
1569,1,1,1,1,934.0,Electronics,Desktop,New,High
1570,0,0,0,1,0.0,Electronics,Mobile,New,Medium
1571,0,0,0,1,0.0,Home,Desktop,Returning,Medium
1572,1,0,0,1,0.0,Home,Mobile,Returning,High
1573,1,1,1,1,452.0,Electronics,Mobile,New,Medium
1574,0,0,0,1,0.0,Electronics,Mobile,Returning,Medium
1575,0,0,0,1,0.0,Electronics,Desktop,New,High
1576,0,0,0,1,0.0,Home,Desktop,New,High
1577,0,0,0,1,0.0,Electronics,Mobile,Returning,High
1578,1,1,1,1,803.0,Fashion,Desktop,New,High
1579,1,1,1,1,301.0,Electronics,Mobile,New,Medium
1580,0,0,0,1,0.0,Home,Mobile,Returning,High
1581,0,0,0,1,0.0,Beauty,Desktop,Returning,High
1582,0,0,0,1,0.0,Electronics,Desktop,New,Low
1583,0,0,0,1,0.0,Fashion,Desktop,Returning,Medium
1584,0,0,0,1,0.0,Electronics,Desktop,New,High
1585,0,0,0,1,0.0,Home,Mobile,New,High
1586,0,0,0,1,0.0,Fashion,Desktop,New,High
1587,0,0,0,1,0.0,Electronics,Mobile,New,High
1588,1,0,0,1,0.0,Home,Mobile,Returning,High
1589,0,0,0,1,0.0,Fashion,Mobile,New,Low
1590,0,0,0,1,0.0,Beauty,Mobile,Returning,High
1591,0,0,0,1,0.0,Fashion,Mobile,Returning,High
1592,1,0,0,1,0.0,Fashion,Mobile,Returning,Low
1593,0,0,0,1,0.0,Beauty,Mobile,New,Low
1594,1,0,0,1,0.0,Home,Mobile,New,Medium
1595,1,1,0,1,0.0,Electronics,Mobile,Returning,High
1596,1,0,0,1,0.0,Fashion,Mobile,New,Medium
1597,0,0,0,1,0.0,Electronics,Mobile,New,Medium
1598,1,1,1,1,130.0,Electronics,Desktop,New,Medium
1599,1,1,1,1,250.0,Beauty,Desktop,Returning,Medium
1600,0,0,0,1,0.0,Beauty,Desktop,Returning,Medium
1601,1,1,1,1,147.0,Electronics,Mobile,New,Medium
1602,1,0,0,1,0.0,Fashion,Desktop,New,High
1603,1,0,0,1,0.0,Home,Mobile,New,Low
1604,1,1,0,1,0.0,Fashion,Mobile,New,Medium
1605,0,0,0,1,0.0,Fashion,Mobile,New,Medium
1606,0,0,0,1,0.0,Beauty,Desktop,New,Medium
1607,1,1,1,1,128.0,Electronics,Mobile,Returning,Medium
1608,1,0,0,1,0.0,Home,Mobile,New,High
1609,1,1,0,1,0.0,Electronics,Mobile,New,Low
1610,0,0,0,1,0.0,Electronics,Desktop,Returning,High
1611,1,1,1,1,570.0,Fashion,Desktop,New,High
1612,1,0,0,1,0.0,Fashion,Mobile,Returning,Low
1613,1,1,0,1,0.0,Electronics,Mobile,Returning,High
1614,1,1,1,1,629.0,Beauty,Mobile,New,High
1615,1,1,0,1,0.0,Fashion,Desktop,Returning,High
1616,1,1,1,1,582.0,Fashion,Mobile,New,High
1617,1,0,0,1,0.0,Electronics,Desktop,Returning,Medium
1618,1,1,1,1,319.0,Beauty,Mobile,Returning,Medium
1619,1,0,0,1,0.0,Beauty,Desktop,Returning,Medium
1620,0,0,0,1,0.0,Fashion,Mobile,New,Medium
1621,0,0,0,1,0.0,Electronics,Mobile,New,High
1622,0,0,0,1,0.0,Electronics,Mobile,New,Low
1623,0,0,0,1,0.0,Fashion,Mobile,Returning,High
1624,1,1,0,1,0.0,Fashion,Mobile,New,High
1625,0,0,0,1,0.0,Fashion,Desktop,Returning,High
1626,0,0,0,1,0.0,Beauty,Mobile,Returning,High
1627,0,0,0,1,0.0,Beauty,Desktop,New,High
1628,1,1,0,1,0.0,Electronics,Desktop,New,Medium
1629,1,1,1,1,424.0,Electronics,Mobile,Returning,Medium
1630,1,1,1,1,221.0,Home,Desktop,Returning,Medium
1631,0,0,0,1,0.0,Beauty,Desktop,Returning,Medium
1632,1,1,1,1,349.0,Beauty,Mobile,New,Medium
1633,1,0,0,1,0.0,Beauty,Desktop,New,High
1634,1,1,1,1,289.0,Beauty,Mobile,New,Medium
1635,1,1,1,1,89.0,Electronics,Mobile,New,Low
1636,1,1,1,1,605.0,Fashion,Desktop,New,High
1637,1,1,0,1,0.0,Home,Mobile,New,High
1638,1,1,1,1,254.0,Electronics,Mobile,New,Medium
1639,0,0,0,1,0.0,Fashion,Mobile,New,Medium
1640,1,0,0,1,0.0,Fashion,Desktop,Returning,High
1641,1,1,1,1,661.0,Beauty,Desktop,Returning,High
1642,0,0,0,1,0.0,Electronics,Mobile,New,High
1643,0,0,0,1,0.0,Electronics,Desktop,Returning,Medium
1644,0,0,0,1,0.0,Electronics,Desktop,New,Medium
1645,1,1,1,1,336.0,Beauty,Mobile,New,Medium
1646,0,0,0,1,0.0,Beauty,Mobile,Returning,High
1647,0,0,0,1,0.0,Electronics,Desktop,Returning,Low
1648,1,1,1,1,386.0,Home,Desktop,Returning,Medium
1649,1,1,0,1,0.0,Home,Desktop,Returning,Medium
1650,1,1,1,1,508.0,Home,Mobile,New,High
1651,1,1,1,1,742.0,Fashion,Mobile,Returning,High
1652,1,1,1,1,982.0,Beauty,Mobile,Returning,High
1653,1,0,0,1,0.0,Fashion,Mobile,New,High
1654,1,1,1,1,266.0,Electronics,Mobile,Returning,Medium
1655,1,0,0,1,0.0,Beauty,Desktop,Returning,Medium
1656,1,1,1,1,972.0,Home,Mobile,Returning,High
1657,1,1,1,1,23.0,Home,Desktop,Returning,Low
1658,0,0,0,1,0.0,Home,Mobile,New,Medium
1659,0,0,0,1,0.0,Beauty,Mobile,New,Medium
1660,0,0,0,1,0.0,Electronics,Mobile,New,High
1661,1,0,0,1,0.0,Home,Mobile,New,High
1662,1,1,1,1,851.0,Fashion,Mobile,New,High
1663,1,0,0,1,0.0,Home,Tablet,Returning,High
1664,1,1,1,1,98.0,Home,Desktop,New,Low
1665,0,0,0,1,0.0,Fashion,Mobile,New,High
1666,0,0,0,1,0.0,Electronics,Mobile,New,Medium
1667,0,0,0,1,0.0,Home,Desktop,New,High
1668,1,0,0,1,0.0,Fashion,Mobile,Returning,High
1669,0,0,0,1,0.0,Beauty,Mobile,New,Medium
1670,1,1,0,1,0.0,Fashion,Mobile,New,Low
1671,0,0,0,1,0.0,Fashion,Desktop,New,Medium
1672,1,1,1,1,938.0,Home,Mobile,Returning,High
1673,1,1,1,1,374.0,Electronics,Mobile,New,Medium
1674,1,1,1,1,349.0,Home,Desktop,New,Medium
1675,1,0,0,1,0.0,Fashion,Mobile,Returning,Medium
1676,1,1,1,1,539.0,Electronics,Mobile,Returning,High
1677,0,0,0,1,0.0,Home,Mobile,New,Medium
1678,1,1,1,1,699.0,Beauty,Desktop,New,High
1679,0,0,0,1,0.0,Beauty,Mobile,Returning,Medium
1680,0,0,0,1,0.0,Fashion,Tablet,Returning,High
1681,0,0,0,1,0.0,Beauty,Desktop,New,Medium
1682,1,1,1,1,565.0,Electronics,Mobile,Returning,High
1683,0,0,0,1,0.0,Beauty,Tablet,Returning,High
1684,1,1,1,1,614.0,Home,Mobile,New,High
1685,0,0,0,1,0.0,Electronics,Mobile,Returning,Medium
1686,1,0,0,1,0.0,Electronics,Mobile,New,Medium
1687,0,0,0,1,0.0,Beauty,Mobile,New,High
1688,1,0,0,1,0.0,Home,Mobile,New,Low
1689,1,1,1,1,394.0,Electronics,Mobile,New,Medium
1690,0,0,0,1,0.0,Electronics,Mobile,New,High
1691,1,1,1,1,846.0,Home,Desktop,New,High
1692,0,0,0,1,0.0,Home,Mobile,New,Medium
1693,1,1,1,1,814.0,Fashion,Tablet,New,High
1694,0,0,0,1,0.0,Beauty,Mobile,New,High
1695,0,0,0,1,0.0,Electronics,Mobile,New,Medium
1696,1,1,1,1,490.0,Fashion,Mobile,Returning,Medium
1697,0,0,0,1,0.0,Beauty,Mobile,New,High
1698,1,1,1,1,819.0,Fashion,Mobile,New,High
1699,1,1,1,1,667.0,Fashion,Desktop,New,High
1700,0,0,0,1,0.0,Electronics,Desktop,Returning,High
1701,1,1,1,1,463.0,Fashion,Tablet,New,Medium
1702,0,0,0,1,0.0,Fashion,Mobile,New,High
1703,1,1,1,1,469.0,Home,Desktop,New,Medium
1704,1,1,1,1,351.0,Electronics,Mobile,Returning,Medium
1705,1,1,1,1,647.0,Electronics,Mobile,New,High
1706,1,1,1,1,710.0,Electronics,Desktop,New,High
1707,1,1,1,1,916.0,Beauty,Desktop,Returning,High
1708,1,1,0,1,0.0,Fashion,Mobile,New,Medium
1709,0,0,0,1,0.0,Home,Mobile,New,Low
1710,1,1,1,1,234.0,Beauty,Mobile,New,Medium
1711,1,1,0,1,0.0,Electronics,Desktop,New,High
1712,0,0,0,1,0.0,Beauty,Mobile,New,Medium
1713,0,0,0,1,0.0,Home,Tablet,New,High
1714,1,1,0,1,0.0,Fashion,Mobile,Returning,Medium
1715,1,1,1,1,864.0,Beauty,Mobile,New,High
1716,1,1,1,1,33.0,Electronics,Mobile,Returning,Low
1717,0,0,0,1,0.0,Home,Mobile,New,Low
1718,1,1,1,1,105.0,Beauty,Mobile,New,Medium
1719,1,0,0,1,0.0,Home,Desktop,New,Low
1720,1,0,0,1,0.0,Home,Desktop,Returning,Medium
1721,1,1,0,1,0.0,Home,Desktop,New,High
1722,1,1,1,1,812.0,Beauty,Desktop,Returning,High
1723,0,0,0,1,0.0,Fashion,Desktop,New,High
1724,1,0,0,1,0.0,Beauty,Mobile,Returning,High
1725,1,0,0,1,0.0,Home,Desktop,Returning,Medium
1726,0,0,0,1,0.0,Electronics,Mobile,Returning,Low
1727,0,0,0,1,0.0,Fashion,Mobile,New,Medium
1728,1,1,1,1,519.0,Fashion,Mobile,New,High
1729,0,0,0,1,0.0,Fashion,Mobile,New,Medium
1730,0,0,0,1,0.0,Electronics,Mobile,Returning,Low
1731,0,0,0,1,0.0,Beauty,Tablet,Returning,High
1732,1,1,1,1,855.0,Beauty,Mobile,Returning,High
1733,0,0,0,1,0.0,Fashion,Mobile,New,Medium
1734,1,1,1,1,142.0,Fashion,Mobile,New,Medium
1735,1,1,1,1,314.0,Electronics,Mobile,New,Medium
1736,0,0,0,1,0.0,Home,Mobile,Returning,Low
1737,0,0,0,1,0.0,Beauty,Mobile,New,Medium
1738,0,0,0,1,0.0,Fashion,Mobile,New,Low
1739,0,0,0,1,0.0,Electronics,Mobile,New,Medium
1740,0,0,0,1,0.0,Electronics,Desktop,New,High
1741,1,1,1,1,711.0,Fashion,Desktop,New,High
1742,1,0,0,1,0.0,Beauty,Mobile,Returning,Low
1743,1,1,1,1,799.0,Home,Mobile,Returning,High
1744,1,1,1,1,618.0,Fashion,Mobile,Returning,High
1745,1,0,0,1,0.0,Home,Desktop,Returning,Medium
1746,0,0,0,1,0.0,Electronics,Mobile,New,Medium
1747,0,0,0,1,0.0,Electronics,Mobile,New,Medium
1748,0,0,0,1,0.0,Beauty,Desktop,Returning,High
1749,1,0,0,1,0.0,Electronics,Mobile,New,High
1750,0,0,0,1,0.0,Electronics,Mobile,New,High
1751,0,0,0,1,0.0,Beauty,Mobile,Returning,High
1752,1,1,1,1,141.0,Electronics,Desktop,Returning,Medium
1753,0,0,0,1,0.0,Fashion,Desktop,Returning,High
1754,1,1,0,1,0.0,Beauty,Desktop,Returning,High
1755,0,0,0,1,0.0,Fashion,Mobile,New,Medium
1756,1,0,0,1,0.0,Fashion,Mobile,New,Medium
1757,1,0,0,1,0.0,Fashion,Tablet,New,Medium
1758,1,0,0,1,0.0,Home,Tablet,New,High
1759,1,0,0,1,0.0,Beauty,Mobile,Returning,Medium
1760,1,0,0,1,0.0,Beauty,Desktop,Returning,Medium
1761,1,1,1,1,27.0,Home,Mobile,New,Low
1762,0,0,0,1,0.0,Home,Mobile,Returning,Low
1763,0,0,0,1,0.0,Electronics,Desktop,Returning,High
1764,1,1,0,1,0.0,Beauty,Mobile,New,High
1765,0,0,0,1,0.0,Fashion,Desktop,New,High
1766,1,0,0,1,0.0,Fashion,Mobile,New,High
1767,1,1,1,1,742.0,Beauty,Mobile,New,High
1768,1,1,1,1,67.0,Fashion,Desktop,Returning,Low
1769,1,1,1,1,736.0,Home,Desktop,Returning,High
1770,1,1,1,1,540.0,Beauty,Mobile,Returning,High
1771,1,0,0,1,0.0,Electronics,Mobile,Returning,Low
1772,0,0,0,1,0.0,Fashion,Desktop,Returning,High
1773,0,0,0,1,0.0,Fashion,Mobile,New,High
1774,1,1,0,1,0.0,Fashion,Tablet,Returning,Medium
1775,1,1,0,1,0.0,Home,Desktop,New,High
1776,1,0,0,1,0.0,Fashion,Mobile,Returning,Medium
1777,1,1,1,1,221.0,Home,Mobile,New,Medium
1778,0,0,0,1,0.0,Electronics,Mobile,Returning,High
1779,1,1,0,1,0.0,Beauty,Desktop,New,Medium
1780,0,0,0,1,0.0,Home,Mobile,New,High
1781,1,1,0,1,0.0,Electronics,Mobile,Returning,High
1782,0,0,0,1,0.0,Beauty,Mobile,New,Medium
1783,1,1,1,1,250.0,Fashion,Mobile,Returning,Medium
1784,1,1,1,1,968.0,Electronics,Mobile,Returning,High
1785,1,1,1,1,993.0,Home,Mobile,New,High
1786,0,0,0,1,0.0,Electronics,Desktop,Returning,Low
1787,1,0,0,1,0.0,Electronics,Desktop,New,Medium
1788,0,0,0,1,0.0,Beauty,Desktop,New,High
1789,0,0,0,1,0.0,Beauty,Mobile,New,High
1790,1,1,1,1,131.0,Home,Mobile,New,Medium
1791,0,0,0,1,0.0,Beauty,Desktop,Returning,High
1792,1,1,1,1,69.0,Fashion,Mobile,Returning,Low
1793,1,1,1,1,897.0,Home,Desktop,Returning,High
1794,1,1,1,1,483.0,Beauty,Desktop,New,Medium
1795,1,1,1,1,45.0,Home,Mobile,New,Low
1796,0,0,0,1,0.0,Electronics,Desktop,Returning,Medium
1797,0,0,0,1,0.0,Electronics,Tablet,Returning,Medium
1798,1,1,0,1,0.0,Electronics,Mobile,New,Medium
1799,1,1,1,1,471.0,Beauty,Mobile,New,Medium
1800,1,1,0,1,0.0,Beauty,Mobile,New,High
1801,1,1,1,1,275.0,Electronics,Mobile,New,Medium
1802,1,1,1,1,439.0,Home,Mobile,New,Medium
1803,0,0,0,1,0.0,Electronics,Mobile,New,High
1804,1,1,1,1,872.0,Home,Tablet,New,High
1805,0,0,0,1,0.0,Electronics,Mobile,New,High
1806,0,0,0,1,0.0,Electronics,Mobile,New,High
1807,0,0,0,1,0.0,Electronics,Desktop,New,High
1808,1,1,0,1,0.0,Beauty,Mobile,New,Low
1809,1,1,1,1,301.0,Fashion,Desktop,New,Medium
1810,0,0,0,1,0.0,Fashion,Mobile,Returning,Medium
1811,0,0,0,1,0.0,Home,Mobile,Returning,Medium
1812,1,0,0,1,0.0,Beauty,Mobile,Returning,High
1813,0,0,0,1,0.0,Beauty,Desktop,Returning,High
1814,0,0,0,1,0.0,Fashion,Mobile,New,Medium
1815,0,0,0,1,0.0,Electronics,Desktop,New,Medium
1816,1,1,1,1,855.0,Home,Mobile,New,High
1817,1,0,0,1,0.0,Home,Mobile,Returning,High
1818,1,1,1,1,373.0,Electronics,Mobile,Returning,Medium
1819,1,1,1,1,346.0,Beauty,Desktop,Returning,Medium
1820,0,0,0,1,0.0,Beauty,Desktop,Returning,High
1821,1,1,1,1,916.0,Beauty,Mobile,Returning,High
1822,1,0,0,1,0.0,Home,Mobile,Returning,Medium
1823,1,1,1,1,268.0,Home,Mobile,New,Medium
1824,0,0,0,1,0.0,Beauty,Mobile,New,Medium
1825,0,0,0,1,0.0,Electronics,Mobile,Returning,High
1826,1,0,0,1,0.0,Fashion,Desktop,Returning,Low
1827,1,1,0,1,0.0,Fashion,Desktop,New,Medium
1828,0,0,0,1,0.0,Fashion,Mobile,New,High
1829,0,0,0,1,0.0,Home,Mobile,New,High
1830,1,1,1,1,171.0,Electronics,Desktop,Returning,Medium
1831,0,0,0,1,0.0,Fashion,Desktop,New,High
1832,0,0,0,1,0.0,Home,Mobile,Returning,Medium
1833,1,1,1,1,172.0,Home,Mobile,Returning,Medium
1834,0,0,0,1,0.0,Fashion,Mobile,Returning,Medium
1835,1,1,1,1,904.0,Electronics,Mobile,New,High
1836,0,0,0,1,0.0,Beauty,Mobile,Returning,High
1837,0,0,0,1,0.0,Beauty,Mobile,New,Medium
1838,0,0,0,1,0.0,Fashion,Desktop,Returning,Medium
1839,0,0,0,1,0.0,Electronics,Mobile,Returning,Medium
1840,0,0,0,1,0.0,Electronics,Mobile,New,High
1841,1,1,1,1,189.0,Beauty,Mobile,New,Medium
1842,0,0,0,1,0.0,Home,Desktop,New,High
1843,1,1,1,1,191.0,Electronics,Desktop,Returning,Medium
1844,1,1,1,1,278.0,Beauty,Mobile,New,Medium
1845,1,0,0,1,0.0,Fashion,Mobile,Returning,High
1846,0,0,0,1,0.0,Home,Tablet,Returning,Medium
1847,1,1,1,1,802.0,Electronics,Mobile,Returning,High
1848,0,0,0,1,0.0,Fashion,Mobile,New,Medium
1849,1,1,1,1,659.0,Fashion,Mobile,New,High
1850,0,0,0,1,0.0,Home,Mobile,Returning,Medium
1851,0,0,0,1,0.0,Home,Mobile,Returning,Low
1852,0,0,0,1,0.0,Home,Desktop,Returning,Medium
1853,1,0,0,1,0.0,Beauty,Desktop,Returning,High
1854,1,1,1,1,880.0,Home,Mobile,New,High
1855,0,0,0,1,0.0,Fashion,Desktop,Returning,Medium
1856,1,0,0,1,0.0,Fashion,Mobile,New,Medium
1857,0,0,0,1,0.0,Beauty,Mobile,Returning,Medium
1858,0,0,0,1,0.0,Fashion,Mobile,New,High
1859,1,1,1,1,902.0,Fashion,Desktop,Returning,High
1860,1,0,0,1,0.0,Home,Mobile,New,Low
1861,1,1,1,1,478.0,Home,Mobile,New,Medium
1862,1,1,1,1,601.0,Beauty,Desktop,Returning,High
1863,1,0,0,1,0.0,Electronics,Desktop,Returning,High
1864,1,1,1,1,765.0,Fashion,Desktop,New,High
1865,1,0,0,1,0.0,Home,Mobile,New,High
1866,0,0,0,1,0.0,Electronics,Mobile,New,High
1867,0,0,0,1,0.0,Home,Mobile,Returning,High
1868,1,1,1,1,358.0,Fashion,Mobile,New,Medium
1869,0,0,0,1,0.0,Fashion,Desktop,New,Medium
1870,1,1,0,1,0.0,Home,Mobile,Returning,High
1871,0,0,0,1,0.0,Home,Mobile,New,Medium
1872,0,0,0,1,0.0,Home,Desktop,New,High
1873,1,0,0,1,0.0,Electronics,Mobile,Returning,Low
1874,1,0,0,1,0.0,Home,Mobile,New,Medium
1875,1,0,0,1,0.0,Home,Desktop,New,High
1876,0,0,0,1,0.0,Beauty,Desktop,New,High
1877,0,0,0,1,0.0,Home,Desktop,Returning,Medium
1878,0,0,0,1,0.0,Fashion,Mobile,Returning,Medium
1879,0,0,0,1,0.0,Home,Mobile,Returning,Medium
1880,1,0,0,1,0.0,Home,Desktop,Returning,Medium
1881,0,0,0,1,0.0,Home,Mobile,New,Medium
1882,1,1,1,1,961.0,Beauty,Mobile,New,High
1883,0,0,0,1,0.0,Home,Desktop,Returning,Medium
1884,0,0,0,1,0.0,Fashion,Mobile,New,Medium
1885,1,0,0,1,0.0,Home,Desktop,Returning,Low
1886,1,1,0,1,0.0,Fashion,Mobile,New,Medium
1887,1,1,1,1,390.0,Home,Mobile,New,Medium
1888,0,0,0,1,0.0,Home,Mobile,Returning,Medium
1889,1,0,0,1,0.0,Beauty,Desktop,New,Low
1890,1,0,0,1,0.0,Home,Mobile,Returning,High
1891,0,0,0,1,0.0,Electronics,Mobile,Returning,Medium
1892,0,0,0,1,0.0,Home,Desktop,New,High
1893,0,0,0,1,0.0,Electronics,Desktop,New,Low
1894,1,1,1,1,42.0,Home,Tablet,New,Low
1895,0,0,0,1,0.0,Home,Mobile,New,High
1896,1,0,0,1,0.0,Home,Mobile,Returning,Medium
1897,1,1,0,1,0.0,Electronics,Tablet,Returning,Medium
1898,1,1,1,1,577.0,Beauty,Desktop,New,High
1899,1,1,1,1,417.0,Home,Mobile,New,Medium
1900,1,1,1,1,472.0,Home,Mobile,Returning,Medium
1901,1,0,0,1,0.0,Fashion,Desktop,Returning,Low
1902,1,1,1,1,732.0,Beauty,Mobile,Returning,High
1903,0,0,0,1,0.0,Home,Desktop,New,Medium
1904,0,0,0,1,0.0,Fashion,Mobile,New,Medium
1905,0,0,0,1,0.0,Beauty,Mobile,New,Medium
1906,1,1,0,1,0.0,Beauty,Desktop,New,Medium
1907,1,1,1,1,283.0,Electronics,Mobile,Returning,Medium
1908,1,1,0,1,0.0,Beauty,Mobile,New,Medium
1909,1,1,0,1,0.0,Fashion,Mobile,New,High
1910,1,0,0,1,0.0,Beauty,Mobile,Returning,High
1911,0,0,0,1,0.0,Home,Desktop,Returning,Low
1912,0,0,0,1,0.0,Electronics,Desktop,Returning,High
1913,1,1,1,1,32.0,Fashion,Desktop,New,Low
1914,0,0,0,1,0.0,Beauty,Mobile,New,Medium
1915,0,0,0,1,0.0,Home,Mobile,Returning,Medium
1916,1,1,1,1,566.0,Home,Mobile,New,High
1917,1,1,1,1,246.0,Home,Desktop,Returning,Medium
1918,0,0,0,1,0.0,Fashion,Desktop,New,Medium
1919,1,1,1,1,79.0,Home,Desktop,New,Low
1920,1,1,0,1,0.0,Home,Mobile,Returning,High
1921,1,1,1,1,798.0,Beauty,Mobile,New,High
1922,1,1,1,1,680.0,Beauty,Mobile,New,High
1923,1,0,0,1,0.0,Electronics,Mobile,New,Medium
1924,0,0,0,1,0.0,Beauty,Mobile,New,High
1925,0,0,0,1,0.0,Fashion,Desktop,New,High
1926,1,1,1,1,866.0,Fashion,Mobile,New,High
1927,1,1,1,1,597.0,Electronics,Mobile,Returning,High
1928,0,0,0,1,0.0,Home,Mobile,Returning,Low
1929,1,0,0,1,0.0,Home,Desktop,New,Medium
1930,1,1,1,1,444.0,Home,Mobile,New,Medium
1931,0,0,0,1,0.0,Electronics,Desktop,Returning,High
1932,1,1,1,1,640.0,Fashion,Desktop,New,High
1933,1,1,1,1,234.0,Beauty,Mobile,Returning,Medium
1934,1,1,1,1,389.0,Fashion,Desktop,New,Medium
1935,0,0,0,1,0.0,Home,Mobile,New,High
1936,1,1,1,1,273.0,Beauty,Mobile,Returning,Medium
1937,1,0,0,1,0.0,Fashion,Desktop,New,Medium
1938,1,1,1,1,799.0,Electronics,Desktop,Returning,High
1939,1,0,0,1,0.0,Electronics,Mobile,Returning,Low
1940,1,1,0,1,0.0,Electronics,Mobile,Returning,Medium
1941,1,1,1,1,587.0,Electronics,Mobile,Returning,High
1942,1,1,1,1,793.0,Home,Mobile,Returning,High
1943,1,1,1,1,925.0,Home,Mobile,New,High
1944,0,0,0,1,0.0,Home,Mobile,New,High
1945,1,0,0,1,0.0,Electronics,Mobile,Returning,High
1946,1,1,0,1,0.0,Electronics,Desktop,New,High
1947,1,1,1,1,506.0,Fashion,Mobile,New,High
1948,0,0,0,1,0.0,Electronics,Mobile,Returning,Medium
1949,0,0,0,1,0.0,Fashion,Mobile,Returning,Medium
1950,0,0,0,1,0.0,Fashion,Desktop,Returning,Low
1951,1,1,0,1,0.0,Fashion,Mobile,Returning,Medium
1952,0,0,0,1,0.0,Home,Mobile,Returning,Medium
1953,1,0,0,1,0.0,Fashion,Mobile,New,High
1954,0,0,0,1,0.0,Beauty,Desktop,New,High
1955,1,1,1,1,492.0,Electronics,Mobile,Returning,Medium
1956,1,1,1,1,847.0,Home,Desktop,Returning,High
1957,1,1,0,1,0.0,Beauty,Tablet,New,Medium
1958,1,1,1,1,48.0,Beauty,Desktop,Returning,Low
1959,1,0,0,1,0.0,Fashion,Desktop,New,High
1960,0,0,0,1,0.0,Fashion,Mobile,Returning,Medium
1961,1,1,1,1,415.0,Home,Mobile,Returning,Medium
1962,0,0,0,1,0.0,Beauty,Tablet,New,Low
1963,1,1,1,1,204.0,Home,Mobile,Returning,Medium
1964,1,1,1,1,40.0,Home,Mobile,Returning,Low
1965,1,1,1,1,232.0,Beauty,Desktop,New,Medium
1966,1,0,0,1,0.0,Home,Mobile,New,High
1967,0,0,0,1,0.0,Fashion,Mobile,Returning,High
1968,1,1,1,1,148.0,Home,Mobile,New,Medium
1969,0,0,0,1,0.0,Beauty,Mobile,New,Low
1970,1,0,0,1,0.0,Home,Desktop,Returning,High
1971,0,0,0,1,0.0,Electronics,Mobile,Returning,Low
1972,0,0,0,1,0.0,Fashion,Mobile,Returning,Medium
1973,1,1,1,1,185.0,Electronics,Mobile,Returning,Medium
1974,0,0,0,1,0.0,Beauty,Desktop,New,High
1975,0,0,0,1,0.0,Beauty,Desktop,New,Low
1976,1,1,0,1,0.0,Fashion,Mobile,Returning,Low
1977,0,0,0,1,0.0,Home,Desktop,Returning,Medium
1978,1,0,0,1,0.0,Beauty,Mobile,Returning,Medium
1979,0,0,0,1,0.0,Home,Desktop,Returning,High
1980,0,0,0,1,0.0,Home,Mobile,New,Medium
1981,0,0,0,1,0.0,Electronics,Desktop,Returning,Medium
1982,1,1,1,1,794.0,Fashion,Mobile,New,High
1983,1,1,1,1,156.0,Fashion,Mobile,Returning,Medium
1984,1,0,0,1,0.0,Home,Mobile,New,High
1985,1,1,1,1,504.0,Electronics,Desktop,New,High
1986,1,0,0,1,0.0,Beauty,Mobile,Returning,High
1987,1,0,0,1,0.0,Beauty,Desktop,New,Medium
1988,1,1,1,1,190.0,Fashion,Mobile,New,Medium
1989,0,0,0,1,0.0,Electronics,Mobile,New,High
1990,0,0,0,1,0.0,Beauty,Mobile,Returning,Medium
1991,0,0,0,1,0.0,Fashion,Desktop,New,Medium
1992,0,0,0,1,0.0,Electronics,Mobile,New,Low
1993,0,0,0,1,0.0,Electronics,Desktop,New,High
1994,1,0,0,1,0.0,Fashion,Desktop,Returning,Medium
1995,1,1,1,1,786.0,Electronics,Desktop,New,High
1996,0,0,0,1,0.0,Home,Mobile,Returning,Medium
1997,0,0,0,1,0.0,Beauty,Desktop,Returning,Medium
1998,0,0,0,1,0.0,Electronics,Desktop,New,Medium
1999,1,0,0,1,0.0,Beauty,Mobile,New,Low
2000,0,0,0,1,0.0,Fashion,Desktop,Returning,High
2001,1,1,1,1,780.0,Beauty,Mobile,New,High
2002,0,0,0,1,0.0,Home,Mobile,New,High
2003,1,1,1,1,795.0,Electronics,Mobile,New,High
2004,1,1,1,1,791.0,Home,Mobile,New,High
2005,0,0,0,1,0.0,Home,Mobile,Returning,Low
2006,1,0,0,1,0.0,Fashion,Mobile,Returning,High
2007,1,1,1,1,614.0,Home,Desktop,Returning,High
2008,1,0,0,1,0.0,Electronics,Mobile,New,Low
2009,1,0,0,1,0.0,Home,Mobile,Returning,High
2010,1,0,0,1,0.0,Electronics,Mobile,Returning,High
2011,1,1,1,1,500.0,Beauty,Mobile,Returning,Medium
2012,1,1,0,1,0.0,Beauty,Desktop,New,Medium
2013,0,0,0,1,0.0,Home,Mobile,Returning,Medium
2014,1,1,0,1,0.0,Electronics,Desktop,New,Medium
2015,0,0,0,1,0.0,Electronics,Mobile,New,Medium
2016,0,0,0,1,0.0,Fashion,Desktop,Returning,Medium
2017,1,1,1,1,911.0,Home,Mobile,Returning,High
2018,1,1,0,1,0.0,Beauty,Mobile,Returning,Low
2019,0,0,0,1,0.0,Home,Desktop,Returning,Medium
2020,0,0,0,1,0.0,Home,Mobile,Returning,Low
2021,1,1,1,1,921.0,Beauty,Desktop,New,High
2022,1,0,0,1,0.0,Beauty,Desktop,New,High
2023,1,1,1,1,218.0,Home,Mobile,New,Medium
2024,1,1,1,1,418.0,Fashion,Mobile,Returning,Medium
2025,1,0,0,1,0.0,Fashion,Mobile,Returning,Medium
2026,1,1,1,1,196.0,Electronics,Desktop,Returning,Medium
2027,1,1,1,1,741.0,Home,Desktop,New,High
2028,1,0,0,1,0.0,Beauty,Mobile,New,Medium
2029,1,1,1,1,710.0,Fashion,Mobile,New,High
2030,1,1,1,1,633.0,Electronics,Mobile,New,High
2031,1,1,1,1,636.0,Beauty,Desktop,Returning,High
2032,1,0,0,1,0.0,Fashion,Mobile,Returning,High
2033,0,0,0,1,0.0,Fashion,Mobile,New,High
2034,1,1,1,1,697.0,Beauty,Desktop,Returning,High
2035,0,0,0,1,0.0,Fashion,Mobile,New,Low
2036,0,0,0,1,0.0,Fashion,Mobile,New,Medium
2037,0,0,0,1,0.0,Beauty,Tablet,Returning,Medium
2038,1,1,1,1,439.0,Home,Desktop,New,Medium
2039,1,1,1,1,424.0,Electronics,Mobile,New,Medium
2040,1,1,1,1,877.0,Beauty,Mobile,New,High
2041,1,0,0,1,0.0,Home,Mobile,New,High
2042,1,1,1,1,812.0,Home,Mobile,New,High
2043,1,0,0,1,0.0,Fashion,Desktop,New,High
2044,1,1,1,1,139.0,Home,Mobile,Returning,Medium
2045,0,0,0,1,0.0,Home,Desktop,Returning,High
2046,1,1,1,1,514.0,Fashion,Desktop,New,High
2047,0,0,0,1,0.0,Home,Mobile,New,Medium
2048,0,0,0,1,0.0,Home,Mobile,Returning,High
2049,0,0,0,1,0.0,Electronics,Mobile,New,Medium
2050,0,0,0,1,0.0,Home,Desktop,Returning,Medium
2051,0,0,0,1,0.0,Home,Desktop,New,Medium
2052,1,0,0,1,0.0,Electronics,Mobile,New,Medium
2053,0,0,0,1,0.0,Home,Desktop,New,High
2054,1,1,1,1,509.0,Home,Mobile,Returning,High
2055,1,0,0,1,0.0,Home,Desktop,Returning,High
2056,1,0,0,1,0.0,Fashion,Mobile,New,High
2057,0,0,0,1,0.0,Beauty,Mobile,Returning,High
2058,0,0,0,1,0.0,Fashion,Desktop,New,High
2059,0,0,0,1,0.0,Electronics,Mobile,Returning,Medium
2060,1,1,0,1,0.0,Home,Mobile,New,High
2061,1,1,1,1,133.0,Beauty,Mobile,New,Medium
2062,0,0,0,1,0.0,Beauty,Mobile,Returning,High
2063,1,1,1,1,887.0,Electronics,Mobile,New,High
2064,1,0,0,1,0.0,Electronics,Desktop,New,Medium
2065,0,0,0,1,0.0,Home,Mobile,Returning,High
2066,0,0,0,1,0.0,Fashion,Mobile,New,Medium
2067,1,0,0,1,0.0,Home,Desktop,New,High
2068,0,0,0,1,0.0,Electronics,Mobile,Returning,High
2069,0,0,0,1,0.0,Electronics,Mobile,New,Medium
2070,0,0,0,1,0.0,Fashion,Desktop,New,High
2071,1,1,1,1,76.0,Beauty,Desktop,New,Low
2072,0,0,0,1,0.0,Fashion,Desktop,New,High
2073,0,0,0,1,0.0,Beauty,Desktop,New,Medium
2074,0,0,0,1,0.0,Fashion,Mobile,New,High
2075,0,0,0,1,0.0,Fashion,Desktop,New,Low
2076,0,0,0,1,0.0,Fashion,Mobile,New,Medium
2077,1,1,0,1,0.0,Home,Desktop,Returning,High
2078,1,1,1,1,911.0,Beauty,Mobile,New,High
2079,1,1,1,1,942.0,Home,Desktop,Returning,High
2080,1,0,0,1,0.0,Home,Desktop,New,High
2081,1,0,0,1,0.0,Fashion,Desktop,New,High
2082,0,0,0,1,0.0,Beauty,Mobile,Returning,High
2083,1,1,1,1,209.0,Home,Mobile,Returning,Medium
2084,0,0,0,1,0.0,Beauty,Desktop,Returning,High
2085,1,1,0,1,0.0,Home,Desktop,Returning,High
2086,0,0,0,1,0.0,Beauty,Mobile,Returning,Medium
2087,1,1,0,1,0.0,Home,Tablet,Returning,High
2088,1,1,1,1,404.0,Electronics,Desktop,New,Medium
2089,1,1,1,1,976.0,Fashion,Mobile,Returning,High
2090,0,0,0,1,0.0,Home,Desktop,Returning,Medium
2091,0,0,0,1,0.0,Fashion,Mobile,Returning,High
2092,1,1,1,1,938.0,Electronics,Mobile,New,High
2093,0,0,0,1,0.0,Home,Mobile,New,High
2094,1,0,0,1,0.0,Beauty,Mobile,Returning,Medium
2095,1,0,0,1,0.0,Home,Desktop,New,Medium
2096,1,1,1,1,694.0,Home,Mobile,New,High
2097,1,1,0,1,0.0,Fashion,Desktop,Returning,Low
2098,0,0,0,1,0.0,Home,Desktop,Returning,Medium
2099,0,0,0,1,0.0,Beauty,Desktop,Returning,Medium
2100,1,1,1,1,724.0,Fashion,Mobile,Returning,High
2101,1,0,0,1,0.0,Electronics,Desktop,Returning,High
2102,1,1,1,1,221.0,Electronics,Mobile,Returning,Medium
2103,1,1,1,1,955.0,Electronics,Mobile,New,High
2104,0,0,0,1,0.0,Home,Mobile,Returning,High
2105,0,0,0,1,0.0,Electronics,Mobile,Returning,High
2106,1,0,0,1,0.0,Fashion,Desktop,Returning,High
2107,1,1,1,1,303.0,Fashion,Mobile,New,Medium
2108,1,1,1,1,817.0,Home,Desktop,Returning,High
2109,1,1,1,1,83.0,Home,Mobile,New,Low
2110,1,0,0,1,0.0,Beauty,Mobile,Returning,High
2111,1,1,0,1,0.0,Electronics,Tablet,New,Medium
2112,1,0,0,1,0.0,Beauty,Desktop,Returning,High
2113,1,1,1,1,472.0,Home,Mobile,Returning,Medium
2114,0,0,0,1,0.0,Home,Mobile,New,High
2115,1,0,0,1,0.0,Electronics,Mobile,New,Low
2116,1,0,0,1,0.0,Beauty,Mobile,Returning,High
2117,1,1,1,1,228.0,Home,Desktop,New,Medium
2118,0,0,0,1,0.0,Beauty,Desktop,New,High
2119,1,1,1,1,678.0,Electronics,Mobile,New,High
2120,0,0,0,1,0.0,Electronics,Desktop,Returning,Medium
2121,1,1,1,1,539.0,Home,Mobile,New,High
2122,1,0,0,1,0.0,Electronics,Mobile,New,High
2123,0,0,0,1,0.0,Fashion,Mobile,Returning,Medium
2124,1,0,0,1,0.0,Electronics,Desktop,New,High
2125,0,0,0,1,0.0,Beauty,Mobile,New,Medium
2126,0,0,0,1,0.0,Electronics,Mobile,Returning,Medium
2127,0,0,0,1,0.0,Beauty,Mobile,New,Medium
2128,0,0,0,1,0.0,Electronics,Mobile,New,High
2129,1,1,1,1,68.0,Electronics,Desktop,Returning,Low
2130,1,0,0,1,0.0,Beauty,Mobile,Returning,High
2131,1,1,1,1,93.0,Beauty,Mobile,New,Low
2132,1,0,0,1,0.0,Fashion,Desktop,New,Medium
2133,1,0,0,1,0.0,Home,Desktop,New,High
2134,1,1,1,1,457.0,Beauty,Desktop,Returning,Medium
2135,1,1,1,1,299.0,Fashion,Mobile,New,Medium
2136,0,0,0,1,0.0,Home,Mobile,New,Medium
2137,0,0,0,1,0.0,Electronics,Mobile,Returning,High
2138,0,0,0,1,0.0,Beauty,Mobile,Returning,Medium
2139,1,1,1,1,305.0,Home,Desktop,New,Medium
2140,1,0,0,1,0.0,Electronics,Mobile,Returning,Low
2141,1,0,0,1,0.0,Home,Mobile,New,High
2142,1,1,1,1,521.0,Fashion,Mobile,Returning,High
2143,1,1,1,1,36.0,Electronics,Mobile,New,Low
2144,0,0,0,1,0.0,Electronics,Desktop,Returning,Medium
2145,0,0,0,1,0.0,Electronics,Mobile,Returning,Low
2146,0,0,0,1,0.0,Beauty,Mobile,New,Medium
2147,1,0,0,1,0.0,Home,Mobile,Returning,High
2148,0,0,0,1,0.0,Electronics,Mobile,Returning,Low
2149,1,1,1,1,104.0,Home,Mobile,New,Medium
2150,0,0,0,1,0.0,Fashion,Desktop,Returning,High
2151,1,0,0,1,0.0,Fashion,Mobile,Returning,Medium
2152,1,1,1,1,910.0,Beauty,Desktop,New,High
2153,1,0,0,1,0.0,Beauty,Desktop,New,High
2154,0,0,0,1,0.0,Home,Desktop,Returning,High
2155,1,1,1,1,48.0,Beauty,Desktop,Returning,Low
2156,1,1,1,1,958.0,Beauty,Mobile,New,High
2157,1,0,0,1,0.0,Beauty,Mobile,New,High
2158,1,1,1,1,408.0,Home,Mobile,Returning,Medium
2159,0,0,0,1,0.0,Fashion,Desktop,New,High
2160,1,0,0,1,0.0,Home,Tablet,New,High
2161,0,0,0,1,0.0,Electronics,Desktop,New,High
2162,1,0,0,1,0.0,Home,Mobile,New,High
2163,1,1,0,1,0.0,Electronics,Desktop,Returning,Medium
2164,1,1,1,1,25.0,Home,Mobile,New,Low
2165,0,0,0,1,0.0,Beauty,Mobile,New,High
2166,1,1,1,1,959.0,Home,Mobile,New,High
2167,0,0,0,1,0.0,Beauty,Mobile,Returning,High
2168,1,1,1,1,813.0,Home,Mobile,New,High
2169,0,0,0,1,0.0,Beauty,Mobile,New,Medium
2170,1,1,1,1,307.0,Electronics,Mobile,New,Medium
2171,0,0,0,1,0.0,Electronics,Desktop,Returning,High
2172,1,0,0,1,0.0,Beauty,Desktop,Returning,Medium
2173,1,1,1,1,848.0,Home,Desktop,New,High
2174,1,1,1,1,494.0,Fashion,Mobile,Returning,Medium
2175,1,0,0,1,0.0,Home,Desktop,New,High
2176,1,1,1,1,170.0,Fashion,Desktop,Returning,Medium
2177,0,0,0,1,0.0,Home,Mobile,Returning,High
2178,1,1,1,1,446.0,Home,Mobile,Returning,Medium
2179,0,0,0,1,0.0,Electronics,Mobile,New,High
2180,1,1,1,1,806.0,Fashion,Mobile,Returning,High
2181,0,0,0,1,0.0,Beauty,Desktop,New,Medium
2182,1,1,1,1,572.0,Electronics,Desktop,Returning,High
2183,0,0,0,1,0.0,Electronics,Mobile,New,High
2184,0,0,0,1,0.0,Beauty,Desktop,New,High
2185,1,1,1,1,484.0,Home,Desktop,New,Medium
2186,1,0,0,1,0.0,Beauty,Desktop,New,Medium
2187,0,0,0,1,0.0,Beauty,Mobile,Returning,Low
2188,1,1,1,1,228.0,Fashion,Desktop,Returning,Medium
2189,1,1,1,1,860.0,Home,Mobile,New,High
2190,0,0,0,1,0.0,Beauty,Mobile,New,Medium
2191,1,1,0,1,0.0,Home,Mobile,New,High
2192,0,0,0,1,0.0,Home,Mobile,New,High
2193,0,0,0,1,0.0,Beauty,Desktop,New,High
2194,0,0,0,1,0.0,Fashion,Mobile,New,High
2195,0,0,0,1,0.0,Electronics,Mobile,Returning,High
2196,1,1,1,1,294.0,Beauty,Mobile,Returning,Medium
2197,1,1,1,1,319.0,Home,Desktop,New,Medium
2198,1,1,1,1,473.0,Fashion,Mobile,New,Medium
2199,0,0,0,1,0.0,Home,Desktop,Returning,Medium
2200,0,0,0,1,0.0,Home,Mobile,Returning,High
2201,1,0,0,1,0.0,Fashion,Mobile,New,Medium
2202,1,0,0,1,0.0,Fashion,Mobile,Returning,Medium
2203,1,1,1,1,821.0,Home,Mobile,New,High
2204,1,0,0,1,0.0,Fashion,Mobile,Returning,High
2205,0,0,0,1,0.0,Fashion,Mobile,New,High
2206,1,1,1,1,624.0,Electronics,Tablet,Returning,High
2207,1,1,1,1,534.0,Beauty,Desktop,New,High
2208,1,0,0,1,0.0,Fashion,Mobile,New,High
2209,1,1,1,1,602.0,Electronics,Mobile,New,High
2210,1,1,1,1,869.0,Electronics,Desktop,Returning,High
2211,1,1,1,1,296.0,Fashion,Mobile,New,Medium
2212,0,0,0,1,0.0,Fashion,Mobile,New,High
2213,0,0,0,1,0.0,Home,Desktop,Returning,Low
2214,1,0,0,1,0.0,Fashion,Desktop,Returning,Medium
2215,0,0,0,1,0.0,Fashion,Mobile,New,High
2216,1,1,1,1,679.0,Home,Mobile,New,High
2217,1,0,0,1,0.0,Fashion,Mobile,Returning,High
2218,1,1,1,1,391.0,Home,Desktop,New,Medium
2219,1,0,0,1,0.0,Electronics,Mobile,Returning,High
2220,1,0,0,1,0.0,Beauty,Mobile,Returning,Medium
2221,1,0,0,1,0.0,Electronics,Mobile,New,Medium
2222,1,1,0,1,0.0,Beauty,Mobile,Returning,High
2223,1,1,1,1,503.0,Fashion,Desktop,New,High
2224,1,1,1,1,424.0,Fashion,Desktop,New,Medium
2225,1,1,0,1,0.0,Home,Desktop,New,High
2226,1,1,1,1,387.0,Home,Mobile,Returning,Medium
2227,1,1,1,1,423.0,Beauty,Mobile,Returning,Medium
2228,1,0,0,1,0.0,Electronics,Mobile,New,Low
2229,1,0,0,1,0.0,Beauty,Mobile,Returning,Medium
2230,0,0,0,1,0.0,Electronics,Tablet,Returning,Medium
2231,1,1,1,1,302.0,Beauty,Mobile,New,Medium
2232,1,1,1,1,141.0,Home,Mobile,Returning,Medium
2233,1,0,0,1,0.0,Home,Mobile,New,Medium
2234,1,1,1,1,570.0,Beauty,Desktop,New,High
2235,0,0,0,1,0.0,Beauty,Mobile,Returning,Medium
2236,1,0,0,1,0.0,Home,Mobile,Returning,High
2237,1,0,0,1,0.0,Home,Mobile,New,Medium
2238,1,1,0,1,0.0,Beauty,Desktop,Returning,Medium
2239,0,0,0,1,0.0,Home,Mobile,New,Medium
2240,1,0,0,1,0.0,Beauty,Desktop,Returning,Medium
2241,1,1,1,1,834.0,Fashion,Desktop,Returning,High
2242,0,0,0,1,0.0,Electronics,Mobile,New,High
2243,1,1,1,1,103.0,Home,Desktop,New,Medium
2244,1,1,1,1,390.0,Beauty,Mobile,New,Medium
2245,0,0,0,1,0.0,Home,Tablet,Returning,High
2246,0,0,0,1,0.0,Beauty,Mobile,Returning,High
2247,1,0,0,1,0.0,Beauty,Mobile,New,Low
2248,0,0,0,1,0.0,Beauty,Mobile,New,Medium
2249,0,0,0,1,0.0,Beauty,Mobile,New,High
2250,1,0,0,1,0.0,Fashion,Tablet,New,High
2251,1,1,1,1,536.0,Electronics,Mobile,New,High
2252,1,1,0,1,0.0,Beauty,Desktop,Returning,Medium
2253,1,1,0,1,0.0,Fashion,Mobile,Returning,Medium
2254,1,1,1,1,948.0,Electronics,Desktop,Returning,High
2255,0,0,0,1,0.0,Electronics,Mobile,New,High
2256,0,0,0,1,0.0,Electronics,Mobile,New,High
2257,1,0,0,1,0.0,Beauty,Mobile,Returning,Medium
2258,0,0,0,1,0.0,Home,Desktop,New,Medium
2259,0,0,0,1,0.0,Fashion,Mobile,Returning,Medium
2260,0,0,0,1,0.0,Home,Mobile,Returning,Medium
2261,1,1,1,1,470.0,Beauty,Mobile,Returning,Medium
2262,1,1,0,1,0.0,Fashion,Desktop,Returning,Medium
2263,0,0,0,1,0.0,Fashion,Mobile,Returning,High
2264,0,0,0,1,0.0,Electronics,Mobile,New,Medium
2265,0,0,0,1,0.0,Electronics,Mobile,New,High
2266,1,0,0,1,0.0,Fashion,Desktop,New,High
2267,0,0,0,1,0.0,Fashion,Desktop,New,High
2268,1,1,0,1,0.0,Home,Mobile,Returning,High
2269,1,1,1,1,107.0,Home,Mobile,Returning,Medium
2270,1,1,1,1,365.0,Fashion,Mobile,New,Medium
2271,1,0,0,1,0.0,Electronics,Mobile,New,High
2272,1,1,0,1,0.0,Electronics,Mobile,Returning,High
2273,0,0,0,1,0.0,Beauty,Desktop,New,Medium
2274,1,0,0,1,0.0,Beauty,Mobile,New,High
2275,0,0,0,1,0.0,Home,Desktop,New,Medium
2276,1,0,0,1,0.0,Fashion,Mobile,Returning,Medium
2277,1,0,0,1,0.0,Fashion,Desktop,Returning,High
2278,0,0,0,1,0.0,Fashion,Mobile,New,Medium
2279,1,0,0,1,0.0,Beauty,Mobile,Returning,Low
2280,1,1,1,1,537.0,Home,Mobile,Returning,High
2281,1,1,1,1,701.0,Home,Mobile,New,High
2282,1,1,1,1,387.0,Home,Mobile,Returning,Medium
2283,0,0,0,1,0.0,Electronics,Desktop,New,High
2284,0,0,0,1,0.0,Fashion,Desktop,New,High
2285,0,0,0,1,0.0,Fashion,Mobile,New,Medium
2286,0,0,0,1,0.0,Fashion,Mobile,Returning,Medium
2287,1,1,1,1,120.0,Home,Mobile,New,Medium
2288,1,1,1,1,572.0,Electronics,Mobile,New,High
2289,0,0,0,1,0.0,Electronics,Mobile,Returning,Medium
2290,1,0,0,1,0.0,Electronics,Desktop,Returning,High
2291,1,1,1,1,804.0,Home,Tablet,Returning,High
2292,0,0,0,1,0.0,Home,Desktop,New,Medium
2293,1,0,0,1,0.0,Electronics,Mobile,New,High
2294,1,1,1,1,281.0,Fashion,Desktop,New,Medium
2295,1,1,1,1,503.0,Electronics,Desktop,New,High
2296,1,1,1,1,686.0,Electronics,Mobile,Returning,High
2297,0,0,0,1,0.0,Electronics,Mobile,Returning,High
2298,0,0,0,1,0.0,Beauty,Desktop,New,High
2299,0,0,0,1,0.0,Electronics,Mobile,New,High
2300,1,1,1,1,708.0,Fashion,Mobile,New,High
2301,1,0,0,1,0.0,Electronics,Mobile,New,Medium
2302,0,0,0,1,0.0,Beauty,Mobile,Returning,Medium
2303,1,1,0,1,0.0,Fashion,Mobile,New,Medium
2304,1,1,1,1,888.0,Beauty,Desktop,New,High
2305,0,0,0,1,0.0,Electronics,Desktop,New,High
2306,1,1,1,1,436.0,Home,Desktop,New,Medium
2307,1,1,0,1,0.0,Fashion,Mobile,Returning,Low
2308,0,0,0,1,0.0,Fashion,Desktop,New,Medium
2309,1,0,0,1,0.0,Fashion,Mobile,Returning,Low
2310,0,0,0,1,0.0,Fashion,Mobile,New,High
2311,1,0,0,1,0.0,Fashion,Mobile,New,High
2312,0,0,0,1,0.0,Home,Mobile,New,Medium
2313,0,0,0,1,0.0,Fashion,Mobile,Returning,Medium
2314,1,0,0,1,0.0,Fashion,Mobile,Returning,High
2315,0,0,0,1,0.0,Electronics,Mobile,Returning,Medium
2316,0,0,0,1,0.0,Fashion,Mobile,Returning,High
2317,1,1,0,1,0.0,Beauty,Tablet,New,Medium
2318,0,0,0,1,0.0,Fashion,Mobile,Returning,Medium
2319,1,1,1,1,559.0,Electronics,Desktop,New,High
2320,1,1,0,1,0.0,Beauty,Mobile,Returning,High
2321,0,0,0,1,0.0,Fashion,Mobile,New,Medium
2322,1,0,0,1,0.0,Electronics,Tablet,New,Medium
2323,1,1,1,1,676.0,Beauty,Mobile,Returning,High
2324,0,0,0,1,0.0,Home,Mobile,Returning,High
2325,0,0,0,1,0.0,Electronics,Desktop,New,Medium
2326,1,1,1,1,832.0,Beauty,Mobile,Returning,High
2327,1,1,1,1,974.0,Electronics,Desktop,New,High
2328,1,1,1,1,206.0,Electronics,Mobile,New,Medium
2329,1,0,0,1,0.0,Beauty,Mobile,New,High
2330,1,1,1,1,171.0,Fashion,Mobile,New,Medium
2331,0,0,0,1,0.0,Fashion,Mobile,New,High
2332,1,0,0,1,0.0,Electronics,Desktop,Returning,High
2333,0,0,0,1,0.0,Electronics,Desktop,New,High
2334,1,1,1,1,546.0,Electronics,Mobile,Returning,High
2335,0,0,0,1,0.0,Fashion,Mobile,Returning,High
2336,1,1,1,1,192.0,Electronics,Desktop,Returning,Medium
2337,1,1,0,1,0.0,Beauty,Mobile,New,Low
2338,1,1,1,1,758.0,Fashion,Mobile,New,High
2339,1,1,1,1,375.0,Beauty,Mobile,Returning,Medium
2340,0,0,0,1,0.0,Beauty,Mobile,Returning,Medium
2341,1,1,1,1,408.0,Electronics,Desktop,New,Medium
2342,1,0,0,1,0.0,Electronics,Tablet,Returning,High
2343,0,0,0,1,0.0,Fashion,Mobile,New,Medium
2344,0,0,0,1,0.0,Electronics,Mobile,New,High
2345,1,1,0,1,0.0,Home,Mobile,New,Low
2346,1,1,1,1,978.0,Fashion,Mobile,Returning,High
2347,1,0,0,1,0.0,Fashion,Mobile,Returning,Low
2348,1,1,1,1,296.0,Home,Desktop,New,Medium
2349,0,0,0,1,0.0,Beauty,Mobile,New,High
2350,0,0,0,1,0.0,Beauty,Mobile,Returning,Medium
2351,1,0,0,1,0.0,Home,Mobile,Returning,High
2352,1,0,0,1,0.0,Fashion,Mobile,Returning,Medium
2353,1,1,0,1,0.0,Fashion,Mobile,Returning,High
2354,1,1,1,1,230.0,Fashion,Desktop,Returning,Medium
2355,1,1,1,1,891.0,Home,Mobile,New,High
2356,1,1,1,1,426.0,Electronics,Desktop,New,Medium
2357,1,0,0,1,0.0,Home,Mobile,Returning,Medium
2358,0,0,0,1,0.0,Fashion,Mobile,New,Medium
2359,1,1,1,1,46.0,Home,Mobile,New,Low
2360,1,1,1,1,448.0,Fashion,Mobile,Returning,Medium
2361,1,1,1,1,934.0,Beauty,Mobile,Returning,High
2362,1,1,1,1,259.0,Beauty,Mobile,New,Medium
2363,0,0,0,1,0.0,Home,Desktop,New,High
2364,1,1,1,1,789.0,Beauty,Desktop,New,High
2365,0,0,0,1,0.0,Electronics,Mobile,Returning,Medium
2366,1,1,1,1,699.0,Home,Mobile,New,High
2367,0,0,0,1,0.0,Fashion,Mobile,New,High
2368,1,1,1,1,532.0,Electronics,Mobile,Returning,High
2369,0,0,0,1,0.0,Beauty,Mobile,New,Medium
2370,0,0,0,1,0.0,Home,Desktop,Returning,Medium
2371,0,0,0,1,0.0,Electronics,Mobile,New,High
2372,0,0,0,1,0.0,Fashion,Mobile,Returning,Medium
2373,1,0,0,1,0.0,Electronics,Mobile,Returning,High
2374,1,0,0,1,0.0,Electronics,Mobile,New,High
2375,0,0,0,1,0.0,Home,Desktop,Returning,High
2376,0,0,0,1,0.0,Beauty,Mobile,Returning,Medium
2377,1,1,1,1,574.0,Electronics,Mobile,Returning,High
2378,0,0,0,1,0.0,Fashion,Desktop,Returning,Low
2379,1,1,1,1,315.0,Beauty,Mobile,New,Medium
2380,0,0,0,1,0.0,Beauty,Desktop,New,Medium
2381,1,1,1,1,572.0,Electronics,Mobile,Returning,High
2382,1,1,1,1,717.0,Beauty,Mobile,Returning,High
2383,1,0,0,1,0.0,Beauty,Desktop,Returning,High
2384,0,0,0,1,0.0,Home,Mobile,New,High
2385,0,0,0,1,0.0,Fashion,Mobile,Returning,Medium
2386,1,0,0,1,0.0,Electronics,Mobile,New,High
2387,0,0,0,1,0.0,Electronics,Mobile,New,High
2388,1,1,1,1,823.0,Home,Desktop,Returning,High
2389,1,1,1,1,441.0,Fashion,Desktop,Returning,Medium
2390,1,0,0,1,0.0,Electronics,Tablet,New,High
2391,1,0,0,1,0.0,Electronics,Desktop,New,High
2392,0,0,0,1,0.0,Home,Mobile,New,High
2393,1,1,1,1,897.0,Home,Mobile,Returning,High
2394,0,0,0,1,0.0,Beauty,Mobile,Returning,Medium
2395,1,1,0,1,0.0,Home,Mobile,New,Medium
2396,0,0,0,1,0.0,Beauty,Mobile,New,High
2397,1,1,0,1,0.0,Home,Desktop,Returning,Medium
2398,1,1,1,1,838.0,Electronics,Mobile,New,High
2399,0,0,0,1,0.0,Electronics,Mobile,Returning,Medium
2400,0,0,0,1,0.0,Fashion,Mobile,Returning,High
2401,0,0,0,1,0.0,Electronics,Desktop,New,Medium
2402,1,0,0,1,0.0,Beauty,Desktop,New,Medium
2403,0,0,0,1,0.0,Home,Desktop,New,Medium
2404,1,1,1,1,972.0,Fashion,Mobile,New,High
2405,1,1,1,1,54.0,Fashion,Desktop,New,Low
2406,0,0,0,1,0.0,Electronics,Mobile,New,Medium
2407,1,1,1,1,454.0,Fashion,Desktop,New,Medium
2408,0,0,0,1,0.0,Electronics,Mobile,New,Low
2409,1,1,0,1,0.0,Fashion,Mobile,New,High
2410,0,0,0,1,0.0,Fashion,Mobile,New,Medium
2411,1,1,1,1,424.0,Home,Desktop,Returning,Medium
2412,0,0,0,1,0.0,Beauty,Mobile,Returning,High
2413,0,0,0,1,0.0,Home,Desktop,New,High
2414,0,0,0,1,0.0,Electronics,Mobile,Returning,High
2415,1,1,1,1,869.0,Home,Mobile,New,High
2416,0,0,0,1,0.0,Fashion,Mobile,Returning,Medium
2417,0,0,0,1,0.0,Electronics,Mobile,New,Medium
2418,1,0,0,1,0.0,Fashion,Mobile,Returning,Medium
2419,1,0,0,1,0.0,Home,Mobile,New,High
2420,0,0,0,1,0.0,Fashion,Desktop,Returning,Medium
2421,0,0,0,1,0.0,Beauty,Mobile,New,High
2422,0,0,0,1,0.0,Fashion,Tablet,Returning,Medium
2423,1,0,0,1,0.0,Home,Mobile,New,Medium
2424,0,0,0,1,0.0,Fashion,Desktop,New,Medium
2425,1,1,1,1,859.0,Home,Mobile,New,High
2426,0,0,0,1,0.0,Electronics,Mobile,New,Medium
2427,1,1,1,1,391.0,Fashion,Mobile,New,Medium
2428,0,0,0,1,0.0,Fashion,Mobile,New,Medium
2429,0,0,0,1,0.0,Beauty,Desktop,Returning,Medium
2430,1,0,0,1,0.0,Beauty,Mobile,Returning,Medium
2431,1,1,1,1,88.0,Fashion,Mobile,New,Low
2432,0,0,0,1,0.0,Home,Desktop,New,Medium
2433,1,1,1,1,781.0,Electronics,Mobile,New,High
2434,0,0,0,1,0.0,Beauty,Desktop,New,Medium
2435,0,0,0,1,0.0,Fashion,Mobile,New,High
2436,1,1,1,1,864.0,Electronics,Desktop,New,High
2437,0,0,0,1,0.0,Beauty,Mobile,Returning,High
2438,0,0,0,1,0.0,Fashion,Mobile,New,High
2439,1,0,0,1,0.0,Home,Mobile,Returning,High
2440,1,1,1,1,125.0,Fashion,Desktop,New,Medium
2441,0,0,0,1,0.0,Home,Mobile,Returning,Medium
2442,1,1,1,1,701.0,Fashion,Mobile,New,High
2443,0,0,0,1,0.0,Home,Desktop,Returning,High
2444,0,0,0,1,0.0,Beauty,Desktop,Returning,High
2445,1,1,0,1,0.0,Beauty,Desktop,Returning,Low
2446,0,0,0,1,0.0,Beauty,Tablet,Returning,Medium
2447,0,0,0,1,0.0,Electronics,Mobile,New,High
2448,1,1,1,1,986.0,Fashion,Mobile,New,High
2449,1,0,0,1,0.0,Fashion,Desktop,New,Medium
2450,1,1,1,1,162.0,Beauty,Desktop,New,Medium
2451,1,1,1,1,261.0,Electronics,Mobile,New,Medium
2452,0,0,0,1,0.0,Electronics,Mobile,New,Medium
2453,1,1,1,1,246.0,Fashion,Desktop,New,Medium
2454,0,0,0,1,0.0,Beauty,Mobile,Returning,High
2455,1,1,1,1,760.0,Beauty,Mobile,New,High
2456,1,0,0,1,0.0,Fashion,Mobile,Returning,High
2457,0,0,0,1,0.0,Electronics,Mobile,New,Medium
2458,0,0,0,1,0.0,Electronics,Desktop,Returning,Medium
2459,1,1,1,1,139.0,Fashion,Mobile,Returning,Medium
2460,1,1,1,1,366.0,Electronics,Desktop,Returning,Medium
2461,1,1,1,1,900.0,Electronics,Mobile,New,High
2462,1,0,0,1,0.0,Electronics,Mobile,New,Medium
2463,1,0,0,1,0.0,Fashion,Desktop,Returning,Medium
2464,1,1,1,1,965.0,Beauty,Mobile,New,High
2465,0,0,0,1,0.0,Home,Mobile,New,Medium
2466,1,1,1,1,996.0,Beauty,Mobile,Returning,High
2467,0,0,0,1,0.0,Electronics,Mobile,Returning,High
2468,0,0,0,1,0.0,Beauty,Mobile,Returning,High
2469,1,1,1,1,117.0,Home,Desktop,New,Medium
2470,0,0,0,1,0.0,Fashion,Desktop,New,High
2471,1,1,1,1,339.0,Electronics,Desktop,Returning,Medium
2472,1,1,1,1,694.0,Fashion,Mobile,New,High
2473,1,1,1,1,715.0,Electronics,Mobile,New,High
2474,0,0,0,1,0.0,Fashion,Mobile,New,Medium
2475,0,0,0,1,0.0,Fashion,Mobile,New,Medium
2476,1,1,1,1,237.0,Beauty,Mobile,Returning,Medium
2477,0,0,0,1,0.0,Beauty,Mobile,Returning,Medium
2478,1,0,0,1,0.0,Electronics,Tablet,New,High
2479,1,1,1,1,887.0,Beauty,Mobile,New,High
2480,0,0,0,1,0.0,Electronics,Mobile,Returning,Medium
2481,1,1,1,1,833.0,Fashion,Desktop,Returning,High
2482,0,0,0,1,0.0,Electronics,Mobile,New,Medium
2483,1,1,0,1,0.0,Home,Desktop,New,High
2484,0,0,0,1,0.0,Beauty,Desktop,New,Low
2485,1,0,0,1,0.0,Beauty,Desktop,New,Medium
2486,0,0,0,1,0.0,Beauty,Mobile,New,High
2487,0,0,0,1,0.0,Fashion,Desktop,Returning,High
2488,1,0,0,1,0.0,Home,Mobile,New,High
2489,1,1,1,1,280.0,Fashion,Desktop,Returning,Medium
2490,0,0,0,1,0.0,Beauty,Mobile,New,Medium
2491,1,1,1,1,542.0,Fashion,Mobile,Returning,High
2492,1,0,0,1,0.0,Home,Mobile,New,Medium
2493,0,0,0,1,0.0,Beauty,Mobile,New,High
2494,1,1,1,1,890.0,Fashion,Desktop,New,High
2495,0,0,0,1,0.0,Fashion,Desktop,Returning,High
2496,1,1,1,1,28.0,Home,Desktop,New,Low
2497,0,0,0,1,0.0,Electronics,Mobile,New,High
2498,0,0,0,1,0.0,Fashion,Desktop,New,High
2499,1,1,0,1,0.0,Beauty,Mobile,New,High
2500,1,0,0,1,0.0,Beauty,Desktop,New,High
2501,0,0,0,1,0.0,Electronics,Desktop,Returning,High
2502,1,1,1,1,200.0,Home,Mobile,New,Medium
2503,1,1,1,1,755.0,Fashion,Desktop,New,High
2504,1,1,1,1,82.0,Home,Mobile,Returning,Low
2505,1,0,0,1,0.0,Electronics,Mobile,Returning,High
2506,0,0,0,1,0.0,Beauty,Mobile,New,High
2507,1,1,1,1,419.0,Home,Mobile,New,Medium
2508,1,1,1,1,457.0,Fashion,Desktop,Returning,Medium
2509,1,1,0,1,0.0,Beauty,Mobile,New,Medium
2510,1,1,1,1,249.0,Fashion,Mobile,New,Medium
2511,1,1,1,1,890.0,Beauty,Mobile,New,High
2512,0,0,0,1,0.0,Beauty,Desktop,New,Medium
2513,1,1,1,1,937.0,Beauty,Desktop,Returning,High
2514,0,0,0,1,0.0,Home,Desktop,New,High
2515,1,1,1,1,881.0,Fashion,Desktop,New,High
2516,1,0,0,1,0.0,Beauty,Mobile,New,High
2517,1,0,0,1,0.0,Electronics,Mobile,New,Medium
2518,0,0,0,1,0.0,Electronics,Mobile,Returning,Medium
2519,1,1,0,1,0.0,Beauty,Mobile,Returning,High
2520,0,0,0,1,0.0,Fashion,Desktop,Returning,High
2521,1,1,1,1,655.0,Fashion,Mobile,New,High
2522,0,0,0,1,0.0,Home,Desktop,Returning,High
2523,1,1,1,1,465.0,Beauty,Mobile,New,Medium
2524,1,1,1,1,331.0,Fashion,Mobile,Returning,Medium
2525,1,1,1,1,539.0,Beauty,Mobile,Returning,High
2526,0,0,0,1,0.0,Electronics,Desktop,New,Medium
2527,0,0,0,1,0.0,Fashion,Desktop,New,Medium
2528,0,0,0,1,0.0,Home,Desktop,Returning,Medium
2529,1,1,0,1,0.0,Fashion,Mobile,New,High
2530,1,1,0,1,0.0,Beauty,Tablet,New,High
2531,0,0,0,1,0.0,Beauty,Mobile,Returning,Medium
2532,1,1,1,1,711.0,Electronics,Mobile,Returning,High
2533,0,0,0,1,0.0,Beauty,Tablet,New,Medium
2534,0,0,0,1,0.0,Electronics,Mobile,New,High
2535,0,0,0,1,0.0,Fashion,Desktop,Returning,Medium
2536,0,0,0,1,0.0,Fashion,Mobile,Returning,High
2537,1,0,0,1,0.0,Electronics,Mobile,New,High
2538,1,0,0,1,0.0,Fashion,Desktop,New,High
2539,0,0,0,1,0.0,Fashion,Mobile,New,High
2540,1,1,1,1,181.0,Beauty,Desktop,New,Medium
2541,0,0,0,1,0.0,Home,Mobile,Returning,High
2542,1,1,1,1,181.0,Electronics,Desktop,New,Medium
2543,1,1,0,1,0.0,Home,Mobile,Returning,Medium
2544,0,0,0,1,0.0,Fashion,Mobile,New,High
2545,0,0,0,1,0.0,Fashion,Mobile,New,High
2546,0,0,0,1,0.0,Fashion,Mobile,Returning,High
2547,0,0,0,1,0.0,Electronics,Desktop,Returning,Medium
2548,1,0,0,1,0.0,Electronics,Mobile,Returning,Medium
2549,0,0,0,1,0.0,Fashion,Mobile,Returning,High
2550,0,0,0,1,0.0,Beauty,Mobile,Returning,Medium
2551,1,1,1,1,64.0,Electronics,Mobile,New,Low
2552,1,1,1,1,187.0,Fashion,Desktop,New,Medium
2553,0,0,0,1,0.0,Home,Tablet,New,High
2554,1,1,1,1,46.0,Fashion,Mobile,New,Low
2555,0,0,0,1,0.0,Electronics,Desktop,Returning,Medium
2556,0,0,0,1,0.0,Home,Mobile,Returning,Medium
2557,1,1,1,1,529.0,Electronics,Mobile,New,High
2558,1,0,0,1,0.0,Electronics,Desktop,New,High
2559,1,1,1,1,599.0,Home,Mobile,New,High
2560,0,0,0,1,0.0,Electronics,Desktop,New,High
2561,1,1,1,1,262.0,Beauty,Desktop,New,Medium
2562,1,1,0,1,0.0,Beauty,Mobile,Returning,High
2563,0,0,0,1,0.0,Fashion,Desktop,New,Medium
2564,0,0,0,1,0.0,Electronics,Desktop,Returning,High
2565,1,1,1,1,246.0,Beauty,Mobile,New,Medium
2566,0,0,0,1,0.0,Electronics,Desktop,Returning,Medium
2567,1,0,0,1,0.0,Beauty,Mobile,Returning,High
2568,1,1,1,1,939.0,Home,Tablet,New,High
2569,1,1,0,1,0.0,Beauty,Desktop,Returning,High
2570,0,0,0,1,0.0,Electronics,Mobile,New,High
2571,1,1,1,1,843.0,Home,Mobile,New,High
2572,1,1,0,1,0.0,Fashion,Desktop,Returning,Low
2573,1,1,1,1,154.0,Fashion,Mobile,New,Medium
2574,0,0,0,1,0.0,Fashion,Mobile,New,High
2575,0,0,0,1,0.0,Electronics,Mobile,New,High
2576,1,0,0,1,0.0,Fashion,Mobile,Returning,High
2577,1,0,0,1,0.0,Fashion,Mobile,New,High
2578,0,0,0,1,0.0,Beauty,Mobile,New,High
2579,1,1,0,1,0.0,Fashion,Mobile,New,Medium
2580,1,1,1,1,86.0,Home,Desktop,New,Low
2581,0,0,0,1,0.0,Fashion,Mobile,New,Low
2582,1,1,1,1,104.0,Fashion,Mobile,New,Medium
2583,1,1,1,1,695.0,Beauty,Mobile,Returning,High
2584,0,0,0,1,0.0,Beauty,Mobile,New,High
2585,0,0,0,1,0.0,Home,Mobile,New,High
2586,1,1,1,1,114.0,Home,Mobile,Returning,Medium
2587,1,1,1,1,160.0,Beauty,Mobile,Returning,Medium
2588,1,1,1,1,471.0,Beauty,Desktop,Returning,Medium
2589,1,1,1,1,986.0,Electronics,Desktop,New,High
2590,0,0,0,1,0.0,Fashion,Desktop,Returning,Medium
2591,1,0,0,1,0.0,Beauty,Desktop,Returning,High
2592,1,1,0,1,0.0,Home,Desktop,Returning,High
2593,0,0,0,1,0.0,Beauty,Mobile,New,Medium
2594,1,0,0,1,0.0,Beauty,Desktop,Returning,Medium
2595,0,0,0,1,0.0,Home,Mobile,New,High
2596,1,0,0,1,0.0,Beauty,Desktop,New,High
2597,1,0,0,1,0.0,Home,Desktop,New,Medium
2598,0,0,0,1,0.0,Electronics,Mobile,New,High
2599,1,1,1,1,135.0,Beauty,Mobile,Returning,Medium
2600,1,1,1,1,63.0,Fashion,Mobile,Returning,Low
2601,0,0,0,1,0.0,Beauty,Desktop,Returning,Medium
2602,1,0,0,1,0.0,Fashion,Desktop,Returning,Medium
2603,1,1,1,1,735.0,Beauty,Desktop,New,High
2604,1,1,1,1,461.0,Fashion,Mobile,New,Medium
2605,1,1,1,1,552.0,Fashion,Desktop,New,High
2606,0,0,0,1,0.0,Home,Mobile,New,Medium
2607,1,1,1,1,32.0,Beauty,Desktop,Returning,Low
2608,1,0,0,1,0.0,Electronics,Mobile,Returning,High
2609,1,1,0,1,0.0,Electronics,Mobile,New,High
2610,1,1,1,1,450.0,Electronics,Mobile,New,Medium
2611,0,0,0,1,0.0,Beauty,Desktop,New,Medium
2612,1,1,1,1,936.0,Beauty,Tablet,New,High
2613,1,0,0,1,0.0,Fashion,Mobile,New,High
2614,1,1,1,1,442.0,Beauty,Mobile,New,Medium
2615,1,0,0,1,0.0,Beauty,Desktop,Returning,High
2616,1,1,1,1,118.0,Home,Mobile,New,Medium
2617,0,0,0,1,0.0,Fashion,Desktop,New,High
2618,1,0,0,1,0.0,Beauty,Mobile,Returning,High
2619,1,0,0,1,0.0,Fashion,Mobile,New,Medium
2620,1,0,0,1,0.0,Beauty,Desktop,Returning,High
2621,0,0,0,1,0.0,Fashion,Desktop,Returning,Medium
2622,1,1,1,1,545.0,Home,Mobile,Returning,High
2623,1,1,1,1,783.0,Electronics,Mobile,New,High
2624,1,0,0,1,0.0,Beauty,Desktop,New,High
2625,0,0,0,1,0.0,Beauty,Mobile,New,High
2626,0,0,0,1,0.0,Electronics,Desktop,Returning,High
2627,0,0,0,1,0.0,Fashion,Mobile,Returning,Medium
2628,0,0,0,1,0.0,Fashion,Mobile,New,High
2629,0,0,0,1,0.0,Beauty,Desktop,Returning,High
2630,1,1,1,1,489.0,Home,Desktop,New,Medium
2631,1,1,1,1,836.0,Fashion,Mobile,Returning,High
2632,0,0,0,1,0.0,Electronics,Desktop,Returning,High
2633,0,0,0,1,0.0,Home,Mobile,New,High
2634,0,0,0,1,0.0,Home,Mobile,New,Medium
2635,1,0,0,1,0.0,Home,Tablet,Returning,Medium
2636,1,1,1,1,824.0,Home,Desktop,New,High
2637,1,0,0,1,0.0,Fashion,Desktop,Returning,Medium
2638,0,0,0,1,0.0,Beauty,Mobile,New,High
2639,0,0,0,1,0.0,Electronics,Mobile,New,High
2640,1,1,0,1,0.0,Fashion,Mobile,New,High
2641,0,0,0,1,0.0,Electronics,Mobile,Returning,Medium
2642,1,1,1,1,942.0,Beauty,Desktop,New,High
2643,1,0,0,1,0.0,Beauty,Mobile,New,High
2644,1,1,0,1,0.0,Home,Desktop,Returning,High
2645,0,0,0,1,0.0,Home,Mobile,New,High
2646,0,0,0,1,0.0,Fashion,Mobile,New,Medium
2647,1,1,1,1,508.0,Beauty,Mobile,New,High
2648,1,0,0,1,0.0,Fashion,Mobile,Returning,High
2649,0,0,0,1,0.0,Beauty,Mobile,New,Medium
2650,0,0,0,1,0.0,Fashion,Tablet,New,High
2651,1,1,1,1,774.0,Home,Mobile,New,High
2652,1,1,1,1,807.0,Fashion,Desktop,Returning,High
2653,1,0,0,1,0.0,Home,Mobile,New,High
2654,0,0,0,1,0.0,Fashion,Tablet,Returning,Medium
2655,1,0,0,1,0.0,Fashion,Mobile,New,Medium
2656,0,0,0,1,0.0,Electronics,Desktop,New,High
2657,1,1,1,1,80.0,Beauty,Mobile,New,Low
2658,0,0,0,1,0.0,Beauty,Desktop,New,High
2659,0,0,0,1,0.0,Home,Desktop,New,High
2660,1,1,1,1,843.0,Home,Mobile,Returning,High
2661,0,0,0,1,0.0,Electronics,Mobile,New,Low
2662,0,0,0,1,0.0,Beauty,Mobile,Returning,High
2663,0,0,0,1,0.0,Electronics,Desktop,New,High
2664,0,0,0,1,0.0,Home,Mobile,New,High
2665,1,1,0,1,0.0,Fashion,Mobile,Returning,Medium
2666,0,0,0,1,0.0,Fashion,Mobile,Returning,Low
2667,0,0,0,1,0.0,Beauty,Mobile,New,High
2668,0,0,0,1,0.0,Beauty,Desktop,New,High
2669,1,0,0,1,0.0,Beauty,Mobile,Returning,Medium
2670,1,0,0,1,0.0,Fashion,Desktop,Returning,High
2671,0,0,0,1,0.0,Fashion,Desktop,New,Medium
2672,0,0,0,1,0.0,Home,Mobile,Returning,Low
2673,0,0,0,1,0.0,Home,Desktop,Returning,High
2674,1,0,0,1,0.0,Electronics,Mobile,Returning,Medium
2675,1,0,0,1,0.0,Beauty,Desktop,New,High
2676,1,0,0,1,0.0,Beauty,Mobile,New,High
2677,1,1,1,1,192.0,Fashion,Desktop,New,Medium
2678,0,0,0,1,0.0,Fashion,Mobile,Returning,Medium
2679,0,0,0,1,0.0,Home,Mobile,New,High
2680,0,0,0,1,0.0,Beauty,Mobile,Returning,High
2681,1,0,0,1,0.0,Home,Mobile,New,High
2682,0,0,0,1,0.0,Beauty,Desktop,New,Low
2683,0,0,0,1,0.0,Beauty,Mobile,New,High
2684,1,0,0,1,0.0,Beauty,Desktop,New,Medium
2685,0,0,0,1,0.0,Electronics,Mobile,Returning,Medium
2686,1,1,1,1,145.0,Home,Desktop,New,Medium
2687,1,1,1,1,793.0,Home,Mobile,New,High
2688,0,0,0,1,0.0,Home,Mobile,Returning,Medium
2689,0,0,0,1,0.0,Beauty,Mobile,New,High
2690,1,0,0,1,0.0,Beauty,Desktop,New,High
2691,1,0,0,1,0.0,Beauty,Mobile,New,Medium
2692,1,0,0,1,0.0,Home,Desktop,Returning,Medium
2693,0,0,0,1,0.0,Home,Desktop,New,High
2694,0,0,0,1,0.0,Beauty,Mobile,Returning,Medium
2695,0,0,0,1,0.0,Fashion,Desktop,Returning,High
2696,0,0,0,1,0.0,Beauty,Mobile,New,High
2697,1,0,0,1,0.0,Home,Mobile,Returning,Medium
2698,0,0,0,1,0.0,Fashion,Desktop,New,High
2699,0,0,0,1,0.0,Fashion,Desktop,New,High
2700,1,1,1,1,64.0,Electronics,Desktop,New,Low
2701,0,0,0,1,0.0,Fashion,Mobile,New,Medium
2702,1,0,0,1,0.0,Electronics,Mobile,Returning,Medium
2703,1,1,1,1,544.0,Electronics,Mobile,Returning,High
2704,1,0,0,1,0.0,Beauty,Desktop,New,Medium
2705,0,0,0,1,0.0,Home,Mobile,New,Medium
2706,1,1,1,1,606.0,Home,Desktop,Returning,High
2707,1,0,0,1,0.0,Home,Mobile,New,Medium
2708,0,0,0,1,0.0,Beauty,Mobile,New,Medium
2709,1,0,0,1,0.0,Beauty,Mobile,Returning,Medium
2710,1,1,0,1,0.0,Beauty,Mobile,New,Medium
2711,1,1,1,1,614.0,Fashion,Mobile,Returning,High
2712,0,0,0,1,0.0,Beauty,Desktop,New,High
2713,1,1,1,1,844.0,Electronics,Desktop,New,High
2714,0,0,0,1,0.0,Home,Mobile,New,High
2715,1,1,1,1,165.0,Electronics,Mobile,New,Medium
2716,1,1,1,1,280.0,Home,Mobile,New,Medium
2717,1,1,1,1,446.0,Fashion,Desktop,New,Medium
2718,1,0,0,1,0.0,Home,Mobile,Returning,High
2719,1,1,1,1,37.0,Beauty,Desktop,Returning,Low
2720,1,1,1,1,590.0,Home,Mobile,New,High
2721,1,0,0,1,0.0,Fashion,Mobile,New,High
2722,0,0,0,1,0.0,Home,Desktop,New,High
2723,1,1,1,1,965.0,Beauty,Mobile,New,High
2724,1,1,1,1,945.0,Fashion,Mobile,New,High
2725,0,0,0,1,0.0,Electronics,Mobile,New,Medium
2726,1,1,1,1,186.0,Home,Mobile,New,Medium
2727,1,1,1,1,778.0,Beauty,Mobile,New,High
2728,1,1,0,1,0.0,Electronics,Desktop,Returning,Low
2729,1,1,1,1,593.0,Electronics,Desktop,Returning,High
2730,0,0,0,1,0.0,Beauty,Mobile,Returning,Low
2731,1,1,0,1,0.0,Beauty,Desktop,Returning,Low
2732,0,0,0,1,0.0,Electronics,Mobile,New,Low
2733,1,0,0,1,0.0,Electronics,Mobile,New,High
2734,1,1,1,1,740.0,Fashion,Mobile,Returning,High
2735,1,1,1,1,204.0,Beauty,Mobile,Returning,Medium
2736,1,0,0,1,0.0,Beauty,Mobile,Returning,High
2737,1,1,1,1,406.0,Fashion,Tablet,Returning,Medium
2738,1,1,1,1,809.0,Electronics,Mobile,New,High
2739,0,0,0,1,0.0,Beauty,Mobile,New,High
2740,0,0,0,1,0.0,Home,Mobile,Returning,Low
2741,1,0,0,1,0.0,Electronics,Desktop,New,Medium
2742,1,1,1,1,897.0,Fashion,Desktop,Returning,High
2743,0,0,0,1,0.0,Home,Mobile,New,High
2744,1,0,0,1,0.0,Fashion,Mobile,Returning,Medium
2745,0,0,0,1,0.0,Home,Mobile,New,Medium
2746,1,1,1,1,795.0,Home,Mobile,New,High
2747,1,1,1,1,688.0,Fashion,Mobile,New,High
2748,1,1,0,1,0.0,Electronics,Mobile,New,Low
2749,1,1,1,1,660.0,Electronics,Mobile,New,High
2750,1,0,0,1,0.0,Home,Mobile,Returning,Low
2751,1,1,1,1,485.0,Fashion,Mobile,New,Medium
2752,0,0,0,1,0.0,Fashion,Desktop,Returning,Low
2753,1,1,1,1,86.0,Fashion,Desktop,New,Low
2754,1,1,0,1,0.0,Beauty,Mobile,New,Medium
2755,0,0,0,1,0.0,Home,Mobile,New,High
2756,1,1,1,1,348.0,Electronics,Mobile,Returning,Medium
2757,1,1,1,1,754.0,Electronics,Mobile,Returning,High
2758,1,1,1,1,662.0,Beauty,Desktop,Returning,High
2759,1,1,1,1,962.0,Beauty,Mobile,New,High
2760,1,1,0,1,0.0,Beauty,Desktop,Returning,High
2761,1,0,0,1,0.0,Home,Desktop,New,High
2762,0,0,0,1,0.0,Electronics,Mobile,New,Low
2763,0,0,0,1,0.0,Fashion,Mobile,New,Medium
2764,1,0,0,1,0.0,Beauty,Mobile,Returning,Medium
2765,1,0,0,1,0.0,Electronics,Mobile,New,Medium
2766,0,0,0,1,0.0,Home,Mobile,Returning,Medium
2767,0,0,0,1,0.0,Fashion,Mobile,New,High
2768,1,0,0,1,0.0,Electronics,Desktop,Returning,High
2769,1,1,0,1,0.0,Fashion,Mobile,Returning,Low
2770,1,1,1,1,360.0,Home,Mobile,Returning,Medium
2771,1,1,1,1,942.0,Electronics,Desktop,New,High
2772,1,1,0,1,0.0,Home,Desktop,New,Low
2773,0,0,0,1,0.0,Electronics,Mobile,Returning,Medium
2774,1,1,1,1,241.0,Home,Desktop,New,Medium
2775,1,1,1,1,264.0,Home,Mobile,Returning,Medium
2776,0,0,0,1,0.0,Electronics,Mobile,New,High
2777,1,1,1,1,669.0,Electronics,Mobile,Returning,High
2778,1,1,1,1,692.0,Home,Mobile,Returning,High
2779,1,0,0,1,0.0,Beauty,Desktop,Returning,Medium
2780,1,1,1,1,88.0,Electronics,Desktop,New,Low
2781,1,1,1,1,843.0,Fashion,Desktop,New,High
2782,1,0,0,1,0.0,Fashion,Mobile,Returning,High
2783,1,0,0,1,0.0,Fashion,Mobile,New,High
2784,0,0,0,1,0.0,Electronics,Mobile,Returning,High
2785,0,0,0,1,0.0,Home,Mobile,New,Medium
2786,0,0,0,1,0.0,Fashion,Desktop,New,Medium
2787,0,0,0,1,0.0,Fashion,Desktop,New,Medium
2788,1,1,1,1,512.0,Home,Mobile,New,High
2789,1,1,1,1,399.0,Home,Mobile,New,Medium
2790,1,1,1,1,774.0,Home,Mobile,New,High
2791,0,0,0,1,0.0,Fashion,Mobile,New,Medium
2792,1,1,1,1,120.0,Electronics,Mobile,Returning,Medium
2793,0,0,0,1,0.0,Home,Mobile,Returning,High
2794,0,0,0,1,0.0,Fashion,Mobile,New,High
2795,0,0,0,1,0.0,Fashion,Mobile,Returning,Medium
2796,0,0,0,1,0.0,Beauty,Mobile,Returning,Low
2797,1,1,0,1,0.0,Beauty,Mobile,New,Medium
2798,0,0,0,1,0.0,Fashion,Desktop,Returning,Medium
2799,0,0,0,1,0.0,Home,Mobile,Returning,Low
2800,0,0,0,1,0.0,Electronics,Tablet,New,Medium
2801,1,0,0,1,0.0,Beauty,Mobile,New,Medium
2802,1,1,1,1,541.0,Electronics,Mobile,New,High
2803,0,0,0,1,0.0,Fashion,Mobile,Returning,Medium
2804,1,1,0,1,0.0,Electronics,Mobile,New,High
2805,0,0,0,1,0.0,Fashion,Desktop,New,Medium
2806,1,1,1,1,315.0,Beauty,Mobile,Returning,Medium
2807,0,0,0,1,0.0,Fashion,Desktop,Returning,Low
2808,1,1,1,1,933.0,Fashion,Desktop,New,High
2809,0,0,0,1,0.0,Home,Mobile,New,Low
2810,0,0,0,1,0.0,Beauty,Mobile,New,Medium
2811,1,0,0,1,0.0,Fashion,Desktop,Returning,High
2812,0,0,0,1,0.0,Electronics,Mobile,New,Medium
2813,1,0,0,1,0.0,Home,Desktop,Returning,High
2814,1,0,0,1,0.0,Home,Mobile,New,High
2815,1,1,0,1,0.0,Electronics,Mobile,New,Medium
2816,1,1,1,1,875.0,Home,Mobile,New,High
2817,1,0,0,1,0.0,Home,Mobile,New,Medium
2818,1,0,0,1,0.0,Electronics,Desktop,Returning,High
2819,1,1,0,1,0.0,Beauty,Mobile,New,Medium
2820,1,1,1,1,858.0,Electronics,Desktop,New,High
2821,0,0,0,1,0.0,Electronics,Mobile,Returning,Medium
2822,0,0,0,1,0.0,Home,Mobile,New,High
2823,1,1,1,1,101.0,Fashion,Mobile,Returning,Medium
2824,1,1,0,1,0.0,Fashion,Mobile,New,Medium
2825,0,0,0,1,0.0,Electronics,Mobile,New,Low
2826,0,0,0,1,0.0,Beauty,Mobile,Returning,Medium
2827,0,0,0,1,0.0,Fashion,Desktop,Returning,High
2828,1,1,1,1,863.0,Fashion,Mobile,New,High
2829,0,0,0,1,0.0,Beauty,Mobile,New,Medium
2830,1,1,0,1,0.0,Fashion,Desktop,New,Medium
2831,1,1,1,1,745.0,Beauty,Desktop,Returning,High
2832,1,1,1,1,978.0,Fashion,Mobile,Returning,High
2833,0,0,0,1,0.0,Fashion,Mobile,New,High
2834,0,0,0,1,0.0,Fashion,Desktop,New,High
2835,1,1,1,1,816.0,Electronics,Mobile,New,High
2836,0,0,0,1,0.0,Electronics,Mobile,New,High
2837,0,0,0,1,0.0,Home,Mobile,New,Medium
2838,0,0,0,1,0.0,Beauty,Desktop,Returning,High
2839,0,0,0,1,0.0,Fashion,Mobile,Returning,Medium
2840,0,0,0,1,0.0,Home,Tablet,New,High
2841,1,0,0,1,0.0,Beauty,Mobile,New,Low
2842,0,0,0,1,0.0,Beauty,Desktop,New,High
2843,0,0,0,1,0.0,Beauty,Mobile,New,Medium
2844,0,0,0,1,0.0,Beauty,Mobile,Returning,High
2845,0,0,0,1,0.0,Home,Desktop,Returning,High
2846,1,1,0,1,0.0,Beauty,Mobile,New,Low
2847,1,1,0,1,0.0,Home,Mobile,New,Medium
2848,1,1,1,1,558.0,Home,Mobile,Returning,High
2849,1,1,1,1,965.0,Electronics,Mobile,Returning,High
2850,1,0,0,1,0.0,Beauty,Mobile,New,High
2851,1,0,0,1,0.0,Home,Desktop,New,Low
2852,1,1,1,1,865.0,Beauty,Mobile,New,High
2853,1,0,0,1,0.0,Home,Mobile,New,High
2854,0,0,0,1,0.0,Beauty,Mobile,Returning,Medium
2855,1,0,0,1,0.0,Fashion,Desktop,New,High
2856,0,0,0,1,0.0,Electronics,Desktop,Returning,Medium
2857,0,0,0,1,0.0,Fashion,Mobile,Returning,Medium
2858,1,1,1,1,276.0,Beauty,Mobile,New,Medium
2859,0,0,0,1,0.0,Beauty,Desktop,New,High
2860,1,0,0,1,0.0,Beauty,Mobile,New,High
2861,1,1,1,1,909.0,Electronics,Desktop,New,High
2862,0,0,0,1,0.0,Home,Desktop,Returning,High
2863,0,0,0,1,0.0,Fashion,Desktop,New,High
2864,0,0,0,1,0.0,Electronics,Mobile,Returning,Medium
2865,0,0,0,1,0.0,Home,Desktop,Returning,Medium
2866,1,1,1,1,805.0,Home,Desktop,Returning,High
2867,0,0,0,1,0.0,Electronics,Mobile,New,Medium
2868,0,0,0,1,0.0,Beauty,Mobile,New,High
2869,1,1,1,1,290.0,Fashion,Mobile,Returning,Medium
2870,1,0,0,1,0.0,Home,Mobile,Returning,High
2871,1,1,0,1,0.0,Home,Mobile,Returning,Medium
2872,1,0,0,1,0.0,Electronics,Mobile,New,Medium
2873,1,1,1,1,305.0,Beauty,Mobile,Returning,Medium
2874,1,1,0,1,0.0,Fashion,Mobile,Returning,High
2875,0,0,0,1,0.0,Beauty,Mobile,Returning,Low
2876,0,0,0,1,0.0,Electronics,Desktop,New,High
2877,1,1,1,1,888.0,Fashion,Desktop,New,High
2878,1,1,1,1,352.0,Fashion,Mobile,New,Medium
2879,0,0,0,1,0.0,Electronics,Mobile,New,Low
2880,1,0,0,1,0.0,Electronics,Mobile,New,High
2881,0,0,0,1,0.0,Electronics,Desktop,New,Medium
2882,1,0,0,1,0.0,Electronics,Desktop,New,High
2883,1,1,1,1,53.0,Electronics,Desktop,Returning,Low
2884,0,0,0,1,0.0,Electronics,Mobile,New,Low
2885,1,1,1,1,522.0,Beauty,Tablet,New,High
2886,1,0,0,1,0.0,Fashion,Mobile,Returning,High
2887,1,1,0,1,0.0,Fashion,Desktop,Returning,Medium
2888,1,0,0,1,0.0,Home,Mobile,Returning,Medium
2889,1,1,0,1,0.0,Home,Desktop,New,Medium
2890,1,1,1,1,157.0,Electronics,Mobile,New,Medium
2891,0,0,0,1,0.0,Home,Desktop,New,High
2892,1,0,0,1,0.0,Fashion,Desktop,New,Medium
2893,1,1,1,1,938.0,Home,Mobile,Returning,High
2894,1,1,1,1,212.0,Home,Mobile,Returning,Medium
2895,1,0,0,1,0.0,Beauty,Desktop,Returning,Medium
2896,0,0,0,1,0.0,Beauty,Mobile,New,High
2897,1,0,0,1,0.0,Electronics,Mobile,New,Medium
2898,1,1,0,1,0.0,Home,Mobile,New,High
2899,0,0,0,1,0.0,Beauty,Mobile,New,Medium
2900,0,0,0,1,0.0,Home,Mobile,New,High
2901,0,0,0,1,0.0,Beauty,Mobile,Returning,Medium
2902,1,1,1,1,725.0,Home,Mobile,Returning,High
2903,0,0,0,1,0.0,Home,Mobile,New,High
2904,1,1,1,1,89.0,Fashion,Desktop,Returning,Low
2905,1,1,1,1,211.0,Beauty,Tablet,New,Medium
2906,0,0,0,1,0.0,Beauty,Desktop,New,High
2907,1,1,1,1,431.0,Beauty,Mobile,Returning,Medium
2908,1,1,1,1,517.0,Fashion,Desktop,Returning,High
2909,0,0,0,1,0.0,Fashion,Mobile,New,High
2910,0,0,0,1,0.0,Beauty,Mobile,New,High
2911,1,1,0,1,0.0,Fashion,Desktop,New,Medium
2912,1,0,0,1,0.0,Beauty,Desktop,Returning,Medium
2913,0,0,0,1,0.0,Electronics,Desktop,New,High
2914,0,0,0,1,0.0,Home,Desktop,New,High
2915,1,1,1,1,299.0,Fashion,Mobile,New,Medium
2916,0,0,0,1,0.0,Fashion,Mobile,New,Medium
2917,1,1,1,1,699.0,Home,Desktop,New,High
2918,1,1,1,1,46.0,Beauty,Mobile,New,Low
2919,1,0,0,1,0.0,Beauty,Mobile,Returning,Medium
2920,1,0,0,1,0.0,Fashion,Desktop,Returning,High
2921,1,1,0,1,0.0,Electronics,Desktop,New,High
2922,1,1,1,1,934.0,Electronics,Mobile,New,High
2923,0,0,0,1,0.0,Electronics,Desktop,New,High
2924,1,1,1,1,371.0,Fashion,Desktop,New,Medium
2925,1,1,0,1,0.0,Home,Desktop,Returning,Medium
2926,1,1,0,1,0.0,Fashion,Mobile,New,Medium
2927,1,1,1,1,552.0,Electronics,Mobile,New,High
2928,0,0,0,1,0.0,Fashion,Mobile,New,High
2929,1,0,0,1,0.0,Electronics,Mobile,New,Low
2930,0,0,0,1,0.0,Home,Mobile,Returning,Medium
2931,0,0,0,1,0.0,Beauty,Mobile,Returning,High
2932,1,0,0,1,0.0,Electronics,Mobile,Returning,Medium
2933,0,0,0,1,0.0,Home,Desktop,New,Low
2934,0,0,0,1,0.0,Home,Mobile,Returning,High
2935,1,1,1,1,216.0,Home,Desktop,Returning,Medium
2936,1,1,1,1,846.0,Home,Desktop,New,High
2937,0,0,0,1,0.0,Beauty,Mobile,New,High
2938,0,0,0,1,0.0,Electronics,Desktop,New,High
2939,1,0,0,1,0.0,Fashion,Mobile,New,High
2940,1,1,1,1,314.0,Electronics,Mobile,Returning,Medium
2941,0,0,0,1,0.0,Home,Desktop,Returning,High
2942,1,1,1,1,227.0,Beauty,Mobile,Returning,Medium
2943,0,0,0,1,0.0,Beauty,Desktop,New,High
2944,1,1,1,1,442.0,Electronics,Mobile,Returning,Medium
2945,1,1,1,1,627.0,Home,Desktop,Returning,High
2946,1,1,1,1,277.0,Fashion,Mobile,New,Medium
2947,0,0,0,1,0.0,Beauty,Desktop,Returning,Medium
2948,1,1,0,1,0.0,Fashion,Mobile,New,Medium
2949,1,1,0,1,0.0,Electronics,Desktop,New,Medium
2950,1,1,1,1,959.0,Electronics,Desktop,Returning,High
2951,0,0,0,1,0.0,Fashion,Mobile,New,Medium
2952,1,1,0,1,0.0,Electronics,Desktop,Returning,Low
2953,0,0,0,1,0.0,Fashion,Mobile,New,Medium
2954,1,1,1,1,578.0,Fashion,Desktop,New,High
2955,1,1,0,1,0.0,Beauty,Mobile,New,High
2956,0,0,0,1,0.0,Fashion,Desktop,New,High
2957,1,1,1,1,880.0,Beauty,Desktop,Returning,High
2958,1,0,0,1,0.0,Electronics,Mobile,New,High
2959,0,0,0,1,0.0,Home,Mobile,New,High
2960,1,1,1,1,79.0,Home,Mobile,New,Low
2961,0,0,0,1,0.0,Fashion,Desktop,New,High
2962,1,0,0,1,0.0,Home,Mobile,New,High
2963,1,0,0,1,0.0,Fashion,Mobile,New,Medium
2964,0,0,0,1,0.0,Fashion,Desktop,New,High
2965,1,1,1,1,772.0,Fashion,Mobile,New,High
2966,1,1,1,1,989.0,Electronics,Desktop,New,High
2967,1,0,0,1,0.0,Fashion,Mobile,New,High
2968,0,0,0,1,0.0,Electronics,Mobile,New,Medium
2969,1,1,0,1,0.0,Fashion,Desktop,Returning,Medium
2970,0,0,0,1,0.0,Electronics,Mobile,Returning,High
2971,1,1,0,1,0.0,Fashion,Mobile,New,Medium
2972,0,0,0,1,0.0,Electronics,Desktop,New,Medium
2973,1,1,1,1,851.0,Fashion,Mobile,New,High
2974,1,0,0,1,0.0,Home,Tablet,New,High
2975,1,1,0,1,0.0,Beauty,Tablet,New,High
2976,0,0,0,1,0.0,Beauty,Mobile,New,High
2977,1,1,0,1,0.0,Electronics,Mobile,New,Medium
2978,1,1,1,1,440.0,Beauty,Desktop,New,Medium
2979,0,0,0,1,0.0,Fashion,Mobile,New,Medium
2980,0,0,0,1,0.0,Fashion,Mobile,Returning,High
2981,1,0,0,1,0.0,Fashion,Desktop,Returning,Medium
2982,1,0,0,1,0.0,Fashion,Mobile,New,High
2983,0,0,0,1,0.0,Fashion,Desktop,New,High
2984,1,1,1,1,719.0,Beauty,Mobile,New,High
2985,1,1,0,1,0.0,Home,Mobile,New,High
2986,1,1,1,1,594.0,Beauty,Mobile,Returning,High
2987,1,0,0,1,0.0,Home,Tablet,Returning,Medium
2988,1,0,0,1,0.0,Electronics,Desktop,Returning,High
2989,0,0,0,1,0.0,Home,Desktop,New,Medium
2990,1,1,1,1,907.0,Fashion,Mobile,Returning,High
2991,1,0,0,1,0.0,Beauty,Mobile,New,Low
2992,1,1,1,1,295.0,Beauty,Mobile,New,Medium
2993,1,1,1,1,624.0,Electronics,Mobile,Returning,High
2994,0,0,0,1,0.0,Electronics,Mobile,Returning,High
2995,1,0,0,1,0.0,Beauty,Desktop,Returning,Medium
2996,1,0,0,1,0.0,Home,Mobile,New,High
2997,1,0,0,1,0.0,Electronics,Desktop,New,High
2998,0,0,0,1,0.0,Fashion,Mobile,New,High
2999,1,0,0,1,0.0,Home,Tablet,Returning,High
3000,1,0,0,1,0.0,Home,Mobile,New,High
3001,0,0,0,1,0.0,Home,Mobile,New,Medium
3002,1,1,1,1,117.0,Beauty,Mobile,New,Medium
3003,1,1,1,1,130.0,Electronics,Mobile,New,Medium
3004,1,0,0,1,0.0,Fashion,Mobile,Returning,Medium
3005,1,1,0,1,0.0,Electronics,Mobile,New,High
3006,1,0,0,1,0.0,Beauty,Mobile,Returning,High
3007,0,0,0,1,0.0,Fashion,Desktop,New,Medium
3008,1,0,0,1,0.0,Home,Desktop,New,High
3009,1,1,1,1,628.0,Fashion,Desktop,New,High
3010,0,0,0,1,0.0,Beauty,Mobile,New,Medium
3011,1,1,1,1,647.0,Electronics,Desktop,New,High
3012,0,0,0,1,0.0,Electronics,Mobile,Returning,Medium
3013,1,1,1,1,718.0,Electronics,Mobile,New,High
3014,0,0,0,1,0.0,Home,Mobile,Returning,Medium
3015,0,0,0,1,0.0,Home,Mobile,New,High
3016,0,0,0,1,0.0,Electronics,Mobile,New,Medium
3017,1,0,0,1,0.0,Home,Mobile,New,High
3018,1,1,1,1,278.0,Beauty,Mobile,New,Medium
3019,1,0,0,1,0.0,Fashion,Desktop,New,High
3020,1,1,0,1,0.0,Fashion,Desktop,Returning,Medium
3021,1,0,0,1,0.0,Beauty,Tablet,Returning,High
3022,0,0,0,1,0.0,Electronics,Desktop,New,Low
3023,1,0,0,1,0.0,Home,Mobile,New,Medium
3024,0,0,0,1,0.0,Home,Desktop,Returning,High
3025,0,0,0,1,0.0,Home,Desktop,Returning,High
3026,1,1,0,1,0.0,Electronics,Mobile,Returning,Medium
3027,1,1,0,1,0.0,Beauty,Mobile,Returning,High
3028,1,0,0,1,0.0,Beauty,Tablet,Returning,High
3029,1,0,0,1,0.0,Home,Mobile,Returning,High
3030,0,0,0,1,0.0,Home,Desktop,New,High
3031,1,0,0,1,0.0,Beauty,Mobile,New,Medium
3032,0,0,0,1,0.0,Electronics,Mobile,New,High
3033,0,0,0,1,0.0,Home,Mobile,Returning,High
3034,0,0,0,1,0.0,Fashion,Mobile,New,High
3035,1,0,0,1,0.0,Home,Desktop,Returning,High
3036,0,0,0,1,0.0,Home,Tablet,Returning,Low
3037,0,0,0,1,0.0,Beauty,Mobile,New,High
3038,1,0,0,1,0.0,Fashion,Mobile,Returning,High
3039,1,0,0,1,0.0,Home,Desktop,Returning,High
3040,1,0,0,1,0.0,Electronics,Desktop,New,Medium
3041,0,0,0,1,0.0,Home,Mobile,Returning,Medium
3042,1,1,1,1,557.0,Fashion,Mobile,New,High
3043,1,1,1,1,636.0,Electronics,Desktop,New,High
3044,1,1,1,1,993.0,Fashion,Desktop,New,High
3045,1,1,1,1,727.0,Beauty,Mobile,Returning,High
3046,1,1,0,1,0.0,Home,Mobile,Returning,High
3047,0,0,0,1,0.0,Electronics,Tablet,Returning,Medium
3048,0,0,0,1,0.0,Electronics,Desktop,New,Medium
3049,1,1,1,1,976.0,Fashion,Mobile,Returning,High
3050,0,0,0,1,0.0,Electronics,Mobile,Returning,Medium
3051,0,0,0,1,0.0,Home,Desktop,New,High
3052,0,0,0,1,0.0,Beauty,Mobile,Returning,Medium
3053,0,0,0,1,0.0,Home,Mobile,New,High
3054,1,0,0,1,0.0,Electronics,Mobile,New,Medium
3055,1,1,1,1,283.0,Fashion,Mobile,New,Medium
3056,0,0,0,1,0.0,Home,Desktop,New,High
3057,1,1,0,1,0.0,Beauty,Mobile,New,Low
3058,0,0,0,1,0.0,Home,Desktop,Returning,High
3059,0,0,0,1,0.0,Beauty,Mobile,New,High
3060,1,1,1,1,266.0,Beauty,Mobile,New,Medium
3061,1,1,1,1,204.0,Electronics,Mobile,Returning,Medium
3062,1,1,1,1,591.0,Home,Desktop,New,High
3063,0,0,0,1,0.0,Home,Desktop,New,High
3064,0,0,0,1,0.0,Fashion,Mobile,New,High
3065,0,0,0,1,0.0,Electronics,Desktop,Returning,High
3066,0,0,0,1,0.0,Electronics,Desktop,New,Medium
3067,1,1,0,1,0.0,Fashion,Tablet,Returning,Medium
3068,1,1,1,1,124.0,Beauty,Mobile,New,Medium
3069,1,1,1,1,807.0,Beauty,Desktop,New,High
3070,1,1,1,1,691.0,Home,Mobile,New,High
3071,0,0,0,1,0.0,Fashion,Mobile,New,High
3072,1,0,0,1,0.0,Beauty,Tablet,Returning,High
3073,0,0,0,1,0.0,Home,Mobile,New,Low
3074,0,0,0,1,0.0,Beauty,Mobile,New,High
3075,1,1,1,1,876.0,Electronics,Mobile,New,High
3076,1,1,0,1,0.0,Home,Desktop,Returning,Medium
3077,1,0,0,1,0.0,Electronics,Desktop,New,Low
3078,1,1,1,1,128.0,Fashion,Mobile,New,Medium
3079,0,0,0,1,0.0,Fashion,Tablet,New,Medium
3080,1,1,1,1,286.0,Beauty,Mobile,New,Medium
3081,0,0,0,1,0.0,Beauty,Mobile,New,High
3082,1,1,1,1,890.0,Fashion,Desktop,New,High
3083,1,1,1,1,294.0,Fashion,Mobile,Returning,Medium
3084,0,0,0,1,0.0,Beauty,Mobile,Returning,Medium
3085,0,0,0,1,0.0,Fashion,Mobile,New,Medium
3086,0,0,0,1,0.0,Home,Desktop,New,High
3087,0,0,0,1,0.0,Home,Mobile,New,High
3088,1,0,0,1,0.0,Beauty,Desktop,New,High
3089,1,1,1,1,498.0,Fashion,Desktop,Returning,Medium
3090,0,0,0,1,0.0,Beauty,Mobile,Returning,High
3091,0,0,0,1,0.0,Fashion,Desktop,New,Low
3092,0,0,0,1,0.0,Home,Mobile,Returning,High
3093,1,1,1,1,411.0,Electronics,Mobile,Returning,Medium
3094,1,0,0,1,0.0,Fashion,Desktop,Returning,Low
3095,0,0,0,1,0.0,Home,Tablet,New,Medium
3096,1,1,1,1,331.0,Fashion,Mobile,Returning,Medium
3097,1,1,1,1,745.0,Fashion,Mobile,New,High
3098,0,0,0,1,0.0,Electronics,Mobile,Returning,High
3099,0,0,0,1,0.0,Home,Mobile,New,High
3100,1,0,0,1,0.0,Fashion,Mobile,Returning,High
3101,0,0,0,1,0.0,Fashion,Mobile,New,High
3102,0,0,0,1,0.0,Beauty,Desktop,New,High
3103,1,0,0,1,0.0,Electronics,Mobile,Returning,Medium
3104,1,1,1,1,946.0,Fashion,Mobile,Returning,High
3105,1,0,0,1,0.0,Home,Desktop,Returning,Medium
3106,1,1,1,1,867.0,Fashion,Desktop,New,High
3107,0,0,0,1,0.0,Home,Mobile,New,Medium
3108,1,0,0,1,0.0,Fashion,Mobile,New,High
3109,1,1,1,1,613.0,Electronics,Desktop,New,High
3110,1,1,1,1,261.0,Electronics,Mobile,New,Medium
3111,1,1,1,1,972.0,Home,Mobile,Returning,High
3112,1,1,1,1,309.0,Fashion,Desktop,New,Medium
3113,0,0,0,1,0.0,Home,Mobile,New,High
3114,0,0,0,1,0.0,Electronics,Mobile,New,High
3115,1,1,1,1,315.0,Beauty,Mobile,New,Medium
3116,1,1,1,1,923.0,Home,Mobile,New,High
3117,1,0,0,1,0.0,Beauty,Mobile,New,Medium
3118,1,1,1,1,22.0,Beauty,Tablet,New,Low
3119,1,1,1,1,883.0,Beauty,Mobile,Returning,High
3120,0,0,0,1,0.0,Beauty,Mobile,New,Medium
3121,1,1,1,1,717.0,Home,Mobile,Returning,High
3122,0,0,0,1,0.0,Beauty,Desktop,New,Medium
3123,0,0,0,1,0.0,Electronics,Mobile,Returning,Low
3124,1,1,1,1,737.0,Fashion,Mobile,New,High
3125,0,0,0,1,0.0,Fashion,Desktop,New,Medium
3126,1,1,1,1,953.0,Fashion,Mobile,New,High
3127,1,1,1,1,878.0,Electronics,Mobile,New,High
3128,1,1,1,1,819.0,Home,Mobile,New,High
3129,1,0,0,1,0.0,Beauty,Mobile,New,High
3130,1,1,0,1,0.0,Fashion,Mobile,Returning,High
3131,0,0,0,1,0.0,Home,Desktop,Returning,Medium
3132,1,0,0,1,0.0,Fashion,Mobile,New,High
3133,1,0,0,1,0.0,Beauty,Mobile,New,Medium
3134,1,1,1,1,730.0,Home,Mobile,Returning,High
3135,0,0,0,1,0.0,Home,Mobile,Returning,Medium
3136,0,0,0,1,0.0,Fashion,Mobile,New,Low
3137,0,0,0,1,0.0,Fashion,Desktop,New,Medium
3138,1,0,0,1,0.0,Home,Mobile,New,Medium
3139,0,0,0,1,0.0,Beauty,Desktop,New,Medium
3140,1,0,0,1,0.0,Electronics,Mobile,New,Medium
3141,0,0,0,1,0.0,Home,Mobile,New,Medium
3142,0,0,0,1,0.0,Electronics,Mobile,Returning,Medium
3143,0,0,0,1,0.0,Home,Mobile,Returning,Medium
3144,0,0,0,1,0.0,Beauty,Mobile,Returning,High
3145,0,0,0,1,0.0,Electronics,Mobile,New,High
3146,0,0,0,1,0.0,Home,Desktop,Returning,Medium
3147,1,1,1,1,753.0,Fashion,Mobile,Returning,High
3148,1,0,0,1,0.0,Electronics,Mobile,New,High
3149,1,1,1,1,993.0,Fashion,Mobile,New,High
3150,1,0,0,1,0.0,Home,Mobile,New,Medium
3151,1,0,0,1,0.0,Fashion,Mobile,Returning,Medium
3152,1,1,1,1,539.0,Fashion,Mobile,New,High
3153,1,1,1,1,448.0,Electronics,Mobile,New,Medium
3154,1,0,0,1,0.0,Electronics,Desktop,New,High
3155,1,1,1,1,694.0,Home,Desktop,New,High
3156,1,1,0,1,0.0,Electronics,Mobile,Returning,Medium
3157,1,0,0,1,0.0,Electronics,Mobile,Returning,High
3158,0,0,0,1,0.0,Fashion,Desktop,New,Low
3159,0,0,0,1,0.0,Electronics,Mobile,Returning,High
3160,0,0,0,1,0.0,Electronics,Mobile,New,High
3161,0,0,0,1,0.0,Electronics,Mobile,New,Medium
3162,0,0,0,1,0.0,Electronics,Mobile,Returning,High
3163,1,1,1,1,115.0,Home,Mobile,New,Medium
3164,0,0,0,1,0.0,Electronics,Mobile,Returning,High
3165,1,1,1,1,23.0,Beauty,Mobile,New,Low
3166,1,1,0,1,0.0,Home,Mobile,New,Low
3167,1,1,1,1,71.0,Fashion,Desktop,Returning,Low
3168,0,0,0,1,0.0,Home,Mobile,New,High
3169,0,0,0,1,0.0,Fashion,Mobile,New,Low
3170,1,0,0,1,0.0,Fashion,Mobile,New,High
3171,0,0,0,1,0.0,Home,Desktop,Returning,High
3172,1,1,1,1,329.0,Beauty,Desktop,New,Medium
3173,0,0,0,1,0.0,Fashion,Desktop,New,Medium
3174,1,1,1,1,582.0,Beauty,Mobile,New,High
3175,1,0,0,1,0.0,Home,Desktop,New,Medium
3176,0,0,0,1,0.0,Electronics,Desktop,New,High
3177,1,1,0,1,0.0,Fashion,Mobile,Returning,Medium
3178,1,0,0,1,0.0,Fashion,Mobile,Returning,High
3179,0,0,0,1,0.0,Home,Mobile,Returning,Medium
3180,1,1,1,1,482.0,Electronics,Desktop,Returning,Medium
3181,0,0,0,1,0.0,Electronics,Mobile,New,High
3182,0,0,0,1,0.0,Home,Mobile,Returning,Medium
3183,1,1,1,1,128.0,Fashion,Desktop,New,Medium
3184,1,0,0,1,0.0,Electronics,Desktop,New,High
3185,0,0,0,1,0.0,Home,Desktop,Returning,High
3186,1,1,1,1,377.0,Fashion,Tablet,Returning,Medium
3187,0,0,0,1,0.0,Electronics,Mobile,New,Medium
3188,1,1,1,1,202.0,Fashion,Desktop,New,Medium
3189,1,1,1,1,952.0,Beauty,Mobile,Returning,High
3190,0,0,0,1,0.0,Fashion,Desktop,Returning,High
3191,0,0,0,1,0.0,Electronics,Mobile,Returning,Medium
3192,0,0,0,1,0.0,Home,Tablet,New,High
3193,0,0,0,1,0.0,Home,Desktop,Returning,High
3194,0,0,0,1,0.0,Home,Desktop,Returning,High
3195,0,0,0,1,0.0,Beauty,Mobile,Returning,Medium
3196,0,0,0,1,0.0,Home,Mobile,New,High
3197,0,0,0,1,0.0,Home,Desktop,Returning,High
3198,0,0,0,1,0.0,Electronics,Mobile,New,Medium
3199,0,0,0,1,0.0,Home,Desktop,Returning,Low
3200,1,0,0,1,0.0,Home,Mobile,New,High
3201,0,0,0,1,0.0,Fashion,Desktop,New,High
3202,0,0,0,1,0.0,Beauty,Mobile,Returning,High
3203,0,0,0,1,0.0,Electronics,Desktop,New,High
3204,1,1,1,1,580.0,Electronics,Desktop,New,High
3205,0,0,0,1,0.0,Fashion,Mobile,Returning,High
3206,1,0,0,1,0.0,Electronics,Mobile,Returning,Medium
3207,1,0,0,1,0.0,Home,Mobile,New,High
3208,1,0,0,1,0.0,Home,Mobile,Returning,Medium
3209,1,1,1,1,903.0,Fashion,Mobile,New,High
3210,1,1,1,1,315.0,Home,Desktop,Returning,Medium
3211,1,1,1,1,405.0,Home,Mobile,New,Medium
3212,0,0,0,1,0.0,Electronics,Mobile,Returning,Medium
3213,0,0,0,1,0.0,Electronics,Mobile,Returning,High
3214,1,0,0,1,0.0,Fashion,Mobile,New,High
3215,1,0,0,1,0.0,Home,Mobile,New,Medium
3216,1,1,1,1,625.0,Electronics,Tablet,New,High
3217,1,0,0,1,0.0,Electronics,Desktop,Returning,Medium
3218,1,1,1,1,786.0,Fashion,Mobile,Returning,High
3219,1,0,0,1,0.0,Fashion,Mobile,New,High
3220,1,0,0,1,0.0,Electronics,Desktop,Returning,High
3221,0,0,0,1,0.0,Beauty,Mobile,New,High
3222,0,0,0,1,0.0,Beauty,Mobile,New,Medium
3223,0,0,0,1,0.0,Beauty,Mobile,New,High
3224,1,1,0,1,0.0,Electronics,Mobile,New,Medium
3225,0,0,0,1,0.0,Home,Tablet,Returning,Medium
3226,1,1,0,1,0.0,Home,Desktop,Returning,High
3227,1,0,0,1,0.0,Electronics,Mobile,New,High
3228,1,1,0,1,0.0,Beauty,Mobile,Returning,High
3229,1,1,1,1,502.0,Electronics,Desktop,New,High
3230,0,0,0,1,0.0,Beauty,Desktop,New,High
3231,1,1,1,1,191.0,Beauty,Desktop,Returning,Medium
3232,1,1,0,1,0.0,Beauty,Desktop,New,Medium
3233,0,0,0,1,0.0,Home,Mobile,Returning,High
3234,1,0,0,1,0.0,Fashion,Desktop,New,Medium
3235,0,0,0,1,0.0,Electronics,Desktop,Returning,Medium
3236,0,0,0,1,0.0,Home,Mobile,New,High
3237,1,1,1,1,372.0,Beauty,Desktop,New,Medium
3238,0,0,0,1,0.0,Electronics,Mobile,New,High
3239,0,0,0,1,0.0,Beauty,Mobile,Returning,High
3240,1,1,1,1,498.0,Beauty,Mobile,Returning,Medium
3241,1,1,1,1,178.0,Home,Mobile,New,Medium
3242,0,0,0,1,0.0,Home,Mobile,New,Medium
3243,0,0,0,1,0.0,Electronics,Mobile,New,Medium
3244,1,1,1,1,610.0,Beauty,Mobile,Returning,High
3245,0,0,0,1,0.0,Fashion,Mobile,New,High
3246,1,1,1,1,231.0,Fashion,Mobile,New,Medium
3247,1,1,1,1,793.0,Home,Mobile,New,High
3248,0,0,0,1,0.0,Beauty,Desktop,New,Medium
3249,1,0,0,1,0.0,Fashion,Mobile,New,Medium
3250,0,0,0,1,0.0,Home,Mobile,Returning,High
3251,0,0,0,1,0.0,Beauty,Desktop,New,Low
3252,1,0,0,1,0.0,Fashion,Desktop,New,Medium
3253,0,0,0,1,0.0,Home,Desktop,Returning,Low
3254,0,0,0,1,0.0,Beauty,Mobile,Returning,High
3255,0,0,0,1,0.0,Electronics,Mobile,New,Medium
3256,1,1,1,1,518.0,Fashion,Desktop,New,High
3257,1,0,0,1,0.0,Beauty,Mobile,Returning,High
3258,0,0,0,1,0.0,Fashion,Mobile,New,Medium
3259,0,0,0,1,0.0,Home,Mobile,Returning,Medium
3260,1,1,1,1,765.0,Home,Desktop,Returning,High
3261,0,0,0,1,0.0,Home,Mobile,New,High
3262,1,1,1,1,570.0,Electronics,Desktop,Returning,High
3263,0,0,0,1,0.0,Fashion,Desktop,New,High
3264,1,1,1,1,405.0,Fashion,Mobile,New,Medium
3265,1,1,1,1,545.0,Fashion,Desktop,New,High
3266,1,1,1,1,421.0,Fashion,Desktop,Returning,Medium
3267,1,1,0,1,0.0,Electronics,Desktop,New,Medium
3268,1,1,0,1,0.0,Beauty,Mobile,New,Medium
3269,0,0,0,1,0.0,Fashion,Desktop,Returning,High
3270,0,0,0,1,0.0,Beauty,Mobile,Returning,Medium
3271,1,1,0,1,0.0,Fashion,Desktop,Returning,Medium
3272,1,1,0,1,0.0,Beauty,Mobile,New,High
3273,1,1,1,1,480.0,Beauty,Mobile,New,Medium
3274,1,0,0,1,0.0,Electronics,Desktop,New,High
3275,0,0,0,1,0.0,Beauty,Desktop,New,Medium
3276,0,0,0,1,0.0,Home,Mobile,New,Medium
3277,0,0,0,1,0.0,Electronics,Mobile,New,High
3278,0,0,0,1,0.0,Fashion,Mobile,New,Medium
3279,1,1,1,1,739.0,Fashion,Tablet,New,High
3280,1,0,0,1,0.0,Fashion,Desktop,Returning,High
3281,1,0,0,1,0.0,Fashion,Desktop,New,Medium
3282,1,1,1,1,789.0,Home,Mobile,Returning,High
3283,0,0,0,1,0.0,Beauty,Mobile,New,Low
3284,1,1,1,1,460.0,Home,Desktop,New,Medium
3285,1,1,1,1,558.0,Electronics,Desktop,Returning,High
3286,1,1,1,1,685.0,Home,Mobile,New,High
3287,0,0,0,1,0.0,Electronics,Desktop,New,High
3288,0,0,0,1,0.0,Beauty,Mobile,New,High
3289,0,0,0,1,0.0,Electronics,Mobile,Returning,High
3290,1,1,1,1,571.0,Fashion,Mobile,Returning,High
3291,1,0,0,1,0.0,Beauty,Mobile,New,High
3292,1,1,1,1,950.0,Electronics,Mobile,Returning,High
3293,1,0,0,1,0.0,Home,Mobile,New,High
3294,1,1,1,1,373.0,Fashion,Mobile,New,Medium
3295,0,0,0,1,0.0,Electronics,Desktop,New,Medium
3296,0,0,0,1,0.0,Beauty,Mobile,Returning,High
3297,1,1,0,1,0.0,Home,Mobile,Returning,High
3298,1,0,0,1,0.0,Home,Mobile,New,Low
3299,1,0,0,1,0.0,Beauty,Mobile,New,High
3300,1,1,1,1,562.0,Electronics,Desktop,New,High
3301,1,1,1,1,963.0,Fashion,Mobile,Returning,High
3302,1,1,1,1,562.0,Fashion,Desktop,Returning,High
3303,1,1,0,1,0.0,Fashion,Desktop,New,Medium
3304,1,0,0,1,0.0,Fashion,Mobile,New,High
3305,0,0,0,1,0.0,Home,Mobile,New,Medium
3306,1,1,1,1,664.0,Fashion,Mobile,Returning,High
3307,1,0,0,1,0.0,Beauty,Mobile,New,Medium
3308,1,1,1,1,60.0,Fashion,Desktop,Returning,Low
3309,1,0,0,1,0.0,Fashion,Mobile,Returning,High
3310,1,1,1,1,461.0,Electronics,Mobile,New,Medium
3311,1,1,0,1,0.0,Electronics,Mobile,Returning,Medium
3312,0,0,0,1,0.0,Home,Mobile,New,High
3313,0,0,0,1,0.0,Beauty,Mobile,New,High
3314,1,0,0,1,0.0,Home,Mobile,Returning,High
3315,1,0,0,1,0.0,Fashion,Mobile,New,High
3316,1,1,0,1,0.0,Electronics,Mobile,New,Medium
3317,0,0,0,1,0.0,Beauty,Desktop,New,High
3318,1,0,0,1,0.0,Fashion,Desktop,New,Low
3319,1,1,0,1,0.0,Fashion,Mobile,Returning,Medium
3320,0,0,0,1,0.0,Electronics,Mobile,New,Medium
3321,1,1,1,1,162.0,Electronics,Tablet,New,Medium
3322,1,0,0,1,0.0,Fashion,Mobile,Returning,Medium
3323,1,1,1,1,148.0,Fashion,Mobile,New,Medium
3324,0,0,0,1,0.0,Electronics,Mobile,Returning,High
3325,1,1,1,1,934.0,Home,Desktop,New,High
3326,0,0,0,1,0.0,Electronics,Mobile,New,Low
3327,0,0,0,1,0.0,Fashion,Tablet,Returning,Medium
3328,1,0,0,1,0.0,Beauty,Desktop,Returning,Medium
3329,1,1,1,1,142.0,Fashion,Desktop,Returning,Medium
3330,0,0,0,1,0.0,Fashion,Desktop,Returning,High
3331,0,0,0,1,0.0,Home,Mobile,New,High
3332,1,1,1,1,618.0,Beauty,Mobile,New,High
3333,1,1,0,1,0.0,Beauty,Desktop,Returning,Medium
3334,0,0,0,1,0.0,Home,Tablet,Returning,Medium
3335,0,0,0,1,0.0,Electronics,Mobile,Returning,Medium
3336,0,0,0,1,0.0,Home,Desktop,New,Low
3337,0,0,0,1,0.0,Beauty,Mobile,New,High
3338,0,0,0,1,0.0,Home,Mobile,New,Low
3339,1,1,1,1,112.0,Home,Mobile,New,Medium
3340,1,1,0,1,0.0,Home,Mobile,Returning,High
3341,0,0,0,1,0.0,Fashion,Mobile,Returning,High
3342,1,1,1,1,906.0,Beauty,Mobile,Returning,High
3343,1,0,0,1,0.0,Fashion,Mobile,New,High
3344,0,0,0,1,0.0,Fashion,Mobile,New,Medium
3345,1,1,1,1,652.0,Beauty,Mobile,New,High
3346,0,0,0,1,0.0,Fashion,Tablet,New,Medium
3347,1,1,1,1,912.0,Home,Mobile,New,High
3348,0,0,0,1,0.0,Beauty,Mobile,Returning,High
3349,1,1,1,1,531.0,Beauty,Mobile,New,High
3350,1,0,0,1,0.0,Beauty,Mobile,New,Low
3351,0,0,0,1,0.0,Beauty,Desktop,New,High
3352,1,1,1,1,212.0,Fashion,Mobile,Returning,Medium
3353,1,1,1,1,478.0,Home,Desktop,New,Medium
3354,0,0,0,1,0.0,Electronics,Mobile,Returning,Medium
3355,1,0,0,1,0.0,Beauty,Mobile,New,Low
3356,0,0,0,1,0.0,Electronics,Mobile,Returning,Low
3357,1,1,1,1,289.0,Fashion,Mobile,New,Medium
3358,1,1,1,1,469.0,Beauty,Mobile,New,Medium
3359,0,0,0,1,0.0,Fashion,Mobile,Returning,Medium
3360,1,1,1,1,587.0,Beauty,Mobile,Returning,High
3361,1,0,0,1,0.0,Beauty,Mobile,New,Medium
3362,0,0,0,1,0.0,Electronics,Tablet,Returning,High
3363,1,0,0,1,0.0,Home,Mobile,New,Medium
3364,0,0,0,1,0.0,Fashion,Mobile,New,High
3365,1,0,0,1,0.0,Beauty,Mobile,New,Medium
3366,0,0,0,1,0.0,Electronics,Mobile,New,High
3367,0,0,0,1,0.0,Home,Mobile,Returning,High
3368,1,1,1,1,226.0,Electronics,Desktop,New,Medium
3369,0,0,0,1,0.0,Beauty,Tablet,Returning,High
3370,1,1,1,1,14.0,Home,Mobile,New,Low
3371,0,0,0,1,0.0,Home,Mobile,New,High
3372,1,1,0,1,0.0,Electronics,Mobile,Returning,High
3373,0,0,0,1,0.0,Fashion,Desktop,New,Medium
3374,1,1,1,1,636.0,Home,Mobile,New,High
3375,1,1,1,1,733.0,Home,Mobile,New,High
3376,1,1,1,1,687.0,Fashion,Mobile,New,High
3377,0,0,0,1,0.0,Beauty,Desktop,New,Low
3378,0,0,0,1,0.0,Home,Mobile,Returning,High
3379,0,0,0,1,0.0,Fashion,Mobile,New,High
3380,1,1,0,1,0.0,Beauty,Desktop,Returning,High
3381,0,0,0,1,0.0,Electronics,Mobile,New,High
3382,1,1,1,1,905.0,Home,Desktop,Returning,High
3383,1,1,1,1,642.0,Beauty,Mobile,Returning,High
3384,0,0,0,1,0.0,Fashion,Desktop,New,High
3385,1,1,1,1,971.0,Fashion,Desktop,Returning,High
3386,1,0,0,1,0.0,Beauty,Mobile,Returning,Medium
3387,1,0,0,1,0.0,Home,Desktop,Returning,Medium
3388,1,0,0,1,0.0,Home,Mobile,Returning,High
3389,1,1,1,1,209.0,Fashion,Desktop,Returning,Medium
3390,1,1,1,1,824.0,Fashion,Mobile,New,High
3391,0,0,0,1,0.0,Beauty,Desktop,New,High
3392,1,1,1,1,472.0,Home,Mobile,New,Medium
3393,1,0,0,1,0.0,Fashion,Tablet,New,High
3394,0,0,0,1,0.0,Beauty,Mobile,New,Medium
3395,0,0,0,1,0.0,Fashion,Tablet,Returning,High
3396,1,1,1,1,72.0,Home,Desktop,New,Low
3397,1,1,1,1,241.0,Fashion,Mobile,New,Medium
3398,0,0,0,1,0.0,Fashion,Desktop,New,High
3399,1,1,1,1,863.0,Home,Tablet,Returning,High
3400,1,1,1,1,343.0,Electronics,Mobile,New,Medium
3401,0,0,0,1,0.0,Fashion,Mobile,New,Medium
3402,0,0,0,1,0.0,Home,Mobile,New,Medium
3403,1,1,1,1,383.0,Home,Mobile,New,Medium
3404,0,0,0,1,0.0,Beauty,Mobile,Returning,Low
3405,0,0,0,1,0.0,Beauty,Mobile,Returning,Medium
3406,1,0,0,1,0.0,Electronics,Mobile,New,Medium
3407,1,1,1,1,854.0,Home,Mobile,New,High
3408,0,0,0,1,0.0,Fashion,Mobile,Returning,High
3409,0,0,0,1,0.0,Home,Desktop,New,Medium
3410,0,0,0,1,0.0,Home,Desktop,Returning,High
3411,0,0,0,1,0.0,Electronics,Mobile,New,Medium
3412,1,1,0,1,0.0,Fashion,Desktop,Returning,Low
3413,0,0,0,1,0.0,Home,Desktop,Returning,High
3414,1,0,0,1,0.0,Home,Tablet,Returning,Medium
3415,1,1,1,1,134.0,Electronics,Mobile,New,Medium
3416,1,0,0,1,0.0,Beauty,Mobile,Returning,Low
3417,1,1,1,1,181.0,Fashion,Desktop,New,Medium
3418,1,1,1,1,283.0,Home,Desktop,New,Medium
3419,0,0,0,1,0.0,Fashion,Desktop,Returning,Medium
3420,1,1,1,1,627.0,Fashion,Desktop,New,High
3421,1,0,0,1,0.0,Beauty,Mobile,Returning,High
3422,0,0,0,1,0.0,Electronics,Mobile,New,High
3423,1,1,0,1,0.0,Home,Mobile,New,Medium
3424,0,0,0,1,0.0,Beauty,Mobile,Returning,High
3425,0,0,0,1,0.0,Electronics,Desktop,Returning,High
3426,1,1,1,1,51.0,Home,Mobile,Returning,Low
3427,1,1,1,1,990.0,Beauty,Mobile,Returning,High
3428,1,0,0,1,0.0,Fashion,Desktop,Returning,Medium
3429,1,1,1,1,125.0,Home,Mobile,New,Medium
3430,0,0,0,1,0.0,Home,Tablet,Returning,Medium
3431,1,1,1,1,975.0,Beauty,Tablet,Returning,High
3432,1,0,0,1,0.0,Fashion,Mobile,New,High
3433,0,0,0,1,0.0,Fashion,Mobile,New,High
3434,1,1,1,1,435.0,Beauty,Mobile,New,Medium
3435,1,1,1,1,208.0,Fashion,Mobile,New,Medium
3436,0,0,0,1,0.0,Home,Mobile,New,Medium
3437,0,0,0,1,0.0,Home,Mobile,Returning,High
3438,1,1,1,1,779.0,Home,Tablet,New,High
3439,0,0,0,1,0.0,Beauty,Mobile,New,Medium
3440,0,0,0,1,0.0,Fashion,Desktop,Returning,Low
3441,0,0,0,1,0.0,Electronics,Mobile,Returning,Medium
3442,1,1,1,1,131.0,Home,Mobile,Returning,Medium
3443,0,0,0,1,0.0,Electronics,Desktop,Returning,Medium
3444,0,0,0,1,0.0,Fashion,Mobile,New,High
3445,1,1,1,1,918.0,Electronics,Mobile,New,High
3446,1,1,0,1,0.0,Beauty,Desktop,Returning,Low
3447,0,0,0,1,0.0,Home,Desktop,New,Medium
3448,0,0,0,1,0.0,Beauty,Desktop,New,High
3449,1,1,1,1,209.0,Fashion,Mobile,New,Medium
3450,1,1,1,1,846.0,Home,Mobile,New,High
3451,1,0,0,1,0.0,Fashion,Tablet,Returning,High
3452,1,1,0,1,0.0,Beauty,Desktop,Returning,High
3453,0,0,0,1,0.0,Electronics,Mobile,Returning,Medium
3454,1,0,0,1,0.0,Electronics,Desktop,Returning,High
3455,1,1,1,1,212.0,Home,Mobile,New,Medium
3456,1,1,1,1,675.0,Home,Mobile,New,High
3457,1,1,1,1,516.0,Home,Mobile,Returning,High
3458,1,1,1,1,684.0,Home,Mobile,New,High
3459,1,1,1,1,15.0,Electronics,Mobile,New,Low
3460,0,0,0,1,0.0,Fashion,Mobile,New,High
3461,0,0,0,1,0.0,Electronics,Mobile,New,High
3462,1,1,1,1,943.0,Fashion,Desktop,Returning,High
3463,0,0,0,1,0.0,Home,Desktop,Returning,Medium
3464,0,0,0,1,0.0,Fashion,Desktop,Returning,High
3465,1,1,1,1,546.0,Electronics,Desktop,New,High
3466,0,0,0,1,0.0,Home,Mobile,New,Medium
3467,1,0,0,1,0.0,Fashion,Mobile,New,Medium
3468,1,1,1,1,707.0,Fashion,Desktop,New,High
3469,0,0,0,1,0.0,Home,Mobile,New,Medium
3470,1,1,1,1,123.0,Fashion,Mobile,New,Medium
3471,1,0,0,1,0.0,Electronics,Mobile,New,High
3472,0,0,0,1,0.0,Home,Desktop,Returning,High
3473,1,0,0,1,0.0,Home,Mobile,New,Medium
3474,1,1,1,1,200.0,Fashion,Desktop,New,Medium
3475,1,1,1,1,492.0,Beauty,Mobile,Returning,Medium
3476,1,1,1,1,184.0,Fashion,Desktop,New,Medium
3477,0,0,0,1,0.0,Beauty,Desktop,Returning,High
3478,1,1,0,1,0.0,Beauty,Desktop,Returning,Medium
3479,1,1,1,1,702.0,Beauty,Mobile,Returning,High
3480,1,0,0,1,0.0,Electronics,Mobile,New,Medium
3481,1,1,1,1,720.0,Fashion,Desktop,New,High
3482,1,1,1,1,693.0,Fashion,Mobile,Returning,High
3483,1,0,0,1,0.0,Beauty,Mobile,New,High
3484,1,0,0,1,0.0,Beauty,Mobile,New,High
3485,1,1,1,1,836.0,Fashion,Desktop,New,High
3486,0,0,0,1,0.0,Electronics,Mobile,Returning,Medium
3487,1,0,0,1,0.0,Beauty,Desktop,New,Low
3488,0,0,0,1,0.0,Beauty,Mobile,New,High
3489,1,1,1,1,994.0,Home,Mobile,New,High
3490,1,0,0,1,0.0,Home,Desktop,Returning,Low
3491,0,0,0,1,0.0,Electronics,Mobile,New,Low
3492,0,0,0,1,0.0,Electronics,Mobile,New,High
3493,0,0,0,1,0.0,Electronics,Desktop,New,Medium
3494,1,0,0,1,0.0,Fashion,Desktop,New,Medium
3495,1,1,1,1,505.0,Beauty,Mobile,New,High
3496,1,1,1,1,472.0,Home,Desktop,New,Medium
3497,0,0,0,1,0.0,Beauty,Desktop,Returning,Medium
3498,0,0,0,1,0.0,Fashion,Desktop,New,Medium
3499,0,0,0,1,0.0,Fashion,Mobile,New,High
3500,1,0,0,1,0.0,Home,Mobile,Returning,High
3501,1,1,1,1,401.0,Electronics,Desktop,New,Medium
3502,1,0,0,1,0.0,Home,Desktop,Returning,High
3503,0,0,0,1,0.0,Fashion,Mobile,Returning,High
3504,1,0,0,1,0.0,Fashion,Mobile,Returning,Medium
3505,1,1,1,1,908.0,Fashion,Mobile,Returning,High
3506,1,0,0,1,0.0,Fashion,Mobile,Returning,High
3507,1,1,1,1,529.0,Electronics,Mobile,Returning,High
3508,1,1,1,1,77.0,Electronics,Mobile,New,Low
3509,1,0,0,1,0.0,Home,Desktop,New,High
3510,1,1,1,1,863.0,Beauty,Mobile,New,High
3511,0,0,0,1,0.0,Electronics,Desktop,New,Medium
3512,0,0,0,1,0.0,Home,Mobile,New,High
3513,1,1,1,1,252.0,Electronics,Mobile,Returning,Medium
3514,0,0,0,1,0.0,Home,Mobile,Returning,High
3515,0,0,0,1,0.0,Beauty,Mobile,Returning,Low
3516,0,0,0,1,0.0,Beauty,Desktop,Returning,High
3517,1,0,0,1,0.0,Beauty,Desktop,Returning,Medium
3518,0,0,0,1,0.0,Beauty,Mobile,Returning,Medium
3519,0,0,0,1,0.0,Fashion,Mobile,New,High
3520,1,1,1,1,867.0,Home,Mobile,New,High
3521,1,1,1,1,267.0,Home,Desktop,Returning,Medium
3522,1,0,0,1,0.0,Fashion,Desktop,Returning,High
3523,0,0,0,1,0.0,Beauty,Mobile,Returning,Low
3524,0,0,0,1,0.0,Electronics,Desktop,Returning,Low
3525,1,1,1,1,204.0,Home,Desktop,Returning,Medium
3526,0,0,0,1,0.0,Beauty,Mobile,New,Medium
3527,0,0,0,1,0.0,Home,Mobile,New,Medium
3528,1,1,1,1,848.0,Beauty,Desktop,New,High
3529,0,0,0,1,0.0,Beauty,Desktop,Returning,Medium
3530,1,1,0,1,0.0,Fashion,Mobile,New,High
3531,1,1,1,1,61.0,Electronics,Mobile,New,Low
3532,1,1,1,1,247.0,Home,Mobile,New,Medium
3533,1,1,0,1,0.0,Home,Mobile,New,Low
3534,1,1,1,1,163.0,Fashion,Desktop,New,Medium
3535,1,1,1,1,376.0,Electronics,Mobile,Returning,Medium
3536,1,0,0,1,0.0,Home,Desktop,New,High
3537,1,0,0,1,0.0,Beauty,Desktop,New,High
3538,1,1,0,1,0.0,Electronics,Mobile,New,Low
3539,1,1,1,1,158.0,Electronics,Mobile,Returning,Medium
3540,1,0,0,1,0.0,Beauty,Mobile,New,Medium
3541,0,0,0,1,0.0,Beauty,Desktop,New,Low
3542,1,1,1,1,982.0,Electronics,Mobile,Returning,High
3543,1,1,1,1,58.0,Home,Desktop,Returning,Low
3544,1,1,1,1,52.0,Electronics,Desktop,New,Low
3545,0,0,0,1,0.0,Beauty,Mobile,New,Medium
3546,1,1,0,1,0.0,Home,Desktop,Returning,Medium
3547,0,0,0,1,0.0,Home,Tablet,Returning,High
3548,1,0,0,1,0.0,Beauty,Mobile,New,High
3549,0,0,0,1,0.0,Beauty,Mobile,Returning,High
3550,1,1,1,1,78.0,Home,Tablet,New,Low
3551,1,0,0,1,0.0,Electronics,Tablet,New,Low
3552,0,0,0,1,0.0,Fashion,Mobile,Returning,High
3553,0,0,0,1,0.0,Beauty,Mobile,New,High
3554,0,0,0,1,0.0,Home,Mobile,New,Medium
3555,0,0,0,1,0.0,Fashion,Tablet,New,Low
3556,1,1,1,1,499.0,Electronics,Mobile,New,Medium
3557,0,0,0,1,0.0,Beauty,Mobile,New,Medium
3558,0,0,0,1,0.0,Beauty,Desktop,New,High
3559,1,0,0,1,0.0,Home,Mobile,New,High
3560,1,0,0,1,0.0,Fashion,Desktop,Returning,High
3561,1,1,1,1,671.0,Fashion,Mobile,New,High
3562,0,0,0,1,0.0,Beauty,Desktop,New,High
3563,1,0,0,1,0.0,Fashion,Mobile,New,High
3564,1,1,1,1,952.0,Fashion,Desktop,New,High
3565,1,1,1,1,452.0,Fashion,Desktop,New,Medium
3566,0,0,0,1,0.0,Electronics,Mobile,New,High
3567,0,0,0,1,0.0,Home,Mobile,New,Medium
3568,0,0,0,1,0.0,Beauty,Mobile,Returning,Medium
3569,1,0,0,1,0.0,Electronics,Mobile,New,High
3570,1,0,0,1,0.0,Fashion,Desktop,New,High
3571,0,0,0,1,0.0,Home,Desktop,New,Low
3572,0,0,0,1,0.0,Beauty,Mobile,New,High
3573,1,1,1,1,32.0,Fashion,Desktop,New,Low
3574,1,0,0,1,0.0,Home,Desktop,Returning,Medium
3575,1,1,1,1,916.0,Fashion,Desktop,New,High
3576,1,1,1,1,165.0,Beauty,Mobile,Returning,Medium
3577,1,1,1,1,10.0,Beauty,Mobile,New,Low
3578,0,0,0,1,0.0,Home,Mobile,New,High
3579,0,0,0,1,0.0,Beauty,Mobile,Returning,High
3580,1,1,1,1,662.0,Beauty,Mobile,New,High
3581,1,1,1,1,166.0,Beauty,Mobile,New,Medium
3582,0,0,0,1,0.0,Beauty,Mobile,Returning,High
3583,1,1,0,1,0.0,Beauty,Desktop,Returning,High
3584,0,0,0,1,0.0,Electronics,Mobile,New,High
3585,0,0,0,1,0.0,Beauty,Mobile,Returning,Medium
3586,1,0,0,1,0.0,Beauty,Mobile,Returning,High
3587,1,0,0,1,0.0,Beauty,Mobile,Returning,High
3588,0,0,0,1,0.0,Fashion,Mobile,Returning,Medium
3589,1,1,1,1,352.0,Home,Mobile,New,Medium
3590,0,0,0,1,0.0,Fashion,Mobile,Returning,High
3591,1,1,1,1,209.0,Electronics,Mobile,New,Medium
3592,1,1,0,1,0.0,Home,Mobile,New,High
3593,0,0,0,1,0.0,Fashion,Mobile,Returning,Medium
3594,1,0,0,1,0.0,Home,Desktop,New,High
3595,0,0,0,1,0.0,Home,Mobile,New,High
3596,1,0,0,1,0.0,Fashion,Mobile,New,High
3597,0,0,0,1,0.0,Fashion,Mobile,Returning,High
3598,1,1,1,1,737.0,Fashion,Mobile,Returning,High
3599,1,1,1,1,65.0,Beauty,Mobile,Returning,Low
3600,1,1,1,1,461.0,Beauty,Mobile,Returning,Medium
3601,0,0,0,1,0.0,Fashion,Desktop,New,Medium
3602,1,1,1,1,806.0,Fashion,Mobile,New,High
3603,0,0,0,1,0.0,Electronics,Mobile,New,High
3604,0,0,0,1,0.0,Fashion,Desktop,Returning,High
3605,0,0,0,1,0.0,Electronics,Desktop,Returning,Medium
3606,0,0,0,1,0.0,Beauty,Mobile,New,Low
3607,1,1,1,1,324.0,Fashion,Mobile,Returning,Medium
3608,0,0,0,1,0.0,Electronics,Mobile,New,High
3609,1,1,1,1,56.0,Fashion,Mobile,New,Low
3610,0,0,0,1,0.0,Home,Mobile,New,Low
3611,1,1,1,1,441.0,Electronics,Mobile,New,Medium
3612,0,0,0,1,0.0,Electronics,Desktop,Returning,Medium
3613,0,0,0,1,0.0,Beauty,Mobile,New,Medium
3614,1,1,1,1,698.0,Beauty,Mobile,New,High
3615,0,0,0,1,0.0,Home,Mobile,Returning,High
3616,1,1,0,1,0.0,Electronics,Desktop,New,High
3617,0,0,0,1,0.0,Electronics,Mobile,Returning,High
3618,1,0,0,1,0.0,Beauty,Desktop,New,Medium
3619,1,1,1,1,107.0,Electronics,Mobile,Returning,Medium
3620,0,0,0,1,0.0,Fashion,Mobile,New,High
3621,0,0,0,1,0.0,Fashion,Mobile,New,High
3622,1,0,0,1,0.0,Fashion,Mobile,Returning,Medium
3623,1,0,0,1,0.0,Fashion,Mobile,New,Medium
3624,1,1,1,1,146.0,Fashion,Mobile,New,Medium
3625,0,0,0,1,0.0,Home,Mobile,Returning,Medium
3626,0,0,0,1,0.0,Home,Desktop,Returning,Medium
3627,1,1,1,1,272.0,Beauty,Mobile,Returning,Medium
3628,1,1,1,1,509.0,Electronics,Mobile,Returning,High
3629,0,0,0,1,0.0,Home,Mobile,New,High
3630,0,0,0,1,0.0,Beauty,Desktop,New,High
3631,1,1,0,1,0.0,Beauty,Tablet,New,Medium
3632,1,0,0,1,0.0,Electronics,Mobile,Returning,High
3633,0,0,0,1,0.0,Electronics,Mobile,New,High
3634,1,0,0,1,0.0,Fashion,Mobile,Returning,High
3635,1,1,1,1,814.0,Fashion,Desktop,Returning,High
3636,1,1,1,1,722.0,Electronics,Desktop,Returning,High
3637,0,0,0,1,0.0,Home,Mobile,Returning,Medium
3638,1,1,0,1,0.0,Fashion,Mobile,Returning,Medium
3639,0,0,0,1,0.0,Fashion,Mobile,New,High
3640,1,0,0,1,0.0,Home,Mobile,New,Low
3641,1,0,0,1,0.0,Beauty,Desktop,New,High
3642,0,0,0,1,0.0,Beauty,Mobile,Returning,Medium
3643,0,0,0,1,0.0,Beauty,Mobile,New,High
3644,1,0,0,1,0.0,Home,Desktop,New,Medium
3645,1,1,0,1,0.0,Home,Desktop,Returning,High
3646,0,0,0,1,0.0,Beauty,Mobile,New,Medium
3647,1,0,0,1,0.0,Fashion,Desktop,Returning,High
3648,1,0,0,1,0.0,Electronics,Mobile,New,Medium
3649,0,0,0,1,0.0,Fashion,Desktop,New,High
3650,0,0,0,1,0.0,Home,Desktop,Returning,Medium
3651,1,0,0,1,0.0,Fashion,Mobile,Returning,Low
3652,1,1,1,1,354.0,Beauty,Desktop,Returning,Medium
3653,1,0,0,1,0.0,Home,Desktop,New,Medium
3654,0,0,0,1,0.0,Fashion,Mobile,Returning,High
3655,1,0,0,1,0.0,Beauty,Mobile,New,High
3656,0,0,0,1,0.0,Fashion,Desktop,Returning,High
3657,1,0,0,1,0.0,Home,Mobile,Returning,High
3658,1,1,1,1,275.0,Beauty,Mobile,Returning,Medium
3659,0,0,0,1,0.0,Fashion,Desktop,Returning,High
3660,1,1,0,1,0.0,Beauty,Desktop,Returning,Medium
3661,1,1,1,1,984.0,Electronics,Mobile,New,High
3662,1,0,0,1,0.0,Fashion,Mobile,Returning,Medium
3663,0,0,0,1,0.0,Beauty,Mobile,Returning,High
3664,1,0,0,1,0.0,Home,Mobile,Returning,High
3665,1,1,1,1,952.0,Fashion,Mobile,New,High
3666,0,0,0,1,0.0,Fashion,Desktop,New,Medium
3667,1,1,1,1,623.0,Fashion,Mobile,New,High
3668,1,1,1,1,226.0,Fashion,Mobile,Returning,Medium
3669,0,0,0,1,0.0,Beauty,Mobile,New,High
3670,0,0,0,1,0.0,Home,Tablet,New,Medium
3671,0,0,0,1,0.0,Beauty,Mobile,Returning,High
3672,0,0,0,1,0.0,Beauty,Mobile,New,Low
3673,0,0,0,1,0.0,Fashion,Mobile,New,High
3674,0,0,0,1,0.0,Beauty,Mobile,New,Low
3675,0,0,0,1,0.0,Home,Mobile,New,Medium
3676,1,1,1,1,604.0,Beauty,Mobile,New,High
3677,0,0,0,1,0.0,Fashion,Mobile,Returning,High
3678,1,1,0,1,0.0,Fashion,Mobile,Returning,Medium
3679,0,0,0,1,0.0,Fashion,Mobile,New,Medium
3680,0,0,0,1,0.0,Electronics,Mobile,Returning,Medium
3681,1,0,0,1,0.0,Beauty,Mobile,Returning,Medium
3682,1,1,1,1,163.0,Fashion,Mobile,New,Medium
3683,1,0,0,1,0.0,Fashion,Mobile,Returning,High
3684,1,0,0,1,0.0,Electronics,Mobile,New,Medium
3685,0,0,0,1,0.0,Fashion,Desktop,New,High
3686,0,0,0,1,0.0,Electronics,Mobile,New,High
3687,1,0,0,1,0.0,Fashion,Mobile,New,Medium
3688,1,1,1,1,33.0,Electronics,Mobile,New,Low
3689,0,0,0,1,0.0,Home,Tablet,New,High
3690,0,0,0,1,0.0,Fashion,Desktop,New,Medium
3691,1,1,0,1,0.0,Home,Mobile,Returning,Medium
3692,0,0,0,1,0.0,Fashion,Mobile,New,High
3693,1,1,1,1,355.0,Beauty,Mobile,New,Medium
3694,1,1,1,1,713.0,Beauty,Mobile,New,High
3695,1,0,0,1,0.0,Home,Mobile,New,High
3696,0,0,0,1,0.0,Fashion,Desktop,New,High
3697,0,0,0,1,0.0,Electronics,Mobile,New,Medium
3698,0,0,0,1,0.0,Electronics,Desktop,Returning,High
3699,0,0,0,1,0.0,Home,Mobile,Returning,High
3700,1,1,1,1,591.0,Home,Desktop,New,High
3701,0,0,0,1,0.0,Fashion,Desktop,Returning,High
3702,0,0,0,1,0.0,Home,Mobile,New,Low
3703,1,1,0,1,0.0,Fashion,Mobile,Returning,High
3704,1,1,1,1,431.0,Home,Mobile,Returning,Medium
3705,1,1,1,1,344.0,Fashion,Mobile,Returning,Medium
3706,1,1,0,1,0.0,Electronics,Mobile,New,Medium
3707,1,1,1,1,730.0,Fashion,Mobile,New,High
3708,1,1,1,1,893.0,Electronics,Mobile,Returning,High
3709,1,1,1,1,742.0,Home,Desktop,New,High
3710,0,0,0,1,0.0,Electronics,Mobile,Returning,Medium
3711,1,1,1,1,736.0,Electronics,Tablet,New,High
3712,0,0,0,1,0.0,Fashion,Mobile,Returning,High
3713,0,0,0,1,0.0,Beauty,Desktop,New,High
3714,0,0,0,1,0.0,Beauty,Mobile,New,High
3715,1,1,1,1,865.0,Home,Mobile,Returning,High
3716,1,0,0,1,0.0,Electronics,Desktop,Returning,High
3717,0,0,0,1,0.0,Electronics,Mobile,New,High
3718,0,0,0,1,0.0,Fashion,Desktop,Returning,High
3719,1,1,1,1,663.0,Home,Mobile,New,High
3720,0,0,0,1,0.0,Beauty,Mobile,New,High
3721,0,0,0,1,0.0,Home,Mobile,Returning,Medium
3722,1,1,0,1,0.0,Electronics,Desktop,New,High
3723,0,0,0,1,0.0,Electronics,Mobile,Returning,High
3724,1,0,0,1,0.0,Beauty,Desktop,Returning,High
3725,0,0,0,1,0.0,Electronics,Desktop,New,High
3726,1,1,1,1,980.0,Electronics,Mobile,New,High
3727,1,1,0,1,0.0,Fashion,Mobile,New,High
3728,1,1,1,1,325.0,Electronics,Desktop,New,Medium
3729,0,0,0,1,0.0,Fashion,Mobile,Returning,High
3730,0,0,0,1,0.0,Home,Mobile,New,High
3731,1,1,1,1,13.0,Electronics,Mobile,Returning,Low
3732,0,0,0,1,0.0,Home,Mobile,New,High
3733,0,0,0,1,0.0,Electronics,Mobile,New,High
3734,0,0,0,1,0.0,Home,Mobile,New,Medium
3735,1,0,0,1,0.0,Fashion,Desktop,Returning,Medium
3736,1,1,1,1,682.0,Electronics,Mobile,New,High
3737,1,1,1,1,814.0,Beauty,Mobile,New,High
3738,0,0,0,1,0.0,Fashion,Tablet,Returning,High
3739,1,0,0,1,0.0,Fashion,Desktop,Returning,High
3740,1,0,0,1,0.0,Electronics,Desktop,Returning,Low
3741,1,0,0,1,0.0,Electronics,Mobile,New,Medium
3742,1,1,1,1,601.0,Fashion,Desktop,New,High
3743,0,0,0,1,0.0,Electronics,Mobile,New,High
3744,1,1,1,1,765.0,Beauty,Mobile,Returning,High
3745,1,1,1,1,152.0,Home,Mobile,New,Medium
3746,0,0,0,1,0.0,Electronics,Mobile,New,Medium
3747,1,1,0,1,0.0,Home,Desktop,New,High
3748,0,0,0,1,0.0,Fashion,Mobile,Returning,High
3749,1,1,1,1,885.0,Fashion,Desktop,New,High
3750,0,0,0,1,0.0,Home,Desktop,Returning,High
3751,1,1,1,1,401.0,Fashion,Mobile,New,Medium
3752,0,0,0,1,0.0,Electronics,Mobile,Returning,Medium
3753,1,1,1,1,610.0,Fashion,Mobile,New,High
3754,1,1,0,1,0.0,Electronics,Mobile,New,High
3755,1,1,1,1,527.0,Electronics,Mobile,New,High
3756,1,1,1,1,803.0,Electronics,Tablet,New,High
3757,0,0,0,1,0.0,Electronics,Mobile,New,High
3758,0,0,0,1,0.0,Beauty,Mobile,Returning,Medium
3759,1,0,0,1,0.0,Beauty,Desktop,Returning,Medium
3760,1,1,0,1,0.0,Electronics,Mobile,Returning,Low
3761,1,1,0,1,0.0,Electronics,Desktop,New,Medium
3762,1,1,1,1,894.0,Electronics,Mobile,New,High
3763,1,1,1,1,973.0,Fashion,Mobile,New,High
3764,0,0,0,1,0.0,Fashion,Mobile,New,Medium
3765,0,0,0,1,0.0,Home,Mobile,New,High
3766,0,0,0,1,0.0,Home,Mobile,Returning,Medium
3767,0,0,0,1,0.0,Electronics,Desktop,New,High
3768,1,1,1,1,437.0,Home,Mobile,Returning,Medium
3769,0,0,0,1,0.0,Home,Desktop,New,High
3770,0,0,0,1,0.0,Beauty,Mobile,Returning,Medium
3771,1,1,0,1,0.0,Fashion,Mobile,Returning,Medium
3772,1,1,1,1,126.0,Electronics,Mobile,New,Medium
3773,1,0,0,1,0.0,Fashion,Desktop,New,High
3774,0,0,0,1,0.0,Fashion,Mobile,New,Medium
3775,1,1,1,1,474.0,Fashion,Mobile,New,Medium
3776,0,0,0,1,0.0,Home,Desktop,New,Medium
3777,1,1,1,1,235.0,Electronics,Mobile,New,Medium
3778,1,1,1,1,928.0,Beauty,Desktop,New,High
3779,1,1,1,1,98.0,Fashion,Mobile,Returning,Low
3780,1,1,0,1,0.0,Beauty,Desktop,Returning,High
3781,1,1,0,1,0.0,Electronics,Desktop,New,High
3782,1,1,1,1,132.0,Electronics,Desktop,New,Medium
3783,0,0,0,1,0.0,Electronics,Mobile,New,High
3784,1,1,1,1,933.0,Home,Mobile,New,High
3785,0,0,0,1,0.0,Fashion,Desktop,New,Medium
3786,1,1,1,1,992.0,Electronics,Mobile,Returning,High
3787,1,0,0,1,0.0,Electronics,Mobile,Returning,Medium
3788,1,1,1,1,323.0,Beauty,Desktop,New,Medium
3789,0,0,0,1,0.0,Beauty,Mobile,Returning,High
3790,1,1,0,1,0.0,Beauty,Mobile,Returning,High
3791,1,0,0,1,0.0,Fashion,Mobile,New,Medium
3792,0,0,0,1,0.0,Fashion,Mobile,Returning,Medium
3793,1,1,1,1,610.0,Home,Mobile,New,High
3794,1,1,1,1,502.0,Home,Desktop,Returning,High
3795,0,0,0,1,0.0,Home,Mobile,New,Medium
3796,0,0,0,1,0.0,Electronics,Desktop,New,High
3797,1,0,0,1,0.0,Electronics,Desktop,Returning,Medium
3798,1,1,1,1,788.0,Electronics,Desktop,Returning,High
3799,1,1,1,1,86.0,Fashion,Mobile,New,Low
3800,1,1,1,1,64.0,Beauty,Desktop,New,Low
3801,0,0,0,1,0.0,Home,Mobile,New,Medium
3802,1,1,0,1,0.0,Beauty,Mobile,New,Low
3803,1,1,1,1,643.0,Electronics,Desktop,Returning,High
3804,1,1,1,1,295.0,Fashion,Mobile,New,Medium
3805,0,0,0,1,0.0,Beauty,Desktop,New,Medium
3806,1,0,0,1,0.0,Fashion,Mobile,Returning,High
3807,0,0,0,1,0.0,Home,Desktop,New,High
3808,0,0,0,1,0.0,Home,Mobile,Returning,Medium
3809,0,0,0,1,0.0,Beauty,Desktop,Returning,Medium
3810,0,0,0,1,0.0,Electronics,Mobile,New,High
3811,1,0,0,1,0.0,Beauty,Mobile,New,Medium
3812,1,0,0,1,0.0,Electronics,Mobile,Returning,Medium
3813,0,0,0,1,0.0,Home,Mobile,New,Medium
3814,1,1,0,1,0.0,Fashion,Mobile,New,Medium
3815,1,1,0,1,0.0,Home,Mobile,New,Medium
3816,0,0,0,1,0.0,Beauty,Mobile,Returning,Medium
3817,1,0,0,1,0.0,Electronics,Mobile,New,High
3818,0,0,0,1,0.0,Home,Mobile,New,Medium
3819,0,0,0,1,0.0,Fashion,Desktop,New,High
3820,0,0,0,1,0.0,Electronics,Desktop,Returning,Low
3821,1,1,0,1,0.0,Home,Desktop,New,High
3822,0,0,0,1,0.0,Fashion,Desktop,Returning,Low
3823,1,1,1,1,144.0,Electronics,Mobile,Returning,Medium
3824,0,0,0,1,0.0,Home,Mobile,Returning,Medium
3825,0,0,0,1,0.0,Beauty,Mobile,Returning,High
3826,1,1,1,1,989.0,Fashion,Desktop,New,High
3827,1,1,1,1,818.0,Home,Tablet,New,High
3828,1,1,1,1,274.0,Home,Mobile,Returning,Medium
3829,0,0,0,1,0.0,Electronics,Mobile,Returning,Medium
3830,1,1,1,1,887.0,Electronics,Mobile,New,High
3831,0,0,0,1,0.0,Home,Mobile,New,Medium
3832,1,1,1,1,270.0,Electronics,Mobile,Returning,Medium
3833,0,0,0,1,0.0,Fashion,Mobile,New,Low
3834,1,1,0,1,0.0,Home,Desktop,Returning,Medium
3835,0,0,0,1,0.0,Beauty,Mobile,New,Medium
3836,0,0,0,1,0.0,Home,Desktop,Returning,High
3837,0,0,0,1,0.0,Home,Desktop,Returning,High
3838,1,1,1,1,673.0,Fashion,Desktop,Returning,High
3839,1,1,1,1,842.0,Fashion,Desktop,New,High
3840,0,0,0,1,0.0,Beauty,Desktop,Returning,High
3841,1,0,0,1,0.0,Electronics,Desktop,New,Medium
3842,1,1,1,1,565.0,Home,Desktop,New,High
3843,0,0,0,1,0.0,Electronics,Mobile,New,High
3844,0,0,0,1,0.0,Fashion,Tablet,New,High
3845,1,0,0,1,0.0,Home,Desktop,Returning,Medium
3846,1,1,1,1,881.0,Fashion,Desktop,Returning,High
3847,0,0,0,1,0.0,Fashion,Desktop,New,High
3848,1,1,0,1,0.0,Beauty,Mobile,Returning,Medium
3849,1,1,0,1,0.0,Electronics,Mobile,New,Medium
3850,1,1,0,1,0.0,Beauty,Mobile,Returning,Medium
3851,0,0,0,1,0.0,Beauty,Mobile,New,High
3852,1,1,1,1,534.0,Beauty,Desktop,Returning,High
3853,1,1,1,1,21.0,Electronics,Mobile,Returning,Low
3854,0,0,0,1,0.0,Fashion,Mobile,New,High
3855,1,1,1,1,883.0,Home,Mobile,New,High
3856,1,1,1,1,324.0,Home,Mobile,New,Medium
3857,1,0,0,1,0.0,Home,Desktop,New,High
3858,0,0,0,1,0.0,Fashion,Desktop,New,Medium
3859,1,0,0,1,0.0,Electronics,Mobile,New,Medium
3860,1,1,1,1,596.0,Home,Mobile,New,High
3861,1,1,1,1,448.0,Electronics,Mobile,New,Medium
3862,1,1,1,1,822.0,Home,Mobile,New,High
3863,0,0,0,1,0.0,Fashion,Mobile,Returning,Medium
3864,1,0,0,1,0.0,Home,Tablet,New,Medium
3865,0,0,0,1,0.0,Home,Mobile,New,High
3866,0,0,0,1,0.0,Beauty,Mobile,Returning,High
3867,0,0,0,1,0.0,Home,Mobile,New,Medium
3868,1,1,1,1,505.0,Home,Desktop,Returning,High
3869,0,0,0,1,0.0,Fashion,Desktop,Returning,Medium
3870,1,1,1,1,981.0,Beauty,Desktop,Returning,High
3871,1,1,1,1,516.0,Beauty,Mobile,New,High
3872,1,1,1,1,720.0,Electronics,Desktop,Returning,High
3873,0,0,0,1,0.0,Beauty,Mobile,New,Medium
3874,0,0,0,1,0.0,Electronics,Mobile,Returning,High
3875,1,1,0,1,0.0,Fashion,Mobile,Returning,Medium
3876,0,0,0,1,0.0,Home,Mobile,Returning,Medium
3877,1,0,0,1,0.0,Fashion,Desktop,New,Medium
3878,1,1,1,1,671.0,Home,Desktop,Returning,High
3879,0,0,0,1,0.0,Beauty,Mobile,New,High
3880,1,1,0,1,0.0,Electronics,Desktop,New,High
3881,0,0,0,1,0.0,Home,Desktop,Returning,High
3882,0,0,0,1,0.0,Fashion,Desktop,New,Low
3883,1,1,1,1,915.0,Electronics,Mobile,Returning,High
3884,1,1,1,1,933.0,Beauty,Mobile,Returning,High
3885,1,0,0,1,0.0,Beauty,Mobile,Returning,Medium
3886,1,0,0,1,0.0,Fashion,Desktop,New,High
3887,1,0,0,1,0.0,Electronics,Mobile,New,High
3888,0,0,0,1,0.0,Home,Mobile,Returning,High
3889,0,0,0,1,0.0,Beauty,Mobile,Returning,High
3890,0,0,0,1,0.0,Fashion,Mobile,New,High
3891,1,0,0,1,0.0,Fashion,Desktop,New,High
3892,1,1,1,1,479.0,Electronics,Desktop,Returning,Medium
3893,0,0,0,1,0.0,Beauty,Desktop,Returning,High
3894,0,0,0,1,0.0,Beauty,Desktop,Returning,High
3895,1,1,0,1,0.0,Home,Mobile,New,High
3896,1,0,0,1,0.0,Beauty,Mobile,New,Medium
3897,0,0,0,1,0.0,Fashion,Mobile,New,Medium
3898,0,0,0,1,0.0,Home,Mobile,Returning,High
3899,1,1,1,1,53.0,Fashion,Mobile,Returning,Low
3900,0,0,0,1,0.0,Fashion,Desktop,New,Low
3901,0,0,0,1,0.0,Beauty,Mobile,Returning,Low
3902,1,1,1,1,639.0,Beauty,Desktop,New,High
3903,0,0,0,1,0.0,Fashion,Mobile,Returning,Medium
3904,1,1,0,1,0.0,Electronics,Mobile,New,Medium
3905,0,0,0,1,0.0,Beauty,Mobile,New,High
3906,0,0,0,1,0.0,Beauty,Mobile,New,Medium
3907,1,1,1,1,894.0,Electronics,Mobile,Returning,High
3908,0,0,0,1,0.0,Home,Mobile,Returning,Medium
3909,0,0,0,1,0.0,Beauty,Mobile,New,Medium
3910,1,1,1,1,202.0,Home,Mobile,New,Medium
3911,1,1,1,1,359.0,Home,Mobile,Returning,Medium
3912,1,1,1,1,445.0,Fashion,Desktop,New,Medium
3913,1,0,0,1,0.0,Fashion,Desktop,New,High
3914,0,0,0,1,0.0,Beauty,Mobile,New,Medium
3915,0,0,0,1,0.0,Beauty,Desktop,Returning,High
3916,1,1,1,1,993.0,Home,Desktop,Returning,High
3917,1,0,0,1,0.0,Beauty,Desktop,New,Medium
3918,1,1,1,1,222.0,Fashion,Mobile,Returning,Medium
3919,0,0,0,1,0.0,Home,Mobile,Returning,High
3920,0,0,0,1,0.0,Home,Desktop,New,High
3921,0,0,0,1,0.0,Fashion,Mobile,New,High
3922,1,1,1,1,340.0,Beauty,Desktop,New,Medium
3923,1,1,1,1,910.0,Electronics,Desktop,New,High
3924,1,1,1,1,161.0,Electronics,Mobile,Returning,Medium
3925,1,1,1,1,267.0,Electronics,Mobile,New,Medium
3926,1,1,1,1,66.0,Electronics,Mobile,New,Low
3927,0,0,0,1,0.0,Fashion,Mobile,New,Medium
3928,1,0,0,1,0.0,Beauty,Mobile,New,High
3929,1,1,1,1,938.0,Electronics,Mobile,New,High
3930,0,0,0,1,0.0,Electronics,Mobile,New,Medium
3931,1,0,0,1,0.0,Electronics,Mobile,Returning,High
3932,0,0,0,1,0.0,Electronics,Tablet,New,High
3933,1,0,0,1,0.0,Fashion,Mobile,Returning,Medium
3934,1,1,1,1,757.0,Home,Desktop,New,High
3935,1,0,0,1,0.0,Electronics,Desktop,Returning,High
3936,1,1,1,1,962.0,Electronics,Mobile,New,High
3937,1,1,1,1,54.0,Electronics,Desktop,New,Low
3938,1,1,0,1,0.0,Electronics,Mobile,New,High
3939,1,0,0,1,0.0,Beauty,Desktop,New,Medium
3940,1,1,1,1,884.0,Electronics,Mobile,Returning,High
3941,0,0,0,1,0.0,Electronics,Mobile,New,High
3942,0,0,0,1,0.0,Beauty,Mobile,New,High
3943,1,1,0,1,0.0,Electronics,Mobile,New,Medium
3944,1,1,1,1,905.0,Fashion,Mobile,Returning,High
3945,1,1,1,1,832.0,Beauty,Mobile,New,High
3946,1,1,1,1,784.0,Fashion,Mobile,Returning,High
3947,0,0,0,1,0.0,Electronics,Mobile,New,Medium
3948,0,0,0,1,0.0,Beauty,Mobile,Returning,High
3949,1,0,0,1,0.0,Fashion,Mobile,New,High
3950,0,0,0,1,0.0,Fashion,Mobile,New,High
3951,1,1,1,1,688.0,Fashion,Mobile,Returning,High
3952,1,1,1,1,143.0,Home,Desktop,Returning,Medium
3953,1,0,0,1,0.0,Electronics,Mobile,New,Low
3954,1,1,1,1,734.0,Home,Desktop,Returning,High
3955,0,0,0,1,0.0,Home,Mobile,New,Medium
3956,0,0,0,1,0.0,Electronics,Desktop,New,Medium
3957,1,0,0,1,0.0,Electronics,Mobile,New,Low
3958,1,1,1,1,366.0,Electronics,Mobile,New,Medium
3959,1,0,0,1,0.0,Beauty,Mobile,Returning,Medium
3960,1,0,0,1,0.0,Fashion,Mobile,New,Low
3961,0,0,0,1,0.0,Home,Mobile,New,Medium
3962,1,1,0,1,0.0,Fashion,Mobile,Returning,Medium
3963,1,0,0,1,0.0,Electronics,Tablet,Returning,Medium
3964,1,1,1,1,564.0,Electronics,Mobile,New,High
3965,0,0,0,1,0.0,Home,Mobile,New,Medium
3966,1,0,0,1,0.0,Fashion,Desktop,New,High
3967,1,0,0,1,0.0,Home,Mobile,Returning,High
3968,0,0,0,1,0.0,Home,Desktop,Returning,Low
3969,1,0,0,1,0.0,Home,Mobile,Returning,High
3970,0,0,0,1,0.0,Fashion,Desktop,New,High
3971,1,1,1,1,996.0,Home,Mobile,Returning,High
3972,1,1,1,1,184.0,Fashion,Desktop,New,Medium
3973,0,0,0,1,0.0,Beauty,Desktop,New,High
3974,0,0,0,1,0.0,Beauty,Mobile,New,Medium
3975,1,0,0,1,0.0,Electronics,Mobile,New,High
3976,0,0,0,1,0.0,Electronics,Mobile,Returning,Medium
3977,1,0,0,1,0.0,Electronics,Tablet,Returning,Medium
3978,1,0,0,1,0.0,Home,Mobile,New,High
3979,1,1,0,1,0.0,Beauty,Mobile,Returning,High
3980,0,0,0,1,0.0,Electronics,Mobile,Returning,Medium
3981,1,1,1,1,999.0,Fashion,Mobile,New,High
3982,1,1,0,1,0.0,Fashion,Mobile,Returning,Medium
3983,1,0,0,1,0.0,Home,Tablet,Returning,Medium
3984,0,0,0,1,0.0,Home,Mobile,New,Low
3985,1,1,1,1,944.0,Fashion,Desktop,Returning,High
3986,1,1,0,1,0.0,Electronics,Mobile,Returning,High
3987,1,1,0,1,0.0,Home,Mobile,Returning,High
3988,1,1,1,1,888.0,Electronics,Mobile,New,High
3989,0,0,0,1,0.0,Beauty,Mobile,New,Medium
3990,0,0,0,1,0.0,Fashion,Tablet,New,Medium
3991,1,1,1,1,295.0,Beauty,Desktop,Returning,Medium
3992,0,0,0,1,0.0,Beauty,Mobile,Returning,Medium
3993,1,0,0,1,0.0,Beauty,Mobile,Returning,High
3994,0,0,0,1,0.0,Beauty,Mobile,New,High
3995,0,0,0,1,0.0,Home,Desktop,New,Medium
3996,0,0,0,1,0.0,Electronics,Desktop,New,Medium
3997,0,0,0,1,0.0,Fashion,Desktop,Returning,Medium
3998,1,1,1,1,108.0,Home,Mobile,New,Medium
3999,0,0,0,1,0.0,Beauty,Mobile,New,Medium
4000,0,0,0,1,0.0,Beauty,Mobile,New,Medium
4001,1,1,1,1,732.0,Electronics,Mobile,Returning,High
4002,0,0,0,1,0.0,Home,Mobile,Returning,High
4003,0,0,0,1,0.0,Beauty,Mobile,New,High
4004,0,0,0,1,0.0,Beauty,Mobile,New,Medium
4005,0,0,0,1,0.0,Electronics,Desktop,New,High
4006,1,0,0,1,0.0,Home,Desktop,New,High
4007,0,0,0,1,0.0,Home,Mobile,New,Medium
4008,1,0,0,1,0.0,Beauty,Mobile,New,High
4009,0,0,0,1,0.0,Beauty,Mobile,New,High
4010,1,1,1,1,290.0,Fashion,Desktop,New,Medium
4011,0,0,0,1,0.0,Fashion,Desktop,Returning,High
4012,1,0,0,1,0.0,Fashion,Desktop,New,High
4013,0,0,0,1,0.0,Electronics,Desktop,New,Medium
4014,0,0,0,1,0.0,Fashion,Mobile,Returning,Medium
4015,1,0,0,1,0.0,Fashion,Mobile,Returning,Medium
4016,1,1,0,1,0.0,Home,Mobile,New,Low
4017,0,0,0,1,0.0,Home,Mobile,New,High
4018,0,0,0,1,0.0,Home,Desktop,Returning,High
4019,1,0,0,1,0.0,Electronics,Mobile,Returning,Medium
4020,1,1,1,1,576.0,Beauty,Mobile,Returning,High
4021,1,1,1,1,189.0,Fashion,Mobile,Returning,Medium
4022,1,1,1,1,707.0,Electronics,Tablet,New,High
4023,1,1,0,1,0.0,Electronics,Mobile,New,Medium
4024,1,1,0,1,0.0,Electronics,Desktop,New,High
4025,0,0,0,1,0.0,Fashion,Mobile,Returning,Medium
4026,1,1,1,1,606.0,Beauty,Mobile,Returning,High
4027,0,0,0,1,0.0,Electronics,Mobile,New,Medium
4028,1,1,1,1,140.0,Electronics,Desktop,Returning,Medium
4029,1,1,0,1,0.0,Electronics,Mobile,New,High
4030,0,0,0,1,0.0,Fashion,Desktop,Returning,High
4031,0,0,0,1,0.0,Electronics,Mobile,New,High
4032,0,0,0,1,0.0,Electronics,Mobile,New,Medium
4033,0,0,0,1,0.0,Fashion,Desktop,Returning,High
4034,0,0,0,1,0.0,Electronics,Mobile,Returning,High
4035,0,0,0,1,0.0,Home,Mobile,Returning,Medium
4036,1,0,0,1,0.0,Home,Desktop,Returning,High
4037,1,0,0,1,0.0,Electronics,Mobile,New,Medium
4038,1,1,1,1,238.0,Home,Desktop,New,Medium
4039,0,0,0,1,0.0,Home,Mobile,Returning,Medium
4040,0,0,0,1,0.0,Beauty,Mobile,New,High
4041,1,1,1,1,766.0,Fashion,Mobile,Returning,High
4042,1,1,0,1,0.0,Beauty,Desktop,New,Medium
4043,1,1,1,1,25.0,Fashion,Mobile,New,Low
4044,0,0,0,1,0.0,Beauty,Desktop,New,Low
4045,1,1,1,1,928.0,Home,Desktop,New,High
4046,0,0,0,1,0.0,Home,Mobile,New,High
4047,0,0,0,1,0.0,Beauty,Mobile,Returning,High
4048,1,0,0,1,0.0,Fashion,Mobile,Returning,High
4049,0,0,0,1,0.0,Electronics,Mobile,New,High
4050,1,1,1,1,745.0,Fashion,Mobile,Returning,High
4051,1,1,1,1,344.0,Fashion,Desktop,New,Medium
4052,1,0,0,1,0.0,Beauty,Tablet,New,High
4053,1,0,0,1,0.0,Home,Desktop,New,High
4054,1,0,0,1,0.0,Electronics,Desktop,Returning,High
4055,0,0,0,1,0.0,Fashion,Desktop,New,High
4056,1,1,1,1,142.0,Beauty,Mobile,New,Medium
4057,1,1,1,1,129.0,Electronics,Desktop,New,Medium
4058,0,0,0,1,0.0,Electronics,Desktop,New,Medium
4059,1,1,1,1,807.0,Electronics,Mobile,New,High
4060,1,1,1,1,753.0,Fashion,Tablet,New,High
4061,0,0,0,1,0.0,Fashion,Mobile,Returning,High
4062,0,0,0,1,0.0,Beauty,Desktop,New,High
4063,1,1,1,1,105.0,Electronics,Desktop,New,Medium
4064,1,0,0,1,0.0,Fashion,Tablet,New,Medium
4065,1,1,0,1,0.0,Fashion,Mobile,New,High
4066,0,0,0,1,0.0,Beauty,Desktop,Returning,High
4067,0,0,0,1,0.0,Fashion,Mobile,Returning,High
4068,0,0,0,1,0.0,Beauty,Mobile,New,High
4069,1,1,0,1,0.0,Beauty,Desktop,New,High
4070,1,1,0,1,0.0,Home,Mobile,Returning,High
4071,1,1,0,1,0.0,Fashion,Desktop,New,Medium
4072,1,1,1,1,489.0,Fashion,Mobile,New,Medium
4073,0,0,0,1,0.0,Electronics,Mobile,Returning,Medium
4074,1,0,0,1,0.0,Electronics,Desktop,Returning,Medium
4075,0,0,0,1,0.0,Fashion,Mobile,New,High
4076,1,1,1,1,710.0,Beauty,Mobile,New,High
4077,0,0,0,1,0.0,Electronics,Tablet,New,High
4078,1,1,1,1,739.0,Beauty,Mobile,Returning,High
4079,1,0,0,1,0.0,Fashion,Desktop,New,Medium
4080,1,0,0,1,0.0,Electronics,Mobile,New,High
4081,0,0,0,1,0.0,Home,Mobile,New,Medium
4082,1,1,0,1,0.0,Beauty,Mobile,New,Medium
4083,1,1,1,1,496.0,Electronics,Mobile,New,Medium
4084,0,0,0,1,0.0,Beauty,Mobile,Returning,Medium
4085,1,1,0,1,0.0,Beauty,Mobile,New,High
4086,1,1,1,1,402.0,Home,Mobile,New,Medium
4087,1,1,1,1,247.0,Beauty,Mobile,Returning,Medium
4088,1,1,1,1,614.0,Home,Mobile,New,High
4089,1,1,1,1,987.0,Beauty,Mobile,New,High
4090,1,0,0,1,0.0,Beauty,Mobile,Returning,High
4091,1,1,1,1,429.0,Fashion,Desktop,Returning,Medium
4092,0,0,0,1,0.0,Beauty,Desktop,New,Low
4093,1,1,1,1,496.0,Home,Desktop,New,Medium
4094,0,0,0,1,0.0,Fashion,Mobile,New,Medium
4095,0,0,0,1,0.0,Beauty,Desktop,Returning,Medium
4096,1,1,1,1,803.0,Beauty,Desktop,Returning,High
4097,1,0,0,1,0.0,Beauty,Desktop,New,High
4098,0,0,0,1,0.0,Beauty,Mobile,New,Medium
4099,0,0,0,1,0.0,Electronics,Tablet,Returning,Medium
4100,0,0,0,1,0.0,Electronics,Desktop,Returning,Medium
4101,1,1,1,1,387.0,Beauty,Desktop,New,Medium
4102,0,0,0,1,0.0,Electronics,Mobile,New,High
4103,1,1,1,1,230.0,Home,Mobile,Returning,Medium
4104,1,1,1,1,617.0,Fashion,Mobile,Returning,High
4105,1,1,1,1,957.0,Beauty,Mobile,New,High
4106,1,0,0,1,0.0,Electronics,Desktop,New,Low
4107,0,0,0,1,0.0,Home,Mobile,Returning,High
4108,0,0,0,1,0.0,Electronics,Mobile,New,High
4109,1,1,0,1,0.0,Home,Mobile,Returning,High
4110,1,0,0,1,0.0,Fashion,Mobile,New,Low
4111,1,0,0,1,0.0,Home,Mobile,New,High
4112,0,0,0,1,0.0,Electronics,Desktop,New,High
4113,1,0,0,1,0.0,Electronics,Mobile,New,Medium
4114,1,0,0,1,0.0,Fashion,Mobile,New,Low
4115,1,1,1,1,736.0,Beauty,Mobile,Returning,High
4116,0,0,0,1,0.0,Home,Mobile,Returning,High
4117,0,0,0,1,0.0,Beauty,Mobile,New,High
4118,1,0,0,1,0.0,Beauty,Desktop,Returning,Medium
4119,1,1,1,1,113.0,Fashion,Desktop,Returning,Medium
4120,1,1,1,1,115.0,Fashion,Desktop,Returning,Medium
4121,1,0,0,1,0.0,Beauty,Desktop,New,Medium
4122,1,1,1,1,201.0,Beauty,Mobile,New,Medium
4123,1,0,0,1,0.0,Home,Tablet,Returning,High
4124,1,1,1,1,873.0,Fashion,Desktop,Returning,High
4125,1,1,1,1,606.0,Beauty,Desktop,New,High
4126,1,1,1,1,770.0,Home,Mobile,Returning,High
4127,1,1,0,1,0.0,Electronics,Desktop,New,High
4128,1,1,1,1,189.0,Beauty,Desktop,New,Medium
4129,1,1,1,1,339.0,Electronics,Desktop,Returning,Medium
4130,0,0,0,1,0.0,Fashion,Mobile,New,High
4131,1,1,0,1,0.0,Fashion,Desktop,New,High
4132,1,1,0,1,0.0,Beauty,Tablet,New,High
4133,0,0,0,1,0.0,Electronics,Desktop,New,Medium
4134,1,1,1,1,968.0,Home,Mobile,Returning,High
4135,1,1,1,1,917.0,Beauty,Desktop,Returning,High
4136,1,0,0,1,0.0,Fashion,Mobile,New,Medium
4137,0,0,0,1,0.0,Home,Mobile,Returning,High
4138,1,1,1,1,602.0,Fashion,Mobile,New,High
4139,1,1,1,1,961.0,Fashion,Desktop,Returning,High
4140,0,0,0,1,0.0,Beauty,Mobile,Returning,Medium
4141,0,0,0,1,0.0,Beauty,Mobile,Returning,High
4142,0,0,0,1,0.0,Fashion,Desktop,New,Medium
4143,0,0,0,1,0.0,Beauty,Desktop,Returning,Medium
4144,1,1,1,1,753.0,Home,Mobile,Returning,High
4145,1,1,1,1,935.0,Beauty,Desktop,Returning,High
4146,1,1,1,1,373.0,Beauty,Desktop,New,Medium
4147,0,0,0,1,0.0,Fashion,Mobile,Returning,Low
4148,1,1,1,1,358.0,Beauty,Mobile,New,Medium
4149,1,1,1,1,836.0,Beauty,Mobile,New,High
4150,0,0,0,1,0.0,Home,Mobile,Returning,High
4151,1,1,1,1,187.0,Home,Mobile,New,Medium
4152,1,1,1,1,124.0,Electronics,Desktop,New,Medium
4153,0,0,0,1,0.0,Beauty,Desktop,New,High
4154,0,0,0,1,0.0,Electronics,Mobile,New,High
4155,1,0,0,1,0.0,Electronics,Mobile,New,High
4156,1,1,1,1,886.0,Fashion,Mobile,New,High
4157,1,1,1,1,779.0,Electronics,Mobile,New,High
4158,1,0,0,1,0.0,Electronics,Mobile,New,Medium
4159,0,0,0,1,0.0,Electronics,Desktop,New,Medium
4160,0,0,0,1,0.0,Beauty,Desktop,Returning,High
4161,0,0,0,1,0.0,Home,Mobile,New,Low
4162,0,0,0,1,0.0,Fashion,Desktop,New,Medium
4163,0,0,0,1,0.0,Home,Mobile,Returning,Medium
4164,0,0,0,1,0.0,Fashion,Desktop,New,Medium
4165,0,0,0,1,0.0,Home,Mobile,New,High
4166,1,1,1,1,481.0,Electronics,Mobile,New,Medium
4167,0,0,0,1,0.0,Home,Desktop,New,Medium
4168,1,0,0,1,0.0,Fashion,Mobile,New,High
4169,1,1,1,1,233.0,Beauty,Desktop,New,Medium
4170,1,1,1,1,525.0,Home,Mobile,Returning,High
4171,0,0,0,1,0.0,Home,Mobile,New,Medium
4172,1,0,0,1,0.0,Fashion,Mobile,New,High
4173,1,1,1,1,533.0,Fashion,Mobile,New,High
4174,1,0,0,1,0.0,Electronics,Desktop,New,High
4175,1,1,1,1,917.0,Electronics,Mobile,Returning,High
4176,1,1,1,1,23.0,Fashion,Desktop,Returning,Low
4177,1,0,0,1,0.0,Beauty,Desktop,Returning,Medium
4178,1,1,0,1,0.0,Beauty,Desktop,Returning,Medium
4179,0,0,0,1,0.0,Fashion,Mobile,New,High
4180,1,0,0,1,0.0,Electronics,Desktop,Returning,High
4181,1,1,0,1,0.0,Fashion,Mobile,Returning,High
4182,1,0,0,1,0.0,Beauty,Mobile,New,Low
4183,0,0,0,1,0.0,Fashion,Mobile,Returning,High
4184,0,0,0,1,0.0,Beauty,Mobile,New,High
4185,1,1,1,1,335.0,Beauty,Mobile,New,Medium
4186,1,0,0,1,0.0,Home,Desktop,New,Medium
4187,1,1,1,1,366.0,Electronics,Mobile,Returning,Medium
4188,1,0,0,1,0.0,Electronics,Mobile,Returning,High
4189,0,0,0,1,0.0,Home,Desktop,New,Medium
4190,0,0,0,1,0.0,Home,Mobile,Returning,High
4191,1,0,0,1,0.0,Electronics,Mobile,Returning,Medium
4192,0,0,0,1,0.0,Beauty,Mobile,Returning,Low
4193,0,0,0,1,0.0,Fashion,Desktop,New,Medium
4194,0,0,0,1,0.0,Home,Mobile,New,High
4195,1,1,1,1,609.0,Fashion,Mobile,Returning,High
4196,0,0,0,1,0.0,Beauty,Mobile,Returning,High
4197,0,0,0,1,0.0,Home,Desktop,New,High
4198,1,1,0,1,0.0,Electronics,Desktop,Returning,Medium
4199,1,1,1,1,540.0,Electronics,Desktop,New,High
4200,0,0,0,1,0.0,Home,Mobile,New,High
4201,0,0,0,1,0.0,Fashion,Mobile,Returning,Low
4202,0,0,0,1,0.0,Beauty,Mobile,Returning,High
4203,0,0,0,1,0.0,Fashion,Mobile,New,Medium
4204,0,0,0,1,0.0,Fashion,Mobile,New,Medium
4205,1,1,0,1,0.0,Fashion,Mobile,New,Medium
4206,0,0,0,1,0.0,Beauty,Mobile,New,Medium
4207,1,0,0,1,0.0,Electronics,Desktop,New,Medium
4208,0,0,0,1,0.0,Electronics,Mobile,Returning,High
4209,1,0,0,1,0.0,Fashion,Desktop,New,High
4210,0,0,0,1,0.0,Home,Mobile,New,Medium
4211,0,0,0,1,0.0,Home,Mobile,New,High
4212,0,0,0,1,0.0,Fashion,Mobile,Returning,Medium
4213,0,0,0,1,0.0,Fashion,Mobile,New,Medium
4214,1,1,1,1,323.0,Home,Mobile,New,Medium
4215,1,1,1,1,728.0,Beauty,Mobile,New,High
4216,1,1,0,1,0.0,Home,Desktop,New,Low
4217,0,0,0,1,0.0,Beauty,Desktop,Returning,Medium
4218,1,0,0,1,0.0,Beauty,Mobile,New,High
4219,1,1,1,1,418.0,Home,Desktop,New,Medium
4220,0,0,0,1,0.0,Beauty,Desktop,New,Medium
4221,0,0,0,1,0.0,Fashion,Desktop,New,High
4222,1,1,1,1,169.0,Electronics,Desktop,New,Medium
4223,0,0,0,1,0.0,Electronics,Mobile,New,Low
4224,0,0,0,1,0.0,Fashion,Mobile,New,Low
4225,1,0,0,1,0.0,Beauty,Mobile,New,High
4226,1,1,0,1,0.0,Beauty,Mobile,Returning,Low
4227,0,0,0,1,0.0,Home,Mobile,New,High
4228,0,0,0,1,0.0,Beauty,Mobile,New,Medium
4229,1,1,1,1,142.0,Electronics,Desktop,Returning,Medium
4230,0,0,0,1,0.0,Electronics,Desktop,New,High
4231,1,1,1,1,314.0,Fashion,Desktop,New,Medium
4232,1,1,0,1,0.0,Electronics,Desktop,New,Medium
4233,1,1,1,1,851.0,Beauty,Desktop,Returning,High
4234,0,0,0,1,0.0,Fashion,Mobile,Returning,High
4235,0,0,0,1,0.0,Electronics,Mobile,New,High
4236,1,0,0,1,0.0,Electronics,Mobile,New,High
4237,1,1,1,1,544.0,Fashion,Desktop,New,High
4238,1,1,1,1,91.0,Home,Mobile,Returning,Low
4239,1,0,0,1,0.0,Home,Desktop,New,Low
4240,1,1,1,1,782.0,Electronics,Mobile,New,High
4241,0,0,0,1,0.0,Home,Mobile,New,Medium
4242,0,0,0,1,0.0,Home,Desktop,New,Medium
4243,1,0,0,1,0.0,Fashion,Mobile,New,High
4244,0,0,0,1,0.0,Beauty,Mobile,Returning,Medium
4245,0,0,0,1,0.0,Home,Mobile,Returning,Medium
4246,1,0,0,1,0.0,Fashion,Mobile,New,Medium
4247,1,1,1,1,784.0,Home,Desktop,Returning,High
4248,1,0,0,1,0.0,Beauty,Mobile,Returning,High
4249,0,0,0,1,0.0,Electronics,Mobile,New,High
4250,1,1,1,1,669.0,Beauty,Mobile,Returning,High
4251,0,0,0,1,0.0,Fashion,Desktop,New,Medium
4252,1,1,1,1,258.0,Beauty,Mobile,New,Medium
4253,1,1,1,1,232.0,Beauty,Desktop,New,Medium
4254,1,0,0,1,0.0,Beauty,Desktop,New,High
4255,1,1,0,1,0.0,Electronics,Mobile,New,Medium
4256,1,1,1,1,741.0,Electronics,Desktop,Returning,High
4257,0,0,0,1,0.0,Home,Desktop,Returning,Medium
4258,1,0,0,1,0.0,Beauty,Mobile,New,High
4259,1,0,0,1,0.0,Home,Mobile,New,High
4260,0,0,0,1,0.0,Beauty,Desktop,New,Medium
4261,0,0,0,1,0.0,Electronics,Desktop,Returning,Medium
4262,1,0,0,1,0.0,Electronics,Mobile,New,Medium
4263,0,0,0,1,0.0,Home,Mobile,New,Medium
4264,1,0,0,1,0.0,Beauty,Desktop,Returning,Low
4265,1,1,1,1,853.0,Beauty,Desktop,New,High
4266,0,0,0,1,0.0,Fashion,Desktop,Returning,High
4267,0,0,0,1,0.0,Home,Mobile,New,Medium
4268,0,0,0,1,0.0,Fashion,Desktop,Returning,Medium
4269,0,0,0,1,0.0,Beauty,Mobile,New,High
4270,1,1,1,1,498.0,Home,Mobile,New,Medium
4271,1,1,1,1,116.0,Electronics,Desktop,New,Medium
4272,1,1,1,1,743.0,Beauty,Tablet,New,High
4273,1,1,1,1,587.0,Home,Mobile,New,High
4274,0,0,0,1,0.0,Beauty,Mobile,New,High
4275,0,0,0,1,0.0,Fashion,Desktop,Returning,Medium
4276,1,1,1,1,758.0,Fashion,Mobile,New,High
4277,0,0,0,1,0.0,Electronics,Desktop,New,Medium
4278,1,0,0,1,0.0,Home,Desktop,New,High
4279,1,0,0,1,0.0,Electronics,Mobile,New,Medium
4280,1,1,1,1,998.0,Electronics,Tablet,Returning,High
4281,1,1,1,1,722.0,Fashion,Desktop,New,High
4282,1,1,1,1,634.0,Beauty,Desktop,New,High
4283,1,0,0,1,0.0,Beauty,Desktop,New,High
4284,1,1,0,1,0.0,Beauty,Desktop,New,Medium
4285,0,0,0,1,0.0,Home,Mobile,New,High
4286,1,0,0,1,0.0,Fashion,Mobile,Returning,Medium
4287,0,0,0,1,0.0,Fashion,Desktop,Returning,Medium
4288,0,0,0,1,0.0,Fashion,Mobile,New,High
4289,1,1,1,1,576.0,Electronics,Mobile,Returning,High
4290,0,0,0,1,0.0,Electronics,Desktop,Returning,High
4291,1,1,0,1,0.0,Beauty,Desktop,Returning,High
4292,1,0,0,1,0.0,Fashion,Mobile,New,Medium
4293,0,0,0,1,0.0,Home,Desktop,New,High
4294,1,0,0,1,0.0,Electronics,Desktop,New,High
4295,0,0,0,1,0.0,Beauty,Mobile,Returning,High
4296,1,1,1,1,43.0,Fashion,Desktop,New,Low
4297,0,0,0,1,0.0,Fashion,Mobile,Returning,High
4298,1,1,1,1,845.0,Fashion,Mobile,Returning,High
4299,0,0,0,1,0.0,Beauty,Mobile,New,Medium
4300,1,1,0,1,0.0,Home,Mobile,New,Medium
4301,1,1,1,1,220.0,Fashion,Mobile,Returning,Medium
4302,0,0,0,1,0.0,Fashion,Desktop,New,High
4303,1,1,1,1,196.0,Fashion,Desktop,New,Medium
4304,1,1,1,1,77.0,Electronics,Mobile,New,Low
4305,0,0,0,1,0.0,Fashion,Desktop,New,High
4306,1,1,1,1,996.0,Home,Mobile,Returning,High
4307,0,0,0,1,0.0,Beauty,Mobile,Returning,High
4308,1,1,1,1,180.0,Home,Desktop,New,Medium
4309,1,1,0,1,0.0,Electronics,Mobile,New,Medium
4310,1,1,1,1,957.0,Beauty,Mobile,New,High
4311,1,1,0,1,0.0,Home,Desktop,New,Low
4312,0,0,0,1,0.0,Electronics,Mobile,Returning,Medium
4313,0,0,0,1,0.0,Fashion,Desktop,Returning,Low
4314,1,0,0,1,0.0,Home,Mobile,New,Medium
4315,1,1,1,1,484.0,Fashion,Mobile,Returning,Medium
4316,0,0,0,1,0.0,Fashion,Mobile,New,Medium
4317,1,1,1,1,825.0,Fashion,Mobile,Returning,High
4318,1,1,1,1,347.0,Electronics,Mobile,New,Medium
4319,1,1,1,1,533.0,Home,Mobile,New,High
4320,1,0,0,1,0.0,Fashion,Desktop,Returning,High
4321,1,0,0,1,0.0,Home,Desktop,New,Medium
4322,1,1,0,1,0.0,Electronics,Mobile,New,High
4323,0,0,0,1,0.0,Beauty,Mobile,Returning,High
4324,0,0,0,1,0.0,Beauty,Mobile,Returning,Medium
4325,0,0,0,1,0.0,Fashion,Desktop,Returning,Medium
4326,1,1,0,1,0.0,Beauty,Tablet,New,Low
4327,0,0,0,1,0.0,Beauty,Mobile,New,Medium
4328,0,0,0,1,0.0,Home,Desktop,New,Low
4329,1,1,1,1,550.0,Beauty,Mobile,Returning,High
4330,1,1,1,1,931.0,Home,Mobile,New,High
4331,0,0,0,1,0.0,Electronics,Mobile,Returning,Medium
4332,0,0,0,1,0.0,Fashion,Mobile,Returning,High
4333,1,0,0,1,0.0,Fashion,Mobile,Returning,High
4334,1,1,0,1,0.0,Beauty,Mobile,New,Medium
4335,0,0,0,1,0.0,Electronics,Desktop,Returning,Medium
4336,1,1,1,1,710.0,Electronics,Mobile,Returning,High
4337,1,1,1,1,743.0,Electronics,Mobile,New,High
4338,0,0,0,1,0.0,Home,Mobile,New,Low
4339,1,0,0,1,0.0,Fashion,Mobile,New,High
4340,1,1,1,1,553.0,Beauty,Mobile,New,High
4341,0,0,0,1,0.0,Electronics,Mobile,New,Medium
4342,1,1,1,1,436.0,Fashion,Mobile,New,Medium
4343,1,1,0,1,0.0,Beauty,Mobile,Returning,Low
4344,0,0,0,1,0.0,Home,Mobile,New,Medium
4345,1,1,1,1,167.0,Beauty,Mobile,New,Medium
4346,1,1,0,1,0.0,Home,Desktop,New,High
4347,0,0,0,1,0.0,Electronics,Desktop,Returning,Low
4348,0,0,0,1,0.0,Electronics,Mobile,Returning,High
4349,1,0,0,1,0.0,Electronics,Mobile,Returning,High
4350,1,0,0,1,0.0,Home,Mobile,New,High
4351,0,0,0,1,0.0,Fashion,Mobile,New,High
4352,0,0,0,1,0.0,Electronics,Mobile,New,Medium
4353,1,1,1,1,933.0,Home,Mobile,New,High
4354,0,0,0,1,0.0,Home,Mobile,Returning,Low
4355,1,1,1,1,436.0,Home,Desktop,Returning,Medium
4356,1,1,0,1,0.0,Fashion,Mobile,New,Medium
4357,1,1,1,1,430.0,Fashion,Mobile,New,Medium
4358,0,0,0,1,0.0,Electronics,Mobile,Returning,Low
4359,1,1,1,1,666.0,Fashion,Desktop,New,High
4360,1,1,1,1,151.0,Beauty,Desktop,Returning,Medium
4361,1,1,1,1,292.0,Beauty,Mobile,New,Medium
4362,1,1,0,1,0.0,Electronics,Desktop,New,High
4363,1,1,1,1,448.0,Electronics,Mobile,New,Medium
4364,1,1,1,1,975.0,Home,Desktop,Returning,High
4365,1,0,0,1,0.0,Fashion,Desktop,Returning,Medium
4366,0,0,0,1,0.0,Home,Mobile,New,High
4367,1,0,0,1,0.0,Home,Desktop,Returning,Medium
4368,0,0,0,1,0.0,Electronics,Mobile,Returning,High
4369,0,0,0,1,0.0,Fashion,Mobile,Returning,Medium
4370,0,0,0,1,0.0,Fashion,Mobile,New,Medium
4371,1,1,1,1,900.0,Beauty,Desktop,Returning,High
4372,0,0,0,1,0.0,Home,Mobile,Returning,Medium
4373,1,0,0,1,0.0,Home,Mobile,New,High
4374,1,1,0,1,0.0,Fashion,Desktop,New,Medium
4375,0,0,0,1,0.0,Home,Mobile,New,High
4376,1,1,1,1,303.0,Beauty,Mobile,New,Medium
4377,1,1,0,1,0.0,Home,Mobile,Returning,High
4378,0,0,0,1,0.0,Home,Mobile,New,Medium
4379,1,1,1,1,204.0,Electronics,Mobile,Returning,Medium
4380,1,1,1,1,663.0,Fashion,Mobile,New,High
4381,1,0,0,1,0.0,Fashion,Tablet,New,Medium
4382,0,0,0,1,0.0,Home,Desktop,Returning,Medium
4383,0,0,0,1,0.0,Beauty,Mobile,New,Low
4384,1,1,1,1,421.0,Fashion,Mobile,Returning,Medium
4385,1,0,0,1,0.0,Electronics,Mobile,New,High
4386,0,0,0,1,0.0,Electronics,Desktop,New,High
4387,1,0,0,1,0.0,Electronics,Mobile,New,High
4388,1,1,1,1,338.0,Home,Mobile,Returning,Medium
4389,1,1,1,1,419.0,Beauty,Desktop,New,Medium
4390,1,1,1,1,700.0,Beauty,Mobile,Returning,High
4391,1,1,1,1,131.0,Beauty,Mobile,Returning,Medium
4392,1,0,0,1,0.0,Electronics,Desktop,New,High
4393,1,0,0,1,0.0,Electronics,Desktop,New,Low
4394,1,1,0,1,0.0,Fashion,Mobile,Returning,Medium
4395,0,0,0,1,0.0,Home,Desktop,New,Medium
4396,0,0,0,1,0.0,Beauty,Mobile,New,High
4397,1,1,0,1,0.0,Home,Desktop,Returning,Medium
4398,1,0,0,1,0.0,Beauty,Mobile,New,High
4399,0,0,0,1,0.0,Beauty,Desktop,New,High
4400,0,0,0,1,0.0,Home,Tablet,Returning,High
4401,0,0,0,1,0.0,Fashion,Desktop,Returning,High
4402,0,0,0,1,0.0,Home,Desktop,Returning,Medium
4403,1,1,1,1,331.0,Beauty,Mobile,New,Medium
4404,1,0,0,1,0.0,Electronics,Mobile,New,Medium
4405,0,0,0,1,0.0,Beauty,Mobile,New,Medium
4406,0,0,0,1,0.0,Electronics,Desktop,New,Medium
4407,1,0,0,1,0.0,Beauty,Desktop,New,Medium
4408,0,0,0,1,0.0,Fashion,Mobile,New,High
4409,1,0,0,1,0.0,Home,Desktop,New,Medium
4410,1,0,0,1,0.0,Electronics,Desktop,New,High
4411,0,0,0,1,0.0,Home,Tablet,Returning,High
4412,1,1,0,1,0.0,Electronics,Desktop,New,High
4413,1,1,1,1,14.0,Beauty,Mobile,Returning,Low
4414,1,1,0,1,0.0,Beauty,Mobile,Returning,High
4415,0,0,0,1,0.0,Fashion,Mobile,Returning,High
4416,1,0,0,1,0.0,Beauty,Mobile,Returning,Low
4417,1,1,0,1,0.0,Electronics,Desktop,New,High
4418,0,0,0,1,0.0,Beauty,Desktop,Returning,High
4419,0,0,0,1,0.0,Fashion,Desktop,New,Medium
4420,1,1,1,1,671.0,Home,Desktop,New,High
4421,1,1,1,1,920.0,Beauty,Mobile,Returning,High
4422,1,1,0,1,0.0,Electronics,Mobile,New,High
4423,0,0,0,1,0.0,Beauty,Mobile,New,High
4424,1,1,0,1,0.0,Beauty,Mobile,New,Medium
4425,1,1,1,1,141.0,Home,Mobile,Returning,Medium
4426,0,0,0,1,0.0,Home,Mobile,New,Medium
4427,0,0,0,1,0.0,Fashion,Mobile,New,Low
4428,1,1,1,1,37.0,Electronics,Mobile,Returning,Low
4429,1,1,1,1,33.0,Fashion,Desktop,New,Low
4430,0,0,0,1,0.0,Beauty,Mobile,New,Medium
4431,1,1,1,1,827.0,Fashion,Mobile,New,High
4432,1,1,1,1,115.0,Beauty,Mobile,Returning,Medium
4433,0,0,0,1,0.0,Beauty,Tablet,Returning,Medium
4434,1,0,0,1,0.0,Electronics,Mobile,Returning,Medium
4435,0,0,0,1,0.0,Electronics,Mobile,New,High
4436,1,1,0,1,0.0,Fashion,Desktop,New,Medium
4437,0,0,0,1,0.0,Beauty,Mobile,New,High
4438,0,0,0,1,0.0,Electronics,Desktop,Returning,High
4439,1,0,0,1,0.0,Electronics,Mobile,New,High
4440,1,1,1,1,843.0,Fashion,Mobile,New,High
4441,1,0,0,1,0.0,Beauty,Mobile,New,Low
4442,1,1,0,1,0.0,Electronics,Desktop,New,Medium
4443,1,0,0,1,0.0,Fashion,Mobile,New,High
4444,1,1,1,1,504.0,Electronics,Mobile,New,High
4445,0,0,0,1,0.0,Electronics,Mobile,Returning,Medium
4446,1,1,1,1,616.0,Fashion,Mobile,Returning,High
4447,1,0,0,1,0.0,Home,Mobile,Returning,High
4448,1,1,1,1,726.0,Fashion,Desktop,New,High
4449,1,1,1,1,732.0,Home,Desktop,New,High
4450,1,1,0,1,0.0,Fashion,Mobile,New,Medium
4451,0,0,0,1,0.0,Home,Mobile,New,High
4452,0,0,0,1,0.0,Fashion,Desktop,New,Low
4453,0,0,0,1,0.0,Fashion,Mobile,Returning,Medium
4454,0,0,0,1,0.0,Beauty,Mobile,Returning,High
4455,0,0,0,1,0.0,Beauty,Mobile,Returning,High
4456,1,1,1,1,551.0,Home,Desktop,New,High
4457,1,1,1,1,758.0,Electronics,Desktop,New,High
4458,1,1,1,1,68.0,Beauty,Desktop,New,Low
4459,0,0,0,1,0.0,Beauty,Mobile,Returning,Medium
4460,0,0,0,1,0.0,Beauty,Mobile,New,Low
4461,1,1,1,1,541.0,Electronics,Desktop,New,High
4462,1,1,1,1,772.0,Beauty,Mobile,New,High
4463,0,0,0,1,0.0,Beauty,Tablet,New,Medium
4464,1,1,1,1,295.0,Fashion,Desktop,New,Medium
4465,1,1,0,1,0.0,Fashion,Mobile,New,Medium
4466,1,1,1,1,234.0,Beauty,Desktop,Returning,Medium
4467,1,1,1,1,536.0,Fashion,Mobile,New,High
4468,1,1,1,1,797.0,Electronics,Desktop,New,High
4469,1,1,1,1,121.0,Fashion,Mobile,New,Medium
4470,0,0,0,1,0.0,Beauty,Mobile,New,Medium
4471,0,0,0,1,0.0,Fashion,Desktop,New,High
4472,1,1,0,1,0.0,Home,Desktop,New,High
4473,0,0,0,1,0.0,Beauty,Mobile,New,High
4474,0,0,0,1,0.0,Beauty,Mobile,New,High
4475,0,0,0,1,0.0,Fashion,Mobile,New,Medium
4476,1,1,1,1,50.0,Electronics,Mobile,New,Low
4477,1,1,0,1,0.0,Home,Mobile,Returning,Medium
4478,1,1,1,1,999.0,Beauty,Mobile,New,High
4479,0,0,0,1,0.0,Beauty,Mobile,Returning,Medium
4480,1,0,0,1,0.0,Home,Mobile,Returning,Medium
4481,0,0,0,1,0.0,Electronics,Mobile,New,Medium
4482,0,0,0,1,0.0,Fashion,Mobile,Returning,High
4483,1,0,0,1,0.0,Electronics,Mobile,Returning,High
4484,0,0,0,1,0.0,Beauty,Tablet,Returning,High
4485,1,1,1,1,482.0,Fashion,Mobile,New,Medium
4486,1,0,0,1,0.0,Electronics,Desktop,Returning,High
4487,1,0,0,1,0.0,Home,Desktop,New,High
4488,1,1,1,1,925.0,Fashion,Desktop,New,High
4489,1,1,1,1,700.0,Fashion,Desktop,New,High
4490,1,0,0,1,0.0,Beauty,Desktop,Returning,Medium
4491,0,0,0,1,0.0,Home,Mobile,Returning,High
4492,1,1,1,1,358.0,Home,Mobile,New,Medium
4493,1,1,0,1,0.0,Home,Desktop,Returning,Medium
4494,1,1,1,1,144.0,Electronics,Mobile,New,Medium
4495,1,1,1,1,174.0,Home,Desktop,Returning,Medium
4496,0,0,0,1,0.0,Home,Mobile,Returning,Low
4497,0,0,0,1,0.0,Electronics,Desktop,New,High
4498,1,1,1,1,502.0,Fashion,Mobile,Returning,High
4499,0,0,0,1,0.0,Home,Mobile,New,Medium
4500,0,0,0,1,0.0,Fashion,Mobile,New,High
4501,1,1,1,1,522.0,Fashion,Desktop,Returning,High
4502,1,1,1,1,434.0,Home,Desktop,Returning,Medium
4503,1,1,1,1,519.0,Fashion,Mobile,Returning,High
4504,1,0,0,1,0.0,Fashion,Desktop,Returning,High
4505,0,0,0,1,0.0,Electronics,Mobile,New,Medium
4506,1,0,0,1,0.0,Electronics,Mobile,Returning,High
4507,1,1,1,1,919.0,Electronics,Mobile,New,High
4508,0,0,0,1,0.0,Fashion,Mobile,New,Low
4509,0,0,0,1,0.0,Home,Mobile,Returning,High
4510,0,0,0,1,0.0,Home,Mobile,Returning,Medium
4511,0,0,0,1,0.0,Home,Desktop,New,Medium
4512,1,0,0,1,0.0,Home,Desktop,Returning,Low
4513,1,1,1,1,460.0,Home,Mobile,Returning,Medium
4514,0,0,0,1,0.0,Fashion,Mobile,New,Medium
4515,0,0,0,1,0.0,Beauty,Mobile,New,Low
4516,0,0,0,1,0.0,Home,Mobile,New,Low
4517,0,0,0,1,0.0,Home,Mobile,Returning,Medium
4518,1,1,1,1,85.0,Beauty,Mobile,Returning,Low
4519,0,0,0,1,0.0,Beauty,Desktop,Returning,High
4520,1,1,0,1,0.0,Electronics,Desktop,Returning,Low
4521,1,1,1,1,685.0,Home,Mobile,Returning,High
4522,1,1,0,1,0.0,Fashion,Mobile,Returning,Medium
4523,1,0,0,1,0.0,Home,Mobile,New,Low
4524,1,1,1,1,16.0,Electronics,Desktop,New,Low
4525,1,1,0,1,0.0,Fashion,Mobile,Returning,Medium
4526,0,0,0,1,0.0,Home,Mobile,Returning,Medium
4527,0,0,0,1,0.0,Fashion,Desktop,Returning,High
4528,0,0,0,1,0.0,Electronics,Mobile,New,Medium
4529,1,1,1,1,614.0,Electronics,Mobile,Returning,High
4530,1,1,1,1,243.0,Beauty,Mobile,New,Medium
4531,0,0,0,1,0.0,Fashion,Mobile,New,Medium
4532,0,0,0,1,0.0,Electronics,Mobile,New,Medium
4533,1,1,1,1,803.0,Beauty,Mobile,Returning,High
4534,1,1,1,1,180.0,Electronics,Mobile,Returning,Medium
4535,0,0,0,1,0.0,Home,Mobile,New,Medium
4536,0,0,0,1,0.0,Home,Desktop,New,Low
4537,0,0,0,1,0.0,Electronics,Mobile,New,High
4538,0,0,0,1,0.0,Beauty,Mobile,New,Low
4539,0,0,0,1,0.0,Home,Desktop,Returning,Medium
4540,0,0,0,1,0.0,Electronics,Desktop,New,Medium
4541,0,0,0,1,0.0,Home,Desktop,New,High
4542,1,1,1,1,586.0,Beauty,Mobile,New,High
4543,0,0,0,1,0.0,Beauty,Mobile,New,Low
4544,0,0,0,1,0.0,Home,Desktop,New,High
4545,1,1,1,1,596.0,Electronics,Desktop,New,High
4546,1,1,0,1,0.0,Beauty,Mobile,New,High
4547,1,0,0,1,0.0,Beauty,Desktop,Returning,Medium
4548,1,1,1,1,311.0,Beauty,Mobile,Returning,Medium
4549,1,1,0,1,0.0,Home,Tablet,New,High
4550,0,0,0,1,0.0,Fashion,Desktop,New,High
4551,0,0,0,1,0.0,Electronics,Desktop,New,Medium
4552,1,0,0,1,0.0,Electronics,Desktop,Returning,High
4553,0,0,0,1,0.0,Fashion,Desktop,New,Medium
4554,1,1,0,1,0.0,Beauty,Mobile,Returning,Medium
4555,0,0,0,1,0.0,Home,Mobile,New,Medium
4556,1,1,1,1,523.0,Electronics,Mobile,New,High
4557,0,0,0,1,0.0,Home,Mobile,New,High
4558,1,1,1,1,905.0,Electronics,Desktop,Returning,High
4559,0,0,0,1,0.0,Electronics,Mobile,Returning,High
4560,1,0,0,1,0.0,Fashion,Mobile,Returning,High
4561,1,1,0,1,0.0,Fashion,Mobile,Returning,High
4562,1,0,0,1,0.0,Electronics,Desktop,Returning,High
4563,1,0,0,1,0.0,Home,Mobile,New,High
4564,0,0,0,1,0.0,Beauty,Mobile,New,Medium
4565,1,1,1,1,755.0,Beauty,Mobile,New,High
4566,0,0,0,1,0.0,Fashion,Desktop,Returning,High
4567,1,1,1,1,358.0,Electronics,Mobile,New,Medium
4568,0,0,0,1,0.0,Fashion,Desktop,Returning,Medium
4569,1,1,0,1,0.0,Fashion,Mobile,Returning,High
4570,1,1,0,1,0.0,Beauty,Mobile,New,High
4571,0,0,0,1,0.0,Fashion,Desktop,Returning,Medium
4572,0,0,0,1,0.0,Electronics,Mobile,Returning,High
4573,1,0,0,1,0.0,Fashion,Mobile,Returning,High
4574,1,0,0,1,0.0,Fashion,Mobile,Returning,High
4575,1,0,0,1,0.0,Beauty,Mobile,New,High
4576,1,1,1,1,166.0,Home,Mobile,New,Medium
4577,0,0,0,1,0.0,Fashion,Mobile,Returning,High
4578,0,0,0,1,0.0,Beauty,Mobile,Returning,High
4579,0,0,0,1,0.0,Electronics,Mobile,New,Medium
4580,0,0,0,1,0.0,Home,Desktop,Returning,Medium
4581,0,0,0,1,0.0,Beauty,Desktop,New,Low
4582,1,1,1,1,810.0,Electronics,Mobile,Returning,High
4583,0,0,0,1,0.0,Home,Mobile,New,Medium
4584,1,0,0,1,0.0,Home,Mobile,New,Medium
4585,0,0,0,1,0.0,Electronics,Mobile,New,Medium
4586,0,0,0,1,0.0,Home,Mobile,Returning,High
4587,0,0,0,1,0.0,Electronics,Mobile,New,Medium
4588,1,1,1,1,922.0,Electronics,Mobile,New,High
4589,0,0,0,1,0.0,Electronics,Mobile,New,High
4590,1,1,1,1,993.0,Electronics,Mobile,Returning,High
4591,0,0,0,1,0.0,Electronics,Desktop,Returning,High
4592,0,0,0,1,0.0,Electronics,Mobile,New,High
4593,0,0,0,1,0.0,Home,Desktop,Returning,High
4594,1,1,1,1,515.0,Fashion,Desktop,Returning,High
4595,1,1,1,1,710.0,Home,Mobile,New,High
4596,1,1,1,1,719.0,Electronics,Mobile,New,High
4597,0,0,0,1,0.0,Home,Mobile,Returning,Low
4598,0,0,0,1,0.0,Electronics,Mobile,Returning,High
4599,1,0,0,1,0.0,Fashion,Mobile,Returning,High
4600,1,1,0,1,0.0,Home,Desktop,New,Medium
4601,1,1,1,1,359.0,Beauty,Mobile,New,Medium
4602,1,1,0,1,0.0,Fashion,Mobile,Returning,Medium
4603,0,0,0,1,0.0,Electronics,Desktop,New,High
4604,1,1,1,1,488.0,Fashion,Desktop,New,Medium
4605,0,0,0,1,0.0,Home,Mobile,New,High
4606,0,0,0,1,0.0,Home,Desktop,Returning,High
4607,1,1,1,1,795.0,Beauty,Mobile,Returning,High
4608,1,1,1,1,581.0,Home,Mobile,New,High
4609,1,1,1,1,683.0,Fashion,Mobile,Returning,High
4610,0,0,0,1,0.0,Home,Mobile,Returning,Medium
4611,1,0,0,1,0.0,Electronics,Desktop,Returning,High
4612,0,0,0,1,0.0,Fashion,Mobile,New,Medium
4613,0,0,0,1,0.0,Home,Mobile,Returning,Medium
4614,1,1,1,1,963.0,Home,Mobile,New,High
4615,1,0,0,1,0.0,Home,Mobile,Returning,Medium
4616,1,1,1,1,484.0,Home,Mobile,New,Medium
4617,1,1,1,1,633.0,Electronics,Mobile,Returning,High
4618,0,0,0,1,0.0,Electronics,Desktop,Returning,High
4619,1,1,1,1,496.0,Beauty,Mobile,New,Medium
4620,1,1,0,1,0.0,Electronics,Mobile,New,High
4621,0,0,0,1,0.0,Electronics,Mobile,Returning,High
4622,1,1,0,1,0.0,Fashion,Mobile,Returning,Low
4623,1,0,0,1,0.0,Home,Mobile,New,Medium
4624,1,1,1,1,711.0,Home,Desktop,Returning,High
4625,1,1,1,1,852.0,Beauty,Tablet,New,High
4626,0,0,0,1,0.0,Fashion,Mobile,Returning,Medium
4627,1,1,1,1,189.0,Home,Mobile,Returning,Medium
4628,1,1,1,1,618.0,Beauty,Desktop,New,High
4629,0,0,0,1,0.0,Home,Mobile,New,Medium
4630,0,0,0,1,0.0,Fashion,Mobile,Returning,High
4631,0,0,0,1,0.0,Home,Mobile,New,Medium
4632,0,0,0,1,0.0,Electronics,Desktop,Returning,Medium
4633,0,0,0,1,0.0,Home,Mobile,Returning,High
4634,1,1,1,1,177.0,Home,Desktop,New,Medium
4635,0,0,0,1,0.0,Home,Desktop,New,Medium
4636,1,1,0,1,0.0,Electronics,Mobile,New,Medium
4637,1,1,1,1,131.0,Electronics,Desktop,Returning,Medium
4638,0,0,0,1,0.0,Electronics,Desktop,New,Medium
4639,1,1,1,1,150.0,Home,Mobile,Returning,Medium
4640,1,1,1,1,303.0,Home,Mobile,New,Medium
4641,0,0,0,1,0.0,Fashion,Mobile,Returning,Low
4642,0,0,0,1,0.0,Electronics,Mobile,New,Medium
4643,0,0,0,1,0.0,Home,Mobile,Returning,High
4644,1,1,1,1,371.0,Fashion,Mobile,Returning,Medium
4645,1,1,1,1,162.0,Home,Mobile,Returning,Medium
4646,1,1,1,1,66.0,Fashion,Desktop,New,Low
4647,1,1,1,1,551.0,Fashion,Mobile,New,High
4648,1,1,1,1,408.0,Beauty,Mobile,Returning,Medium
4649,1,1,1,1,847.0,Fashion,Mobile,New,High
4650,1,0,0,1,0.0,Electronics,Mobile,Returning,Low
4651,1,1,1,1,445.0,Home,Mobile,New,Medium
4652,1,1,1,1,83.0,Home,Mobile,New,Low
4653,0,0,0,1,0.0,Beauty,Mobile,Returning,High
4654,0,0,0,1,0.0,Home,Desktop,Returning,Medium
4655,0,0,0,1,0.0,Fashion,Desktop,New,High
4656,1,0,0,1,0.0,Electronics,Mobile,New,High
4657,1,1,1,1,262.0,Beauty,Desktop,New,Medium
4658,1,1,1,1,211.0,Beauty,Desktop,New,Medium
4659,0,0,0,1,0.0,Beauty,Mobile,Returning,Medium
4660,1,1,1,1,484.0,Fashion,Tablet,Returning,Medium
4661,0,0,0,1,0.0,Beauty,Desktop,Returning,High
4662,1,1,1,1,275.0,Fashion,Mobile,Returning,Medium
4663,0,0,0,1,0.0,Fashion,Mobile,Returning,Medium
4664,1,1,1,1,507.0,Electronics,Mobile,New,High
4665,1,1,0,1,0.0,Electronics,Mobile,Returning,High
4666,1,1,0,1,0.0,Home,Desktop,New,Medium
4667,0,0,0,1,0.0,Fashion,Mobile,New,High
4668,0,0,0,1,0.0,Fashion,Desktop,New,Medium
4669,0,0,0,1,0.0,Fashion,Desktop,New,Medium
4670,1,0,0,1,0.0,Beauty,Desktop,New,Medium
4671,1,1,1,1,477.0,Fashion,Desktop,New,Medium
4672,1,0,0,1,0.0,Beauty,Mobile,Returning,High
4673,1,1,1,1,115.0,Beauty,Mobile,New,Medium
4674,0,0,0,1,0.0,Home,Desktop,New,Medium
4675,1,1,1,1,775.0,Fashion,Mobile,Returning,High
4676,1,1,0,1,0.0,Beauty,Mobile,Returning,Medium
4677,1,1,1,1,695.0,Electronics,Desktop,New,High
4678,1,1,1,1,700.0,Electronics,Desktop,Returning,High
4679,0,0,0,1,0.0,Fashion,Mobile,New,High
4680,1,0,0,1,0.0,Home,Desktop,New,High
4681,0,0,0,1,0.0,Beauty,Desktop,Returning,High
4682,1,1,1,1,136.0,Electronics,Mobile,Returning,Medium
4683,1,1,0,1,0.0,Beauty,Mobile,Returning,High
4684,0,0,0,1,0.0,Fashion,Desktop,New,High
4685,1,1,1,1,934.0,Electronics,Mobile,Returning,High
4686,1,1,1,1,799.0,Home,Mobile,Returning,High
4687,1,0,0,1,0.0,Fashion,Mobile,New,High
4688,1,1,0,1,0.0,Electronics,Desktop,New,High
4689,0,0,0,1,0.0,Fashion,Mobile,New,Medium
4690,0,0,0,1,0.0,Beauty,Mobile,Returning,High
4691,1,1,1,1,854.0,Electronics,Mobile,Returning,High
4692,1,1,1,1,611.0,Beauty,Tablet,New,High
4693,1,1,1,1,439.0,Home,Mobile,Returning,Medium
4694,0,0,0,1,0.0,Fashion,Mobile,New,High
4695,1,1,0,1,0.0,Home,Desktop,Returning,Low
4696,1,0,0,1,0.0,Fashion,Mobile,New,Medium
4697,1,1,1,1,149.0,Electronics,Tablet,New,Medium
4698,0,0,0,1,0.0,Electronics,Desktop,Returning,Medium
4699,1,0,0,1,0.0,Fashion,Desktop,New,Medium
4700,1,1,1,1,112.0,Home,Mobile,New,Medium
4701,1,0,0,1,0.0,Electronics,Desktop,New,Medium
4702,0,0,0,1,0.0,Home,Desktop,Returning,Low
4703,1,1,1,1,121.0,Electronics,Tablet,Returning,Medium
4704,0,0,0,1,0.0,Beauty,Mobile,Returning,High
4705,1,0,0,1,0.0,Fashion,Desktop,New,Medium
4706,1,1,1,1,434.0,Electronics,Mobile,Returning,Medium
4707,1,0,0,1,0.0,Beauty,Mobile,Returning,High
4708,0,0,0,1,0.0,Home,Mobile,New,High
4709,1,1,1,1,225.0,Home,Desktop,New,Medium
4710,1,1,0,1,0.0,Beauty,Mobile,New,Medium
4711,1,0,0,1,0.0,Electronics,Mobile,New,High
4712,0,0,0,1,0.0,Electronics,Tablet,Returning,Low
4713,0,0,0,1,0.0,Electronics,Mobile,Returning,High
4714,1,1,0,1,0.0,Electronics,Desktop,New,Medium
4715,1,0,0,1,0.0,Beauty,Mobile,Returning,Medium
4716,1,1,1,1,221.0,Home,Mobile,Returning,Medium
4717,1,1,1,1,291.0,Home,Desktop,Returning,Medium
4718,1,1,1,1,617.0,Electronics,Desktop,New,High
4719,1,1,1,1,290.0,Home,Mobile,New,Medium
4720,1,0,0,1,0.0,Fashion,Desktop,New,Medium
4721,1,1,1,1,908.0,Home,Mobile,New,High
4722,1,1,1,1,328.0,Beauty,Mobile,Returning,Medium
4723,0,0,0,1,0.0,Fashion,Mobile,Returning,High
4724,0,0,0,1,0.0,Beauty,Mobile,Returning,High
4725,0,0,0,1,0.0,Beauty,Mobile,Returning,High
4726,1,1,1,1,74.0,Beauty,Mobile,Returning,Low
4727,1,1,1,1,898.0,Home,Mobile,Returning,High
4728,1,1,1,1,533.0,Home,Mobile,Returning,High
4729,1,0,0,1,0.0,Fashion,Mobile,New,Medium
4730,0,0,0,1,0.0,Beauty,Mobile,Returning,Medium
4731,1,0,0,1,0.0,Beauty,Desktop,New,High
4732,1,1,1,1,243.0,Beauty,Desktop,New,Medium
4733,1,1,1,1,477.0,Home,Mobile,New,Medium
4734,0,0,0,1,0.0,Beauty,Desktop,New,High
4735,1,1,1,1,237.0,Beauty,Desktop,Returning,Medium
4736,1,1,1,1,664.0,Fashion,Mobile,Returning,High
4737,0,0,0,1,0.0,Electronics,Mobile,Returning,High
4738,1,1,0,1,0.0,Electronics,Desktop,New,High
4739,1,1,1,1,571.0,Electronics,Mobile,New,High
4740,1,0,0,1,0.0,Home,Desktop,New,Medium
4741,1,1,1,1,221.0,Electronics,Desktop,New,Medium
4742,1,1,1,1,642.0,Electronics,Desktop,New,High
4743,0,0,0,1,0.0,Beauty,Tablet,New,Medium
4744,0,0,0,1,0.0,Fashion,Mobile,New,High
4745,1,0,0,1,0.0,Beauty,Mobile,New,Medium
4746,0,0,0,1,0.0,Electronics,Desktop,Returning,High
4747,1,0,0,1,0.0,Fashion,Mobile,New,Medium
4748,0,0,0,1,0.0,Home,Desktop,New,High
4749,1,0,0,1,0.0,Beauty,Tablet,New,High
4750,0,0,0,1,0.0,Fashion,Desktop,New,High
4751,0,0,0,1,0.0,Electronics,Mobile,New,Medium
4752,0,0,0,1,0.0,Beauty,Mobile,Returning,High
4753,1,1,0,1,0.0,Electronics,Mobile,Returning,Medium
4754,0,0,0,1,0.0,Electronics,Mobile,New,Medium
4755,0,0,0,1,0.0,Fashion,Desktop,New,High
4756,0,0,0,1,0.0,Electronics,Desktop,Returning,High
4757,0,0,0,1,0.0,Electronics,Desktop,New,Medium
4758,0,0,0,1,0.0,Beauty,Mobile,Returning,Medium
4759,0,0,0,1,0.0,Fashion,Mobile,Returning,Medium
4760,1,1,1,1,980.0,Fashion,Desktop,New,High
4761,1,0,0,1,0.0,Electronics,Mobile,New,Low
4762,1,1,0,1,0.0,Home,Mobile,Returning,Low
4763,0,0,0,1,0.0,Electronics,Desktop,Returning,Medium
4764,1,1,0,1,0.0,Home,Desktop,Returning,Medium
4765,1,1,1,1,587.0,Electronics,Mobile,New,High
4766,0,0,0,1,0.0,Beauty,Desktop,New,Medium
4767,0,0,0,1,0.0,Home,Mobile,Returning,High
4768,1,1,1,1,949.0,Electronics,Tablet,Returning,High
4769,1,1,1,1,193.0,Fashion,Mobile,Returning,Medium
4770,1,1,1,1,594.0,Beauty,Mobile,New,High
4771,0,0,0,1,0.0,Electronics,Desktop,Returning,Low
4772,0,0,0,1,0.0,Fashion,Mobile,New,Medium
4773,1,1,0,1,0.0,Electronics,Desktop,New,High
4774,1,1,0,1,0.0,Electronics,Desktop,New,High
4775,0,0,0,1,0.0,Fashion,Desktop,New,Low
4776,0,0,0,1,0.0,Electronics,Tablet,New,Low
4777,0,0,0,1,0.0,Fashion,Mobile,Returning,High
4778,0,0,0,1,0.0,Beauty,Desktop,Returning,Medium
4779,1,1,1,1,348.0,Home,Mobile,Returning,Medium
4780,0,0,0,1,0.0,Beauty,Mobile,Returning,Medium
4781,1,0,0,1,0.0,Electronics,Desktop,New,Medium
4782,0,0,0,1,0.0,Home,Mobile,Returning,High
4783,1,1,1,1,221.0,Electronics,Mobile,Returning,Medium
4784,1,1,1,1,675.0,Beauty,Mobile,Returning,High
4785,0,0,0,1,0.0,Beauty,Desktop,Returning,Medium
4786,1,1,1,1,305.0,Beauty,Tablet,Returning,Medium
4787,1,0,0,1,0.0,Fashion,Mobile,Returning,Medium
4788,1,1,1,1,470.0,Fashion,Mobile,Returning,Medium
4789,0,0,0,1,0.0,Home,Desktop,New,High
4790,0,0,0,1,0.0,Beauty,Mobile,New,Medium
4791,1,0,0,1,0.0,Fashion,Mobile,New,Medium
4792,1,1,1,1,887.0,Beauty,Mobile,New,High
4793,1,1,1,1,101.0,Home,Mobile,Returning,Medium
4794,0,0,0,1,0.0,Electronics,Mobile,New,High
4795,0,0,0,1,0.0,Electronics,Desktop,Returning,High
4796,0,0,0,1,0.0,Home,Mobile,Returning,Medium
4797,1,1,1,1,764.0,Electronics,Desktop,Returning,High
4798,1,1,1,1,769.0,Home,Desktop,Returning,High
4799,0,0,0,1,0.0,Home,Desktop,New,High
4800,1,1,1,1,87.0,Home,Mobile,Returning,Low
4801,0,0,0,1,0.0,Beauty,Mobile,Returning,Low
4802,1,1,0,1,0.0,Home,Mobile,Returning,High
4803,0,0,0,1,0.0,Fashion,Desktop,New,Medium
4804,1,0,0,1,0.0,Electronics,Mobile,New,High
4805,1,1,1,1,992.0,Fashion,Mobile,Returning,High
4806,0,0,0,1,0.0,Beauty,Mobile,New,Low
4807,1,1,1,1,30.0,Electronics,Mobile,New,Low
4808,1,1,1,1,106.0,Beauty,Mobile,New,Medium
4809,0,0,0,1,0.0,Fashion,Mobile,Returning,Medium
4810,1,0,0,1,0.0,Electronics,Mobile,New,High
4811,0,0,0,1,0.0,Fashion,Mobile,New,High
4812,1,0,0,1,0.0,Fashion,Mobile,Returning,Medium
4813,1,1,1,1,745.0,Electronics,Desktop,New,High
4814,1,1,1,1,326.0,Electronics,Mobile,New,Medium
4815,1,1,1,1,466.0,Electronics,Mobile,Returning,Medium
4816,1,1,1,1,900.0,Electronics,Mobile,New,High
4817,1,1,1,1,408.0,Home,Mobile,Returning,Medium
4818,1,0,0,1,0.0,Fashion,Desktop,New,Medium
4819,1,0,0,1,0.0,Electronics,Mobile,Returning,Medium
4820,1,0,0,1,0.0,Fashion,Desktop,Returning,High
4821,1,1,1,1,818.0,Beauty,Desktop,New,High
4822,1,1,1,1,692.0,Beauty,Desktop,New,High
4823,1,1,1,1,454.0,Fashion,Mobile,New,Medium
4824,1,1,1,1,848.0,Fashion,Mobile,Returning,High
4825,1,1,1,1,772.0,Beauty,Desktop,New,High
4826,1,1,0,1,0.0,Beauty,Mobile,New,High
4827,1,1,1,1,830.0,Beauty,Desktop,Returning,High
4828,0,0,0,1,0.0,Fashion,Desktop,Returning,High
4829,1,1,1,1,399.0,Home,Desktop,New,Medium
4830,1,1,1,1,859.0,Home,Mobile,Returning,High
4831,1,1,1,1,283.0,Beauty,Desktop,Returning,Medium
4832,1,1,1,1,575.0,Home,Desktop,New,High
4833,1,0,0,1,0.0,Fashion,Desktop,New,High
4834,0,0,0,1,0.0,Beauty,Mobile,Returning,High
4835,0,0,0,1,0.0,Fashion,Mobile,New,Medium
4836,0,0,0,1,0.0,Fashion,Mobile,New,Medium
4837,1,0,0,1,0.0,Electronics,Mobile,Returning,Medium
4838,0,0,0,1,0.0,Fashion,Mobile,Returning,Medium
4839,0,0,0,1,0.0,Beauty,Desktop,New,High
4840,0,0,0,1,0.0,Home,Mobile,New,High
4841,1,1,0,1,0.0,Home,Desktop,New,Medium
4842,1,0,0,1,0.0,Fashion,Mobile,Returning,High
4843,1,1,1,1,540.0,Fashion,Mobile,New,High
4844,0,0,0,1,0.0,Fashion,Mobile,New,Medium
4845,1,1,1,1,329.0,Home,Mobile,Returning,Medium
4846,1,1,1,1,375.0,Fashion,Desktop,New,Medium
4847,1,1,1,1,237.0,Electronics,Mobile,New,Medium
4848,1,0,0,1,0.0,Fashion,Desktop,Returning,Medium
4849,1,1,1,1,16.0,Home,Mobile,Returning,Low
4850,0,0,0,1,0.0,Fashion,Desktop,Returning,High
4851,1,1,1,1,129.0,Electronics,Mobile,New,Medium
4852,0,0,0,1,0.0,Fashion,Mobile,New,Medium
4853,1,1,1,1,302.0,Home,Mobile,New,Medium
4854,0,0,0,1,0.0,Fashion,Mobile,New,Medium
4855,1,1,1,1,57.0,Electronics,Mobile,Returning,Low
4856,1,0,0,1,0.0,Beauty,Desktop,New,Medium
4857,1,0,0,1,0.0,Home,Desktop,Returning,High
4858,1,1,1,1,32.0,Fashion,Desktop,New,Low
4859,1,1,1,1,322.0,Electronics,Mobile,New,Medium
4860,1,1,1,1,901.0,Beauty,Mobile,Returning,High
4861,1,1,1,1,959.0,Electronics,Mobile,New,High
4862,1,0,0,1,0.0,Fashion,Tablet,Returning,Medium
4863,0,0,0,1,0.0,Fashion,Desktop,New,Medium
4864,1,1,1,1,554.0,Fashion,Desktop,Returning,High
4865,0,0,0,1,0.0,Electronics,Desktop,Returning,Low
4866,0,0,0,1,0.0,Fashion,Mobile,Returning,High
4867,1,1,1,1,480.0,Beauty,Mobile,Returning,Medium
4868,0,0,0,1,0.0,Home,Mobile,New,Medium
4869,1,1,1,1,468.0,Home,Mobile,New,Medium
4870,0,0,0,1,0.0,Beauty,Mobile,Returning,Low
4871,1,1,0,1,0.0,Electronics,Mobile,Returning,Medium
4872,0,0,0,1,0.0,Beauty,Desktop,Returning,High
4873,1,0,0,1,0.0,Home,Desktop,New,High
4874,1,0,0,1,0.0,Electronics,Desktop,New,Medium
4875,1,0,0,1,0.0,Fashion,Desktop,New,High
4876,0,0,0,1,0.0,Fashion,Mobile,New,Medium
4877,1,1,0,1,0.0,Fashion,Mobile,New,High
4878,1,0,0,1,0.0,Beauty,Desktop,Returning,Low
4879,1,1,1,1,659.0,Beauty,Mobile,New,High
4880,1,1,0,1,0.0,Fashion,Mobile,Returning,Low
4881,1,1,1,1,599.0,Electronics,Mobile,New,High
4882,0,0,0,1,0.0,Home,Mobile,Returning,Medium
4883,0,0,0,1,0.0,Home,Mobile,New,Medium
4884,1,1,1,1,495.0,Home,Mobile,New,Medium
4885,0,0,0,1,0.0,Electronics,Mobile,Returning,High
4886,0,0,0,1,0.0,Home,Desktop,New,Medium
4887,1,1,1,1,881.0,Fashion,Mobile,New,High
4888,1,1,1,1,148.0,Fashion,Mobile,New,Medium
4889,1,1,0,1,0.0,Home,Mobile,New,Low
4890,1,1,1,1,180.0,Home,Mobile,New,Medium
4891,1,1,1,1,187.0,Beauty,Desktop,Returning,Medium
4892,1,1,1,1,645.0,Home,Desktop,Returning,High
4893,1,1,0,1,0.0,Home,Desktop,New,Low
4894,1,1,1,1,669.0,Electronics,Mobile,New,High
4895,1,0,0,1,0.0,Home,Mobile,Returning,High
4896,0,0,0,1,0.0,Electronics,Mobile,Returning,High
4897,1,0,0,1,0.0,Fashion,Mobile,Returning,Medium
4898,1,1,1,1,89.0,Fashion,Mobile,New,Low
4899,1,1,1,1,997.0,Home,Mobile,New,High
4900,1,0,0,1,0.0,Fashion,Mobile,Returning,Medium
4901,0,0,0,1,0.0,Fashion,Desktop,New,High
4902,1,1,1,1,709.0,Electronics,Mobile,New,High
4903,0,0,0,1,0.0,Electronics,Desktop,New,Medium
4904,0,0,0,1,0.0,Fashion,Mobile,New,High
4905,0,0,0,1,0.0,Fashion,Mobile,New,Low
4906,1,1,1,1,12.0,Beauty,Tablet,New,Low
4907,1,0,0,1,0.0,Home,Tablet,New,Low
4908,1,1,1,1,727.0,Home,Mobile,Returning,High
4909,1,0,0,1,0.0,Home,Mobile,New,High
4910,1,1,1,1,989.0,Home,Mobile,New,High
4911,1,0,0,1,0.0,Home,Mobile,New,High
4912,1,1,1,1,931.0,Home,Desktop,New,High
4913,0,0,0,1,0.0,Fashion,Tablet,New,High
4914,1,1,1,1,464.0,Electronics,Desktop,New,Medium
4915,0,0,0,1,0.0,Electronics,Mobile,Returning,Low
4916,0,0,0,1,0.0,Fashion,Desktop,New,Medium
4917,0,0,0,1,0.0,Electronics,Mobile,Returning,Medium
4918,1,1,1,1,957.0,Electronics,Desktop,New,High
4919,0,0,0,1,0.0,Beauty,Desktop,New,High
4920,1,1,0,1,0.0,Beauty,Mobile,New,High
4921,0,0,0,1,0.0,Fashion,Mobile,New,Medium
4922,1,1,1,1,374.0,Fashion,Mobile,New,Medium
4923,0,0,0,1,0.0,Home,Mobile,New,High
4924,1,1,1,1,847.0,Beauty,Desktop,Returning,High
4925,1,1,1,1,315.0,Beauty,Mobile,Returning,Medium
4926,0,0,0,1,0.0,Beauty,Mobile,New,Medium
4927,0,0,0,1,0.0,Home,Mobile,New,High
4928,0,0,0,1,0.0,Home,Desktop,New,High
4929,1,1,0,1,0.0,Electronics,Mobile,Returning,Medium
4930,1,1,1,1,253.0,Electronics,Desktop,Returning,Medium
4931,1,0,0,1,0.0,Electronics,Desktop,Returning,High
4932,0,0,0,1,0.0,Electronics,Desktop,New,High
4933,1,1,1,1,770.0,Fashion,Mobile,Returning,High
4934,1,0,0,1,0.0,Beauty,Mobile,New,High
4935,1,1,0,1,0.0,Home,Mobile,Returning,Medium
4936,0,0,0,1,0.0,Beauty,Mobile,New,High
4937,0,0,0,1,0.0,Fashion,Mobile,Returning,Low
4938,0,0,0,1,0.0,Fashion,Desktop,New,High
4939,0,0,0,1,0.0,Home,Mobile,New,High
4940,1,0,0,1,0.0,Electronics,Desktop,Returning,Medium
4941,0,0,0,1,0.0,Home,Mobile,Returning,Low
4942,0,0,0,1,0.0,Electronics,Desktop,New,Medium
4943,1,1,1,1,915.0,Fashion,Desktop,Returning,High
4944,1,1,1,1,758.0,Fashion,Desktop,New,High
4945,1,0,0,1,0.0,Home,Desktop,New,Medium
4946,0,0,0,1,0.0,Home,Desktop,Returning,Low
4947,1,1,0,1,0.0,Home,Desktop,New,Medium
4948,1,0,0,1,0.0,Home,Mobile,New,High
4949,0,0,0,1,0.0,Beauty,Mobile,Returning,Medium
4950,1,1,1,1,329.0,Electronics,Mobile,New,Medium
4951,0,0,0,1,0.0,Beauty,Mobile,New,High
4952,0,0,0,1,0.0,Home,Mobile,Returning,High
4953,1,1,1,1,84.0,Home,Mobile,New,Low
4954,1,1,1,1,492.0,Home,Mobile,Returning,Medium
4955,0,0,0,1,0.0,Fashion,Mobile,Returning,High
4956,1,1,1,1,513.0,Fashion,Mobile,New,High
4957,1,0,0,1,0.0,Home,Desktop,New,Medium
4958,1,0,0,1,0.0,Electronics,Mobile,New,Medium
4959,1,1,0,1,0.0,Beauty,Desktop,Returning,Medium
4960,1,0,0,1,0.0,Home,Mobile,New,Medium
4961,1,1,1,1,905.0,Home,Desktop,New,High
4962,0,0,0,1,0.0,Beauty,Desktop,New,High
4963,0,0,0,1,0.0,Electronics,Desktop,New,Medium
4964,1,1,1,1,208.0,Beauty,Desktop,New,Medium
4965,1,1,1,1,408.0,Beauty,Mobile,New,Medium
4966,1,1,1,1,27.0,Fashion,Tablet,Returning,Low
4967,1,1,1,1,630.0,Electronics,Desktop,Returning,High
4968,1,1,1,1,372.0,Beauty,Desktop,Returning,Medium
4969,0,0,0,1,0.0,Home,Desktop,New,High
4970,1,0,0,1,0.0,Electronics,Mobile,New,High
4971,1,0,0,1,0.0,Home,Desktop,Returning,High
4972,1,1,1,1,852.0,Home,Mobile,New,High
4973,1,1,0,1,0.0,Home,Mobile,New,High
4974,1,1,0,1,0.0,Fashion,Mobile,Returning,Medium
4975,1,1,1,1,426.0,Electronics,Desktop,New,Medium
4976,1,1,1,1,496.0,Electronics,Mobile,New,Medium
4977,1,0,0,1,0.0,Beauty,Mobile,New,Medium
4978,1,1,1,1,593.0,Home,Mobile,New,High
4979,1,1,1,1,941.0,Electronics,Desktop,Returning,High
4980,0,0,0,1,0.0,Fashion,Desktop,New,Low
4981,1,0,0,1,0.0,Home,Mobile,Returning,Medium
4982,1,0,0,1,0.0,Electronics,Mobile,New,Medium
4983,1,1,0,1,0.0,Beauty,Desktop,New,High
4984,0,0,0,1,0.0,Fashion,Tablet,New,Medium
4985,1,1,1,1,830.0,Home,Desktop,Returning,High
4986,0,0,0,1,0.0,Home,Mobile,New,High
4987,0,0,0,1,0.0,Fashion,Desktop,Returning,Low
4988,1,0,0,1,0.0,Electronics,Mobile,Returning,High
4989,1,1,1,1,510.0,Beauty,Mobile,Returning,High
4990,0,0,0,1,0.0,Fashion,Mobile,Returning,High
4991,1,1,1,1,304.0,Home,Mobile,New,Medium
4992,0,0,0,1,0.0,Electronics,Desktop,New,High
4993,1,1,1,1,838.0,Home,Mobile,New,High
4994,1,1,1,1,596.0,Home,Mobile,New,High
4995,1,0,0,1,0.0,Electronics,Mobile,Returning,High
4996,1,0,0,1,0.0,Fashion,Mobile,New,Medium
4997,1,1,1,1,617.0,Beauty,Mobile,Returning,High
4998,1,1,1,1,111.0,Home,Mobile,New,Medium
4999,1,0,0,1,0.0,Home,Mobile,Returning,High
5000,0,0,0,1,0.0,Fashion,Desktop,Returning,Low
5001,1,1,1,1,349.0,Beauty,Desktop,Returning,Medium
5002,1,1,1,1,971.0,Beauty,Desktop,New,High
5003,1,0,0,1,0.0,Beauty,Mobile,Returning,Low
5004,0,0,0,1,0.0,Beauty,Desktop,New,Medium
5005,1,1,1,1,323.0,Beauty,Desktop,New,Medium
5006,1,1,1,1,428.0,Home,Desktop,New,Medium
5007,0,0,0,1,0.0,Beauty,Desktop,New,High
5008,1,1,1,1,486.0,Fashion,Mobile,New,Medium
5009,0,0,0,1,0.0,Electronics,Tablet,Returning,High
5010,0,0,0,1,0.0,Beauty,Mobile,New,Low
5011,1,1,0,1,0.0,Beauty,Mobile,New,High
5012,0,0,0,1,0.0,Electronics,Mobile,Returning,High
5013,1,0,0,1,0.0,Beauty,Mobile,New,High
5014,1,0,0,1,0.0,Fashion,Tablet,Returning,High
5015,1,1,0,1,0.0,Beauty,Mobile,Returning,High
5016,1,1,1,1,360.0,Beauty,Mobile,Returning,Medium
5017,1,1,1,1,900.0,Electronics,Desktop,Returning,High
5018,0,0,0,1,0.0,Beauty,Mobile,New,High
5019,1,1,0,1,0.0,Electronics,Mobile,Returning,Medium
5020,0,0,0,1,0.0,Fashion,Desktop,New,Medium
5021,1,0,0,1,0.0,Beauty,Desktop,New,High
5022,0,0,0,1,0.0,Fashion,Mobile,New,Medium
5023,1,1,1,1,162.0,Beauty,Desktop,New,Medium
5024,1,1,1,1,831.0,Home,Mobile,New,High
5025,1,1,1,1,984.0,Fashion,Mobile,New,High
5026,1,1,0,1,0.0,Fashion,Mobile,New,Medium
5027,0,0,0,1,0.0,Electronics,Mobile,New,High
5028,1,1,1,1,706.0,Home,Desktop,Returning,High
5029,0,0,0,1,0.0,Fashion,Desktop,New,Medium
5030,1,0,0,1,0.0,Electronics,Mobile,New,Medium
5031,0,0,0,1,0.0,Home,Mobile,Returning,High
5032,0,0,0,1,0.0,Electronics,Desktop,Returning,High
5033,0,0,0,1,0.0,Home,Mobile,Returning,Medium
5034,1,1,0,1,0.0,Beauty,Mobile,New,High
5035,1,1,0,1,0.0,Electronics,Tablet,Returning,Medium
5036,1,1,1,1,107.0,Electronics,Desktop,New,Medium
5037,0,0,0,1,0.0,Beauty,Tablet,Returning,High
5038,1,1,1,1,627.0,Home,Mobile,Returning,High
5039,1,1,0,1,0.0,Electronics,Desktop,New,Medium
5040,1,1,1,1,350.0,Beauty,Mobile,Returning,Medium
5041,0,0,0,1,0.0,Home,Mobile,New,Low
5042,0,0,0,1,0.0,Fashion,Mobile,Returning,High
5043,0,0,0,1,0.0,Home,Mobile,New,Low
5044,1,1,0,1,0.0,Electronics,Mobile,New,High
5045,0,0,0,1,0.0,Home,Mobile,Returning,Medium
5046,0,0,0,1,0.0,Home,Mobile,Returning,High
5047,0,0,0,1,0.0,Beauty,Desktop,New,High
5048,1,1,1,1,845.0,Home,Mobile,Returning,High
5049,1,1,1,1,907.0,Home,Mobile,Returning,High
5050,0,0,0,1,0.0,Electronics,Mobile,Returning,Low
5051,1,1,1,1,952.0,Fashion,Mobile,New,High
5052,1,1,1,1,940.0,Home,Desktop,New,High
5053,1,0,0,1,0.0,Home,Mobile,Returning,High
5054,0,0,0,1,0.0,Home,Desktop,New,High
5055,0,0,0,1,0.0,Electronics,Mobile,New,High
5056,0,0,0,1,0.0,Fashion,Mobile,Returning,High
5057,1,0,0,1,0.0,Beauty,Desktop,New,High
5058,0,0,0,1,0.0,Beauty,Desktop,New,High
5059,0,0,0,1,0.0,Beauty,Mobile,New,Medium
5060,1,1,0,1,0.0,Home,Desktop,New,Medium
5061,0,0,0,1,0.0,Fashion,Mobile,Returning,Medium
5062,1,1,1,1,789.0,Electronics,Desktop,New,High
5063,1,1,1,1,401.0,Electronics,Desktop,Returning,Medium
5064,0,0,0,1,0.0,Fashion,Desktop,New,Medium
5065,1,0,0,1,0.0,Beauty,Tablet,New,High
5066,0,0,0,1,0.0,Beauty,Mobile,New,High
5067,0,0,0,1,0.0,Beauty,Desktop,Returning,Medium
5068,1,1,1,1,926.0,Beauty,Mobile,New,High
5069,1,1,1,1,612.0,Beauty,Mobile,Returning,High
5070,1,1,1,1,752.0,Fashion,Mobile,New,High
5071,1,1,1,1,428.0,Fashion,Mobile,Returning,Medium
5072,1,1,1,1,397.0,Home,Desktop,New,Medium
5073,0,0,0,1,0.0,Electronics,Mobile,Returning,Medium
5074,0,0,0,1,0.0,Fashion,Mobile,New,High
5075,1,1,0,1,0.0,Fashion,Mobile,New,High
5076,1,1,1,1,420.0,Home,Mobile,New,Medium
5077,0,0,0,1,0.0,Electronics,Desktop,New,Medium
5078,0,0,0,1,0.0,Home,Mobile,New,Medium
5079,1,1,0,1,0.0,Fashion,Desktop,New,High
5080,1,0,0,1,0.0,Electronics,Desktop,New,High
5081,0,0,0,1,0.0,Home,Desktop,New,Medium
5082,0,0,0,1,0.0,Electronics,Mobile,New,High
5083,1,1,0,1,0.0,Home,Desktop,Returning,High
5084,0,0,0,1,0.0,Home,Mobile,New,High
5085,0,0,0,1,0.0,Beauty,Desktop,Returning,High
5086,1,1,1,1,950.0,Fashion,Mobile,New,High
5087,0,0,0,1,0.0,Fashion,Mobile,New,High
5088,0,0,0,1,0.0,Beauty,Mobile,New,Low
5089,1,1,1,1,492.0,Beauty,Desktop,New,Medium
5090,1,0,0,1,0.0,Fashion,Mobile,Returning,Medium
5091,0,0,0,1,0.0,Electronics,Mobile,New,Medium
5092,0,0,0,1,0.0,Electronics,Mobile,Returning,High
5093,1,1,1,1,775.0,Fashion,Desktop,New,High
5094,1,1,0,1,0.0,Home,Desktop,New,High
5095,1,0,0,1,0.0,Home,Mobile,New,Medium
5096,1,1,1,1,938.0,Electronics,Desktop,Returning,High
5097,0,0,0,1,0.0,Home,Mobile,New,Medium
5098,1,1,1,1,518.0,Home,Mobile,New,High
5099,1,1,1,1,399.0,Beauty,Desktop,New,Medium
5100,1,1,1,1,896.0,Fashion,Mobile,New,High
5101,1,0,0,1,0.0,Beauty,Mobile,Returning,Medium
5102,1,0,0,1,0.0,Fashion,Mobile,New,High
5103,0,0,0,1,0.0,Electronics,Mobile,New,High
5104,0,0,0,1,0.0,Beauty,Mobile,New,Medium
5105,0,0,0,1,0.0,Fashion,Mobile,New,High
5106,0,0,0,1,0.0,Home,Mobile,New,Medium
5107,1,0,0,1,0.0,Home,Mobile,Returning,Medium
5108,0,0,0,1,0.0,Home,Mobile,New,Medium
5109,0,0,0,1,0.0,Beauty,Mobile,Returning,Medium
5110,0,0,0,1,0.0,Home,Mobile,Returning,High
5111,0,0,0,1,0.0,Beauty,Desktop,New,High
5112,1,1,1,1,895.0,Home,Mobile,Returning,High
5113,1,1,1,1,214.0,Fashion,Desktop,Returning,Medium
5114,1,1,1,1,982.0,Fashion,Desktop,New,High
5115,1,0,0,1,0.0,Beauty,Desktop,New,Medium
5116,1,1,1,1,623.0,Home,Mobile,New,High
5117,1,0,0,1,0.0,Beauty,Mobile,Returning,High
5118,0,0,0,1,0.0,Fashion,Mobile,New,High
5119,1,1,0,1,0.0,Home,Desktop,Returning,High
5120,0,0,0,1,0.0,Beauty,Mobile,New,High
5121,0,0,0,1,0.0,Fashion,Desktop,New,High
5122,1,0,0,1,0.0,Beauty,Desktop,Returning,Medium
5123,1,1,1,1,729.0,Fashion,Mobile,Returning,High
5124,0,0,0,1,0.0,Beauty,Mobile,Returning,Medium
5125,0,0,0,1,0.0,Home,Desktop,Returning,High
5126,0,0,0,1,0.0,Electronics,Mobile,New,Medium
5127,0,0,0,1,0.0,Beauty,Mobile,Returning,Medium
5128,0,0,0,1,0.0,Beauty,Desktop,New,High
5129,1,0,0,1,0.0,Fashion,Mobile,New,Medium
5130,0,0,0,1,0.0,Fashion,Desktop,Returning,Low
5131,1,0,0,1,0.0,Beauty,Desktop,Returning,High
5132,1,1,1,1,80.0,Electronics,Desktop,New,Low
5133,1,1,0,1,0.0,Home,Mobile,New,Medium
5134,1,0,0,1,0.0,Electronics,Mobile,New,Medium
5135,1,1,1,1,115.0,Home,Mobile,New,Medium
5136,0,0,0,1,0.0,Fashion,Mobile,New,High
5137,1,1,1,1,683.0,Home,Mobile,New,High
5138,0,0,0,1,0.0,Beauty,Mobile,Returning,High
5139,0,0,0,1,0.0,Home,Mobile,New,High
5140,0,0,0,1,0.0,Beauty,Mobile,New,Medium
5141,0,0,0,1,0.0,Beauty,Desktop,New,High
5142,1,0,0,1,0.0,Fashion,Mobile,Returning,High
5143,1,1,1,1,316.0,Home,Mobile,New,Medium
5144,1,1,1,1,260.0,Beauty,Desktop,Returning,Medium
5145,0,0,0,1,0.0,Fashion,Tablet,Returning,High
5146,1,1,1,1,954.0,Fashion,Mobile,New,High
5147,0,0,0,1,0.0,Fashion,Mobile,New,Medium
5148,0,0,0,1,0.0,Home,Mobile,New,Medium
5149,1,0,0,1,0.0,Home,Desktop,Returning,High
5150,1,0,0,1,0.0,Electronics,Desktop,New,High
5151,0,0,0,1,0.0,Beauty,Desktop,Returning,High
5152,0,0,0,1,0.0,Fashion,Mobile,New,High
5153,1,0,0,1,0.0,Electronics,Mobile,New,Medium
5154,0,0,0,1,0.0,Fashion,Mobile,New,Medium
5155,0,0,0,1,0.0,Electronics,Desktop,Returning,Medium
5156,1,1,1,1,210.0,Beauty,Desktop,New,Medium
5157,0,0,0,1,0.0,Fashion,Tablet,New,High
5158,1,1,0,1,0.0,Home,Mobile,Returning,High
5159,0,0,0,1,0.0,Beauty,Mobile,Returning,Medium
5160,1,1,1,1,207.0,Home,Mobile,New,Medium
5161,1,1,0,1,0.0,Electronics,Desktop,New,High
5162,0,0,0,1,0.0,Home,Desktop,New,High
5163,0,0,0,1,0.0,Fashion,Mobile,New,High
5164,1,1,1,1,625.0,Electronics,Mobile,Returning,High
5165,1,0,0,1,0.0,Home,Mobile,New,High
5166,0,0,0,1,0.0,Home,Mobile,New,High
5167,1,1,1,1,570.0,Electronics,Desktop,Returning,High
5168,1,1,1,1,272.0,Electronics,Mobile,New,Medium
5169,0,0,0,1,0.0,Electronics,Desktop,New,High
5170,1,0,0,1,0.0,Fashion,Mobile,Returning,High
5171,0,0,0,1,0.0,Electronics,Desktop,Returning,Medium
5172,0,0,0,1,0.0,Home,Mobile,Returning,High
5173,1,1,1,1,425.0,Fashion,Desktop,New,Medium
5174,0,0,0,1,0.0,Home,Mobile,Returning,Medium
5175,1,1,1,1,897.0,Beauty,Mobile,New,High
5176,0,0,0,1,0.0,Fashion,Mobile,Returning,Low
5177,1,1,1,1,833.0,Electronics,Mobile,New,High
5178,1,1,0,1,0.0,Home,Mobile,Returning,Medium
5179,1,0,0,1,0.0,Electronics,Mobile,New,Medium
5180,1,1,1,1,961.0,Home,Tablet,New,High
5181,1,1,0,1,0.0,Fashion,Mobile,New,High
5182,0,0,0,1,0.0,Home,Desktop,Returning,Low
5183,0,0,0,1,0.0,Fashion,Tablet,New,Medium
5184,1,1,1,1,396.0,Home,Mobile,New,Medium
5185,1,0,0,1,0.0,Electronics,Desktop,Returning,Medium
5186,1,0,0,1,0.0,Home,Mobile,New,Medium
5187,0,0,0,1,0.0,Beauty,Mobile,Returning,Low
5188,1,1,0,1,0.0,Fashion,Mobile,New,Medium
5189,1,0,0,1,0.0,Fashion,Desktop,Returning,Low
5190,1,1,0,1,0.0,Beauty,Mobile,New,Medium
5191,1,1,1,1,804.0,Beauty,Mobile,New,High
5192,1,1,0,1,0.0,Beauty,Mobile,New,High
5193,0,0,0,1,0.0,Beauty,Desktop,New,Medium
5194,0,0,0,1,0.0,Beauty,Mobile,New,High
5195,1,1,0,1,0.0,Beauty,Desktop,Returning,Medium
5196,1,0,0,1,0.0,Home,Desktop,New,Medium
5197,1,0,0,1,0.0,Electronics,Desktop,New,High
5198,1,0,0,1,0.0,Beauty,Desktop,New,Low
5199,1,1,1,1,971.0,Home,Desktop,Returning,High
5200,1,1,1,1,309.0,Electronics,Mobile,New,Medium
5201,0,0,0,1,0.0,Beauty,Mobile,New,High
5202,0,0,0,1,0.0,Fashion,Mobile,Returning,Medium
5203,1,0,0,1,0.0,Beauty,Mobile,New,Medium
5204,0,0,0,1,0.0,Electronics,Mobile,New,Low
5205,0,0,0,1,0.0,Fashion,Mobile,New,Medium
5206,1,1,1,1,523.0,Beauty,Mobile,Returning,High
5207,0,0,0,1,0.0,Home,Tablet,New,High
5208,0,0,0,1,0.0,Fashion,Mobile,New,Medium
5209,1,1,0,1,0.0,Home,Desktop,Returning,High
5210,1,1,1,1,765.0,Fashion,Mobile,New,High
5211,1,1,1,1,291.0,Electronics,Desktop,Returning,Medium
5212,0,0,0,1,0.0,Electronics,Desktop,Returning,High
5213,1,1,1,1,461.0,Fashion,Mobile,Returning,Medium
5214,1,1,1,1,946.0,Electronics,Mobile,New,High
5215,0,0,0,1,0.0,Beauty,Mobile,New,Medium
5216,0,0,0,1,0.0,Home,Mobile,New,Medium
5217,1,1,0,1,0.0,Fashion,Desktop,Returning,Medium
5218,1,1,1,1,770.0,Home,Desktop,New,High
5219,0,0,0,1,0.0,Electronics,Mobile,New,High
5220,1,1,0,1,0.0,Fashion,Mobile,Returning,High
5221,0,0,0,1,0.0,Electronics,Mobile,New,High
5222,1,1,1,1,701.0,Electronics,Mobile,New,High
5223,1,1,1,1,868.0,Home,Desktop,Returning,High
5224,1,0,0,1,0.0,Fashion,Mobile,Returning,High
5225,1,1,1,1,334.0,Electronics,Mobile,New,Medium
5226,0,0,0,1,0.0,Electronics,Mobile,New,Medium
5227,1,1,1,1,521.0,Home,Mobile,Returning,High
5228,0,0,0,1,0.0,Electronics,Desktop,Returning,Low
5229,0,0,0,1,0.0,Home,Mobile,New,Low
5230,0,0,0,1,0.0,Beauty,Tablet,Returning,Medium
5231,0,0,0,1,0.0,Electronics,Desktop,New,Medium
5232,1,1,1,1,798.0,Beauty,Mobile,Returning,High
5233,1,0,0,1,0.0,Beauty,Mobile,Returning,Medium
5234,0,0,0,1,0.0,Beauty,Desktop,New,Medium
5235,1,1,1,1,307.0,Beauty,Desktop,Returning,Medium
5236,1,0,0,1,0.0,Home,Desktop,New,Low
5237,1,1,1,1,425.0,Beauty,Mobile,New,Medium
5238,1,1,1,1,547.0,Electronics,Tablet,New,High
5239,0,0,0,1,0.0,Beauty,Mobile,New,Medium
5240,1,1,1,1,298.0,Electronics,Desktop,New,Medium
5241,1,1,0,1,0.0,Home,Desktop,Returning,High
5242,1,1,1,1,752.0,Fashion,Mobile,Returning,High
5243,1,1,0,1,0.0,Electronics,Desktop,Returning,High
5244,1,0,0,1,0.0,Fashion,Mobile,Returning,Medium
5245,0,0,0,1,0.0,Fashion,Tablet,New,Medium
5246,1,1,1,1,385.0,Beauty,Mobile,Returning,Medium
5247,1,1,1,1,438.0,Fashion,Tablet,Returning,Medium
5248,1,0,0,1,0.0,Fashion,Mobile,Returning,Medium
5249,1,1,1,1,29.0,Beauty,Desktop,New,Low
5250,0,0,0,1,0.0,Fashion,Mobile,New,High
5251,1,1,1,1,237.0,Electronics,Mobile,Returning,Medium
5252,0,0,0,1,0.0,Electronics,Mobile,New,Medium
5253,1,1,1,1,300.0,Electronics,Desktop,Returning,Medium
5254,1,1,1,1,848.0,Home,Mobile,Returning,High
5255,0,0,0,1,0.0,Electronics,Mobile,Returning,Medium
5256,1,0,0,1,0.0,Electronics,Mobile,New,Medium
5257,0,0,0,1,0.0,Electronics,Tablet,Returning,High
5258,1,1,1,1,723.0,Electronics,Mobile,New,High
5259,1,1,1,1,825.0,Electronics,Mobile,New,High
5260,0,0,0,1,0.0,Home,Mobile,New,High
5261,0,0,0,1,0.0,Fashion,Mobile,New,Medium
5262,0,0,0,1,0.0,Fashion,Mobile,Returning,Medium
5263,0,0,0,1,0.0,Beauty,Mobile,Returning,Low
5264,1,1,1,1,747.0,Beauty,Desktop,New,High
5265,1,1,0,1,0.0,Beauty,Desktop,New,Medium
5266,0,0,0,1,0.0,Beauty,Mobile,Returning,Low
5267,1,0,0,1,0.0,Home,Mobile,New,Medium
5268,1,1,0,1,0.0,Beauty,Desktop,New,Medium
5269,1,1,1,1,208.0,Electronics,Mobile,Returning,Medium
5270,0,0,0,1,0.0,Beauty,Desktop,New,High
5271,0,0,0,1,0.0,Beauty,Mobile,Returning,Low
5272,1,0,0,1,0.0,Beauty,Mobile,Returning,Medium
5273,1,1,1,1,645.0,Beauty,Mobile,New,High
5274,0,0,0,1,0.0,Home,Desktop,New,Low
5275,0,0,0,1,0.0,Home,Mobile,Returning,Medium
5276,1,1,1,1,816.0,Electronics,Mobile,New,High
5277,0,0,0,1,0.0,Beauty,Mobile,Returning,High
5278,0,0,0,1,0.0,Beauty,Desktop,New,Low
5279,1,0,0,1,0.0,Beauty,Desktop,New,Medium
5280,1,1,0,1,0.0,Electronics,Mobile,New,Medium
5281,1,0,0,1,0.0,Beauty,Mobile,New,High
5282,1,0,0,1,0.0,Electronics,Desktop,Returning,High
5283,1,1,1,1,18.0,Beauty,Mobile,Returning,Low
5284,0,0,0,1,0.0,Beauty,Mobile,New,High
5285,1,1,1,1,485.0,Home,Mobile,New,Medium
5286,1,1,1,1,380.0,Fashion,Desktop,Returning,Medium
5287,0,0,0,1,0.0,Electronics,Mobile,Returning,High
5288,1,1,1,1,905.0,Electronics,Desktop,Returning,High
5289,1,1,1,1,31.0,Fashion,Mobile,Returning,Low
5290,1,1,1,1,211.0,Home,Mobile,New,Medium
5291,1,1,0,1,0.0,Fashion,Desktop,Returning,Medium
5292,1,1,1,1,884.0,Beauty,Mobile,New,High
5293,0,0,0,1,0.0,Electronics,Mobile,Returning,High
5294,1,0,0,1,0.0,Fashion,Desktop,New,Medium
5295,1,1,1,1,840.0,Beauty,Desktop,Returning,High
5296,1,1,1,1,126.0,Electronics,Desktop,Returning,Medium
5297,0,0,0,1,0.0,Beauty,Tablet,New,High
5298,1,1,1,1,761.0,Home,Desktop,New,High
5299,1,1,0,1,0.0,Beauty,Mobile,Returning,Medium
5300,0,0,0,1,0.0,Fashion,Mobile,Returning,Medium
5301,0,0,0,1,0.0,Electronics,Desktop,New,Medium
5302,1,0,0,1,0.0,Home,Mobile,New,High
5303,1,0,0,1,0.0,Beauty,Desktop,Returning,High
5304,1,1,1,1,870.0,Fashion,Desktop,Returning,High
5305,0,0,0,1,0.0,Fashion,Mobile,Returning,High
5306,1,1,1,1,644.0,Electronics,Desktop,New,High
5307,0,0,0,1,0.0,Beauty,Mobile,New,High
5308,1,1,1,1,447.0,Home,Mobile,New,Medium
5309,0,0,0,1,0.0,Fashion,Tablet,New,High
5310,1,0,0,1,0.0,Electronics,Mobile,Returning,Medium
5311,0,0,0,1,0.0,Beauty,Mobile,Returning,High
5312,0,0,0,1,0.0,Home,Mobile,Returning,Medium
5313,1,1,0,1,0.0,Beauty,Desktop,Returning,Medium
5314,0,0,0,1,0.0,Fashion,Desktop,Returning,Low
5315,1,1,1,1,646.0,Fashion,Desktop,Returning,High
5316,1,1,1,1,255.0,Fashion,Desktop,New,Medium
5317,1,1,1,1,616.0,Fashion,Mobile,New,High
5318,1,1,1,1,12.0,Beauty,Desktop,New,Low
5319,1,0,0,1,0.0,Fashion,Desktop,Returning,Medium
5320,1,0,0,1,0.0,Home,Mobile,New,High
5321,1,0,0,1,0.0,Electronics,Mobile,New,High
5322,1,1,1,1,820.0,Electronics,Tablet,Returning,High
5323,0,0,0,1,0.0,Fashion,Desktop,New,High
5324,0,0,0,1,0.0,Home,Desktop,New,High
5325,1,1,1,1,617.0,Beauty,Desktop,Returning,High
5326,1,0,0,1,0.0,Fashion,Mobile,New,Low
5327,1,1,1,1,716.0,Beauty,Desktop,Returning,High
5328,1,0,0,1,0.0,Fashion,Mobile,New,High
5329,1,1,0,1,0.0,Home,Mobile,New,High
5330,0,0,0,1,0.0,Electronics,Desktop,New,Medium
5331,1,0,0,1,0.0,Fashion,Mobile,Returning,Low
5332,0,0,0,1,0.0,Electronics,Desktop,New,High
5333,0,0,0,1,0.0,Electronics,Mobile,New,High
5334,1,1,0,1,0.0,Electronics,Mobile,Returning,Medium
5335,0,0,0,1,0.0,Electronics,Mobile,New,Medium
5336,0,0,0,1,0.0,Home,Mobile,New,Medium
5337,0,0,0,1,0.0,Electronics,Mobile,Returning,Medium
5338,0,0,0,1,0.0,Fashion,Mobile,Returning,High
5339,1,1,1,1,109.0,Fashion,Tablet,Returning,Medium
5340,1,0,0,1,0.0,Beauty,Mobile,New,High
5341,1,1,1,1,676.0,Fashion,Mobile,New,High
5342,1,1,1,1,177.0,Home,Mobile,Returning,Medium
5343,0,0,0,1,0.0,Beauty,Desktop,New,High
5344,1,1,1,1,998.0,Fashion,Mobile,Returning,High
5345,1,0,0,1,0.0,Beauty,Desktop,New,High
5346,1,1,1,1,774.0,Fashion,Desktop,Returning,High
5347,1,1,1,1,223.0,Beauty,Mobile,New,Medium
5348,1,0,0,1,0.0,Fashion,Mobile,New,High
5349,1,1,0,1,0.0,Beauty,Desktop,New,High
5350,1,1,1,1,79.0,Fashion,Desktop,Returning,Low
5351,1,1,1,1,920.0,Fashion,Desktop,Returning,High
5352,0,0,0,1,0.0,Electronics,Mobile,New,High
5353,1,0,0,1,0.0,Fashion,Mobile,New,High
5354,1,1,1,1,575.0,Electronics,Mobile,New,High
5355,0,0,0,1,0.0,Electronics,Mobile,New,Medium
5356,0,0,0,1,0.0,Home,Mobile,New,High
5357,1,0,0,1,0.0,Beauty,Desktop,New,High
5358,1,0,0,1,0.0,Beauty,Mobile,New,Medium
5359,1,0,0,1,0.0,Beauty,Desktop,New,High
5360,0,0,0,1,0.0,Fashion,Desktop,New,High
5361,1,1,1,1,426.0,Beauty,Mobile,New,Medium
5362,1,1,1,1,158.0,Beauty,Desktop,New,Medium
5363,1,1,1,1,448.0,Electronics,Mobile,Returning,Medium
5364,0,0,0,1,0.0,Beauty,Desktop,New,High
5365,1,1,1,1,134.0,Electronics,Mobile,New,Medium
5366,1,1,1,1,385.0,Home,Mobile,New,Medium
5367,1,1,1,1,783.0,Fashion,Desktop,New,High
5368,1,0,0,1,0.0,Beauty,Mobile,Returning,High
5369,1,1,0,1,0.0,Electronics,Desktop,Returning,Medium
5370,0,0,0,1,0.0,Home,Mobile,Returning,High
5371,0,0,0,1,0.0,Electronics,Mobile,Returning,Medium
5372,1,0,0,1,0.0,Home,Mobile,Returning,High
5373,0,0,0,1,0.0,Electronics,Mobile,Returning,Medium
5374,1,1,1,1,547.0,Fashion,Mobile,New,High
5375,0,0,0,1,0.0,Electronics,Desktop,Returning,Medium
5376,1,1,0,1,0.0,Beauty,Desktop,Returning,High
5377,0,0,0,1,0.0,Electronics,Desktop,Returning,High
5378,0,0,0,1,0.0,Fashion,Tablet,Returning,Medium
5379,0,0,0,1,0.0,Fashion,Mobile,New,High
5380,1,0,0,1,0.0,Fashion,Desktop,New,Low
5381,0,0,0,1,0.0,Home,Mobile,New,High
5382,1,1,1,1,306.0,Beauty,Desktop,New,Medium
5383,1,1,1,1,481.0,Home,Mobile,Returning,Medium
5384,1,1,1,1,377.0,Beauty,Tablet,New,Medium
5385,0,0,0,1,0.0,Beauty,Desktop,Returning,High
5386,0,0,0,1,0.0,Fashion,Tablet,Returning,Medium
5387,0,0,0,1,0.0,Electronics,Desktop,Returning,High
5388,0,0,0,1,0.0,Electronics,Desktop,New,Medium
5389,0,0,0,1,0.0,Home,Desktop,New,High
5390,0,0,0,1,0.0,Home,Mobile,New,Medium
5391,1,1,1,1,660.0,Fashion,Mobile,Returning,High
5392,1,0,0,1,0.0,Electronics,Mobile,Returning,High
5393,1,0,0,1,0.0,Electronics,Mobile,Returning,Medium
5394,0,0,0,1,0.0,Fashion,Mobile,Returning,Medium
5395,1,1,1,1,428.0,Beauty,Mobile,Returning,Medium
5396,0,0,0,1,0.0,Beauty,Mobile,New,High
5397,0,0,0,1,0.0,Electronics,Tablet,Returning,Medium
5398,1,1,0,1,0.0,Beauty,Desktop,New,High
5399,0,0,0,1,0.0,Electronics,Mobile,New,Medium
5400,1,0,0,1,0.0,Beauty,Mobile,Returning,Medium
5401,1,1,1,1,838.0,Electronics,Mobile,Returning,High
5402,1,1,0,1,0.0,Beauty,Mobile,New,High
5403,0,0,0,1,0.0,Fashion,Desktop,Returning,Medium
5404,1,1,1,1,307.0,Electronics,Mobile,Returning,Medium
5405,0,0,0,1,0.0,Beauty,Mobile,New,Low
5406,1,1,1,1,32.0,Home,Desktop,New,Low
5407,1,0,0,1,0.0,Fashion,Desktop,Returning,High
5408,1,1,1,1,649.0,Fashion,Mobile,Returning,High
5409,1,0,0,1,0.0,Electronics,Desktop,New,Low
5410,1,1,1,1,255.0,Electronics,Mobile,New,Medium
5411,0,0,0,1,0.0,Beauty,Mobile,New,Low
5412,0,0,0,1,0.0,Fashion,Mobile,Returning,Low
5413,0,0,0,1,0.0,Electronics,Mobile,Returning,High
5414,1,0,0,1,0.0,Electronics,Mobile,New,High
5415,1,1,1,1,782.0,Home,Mobile,Returning,High
5416,1,0,0,1,0.0,Electronics,Desktop,New,Medium
5417,1,0,0,1,0.0,Beauty,Desktop,New,Low
5418,0,0,0,1,0.0,Beauty,Mobile,New,Medium
5419,0,0,0,1,0.0,Fashion,Mobile,New,Medium
5420,0,0,0,1,0.0,Fashion,Desktop,New,Medium
5421,0,0,0,1,0.0,Home,Mobile,New,High
5422,1,0,0,1,0.0,Fashion,Desktop,New,High
5423,1,1,0,1,0.0,Home,Desktop,Returning,High
5424,0,0,0,1,0.0,Fashion,Mobile,Returning,Medium
5425,1,1,1,1,389.0,Fashion,Mobile,New,Medium
5426,1,1,1,1,284.0,Fashion,Mobile,New,Medium
5427,0,0,0,1,0.0,Electronics,Mobile,Returning,Low
5428,1,1,0,1,0.0,Fashion,Mobile,Returning,High
5429,0,0,0,1,0.0,Fashion,Desktop,Returning,Medium
5430,0,0,0,1,0.0,Electronics,Mobile,Returning,Medium
5431,0,0,0,1,0.0,Fashion,Mobile,New,Medium
5432,1,1,0,1,0.0,Fashion,Mobile,Returning,High
5433,1,1,1,1,531.0,Electronics,Mobile,Returning,High
5434,0,0,0,1,0.0,Electronics,Mobile,New,Low
5435,1,1,1,1,192.0,Beauty,Mobile,Returning,Medium
5436,0,0,0,1,0.0,Fashion,Mobile,New,High
5437,1,1,1,1,973.0,Fashion,Desktop,Returning,High
5438,0,0,0,1,0.0,Home,Mobile,Returning,Medium
5439,0,0,0,1,0.0,Electronics,Desktop,New,Medium
5440,1,1,1,1,420.0,Home,Mobile,Returning,Medium
5441,0,0,0,1,0.0,Beauty,Mobile,Returning,High
5442,1,1,1,1,134.0,Electronics,Mobile,New,Medium
5443,1,0,0,1,0.0,Electronics,Desktop,Returning,High
5444,1,0,0,1,0.0,Home,Mobile,New,High
5445,0,0,0,1,0.0,Electronics,Mobile,New,High
5446,0,0,0,1,0.0,Electronics,Mobile,New,High
5447,1,0,0,1,0.0,Electronics,Mobile,New,Medium
5448,0,0,0,1,0.0,Beauty,Mobile,New,Low
5449,1,1,0,1,0.0,Electronics,Desktop,New,High
5450,0,0,0,1,0.0,Beauty,Mobile,New,High
5451,0,0,0,1,0.0,Electronics,Desktop,New,Medium
5452,1,1,1,1,971.0,Beauty,Mobile,New,High
5453,0,0,0,1,0.0,Home,Desktop,New,High
5454,0,0,0,1,0.0,Home,Desktop,Returning,Low
5455,1,1,1,1,198.0,Fashion,Mobile,New,Medium
5456,0,0,0,1,0.0,Beauty,Desktop,Returning,Medium
5457,1,0,0,1,0.0,Beauty,Desktop,New,Low
5458,1,1,1,1,447.0,Fashion,Mobile,New,Medium
5459,1,0,0,1,0.0,Fashion,Mobile,Returning,High
5460,0,0,0,1,0.0,Electronics,Desktop,New,High
5461,0,0,0,1,0.0,Beauty,Mobile,Returning,High
5462,1,1,1,1,781.0,Fashion,Mobile,Returning,High
5463,1,0,0,1,0.0,Electronics,Desktop,Returning,Medium
5464,1,1,1,1,556.0,Fashion,Mobile,New,High
5465,1,1,1,1,135.0,Fashion,Desktop,New,Medium
5466,0,0,0,1,0.0,Beauty,Desktop,Returning,High
5467,1,0,0,1,0.0,Home,Tablet,Returning,Medium
5468,1,1,1,1,597.0,Beauty,Mobile,New,High
5469,1,1,1,1,303.0,Beauty,Mobile,Returning,Medium
5470,0,0,0,1,0.0,Home,Mobile,Returning,High
5471,1,1,1,1,745.0,Electronics,Mobile,Returning,High
5472,1,1,1,1,179.0,Fashion,Mobile,Returning,Medium
5473,0,0,0,1,0.0,Fashion,Mobile,New,Medium
5474,1,1,1,1,490.0,Fashion,Mobile,New,Medium
5475,1,1,1,1,994.0,Beauty,Mobile,Returning,High
5476,0,0,0,1,0.0,Electronics,Desktop,New,High
5477,1,1,1,1,575.0,Beauty,Desktop,New,High
5478,1,1,1,1,248.0,Fashion,Desktop,New,Medium
5479,1,1,1,1,938.0,Beauty,Desktop,New,High
5480,1,0,0,1,0.0,Fashion,Mobile,Returning,Medium
5481,0,0,0,1,0.0,Home,Tablet,New,High
5482,0,0,0,1,0.0,Electronics,Desktop,New,High
5483,1,1,0,1,0.0,Fashion,Mobile,New,Low
5484,1,1,0,1,0.0,Electronics,Mobile,New,High
5485,0,0,0,1,0.0,Fashion,Mobile,Returning,Low
5486,0,0,0,1,0.0,Home,Mobile,Returning,Medium
5487,1,1,0,1,0.0,Home,Mobile,New,Medium
5488,0,0,0,1,0.0,Beauty,Mobile,Returning,High
5489,1,1,1,1,442.0,Home,Desktop,New,Medium
5490,1,0,0,1,0.0,Fashion,Mobile,Returning,Medium
5491,0,0,0,1,0.0,Beauty,Mobile,New,High
5492,1,0,0,1,0.0,Fashion,Desktop,New,High
5493,1,0,0,1,0.0,Home,Mobile,Returning,Medium
5494,0,0,0,1,0.0,Beauty,Tablet,Returning,High
5495,0,0,0,1,0.0,Beauty,Mobile,New,High
5496,1,1,0,1,0.0,Electronics,Tablet,New,Low
5497,0,0,0,1,0.0,Fashion,Mobile,Returning,High
5498,1,1,1,1,406.0,Electronics,Mobile,New,Medium
5499,1,1,1,1,485.0,Beauty,Mobile,New,Medium
5500,1,1,1,1,946.0,Beauty,Desktop,Returning,High
5501,0,0,0,1,0.0,Home,Desktop,New,Medium
5502,1,1,1,1,773.0,Home,Mobile,New,High
5503,0,0,0,1,0.0,Home,Desktop,New,High
5504,1,1,0,1,0.0,Home,Mobile,New,Medium
5505,1,0,0,1,0.0,Electronics,Desktop,Returning,High
5506,1,0,0,1,0.0,Home,Desktop,Returning,High
5507,1,0,0,1,0.0,Fashion,Mobile,New,Medium
5508,0,0,0,1,0.0,Electronics,Mobile,Returning,Medium
5509,1,0,0,1,0.0,Electronics,Desktop,New,High
5510,1,1,0,1,0.0,Fashion,Desktop,Returning,High
5511,1,1,1,1,615.0,Fashion,Tablet,New,High
5512,1,1,0,1,0.0,Home,Desktop,New,Medium
5513,0,0,0,1,0.0,Fashion,Mobile,New,High
5514,1,1,1,1,771.0,Fashion,Desktop,Returning,High
5515,1,0,0,1,0.0,Home,Mobile,Returning,High
5516,1,1,0,1,0.0,Beauty,Tablet,Returning,High
5517,1,1,1,1,227.0,Electronics,Mobile,Returning,Medium
5518,1,1,0,1,0.0,Beauty,Mobile,Returning,High
5519,1,1,1,1,930.0,Fashion,Mobile,Returning,High
5520,1,1,0,1,0.0,Beauty,Mobile,New,Medium
5521,1,0,0,1,0.0,Beauty,Mobile,New,Medium
5522,0,0,0,1,0.0,Home,Desktop,New,High
5523,0,0,0,1,0.0,Fashion,Desktop,New,High
5524,1,1,1,1,399.0,Fashion,Mobile,New,Medium
5525,1,0,0,1,0.0,Electronics,Desktop,New,High
5526,0,0,0,1,0.0,Electronics,Desktop,Returning,Medium
5527,1,1,1,1,162.0,Electronics,Mobile,Returning,Medium
5528,0,0,0,1,0.0,Fashion,Mobile,New,Medium
5529,1,1,0,1,0.0,Beauty,Desktop,New,High
5530,0,0,0,1,0.0,Home,Desktop,New,High
5531,1,1,1,1,601.0,Fashion,Mobile,Returning,High
5532,1,1,0,1,0.0,Home,Desktop,New,Medium
5533,0,0,0,1,0.0,Home,Mobile,New,Medium
5534,1,0,0,1,0.0,Beauty,Mobile,Returning,Medium
5535,0,0,0,1,0.0,Home,Mobile,New,Medium
5536,0,0,0,1,0.0,Fashion,Mobile,Returning,Medium
5537,0,0,0,1,0.0,Fashion,Desktop,Returning,Medium
5538,0,0,0,1,0.0,Home,Desktop,Returning,Medium
5539,0,0,0,1,0.0,Electronics,Mobile,New,Medium
5540,1,0,0,1,0.0,Home,Mobile,Returning,Medium
5541,0,0,0,1,0.0,Fashion,Desktop,New,Medium
5542,1,1,1,1,143.0,Fashion,Desktop,Returning,Medium
5543,0,0,0,1,0.0,Electronics,Desktop,New,High
5544,0,0,0,1,0.0,Beauty,Desktop,New,Medium
5545,0,0,0,1,0.0,Home,Mobile,New,High
5546,0,0,0,1,0.0,Beauty,Desktop,Returning,Low
5547,1,1,1,1,973.0,Electronics,Mobile,New,High
5548,1,0,0,1,0.0,Electronics,Mobile,New,High
5549,1,1,1,1,438.0,Beauty,Mobile,Returning,Medium
5550,1,0,0,1,0.0,Home,Mobile,New,High
5551,1,1,1,1,968.0,Electronics,Desktop,Returning,High
5552,0,0,0,1,0.0,Beauty,Desktop,Returning,High
5553,1,1,1,1,888.0,Beauty,Mobile,New,High
5554,1,1,1,1,805.0,Home,Mobile,Returning,High
5555,0,0,0,1,0.0,Electronics,Mobile,Returning,High
5556,1,0,0,1,0.0,Fashion,Mobile,New,Medium
5557,1,0,0,1,0.0,Beauty,Desktop,New,Medium
5558,1,1,1,1,719.0,Home,Desktop,Returning,High
5559,0,0,0,1,0.0,Fashion,Tablet,Returning,Medium
5560,0,0,0,1,0.0,Fashion,Desktop,New,High
5561,1,0,0,1,0.0,Home,Desktop,Returning,Medium
5562,1,1,1,1,744.0,Electronics,Mobile,New,High
5563,1,1,1,1,957.0,Home,Mobile,New,High
5564,0,0,0,1,0.0,Fashion,Mobile,New,High
5565,0,0,0,1,0.0,Beauty,Mobile,Returning,Medium
5566,0,0,0,1,0.0,Home,Desktop,New,High
5567,1,0,0,1,0.0,Fashion,Mobile,Returning,High
5568,1,0,0,1,0.0,Fashion,Mobile,Returning,Medium
5569,1,1,1,1,690.0,Beauty,Mobile,Returning,High
5570,1,1,1,1,610.0,Beauty,Tablet,Returning,High
5571,1,1,1,1,314.0,Home,Mobile,New,Medium
5572,1,1,1,1,30.0,Beauty,Desktop,Returning,Low
5573,1,1,1,1,659.0,Home,Desktop,Returning,High
5574,1,1,1,1,525.0,Beauty,Mobile,New,High
5575,0,0,0,1,0.0,Home,Mobile,Returning,High
5576,1,1,1,1,666.0,Fashion,Desktop,New,High
5577,1,0,0,1,0.0,Fashion,Mobile,New,Medium
5578,1,0,0,1,0.0,Home,Desktop,New,Medium
5579,0,0,0,1,0.0,Beauty,Mobile,New,Medium
5580,0,0,0,1,0.0,Beauty,Mobile,New,High
5581,0,0,0,1,0.0,Beauty,Desktop,New,High
5582,1,1,1,1,791.0,Home,Desktop,New,High
5583,0,0,0,1,0.0,Home,Tablet,New,High
5584,1,1,0,1,0.0,Home,Desktop,New,High
5585,1,1,0,1,0.0,Beauty,Desktop,Returning,High
5586,1,1,0,1,0.0,Electronics,Desktop,New,High
5587,0,0,0,1,0.0,Home,Desktop,Returning,High
5588,1,0,0,1,0.0,Fashion,Mobile,New,Medium
5589,1,1,1,1,27.0,Home,Mobile,Returning,Low
5590,1,0,0,1,0.0,Fashion,Desktop,Returning,Low
5591,1,0,0,1,0.0,Home,Mobile,New,Low
5592,0,0,0,1,0.0,Fashion,Mobile,New,Medium
5593,1,1,1,1,46.0,Home,Mobile,Returning,Low
5594,0,0,0,1,0.0,Fashion,Mobile,New,High
5595,0,0,0,1,0.0,Fashion,Mobile,New,Medium
5596,1,1,1,1,932.0,Home,Mobile,New,High
5597,1,1,1,1,111.0,Electronics,Desktop,New,Medium
5598,1,1,1,1,34.0,Fashion,Mobile,New,Low
5599,1,1,1,1,77.0,Fashion,Mobile,New,Low
5600,1,1,1,1,310.0,Home,Mobile,Returning,Medium
5601,0,0,0,1,0.0,Electronics,Mobile,New,High
5602,0,0,0,1,0.0,Beauty,Mobile,New,Medium
5603,1,1,1,1,658.0,Electronics,Desktop,New,High
5604,0,0,0,1,0.0,Home,Mobile,New,High
5605,0,0,0,1,0.0,Electronics,Desktop,Returning,Medium
5606,1,1,1,1,565.0,Electronics,Mobile,New,High
5607,1,1,1,1,991.0,Beauty,Mobile,New,High
5608,1,1,1,1,741.0,Fashion,Mobile,New,High
5609,1,1,1,1,338.0,Electronics,Mobile,New,Medium
5610,0,0,0,1,0.0,Home,Desktop,New,High
5611,0,0,0,1,0.0,Beauty,Desktop,New,Medium
5612,1,1,0,1,0.0,Home,Desktop,New,Medium
5613,1,1,1,1,179.0,Beauty,Mobile,New,Medium
5614,1,1,1,1,170.0,Beauty,Mobile,New,Medium
5615,1,1,1,1,267.0,Beauty,Mobile,New,Medium
5616,1,0,0,1,0.0,Fashion,Tablet,New,High
5617,1,1,0,1,0.0,Fashion,Mobile,Returning,High
5618,1,1,1,1,231.0,Electronics,Desktop,Returning,Medium
5619,1,1,1,1,56.0,Beauty,Mobile,New,Low
5620,0,0,0,1,0.0,Electronics,Mobile,Returning,Medium
5621,1,1,1,1,152.0,Home,Mobile,New,Medium
5622,1,0,0,1,0.0,Fashion,Mobile,New,High
5623,1,0,0,1,0.0,Beauty,Desktop,New,High
5624,0,0,0,1,0.0,Electronics,Mobile,New,High
5625,1,1,1,1,153.0,Beauty,Desktop,Returning,Medium
5626,1,1,1,1,215.0,Home,Mobile,Returning,Medium
5627,0,0,0,1,0.0,Home,Tablet,New,High
5628,1,1,1,1,496.0,Beauty,Mobile,New,Medium
5629,0,0,0,1,0.0,Fashion,Desktop,Returning,High
5630,0,0,0,1,0.0,Beauty,Desktop,Returning,High
5631,0,0,0,1,0.0,Fashion,Tablet,New,Medium
5632,1,1,1,1,973.0,Fashion,Mobile,New,High
5633,1,1,1,1,441.0,Home,Desktop,New,Medium
5634,1,1,1,1,298.0,Fashion,Mobile,New,Medium
5635,1,0,0,1,0.0,Fashion,Mobile,Returning,Medium
5636,1,1,1,1,329.0,Beauty,Mobile,Returning,Medium
5637,1,0,0,1,0.0,Beauty,Mobile,New,High
5638,1,1,0,1,0.0,Home,Tablet,New,High
5639,0,0,0,1,0.0,Home,Mobile,New,High
5640,1,0,0,1,0.0,Electronics,Mobile,New,High
5641,0,0,0,1,0.0,Beauty,Desktop,Returning,Medium
5642,1,0,0,1,0.0,Fashion,Mobile,Returning,Medium
5643,0,0,0,1,0.0,Home,Desktop,New,Medium
5644,0,0,0,1,0.0,Electronics,Mobile,Returning,Medium
5645,1,1,1,1,992.0,Fashion,Mobile,Returning,High
5646,1,1,0,1,0.0,Beauty,Mobile,New,High
5647,1,1,1,1,810.0,Fashion,Desktop,Returning,High
5648,1,0,0,1,0.0,Electronics,Desktop,New,Low
5649,0,0,0,1,0.0,Electronics,Tablet,New,Medium
5650,1,1,1,1,331.0,Home,Mobile,New,Medium
5651,1,1,1,1,703.0,Home,Mobile,Returning,High
5652,1,1,1,1,125.0,Electronics,Mobile,New,Medium
5653,1,1,0,1,0.0,Fashion,Mobile,New,Medium
5654,1,1,1,1,231.0,Home,Mobile,New,Medium
5655,0,0,0,1,0.0,Electronics,Desktop,Returning,Medium
5656,1,1,1,1,737.0,Fashion,Mobile,Returning,High
5657,0,0,0,1,0.0,Beauty,Mobile,New,Medium
5658,0,0,0,1,0.0,Home,Desktop,New,Medium
5659,1,1,1,1,215.0,Home,Desktop,New,Medium
5660,1,1,1,1,614.0,Fashion,Mobile,Returning,High
5661,1,1,0,1,0.0,Electronics,Mobile,Returning,Medium
5662,0,0,0,1,0.0,Fashion,Mobile,New,Medium
5663,1,0,0,1,0.0,Home,Mobile,New,High
5664,1,1,0,1,0.0,Electronics,Desktop,New,High
5665,1,0,0,1,0.0,Home,Mobile,Returning,Medium
5666,1,1,1,1,57.0,Electronics,Desktop,New,Low
5667,1,1,1,1,547.0,Electronics,Desktop,New,High
5668,0,0,0,1,0.0,Beauty,Desktop,New,Medium
5669,0,0,0,1,0.0,Electronics,Mobile,New,Medium
5670,1,1,1,1,813.0,Electronics,Mobile,Returning,High
5671,1,1,1,1,268.0,Electronics,Desktop,Returning,Medium
5672,1,0,0,1,0.0,Fashion,Mobile,New,Medium
5673,1,1,1,1,856.0,Electronics,Mobile,Returning,High
5674,1,1,1,1,549.0,Home,Mobile,Returning,High
5675,0,0,0,1,0.0,Electronics,Mobile,New,High
5676,1,1,1,1,517.0,Beauty,Desktop,New,High
5677,1,1,1,1,596.0,Home,Mobile,New,High
5678,1,1,1,1,911.0,Beauty,Mobile,Returning,High
5679,0,0,0,1,0.0,Beauty,Mobile,New,Low
5680,0,0,0,1,0.0,Fashion,Mobile,Returning,Medium
5681,1,1,0,1,0.0,Fashion,Desktop,New,High
5682,1,1,1,1,293.0,Electronics,Desktop,Returning,Medium
5683,0,0,0,1,0.0,Beauty,Mobile,New,High
5684,0,0,0,1,0.0,Beauty,Mobile,Returning,Medium
5685,1,1,1,1,69.0,Fashion,Mobile,Returning,Low
5686,1,1,1,1,808.0,Beauty,Desktop,New,High
5687,0,0,0,1,0.0,Beauty,Mobile,Returning,High
5688,0,0,0,1,0.0,Home,Desktop,New,High
5689,1,1,1,1,510.0,Beauty,Mobile,Returning,High
5690,1,0,0,1,0.0,Electronics,Desktop,New,Medium
5691,1,1,1,1,260.0,Home,Mobile,Returning,Medium
5692,0,0,0,1,0.0,Beauty,Desktop,New,High
5693,0,0,0,1,0.0,Beauty,Mobile,New,High
5694,1,1,1,1,926.0,Beauty,Desktop,New,High
5695,1,1,1,1,595.0,Electronics,Mobile,New,High
5696,0,0,0,1,0.0,Fashion,Mobile,New,High
5697,1,0,0,1,0.0,Home,Desktop,Returning,Medium
5698,0,0,0,1,0.0,Beauty,Mobile,Returning,High
5699,1,0,0,1,0.0,Beauty,Desktop,Returning,High
5700,1,1,0,1,0.0,Beauty,Desktop,New,High
5701,0,0,0,1,0.0,Home,Mobile,New,Medium
5702,0,0,0,1,0.0,Beauty,Mobile,New,High
5703,1,1,1,1,869.0,Beauty,Mobile,New,High
5704,0,0,0,1,0.0,Home,Mobile,New,Medium
5705,1,1,1,1,370.0,Beauty,Mobile,Returning,Medium
5706,1,1,1,1,221.0,Fashion,Desktop,New,Medium
5707,1,1,1,1,479.0,Beauty,Mobile,Returning,Medium
5708,1,1,1,1,453.0,Home,Mobile,Returning,Medium
5709,0,0,0,1,0.0,Home,Mobile,Returning,Medium
5710,0,0,0,1,0.0,Home,Mobile,New,High
5711,1,1,1,1,267.0,Electronics,Mobile,New,Medium
5712,1,0,0,1,0.0,Fashion,Desktop,New,Medium
5713,0,0,0,1,0.0,Electronics,Desktop,Returning,Medium
5714,0,0,0,1,0.0,Beauty,Mobile,Returning,High
5715,1,1,0,1,0.0,Home,Tablet,Returning,High
5716,1,1,1,1,26.0,Electronics,Mobile,Returning,Low
5717,1,1,1,1,212.0,Beauty,Desktop,Returning,Medium
5718,1,0,0,1,0.0,Electronics,Desktop,New,High
5719,1,1,1,1,922.0,Fashion,Desktop,Returning,High
5720,1,1,1,1,402.0,Electronics,Mobile,Returning,Medium
5721,0,0,0,1,0.0,Electronics,Mobile,Returning,Medium
5722,0,0,0,1,0.0,Home,Mobile,Returning,High
5723,1,1,1,1,353.0,Fashion,Desktop,Returning,Medium
5724,1,0,0,1,0.0,Electronics,Mobile,Returning,High
5725,0,0,0,1,0.0,Beauty,Desktop,New,Medium
5726,1,1,1,1,617.0,Fashion,Mobile,Returning,High
5727,1,1,1,1,983.0,Beauty,Desktop,New,High
5728,1,0,0,1,0.0,Fashion,Mobile,Returning,Medium
5729,1,1,1,1,45.0,Beauty,Mobile,New,Low
5730,0,0,0,1,0.0,Electronics,Mobile,Returning,High
5731,1,1,0,1,0.0,Beauty,Mobile,New,High
5732,1,1,1,1,204.0,Electronics,Mobile,New,Medium
5733,1,1,0,1,0.0,Electronics,Desktop,New,High
5734,1,0,0,1,0.0,Home,Mobile,New,High
5735,1,1,0,1,0.0,Home,Mobile,Returning,High
5736,1,1,1,1,644.0,Beauty,Desktop,Returning,High
5737,0,0,0,1,0.0,Electronics,Mobile,Returning,High
5738,1,0,0,1,0.0,Home,Desktop,Returning,High
5739,0,0,0,1,0.0,Home,Tablet,New,Medium
5740,1,1,1,1,89.0,Home,Mobile,New,Low
5741,0,0,0,1,0.0,Beauty,Mobile,Returning,High
5742,0,0,0,1,0.0,Beauty,Mobile,New,Medium
5743,0,0,0,1,0.0,Home,Desktop,New,High
5744,1,0,0,1,0.0,Fashion,Mobile,New,Medium
5745,0,0,0,1,0.0,Home,Desktop,Returning,Medium
5746,1,0,0,1,0.0,Beauty,Desktop,New,High
5747,0,0,0,1,0.0,Fashion,Mobile,New,Medium
5748,1,1,1,1,495.0,Fashion,Desktop,Returning,Medium
5749,1,1,1,1,958.0,Home,Desktop,New,High
5750,0,0,0,1,0.0,Home,Mobile,New,High
5751,1,1,0,1,0.0,Beauty,Desktop,New,Medium
5752,1,0,0,1,0.0,Fashion,Desktop,New,Low
5753,0,0,0,1,0.0,Home,Mobile,New,High
5754,1,0,0,1,0.0,Home,Mobile,New,Medium
5755,0,0,0,1,0.0,Beauty,Mobile,New,High
5756,1,1,0,1,0.0,Home,Mobile,New,Medium
5757,0,0,0,1,0.0,Beauty,Tablet,Returning,Medium
5758,0,0,0,1,0.0,Beauty,Mobile,Returning,Medium
5759,1,1,1,1,566.0,Beauty,Desktop,New,High
5760,1,0,0,1,0.0,Beauty,Mobile,New,High
5761,1,1,1,1,62.0,Home,Mobile,New,Low
5762,0,0,0,1,0.0,Fashion,Desktop,New,High
5763,1,1,1,1,719.0,Fashion,Desktop,New,High
5764,0,0,0,1,0.0,Electronics,Mobile,New,High
5765,1,1,1,1,680.0,Home,Mobile,New,High
5766,0,0,0,1,0.0,Electronics,Mobile,New,High
5767,1,1,1,1,468.0,Home,Mobile,New,Medium
5768,0,0,0,1,0.0,Fashion,Mobile,New,High
5769,1,1,0,1,0.0,Electronics,Mobile,New,Medium
5770,0,0,0,1,0.0,Fashion,Tablet,Returning,Medium
5771,1,0,0,1,0.0,Fashion,Mobile,Returning,Medium
5772,1,1,1,1,737.0,Beauty,Desktop,Returning,High
5773,1,1,0,1,0.0,Home,Desktop,New,High
5774,1,0,0,1,0.0,Electronics,Mobile,New,High
5775,1,1,1,1,512.0,Fashion,Desktop,New,High
5776,0,0,0,1,0.0,Fashion,Mobile,New,High
5777,1,0,0,1,0.0,Home,Desktop,New,Medium
5778,1,1,1,1,912.0,Home,Mobile,Returning,High
5779,1,1,1,1,690.0,Home,Mobile,Returning,High
5780,1,0,0,1,0.0,Beauty,Desktop,Returning,High
5781,1,1,1,1,219.0,Home,Mobile,New,Medium
5782,0,0,0,1,0.0,Electronics,Desktop,New,High
5783,1,0,0,1,0.0,Fashion,Desktop,Returning,Low
5784,1,0,0,1,0.0,Fashion,Mobile,Returning,High
5785,0,0,0,1,0.0,Home,Mobile,New,Medium
5786,1,1,1,1,842.0,Home,Mobile,New,High
5787,1,0,0,1,0.0,Beauty,Desktop,New,High
5788,0,0,0,1,0.0,Electronics,Desktop,New,High
5789,1,0,0,1,0.0,Home,Mobile,New,Medium
5790,1,1,1,1,245.0,Beauty,Mobile,Returning,Medium
5791,0,0,0,1,0.0,Fashion,Desktop,New,Medium
5792,1,1,1,1,316.0,Electronics,Mobile,New,Medium
5793,1,0,0,1,0.0,Home,Desktop,New,High
5794,1,1,1,1,348.0,Home,Desktop,Returning,Medium
5795,1,0,0,1,0.0,Beauty,Desktop,New,High
5796,0,0,0,1,0.0,Home,Mobile,New,Low
5797,1,0,0,1,0.0,Fashion,Mobile,New,High
5798,1,1,1,1,783.0,Electronics,Mobile,New,High
5799,1,0,0,1,0.0,Electronics,Mobile,Returning,Medium
5800,0,0,0,1,0.0,Electronics,Tablet,New,Medium
5801,0,0,0,1,0.0,Beauty,Mobile,New,Medium
5802,1,1,0,1,0.0,Home,Desktop,Returning,Medium
5803,1,1,0,1,0.0,Fashion,Mobile,Returning,Low
5804,1,1,1,1,241.0,Fashion,Mobile,New,Medium
5805,0,0,0,1,0.0,Electronics,Mobile,New,High
5806,1,1,1,1,348.0,Home,Desktop,New,Medium
5807,1,0,0,1,0.0,Fashion,Mobile,Returning,High
5808,1,1,1,1,15.0,Beauty,Mobile,New,Low
5809,1,1,1,1,105.0,Beauty,Desktop,Returning,Medium
5810,0,0,0,1,0.0,Home,Mobile,Returning,High
5811,0,0,0,1,0.0,Beauty,Mobile,Returning,High
5812,0,0,0,1,0.0,Beauty,Mobile,Returning,High
5813,1,1,1,1,825.0,Electronics,Mobile,New,High
5814,1,1,1,1,659.0,Electronics,Desktop,New,High
5815,1,1,1,1,906.0,Home,Mobile,New,High
5816,1,1,1,1,737.0,Beauty,Mobile,Returning,High
5817,1,1,1,1,310.0,Home,Mobile,New,Medium
5818,0,0,0,1,0.0,Fashion,Desktop,New,Medium
5819,1,1,1,1,718.0,Home,Mobile,New,High
5820,0,0,0,1,0.0,Fashion,Desktop,Returning,Medium
5821,1,0,0,1,0.0,Beauty,Mobile,New,High
5822,1,1,1,1,441.0,Home,Mobile,New,Medium
5823,0,0,0,1,0.0,Home,Desktop,New,Medium
5824,0,0,0,1,0.0,Fashion,Mobile,Returning,High
5825,1,1,1,1,889.0,Beauty,Desktop,New,High
5826,1,1,1,1,101.0,Beauty,Mobile,New,Medium
5827,0,0,0,1,0.0,Home,Desktop,Returning,High
5828,1,0,0,1,0.0,Home,Mobile,New,High
5829,1,0,0,1,0.0,Fashion,Desktop,Returning,High
5830,1,1,1,1,406.0,Beauty,Mobile,Returning,Medium
5831,1,1,1,1,111.0,Fashion,Mobile,Returning,Medium
5832,0,0,0,1,0.0,Fashion,Mobile,Returning,High
5833,1,1,1,1,232.0,Electronics,Mobile,Returning,Medium
5834,0,0,0,1,0.0,Beauty,Mobile,New,Medium
5835,1,1,1,1,944.0,Home,Mobile,Returning,High
5836,0,0,0,1,0.0,Beauty,Mobile,Returning,High
5837,0,0,0,1,0.0,Home,Desktop,Returning,High
5838,0,0,0,1,0.0,Fashion,Desktop,Returning,Medium
5839,1,1,1,1,386.0,Electronics,Desktop,New,Medium
5840,0,0,0,1,0.0,Electronics,Mobile,New,Medium
5841,0,0,0,1,0.0,Fashion,Mobile,Returning,Medium
5842,0,0,0,1,0.0,Electronics,Mobile,New,Low
5843,1,1,1,1,882.0,Fashion,Desktop,New,High
5844,0,0,0,1,0.0,Home,Mobile,New,High
5845,1,1,1,1,682.0,Home,Mobile,Returning,High
5846,0,0,0,1,0.0,Beauty,Desktop,New,High
5847,0,0,0,1,0.0,Electronics,Mobile,Returning,Medium
5848,1,1,0,1,0.0,Home,Desktop,New,High
5849,1,1,1,1,703.0,Home,Desktop,New,High
5850,1,0,0,1,0.0,Beauty,Mobile,New,High
5851,1,1,0,1,0.0,Home,Mobile,New,High
5852,1,1,1,1,710.0,Home,Mobile,New,High
5853,1,1,1,1,965.0,Fashion,Desktop,Returning,High
5854,0,0,0,1,0.0,Home,Mobile,New,Medium
5855,1,1,1,1,935.0,Home,Desktop,New,High
5856,1,1,1,1,535.0,Fashion,Mobile,Returning,High
5857,1,0,0,1,0.0,Fashion,Mobile,New,High
5858,0,0,0,1,0.0,Home,Mobile,Returning,Medium
5859,0,0,0,1,0.0,Beauty,Desktop,Returning,High
5860,1,1,1,1,69.0,Fashion,Mobile,New,Low
5861,0,0,0,1,0.0,Home,Desktop,New,High
5862,0,0,0,1,0.0,Beauty,Mobile,Returning,High
5863,0,0,0,1,0.0,Home,Mobile,Returning,Medium
5864,0,0,0,1,0.0,Fashion,Desktop,Returning,High
5865,0,0,0,1,0.0,Beauty,Desktop,New,Medium
5866,0,0,0,1,0.0,Beauty,Mobile,New,High
5867,1,1,1,1,830.0,Electronics,Mobile,New,High
5868,1,1,0,1,0.0,Beauty,Desktop,New,Medium
5869,1,1,1,1,18.0,Beauty,Mobile,New,Low
5870,1,1,1,1,13.0,Beauty,Mobile,Returning,Low
5871,1,1,1,1,850.0,Electronics,Desktop,New,High
5872,0,0,0,1,0.0,Electronics,Mobile,New,High
5873,0,0,0,1,0.0,Electronics,Mobile,New,Low
5874,1,1,1,1,609.0,Electronics,Mobile,New,High
5875,0,0,0,1,0.0,Home,Desktop,New,Medium
5876,1,1,1,1,611.0,Fashion,Desktop,New,High
5877,1,1,0,1,0.0,Electronics,Mobile,Returning,Medium
5878,1,1,0,1,0.0,Electronics,Mobile,New,High
5879,1,1,1,1,760.0,Beauty,Mobile,Returning,High
5880,1,1,1,1,565.0,Beauty,Desktop,New,High
5881,0,0,0,1,0.0,Beauty,Mobile,New,Medium
5882,1,1,1,1,174.0,Home,Desktop,New,Medium
5883,1,1,1,1,862.0,Home,Mobile,New,High
5884,1,1,0,1,0.0,Fashion,Tablet,Returning,Medium
5885,0,0,0,1,0.0,Electronics,Mobile,Returning,High
5886,1,0,0,1,0.0,Beauty,Desktop,New,High
5887,0,0,0,1,0.0,Fashion,Mobile,Returning,Medium
5888,0,0,0,1,0.0,Fashion,Mobile,New,High
5889,1,1,1,1,323.0,Beauty,Desktop,New,Medium
5890,1,0,0,1,0.0,Home,Desktop,New,High
5891,0,0,0,1,0.0,Home,Mobile,Returning,High
5892,1,0,0,1,0.0,Fashion,Desktop,New,Medium
5893,0,0,0,1,0.0,Fashion,Mobile,New,Medium
5894,1,1,1,1,606.0,Home,Desktop,New,High
5895,0,0,0,1,0.0,Fashion,Mobile,Returning,Medium
5896,1,0,0,1,0.0,Beauty,Mobile,New,Medium
5897,1,0,0,1,0.0,Fashion,Mobile,Returning,Medium
5898,1,1,1,1,913.0,Home,Mobile,Returning,High
5899,1,1,1,1,940.0,Home,Desktop,New,High
5900,1,0,0,1,0.0,Beauty,Mobile,New,High
5901,1,1,1,1,501.0,Beauty,Mobile,New,High
5902,1,0,0,1,0.0,Home,Mobile,Returning,High
5903,0,0,0,1,0.0,Home,Desktop,Returning,High
5904,1,1,1,1,699.0,Fashion,Mobile,New,High
5905,1,0,0,1,0.0,Fashion,Mobile,New,Low
5906,0,0,0,1,0.0,Beauty,Desktop,Returning,Low
5907,1,0,0,1,0.0,Home,Mobile,New,Low
5908,0,0,0,1,0.0,Electronics,Desktop,Returning,High
5909,1,1,1,1,761.0,Fashion,Desktop,Returning,High
5910,1,1,0,1,0.0,Beauty,Mobile,Returning,Medium
5911,1,1,1,1,700.0,Home,Desktop,New,High
5912,1,0,0,1,0.0,Fashion,Desktop,Returning,High
5913,1,0,0,1,0.0,Home,Mobile,Returning,High
5914,0,0,0,1,0.0,Fashion,Mobile,New,High
5915,1,1,1,1,81.0,Home,Desktop,Returning,Low
5916,0,0,0,1,0.0,Beauty,Mobile,Returning,High
5917,1,0,0,1,0.0,Electronics,Desktop,New,High
5918,1,0,0,1,0.0,Home,Mobile,New,High
5919,1,0,0,1,0.0,Fashion,Mobile,New,Medium
5920,1,1,1,1,985.0,Home,Mobile,Returning,High
5921,0,0,0,1,0.0,Fashion,Mobile,Returning,High
5922,0,0,0,1,0.0,Electronics,Mobile,New,Medium
5923,0,0,0,1,0.0,Beauty,Desktop,New,High
5924,1,1,1,1,947.0,Electronics,Desktop,New,High
5925,1,0,0,1,0.0,Electronics,Desktop,New,High
5926,1,1,1,1,849.0,Electronics,Desktop,New,High
5927,0,0,0,1,0.0,Electronics,Desktop,New,High
5928,1,1,1,1,183.0,Home,Mobile,New,Medium
5929,1,1,0,1,0.0,Beauty,Desktop,New,High
5930,0,0,0,1,0.0,Fashion,Mobile,New,Medium
5931,0,0,0,1,0.0,Fashion,Desktop,New,High
5932,0,0,0,1,0.0,Electronics,Desktop,New,High
5933,0,0,0,1,0.0,Beauty,Mobile,Returning,High
5934,1,1,1,1,704.0,Beauty,Mobile,New,High
5935,0,0,0,1,0.0,Beauty,Mobile,New,Medium
5936,0,0,0,1,0.0,Fashion,Mobile,Returning,Medium
5937,1,1,0,1,0.0,Fashion,Mobile,New,Medium
5938,1,0,0,1,0.0,Home,Mobile,New,High
5939,1,1,1,1,748.0,Fashion,Mobile,New,High
5940,0,0,0,1,0.0,Electronics,Desktop,Returning,Medium
5941,1,1,0,1,0.0,Beauty,Desktop,New,Medium
5942,1,0,0,1,0.0,Fashion,Desktop,New,High
5943,0,0,0,1,0.0,Home,Desktop,Returning,Low
5944,0,0,0,1,0.0,Beauty,Mobile,New,Medium
5945,0,0,0,1,0.0,Electronics,Mobile,Returning,Medium
5946,1,1,1,1,701.0,Electronics,Desktop,New,High
5947,0,0,0,1,0.0,Fashion,Tablet,New,Medium
5948,0,0,0,1,0.0,Beauty,Mobile,Returning,Medium
5949,1,0,0,1,0.0,Home,Desktop,Returning,Medium
5950,1,0,0,1,0.0,Home,Desktop,New,Medium
5951,0,0,0,1,0.0,Home,Desktop,New,Medium
5952,0,0,0,1,0.0,Home,Desktop,New,High
5953,1,0,0,1,0.0,Beauty,Mobile,New,Medium
5954,1,0,0,1,0.0,Fashion,Tablet,New,High
5955,1,0,0,1,0.0,Home,Desktop,New,Medium
5956,1,1,1,1,273.0,Electronics,Mobile,New,Medium
5957,1,1,1,1,400.0,Beauty,Desktop,New,Medium
5958,0,0,0,1,0.0,Electronics,Mobile,Returning,Medium
5959,0,0,0,1,0.0,Home,Mobile,Returning,Medium
5960,0,0,0,1,0.0,Fashion,Mobile,New,High
5961,0,0,0,1,0.0,Beauty,Mobile,New,High
5962,1,1,1,1,246.0,Fashion,Mobile,New,Medium
5963,1,1,0,1,0.0,Electronics,Desktop,New,Medium
5964,1,0,0,1,0.0,Fashion,Mobile,Returning,High
5965,1,1,1,1,782.0,Home,Mobile,Returning,High
5966,0,0,0,1,0.0,Home,Mobile,New,Medium
5967,0,0,0,1,0.0,Electronics,Mobile,New,High
5968,0,0,0,1,0.0,Electronics,Desktop,New,High
5969,1,1,1,1,193.0,Beauty,Desktop,New,Medium
5970,0,0,0,1,0.0,Fashion,Desktop,New,High
5971,1,1,1,1,69.0,Beauty,Desktop,Returning,Low
5972,1,1,1,1,983.0,Home,Mobile,New,High
5973,0,0,0,1,0.0,Beauty,Desktop,New,High
5974,1,1,1,1,254.0,Fashion,Desktop,Returning,Medium
5975,1,1,1,1,899.0,Home,Mobile,New,High
5976,1,1,0,1,0.0,Fashion,Desktop,New,Medium
5977,0,0,0,1,0.0,Fashion,Desktop,New,High
5978,1,0,0,1,0.0,Electronics,Desktop,Returning,High
5979,0,0,0,1,0.0,Electronics,Mobile,Returning,High
5980,0,0,0,1,0.0,Fashion,Desktop,Returning,Medium
5981,0,0,0,1,0.0,Home,Mobile,Returning,High
5982,0,0,0,1,0.0,Fashion,Mobile,New,Medium
5983,0,0,0,1,0.0,Beauty,Mobile,New,Medium
5984,1,0,0,1,0.0,Electronics,Mobile,Returning,Medium
5985,0,0,0,1,0.0,Fashion,Mobile,New,Medium
5986,1,1,0,1,0.0,Home,Mobile,Returning,High
5987,1,0,0,1,0.0,Fashion,Desktop,New,High
5988,1,1,1,1,373.0,Home,Desktop,New,Medium
5989,1,0,0,1,0.0,Home,Tablet,Returning,High
5990,1,0,0,1,0.0,Beauty,Mobile,Returning,Medium
5991,1,1,1,1,507.0,Electronics,Mobile,New,High
5992,0,0,0,1,0.0,Electronics,Desktop,New,Medium
5993,0,0,0,1,0.0,Home,Mobile,Returning,Medium
5994,0,0,0,1,0.0,Fashion,Desktop,New,Low
5995,1,1,1,1,989.0,Beauty,Desktop,Returning,High
5996,1,0,0,1,0.0,Home,Mobile,New,Medium
5997,1,1,1,1,788.0,Beauty,Desktop,New,High
5998,0,0,0,1,0.0,Home,Desktop,Returning,Low
5999,1,1,1,1,154.0,Fashion,Mobile,New,Medium
6000,0,0,0,1,0.0,Beauty,Mobile,Returning,Low
